Workbook
Name URL: '打字練習表 (按鍵)'!$S$46
Name URL: 按鍵位置表!$C$1
Name ver: 按鍵位置表!$J$1
Name 零聲母: Bug産生器!$L$1
Name 零聲母: 'Bug産生器 (2)'!$L$1
Name 零聲母: '打字練習表【方音符號】 (2)'!$I$1
Name 零聲母: 打字練習表【台語注音二式】!$I$1
Name 零聲母: 打字練習表【台羅拼音】!$I$1
Name 零聲母: 教材製作【方音符號】!$P$1
Name 零聲母: 打字練習表【方音符號】!$P$1

Sheet Bug産生器
B1: 聲母 | C1: 零ㄅㄆㄇㆠㄉㄊㄋㄌㄍㄎㆣㄏㄗㄘㆡㄙㄐㄑㆢㄒ | K1: 零聲母 | L1: Ø | Z1: q | AC1: Ø | AE1: 零聲母
F2: 方音符號 | Z2: 台羅拼音
B4: 漢字 | C4: 十五音 | D4: 方音符號 | E4: 台羅拼音字母 | F4: 字母 | G4: 韻母 | H4: 音調 | I4: 方音調符 | J4: 方音音調按鍵 | K4: 聲母 | L4: 含零聲母 | M4: 輸入按鍵 | N4: 鍵盤字串 | O4: 字長 | P4: 調號位置 | Q4: 鍵盤按鍵 | Z4: 字母 | AA4: 韻母 | AB4: 含零聲母 | AC4: 音調 | AD4: 聲母 | AE4: 音調按鍵 | AF4: 輸入按鍵 | AG4: 字長 | AH4: 調號位置 | AI4: 鍵盤按鍵
Q5: 1 | R5: 2 | S5: 3 | T5: 4 | U5: 5 | V5: 6 | W5: 7 | X5: 8 | AI5: 1 | AJ5: 2 | AK5: 3 | AL5: 4 | AM5: 5 | AN5: 6 | AO5: 7 | AP5: 8
B6: 做 | C6: 高五曾 | D6: =IF(LEFT($L6)="Ø",SUBSTITUTE($L6, "Ø", ""), $L6) -> ㄗㄜˊ | E6: =_xlfn.CONCAT(AD6,AA6,AC6) -> tso5 | F6: =IF($C6="", "", IF(OR($H6=4,$H6=8), _xlfn.CONCAT(LEFT($C6),"（促）"), _xlfn.CONCAT(LEFT($C6),"（舒）"))) -> 高（舒） | G6: =IF($C6="", "", _xlfn.XLOOKUP(F6, 十五音韻母表[十五音],十五音韻母表[方音符號]) ) -> ㄜ | H6: =IF($C6="", "", _xlfn.XLOOKUP(MID(C6,2,1), 音調表[八音調號], 音調表[台羅調號]) ) -> 5 | I6: =IF($C6="", "", _xlfn.XLOOKUP($H6, 音調表[台羅調號], 音調表[方音符號聲調符號]) ) -> ˊ | J6: =IF($C6="", "", _xlfn.XLOOKUP(MID($C6,2,1), 音調表[八音調號], 音調表[方音符號聲調按鍵]) ) -> 6 | K6: =IFERROR( _xlfn.XLOOKUP(RIGHT($C6), 十五音聲母表[十八音],十五音聲母表[方音符號]), "" ) -> ㄗ | L6: =IF($C6="","", _xlfn.CONCAT($K6, $G6, IF(OR($I6="一", $I6="四"), "", $I6))) -> ㄗㄜˊ | M6: =IF($C6="","",IF($K6=零聲母,_xlfn.CONCAT(G6,J6,"="),_xlfn.CONCAT(G6,J6,K6))) -> ㄜ6ㄗ | N6: =_xlfn.CONCAT(Q6:X6) -> k6y | O6: =IF($C6="", "", LEN($L6)) -> 3 | P6: =IF($C6="", "", LEN($G6)+1) -> 2 | Q6: {=IFERROR( INDEX(按鍵位置表[鍵盤按鍵], MATCH(TRUE, EXACT(MID($M6,Q$5,1), 按鍵位置表[方音按鍵]), 0)), "" )} -> k | R6: {=IFERROR( INDEX(按鍵位置表[鍵盤按鍵], MATCH(TRUE, EXACT(MID($M6,R$5,1), 按鍵位置表[方音按鍵]), 0)), "" )} -> 6 | S6: {=IFERROR( INDEX(按鍵位置表[鍵盤按鍵], MATCH(TRUE, EXACT(MID($M6,S$5,1), 按鍵位置表[方音按鍵]), 0)), "" )} -> y | T6: {=IFERROR( INDEX(按鍵位置表[鍵盤按鍵], MATCH(TRUE, EXACT(MID($M6,T$5,1), 按鍵位置表[方音按鍵]), 0)), "" )} | U6: {=IFERROR( INDEX(按鍵位置表[鍵盤按鍵], MATCH(TRUE, EXACT(MID($M6,U$5,1), 按鍵位置表[方音按鍵]), 0)), "" )} | V6: {=IFERROR( INDEX(按鍵位置表[鍵盤按鍵], MATCH(TRUE, EXACT(MID($M6,V$5,1), 按鍵位置表[方音按鍵]), 0)), "" )} | W6: {=IFERROR( INDEX(按鍵位置表[鍵盤按鍵], MATCH(TRUE, EXACT(MID($M6,W$5,1), 按鍵位置表[方音按鍵]), 0)), "" )} | X6: {=IFERROR( INDEX(按鍵位置表[鍵盤按鍵], MATCH(TRUE, EXACT(MID($M6,X$5,1), 按鍵位置表[方音按鍵]), 0)), "" )} | Z6: =IF($C6="", "", IF(OR($G6=4,$G6=8), _xlfn.CONCAT(LEFT($C6),"（促）"), _xlfn.CONCAT(LEFT($C6),"（舒）"))) -> 高（舒） | AA6: =IF($C6="", "", _xlfn.XLOOKUP(Z6, 十五音韻母表[十五音],十五音韻母表[台羅拼音]) ) -> o | AB6: =IF($C6="","", _xlfn.CONCAT($F6, $J6, $G6)) -> 高（舒）6ㄜ | AC6: =IF($C6="", "", _xlfn.XLOOKUP(MID($C6,2,1), 音調表[八音調號], 音調表[台羅調號]) ) -> 5 | AD6: =IFERROR( _xlfn.XLOOKUP(RIGHT($C6), 十五音聲母表[十八音],十五音聲母表[台羅拼音]), "" ) -> ts | AE6: =IF($C6="", "", _xlfn.XLOOKUP(MID($C6,2,1), 音調表[八音調號], 音調表[羅馬拼音聲調按鍵]) ) -> / | AF6: =IF($C6="","",_xlfn.CONCAT(AA6,AE6,AD6)) -> o/ts | AG6: =IF($C6="", "", LEN($D6)) -> 3 | AH6: =IF($C6="", "", LEN($J6)+1) -> 2 | AI6: =MID($AF6, VALUE(AI$5),1) -> o | AJ6: =MID($AF6, VALUE(AJ$5),1) -> / | AK6: =MID($AF6, VALUE(AK$5),1) -> t | AL6: =MID($AF6, VALUE(AL$5),1) -> s | AM6: =MID($AF6, VALUE(AM$5),1) | AN6: =MID($AF6, VALUE(AN$5),1) | AO6: =MID($AF6, VALUE(AO$5),1) | AP6: =MID($AF6, VALUE(AP$5),1)
B7: 床 | C7: 公五出 | D7: =IF(LEFT($L7)="Ø",SUBSTITUTE($L7, "Ø", ""), $L7) -> ㄘㆲˊ | E7: =_xlfn.CONCAT(AD7,AA7,AC7) -> tshong5 | F7: =IF($C7="", "", IF(OR($H7=4,$H7=8), _xlfn.CONCAT(LEFT($C7),"（促）"), _xlfn.CONCAT(LEFT($C7),"（舒）"))) -> 公（舒） | G7: =IF($C7="", "", _xlfn.XLOOKUP(F7, 十五音韻母表[十五音],十五音韻母表[方音符號]) ) -> ㆲ | H7: =IF($C7="", "", _xlfn.XLOOKUP(MID(C7,2,1), 音調表[八音調號], 音調表[台羅調號]) ) -> 5 | I7: =IF($C7="", "", _xlfn.XLOOKUP($H7, 音調表[台羅調號], 音調表[方音符號聲調符號]) ) -> ˊ | J7: =IF($C7="", "", _xlfn.XLOOKUP(MID($C7,2,1), 音調表[八音調號], 音調表[方音符號聲調按鍵]) ) -> 6 | K7: =IFERROR( _xlfn.XLOOKUP(RIGHT($C7), 十五音聲母表[十八音],十五音聲母表[方音符號]), "" ) -> ㄘ | L7: =IF($C7="","", _xlfn.CONCAT($K7, $G7, IF(OR($I7="一", $I7="四"), "", $I7))) -> ㄘㆲˊ | M7: =IF($C7="","",IF($K7=零聲母,_xlfn.CONCAT(G7,J7,"="),_xlfn.CONCAT(G7,J7,K7))) -> ㆲ6ㄘ | N7: =_xlfn.CONCAT(Q7:X7) -> o6h | O7: =IF($C7="", "", LEN($L7)) -> 3 | P7: =IF($C7="", "", LEN($G7)+1) -> 2 | Q7: {=IFERROR( INDEX(按鍵位置表[鍵盤按鍵], MATCH(TRUE, EXACT(MID($M7,Q$5,1), 按鍵位置表[方音按鍵]), 0)), "" )} -> o | R7: {=IFERROR( INDEX(按鍵位置表[鍵盤按鍵], MATCH(TRUE, EXACT(MID($M7,R$5,1), 按鍵位置表[方音按鍵]), 0)), "" )} -> 6 | S7: {=IFERROR( INDEX(按鍵位置表[鍵盤按鍵], MATCH(TRUE, EXACT(MID($M7,S$5,1), 按鍵位置表[方音按鍵]), 0)), "" )} -> h | T7: {=IFERROR( INDEX(按鍵位置表[鍵盤按鍵], MATCH(TRUE, EXACT(MID($M7,T$5,1), 按鍵位置表[方音按鍵]), 0)), "" )} | U7: {=IFERROR( INDEX(按鍵位置表[鍵盤按鍵], MATCH(TRUE, EXACT(MID($M7,U$5,1), 按鍵位置表[方音按鍵]), 0)), "" )} | V7: {=IFERROR( INDEX(按鍵位置表[鍵盤按鍵], MATCH(TRUE, EXACT(MID($M7,V$5,1), 按鍵位置表[方音按鍵]), 0)), "" )} | W7: {=IFERROR( INDEX(按鍵位置表[鍵盤按鍵], MATCH(TRUE, EXACT(MID($M7,W$5,1), 按鍵位置表[方音按鍵]), 0)), "" )} | X7: {=IFERROR( INDEX(按鍵位置表[鍵盤按鍵], MATCH(TRUE, EXACT(MID($M7,X$5,1), 按鍵位置表[方音按鍵]), 0)), "" )} | Z7: =IF($C7="", "", IF(OR($G7=4,$G7=8), _xlfn.CONCAT(LEFT($C7),"（促）"), _xlfn.CONCAT(LEFT($C7),"（舒）"))) -> 公（舒） | AA7: =IF($C7="", "", _xlfn.XLOOKUP(Z7, 十五音韻母表[十五音],十五音韻母表[台羅拼音]) ) -> ong | AB7: =IF($C7="","", _xlfn.CONCAT($F7, $J7, $G7)) -> 公（舒）6ㆲ | AC7: =IF($C7="", "", _xlfn.XLOOKUP(MID($C7,2,1), 音調表[八音調號], 音調表[台羅調號]) ) -> 5 | AD7: =IFERROR( _xlfn.XLOOKUP(RIGHT($C7), 十五音聲母表[十八音],十五音聲母表[台羅拼音]), "" ) -> tsh | AE7: =IF($C7="", "", _xlfn.XLOOKUP(MID($C7,2,1), 音調表[八音調號], 音調表[羅馬拼音聲調按鍵]) ) -> / | AF7: =IF($C7="","",_xlfn.CONCAT(AA7,AE7,AD7)) -> ong/tsh | AG7: =IF($C7="", "", LEN($D7)) -> 3 | AH7: =IF($C7="", "", LEN($J7)+1) -> 2 | AI7: =MID($AF7, VALUE(AI$5),1) -> o | AJ7: =MID($AF7, VALUE(AJ$5),1) -> n | AK7: =MID($AF7, VALUE(AK$5),1) -> g | AL7: =MID($AF7, VALUE(AL$5),1) -> / | AM7: =MID($AF7, VALUE(AM$5),1) -> t | AN7: =MID($AF7, VALUE(AN$5),1) -> s | AO7: =MID($AF7, VALUE(AO$5),1) -> h | AP7: =MID($AF7, VALUE(AP$5),1)
B9: =_xlfn.CONCAT("1. 漢字：【", B6,"】，十五音標音：【",C6,"】，方音符號：【",D6,"】，台羅拼音：【",E6,"】。") -> 1. 漢字：【做】，十五音標音：【高五曾】，方音符號：【ㄗㄜˊ】，台羅拼音：【tso5】。
B10: =_xlfn.CONCAT(" - 字母（韻母）：字母【",F6,"】，以方音符號【",G6,"】代，用按鍵：【", LEFT(N6,P6-1),"】輸入； ") -> - 字母（韻母）：字母【高（舒）】，以方音符號【ㄜ】代，用按鍵：【k】輸入；
B11: =_xlfn.CONCAT(" - 八音（音調）：八音【",MID($C$6,2,1),"】，以方音符號【",I6,"】代，用按鍵：【",J6,"】輸入；") -> - 八音（音調）：八音【五】，以方音符號【ˊ】代，用按鍵：【6】輸入；
B12: =_xlfn.CONCAT(" - 切音（聲母）：切音【",RIGHT($C$6,1),"】，以方音符號【",K6,"】代，用按鍵：【",RIGHT(N6,O6-P6),"】輸入。") -> - 切音（聲母）：切音【曾】，以方音符號【ㄗ】代，用按鍵：【y】輸入。

Sheet Bug産生器 (2)
B1: 聲母 | C1: 零ㄅㄆㄇㆠㄉㄊㄋㄌㄍㄎㆣㄏㄗㄘㆡㄙㄐㄑㆢㄒ | K1: 零聲母 | L1: Ø | Z1: q | AC1: Ø | AE1: 零聲母
F2: 方音符號 | Z2: 台羅拼音
B4: 漢字 | C4: 十五音 | D4: 方音符號 | E4: 台羅拼音字母 | F4: 字母 | G4: 韻母 | H4: 音調 | I4: 方音調符 | J4: 方音音調按鍵 | K4: 聲母 | L4: 含零聲母 | M4: 輸入按鍵 | N4: 鍵盤字串 | O4: 字長 | P4: 調號位置 | Q4: 鍵盤按鍵 | Z4: 字母 | AA4: 韻母 | AB4: 含零聲母 | AC4: 音調 | AD4: 聲母 | AE4: 音調按鍵 | AF4: 輸入按鍵 | AG4: 字長 | AH4: 調號位置 | AI4: 鍵盤按鍵
Q5: 1 | R5: 2 | S5: 3 | T5: 4 | U5: 5 | V5: 6 | W5: 7 | X5: 8 | AI5: 1 | AJ5: 2 | AK5: 3 | AL5: 4 | AM5: 5 | AN5: 6 | AO5: 7 | AP5: 8
B6: 床 | C6: 公五出 | D6: =IF(LEFT($L6)="Ø",SUBSTITUTE($L6, "Ø", ""), $L6) -> ㄘㆲˊ | E6: =_xlfn.CONCAT(AD6,AA6,AC6) -> tshong5 | F6: =IF($C6="", "", IF(OR($H6=4,$H6=8), _xlfn.CONCAT(LEFT($C6),"（促）"), _xlfn.CONCAT(LEFT($C6),"（舒）"))) -> 公（舒） | G6: =IF($C6="", "", _xlfn.XLOOKUP(F6, 十五音韻母表[十五音],十五音韻母表[方音符號]) ) -> ㆲ | H6: =IF($C6="", "", _xlfn.XLOOKUP(MID(C6,2,1), 音調表[八音調號], 音調表[台羅調號]) ) -> 5 | I6: =IF($C6="", "", _xlfn.XLOOKUP($H6, 音調表[台羅調號], 音調表[方音符號聲調符號]) ) -> ˊ | J6: =IF($C6="", "", _xlfn.XLOOKUP(MID($C6,2,1), 音調表[八音調號], 音調表[方音符號聲調按鍵]) ) -> 6 | K6: =IFERROR( _xlfn.XLOOKUP(RIGHT($C6), 十五音聲母表[十八音],十五音聲母表[方音符號]), "" ) -> ㄘ | L6: =IF($C6="","", _xlfn.CONCAT($K6, $G6, IF(OR($I6="一", $I6="四"), "", $I6))) -> ㄘㆲˊ | M6: =IF($C6="","",IF($K6=零聲母,_xlfn.CONCAT(G6,J6,"="),_xlfn.CONCAT(G6,J6,K6))) -> ㆲ6ㄘ | N6: =_xlfn.CONCAT(Q6:X6) -> o6h | O6: =IF($C6="", "", LEN($L6)) -> 3 | P6: =IF($C6="", "", LEN($G6)+1) -> 2 | Q6: {=IFERROR( INDEX(按鍵位置表[鍵盤按鍵], MATCH(TRUE, EXACT(MID($M6,Q$5,1), 按鍵位置表[方音按鍵]), 0)), "" )} -> o | R6: {=IFERROR( INDEX(按鍵位置表[鍵盤按鍵], MATCH(TRUE, EXACT(MID($M6,R$5,1), 按鍵位置表[方音按鍵]), 0)), "" )} -> 6 | S6: {=IFERROR( INDEX(按鍵位置表[鍵盤按鍵], MATCH(TRUE, EXACT(MID($M6,S$5,1), 按鍵位置表[方音按鍵]), 0)), "" )} -> h | T6: {=IFERROR( INDEX(按鍵位置表[鍵盤按鍵], MATCH(TRUE, EXACT(MID($M6,T$5,1), 按鍵位置表[方音按鍵]), 0)), "" )} | U6: {=IFERROR( INDEX(按鍵位置表[鍵盤按鍵], MATCH(TRUE, EXACT(MID($M6,U$5,1), 按鍵位置表[方音按鍵]), 0)), "" )} | V6: {=IFERROR( INDEX(按鍵位置表[鍵盤按鍵], MATCH(TRUE, EXACT(MID($M6,V$5,1), 按鍵位置表[方音按鍵]), 0)), "" )} | W6: {=IFERROR( INDEX(按鍵位置表[鍵盤按鍵], MATCH(TRUE, EXACT(MID($M6,W$5,1), 按鍵位置表[方音按鍵]), 0)), "" )} | X6: {=IFERROR( INDEX(按鍵位置表[鍵盤按鍵], MATCH(TRUE, EXACT(MID($M6,X$5,1), 按鍵位置表[方音按鍵]), 0)), "" )} | Z6: =IF($C6="", "", IF(OR($G6=4,$G6=8), _xlfn.CONCAT(LEFT($C6),"（促）"), _xlfn.CONCAT(LEFT($C6),"（舒）"))) -> 公（舒） | AA6: =IF($C6="", "", _xlfn.XLOOKUP(Z6, 十五音韻母表[十五音],十五音韻母表[台羅拼音]) ) -> ong | AB6: =IF($C6="","", _xlfn.CONCAT($F6, $J6, $G6)) -> 公（舒）6ㆲ | AC6: =IF($C6="", "", _xlfn.XLOOKUP(MID($C6,2,1), 音調表[八音調號], 音調表[台羅調號]) ) -> 5 | AD6: =IFERROR( _xlfn.XLOOKUP(RIGHT($C6), 十五音聲母表[十八音],十五音聲母表[台羅拼音]), "" ) -> tsh | AE6: =IF($C6="", "", _xlfn.XLOOKUP(MID($C6,2,1), 音調表[八音調號], 音調表[羅馬拼音聲調按鍵]) ) -> / | AF6: =IF($C6="","",_xlfn.CONCAT(AA6,AE6,AD6)) -> ong/tsh | AG6: =IF($C6="", "", LEN($D6)) -> 3 | AH6: =IF($C6="", "", LEN($J6)+1) -> 2 | AI6: =MID($AF6, VALUE(AI$5),1) -> o | AJ6: =MID($AF6, VALUE(AJ$5),1) -> n | AK6: =MID($AF6, VALUE(AK$5),1) -> g | AL6: =MID($AF6, VALUE(AL$5),1) -> / | AM6: =MID($AF6, VALUE(AM$5),1) -> t | AN6: =MID($AF6, VALUE(AN$5),1) -> s | AO6: =MID($AF6, VALUE(AO$5),1) -> h | AP6: =MID($AF6, VALUE(AP$5),1)
D7: =IF(LEFT($L7)="Ø",SUBSTITUTE($L7, "Ø", ""), $L7) | E7: =_xlfn.CONCAT(AD7,AA7,AC7) | F7: =IF($C7="", "", IF(OR($H7=4,$H7=8), _xlfn.CONCAT(LEFT($C7),"（促）"), _xlfn.CONCAT(LEFT($C7),"（舒）"))) | G7: =IF($C7="", "", _xlfn.XLOOKUP(F7, 十五音韻母表[十五音],十五音韻母表[方音符號]) ) | H7: =IF($C7="", "", _xlfn.XLOOKUP(MID(C7,2,1), 音調表[八音調號], 音調表[台羅調號]) ) | I7: =IF($C7="", "", _xlfn.XLOOKUP($H7, 音調表[台羅調號], 音調表[方音符號聲調符號]) ) | J7: =IF($C7="", "", _xlfn.XLOOKUP(MID($C7,2,1), 音調表[八音調號], 音調表[方音符號聲調按鍵]) ) | K7: =IFERROR( _xlfn.XLOOKUP(RIGHT($C7), 十五音聲母表[十八音],十五音聲母表[方音符號]), "" ) | L7: =IF($C7="","", _xlfn.CONCAT($K7, $G7, IF(OR($I7="一", $I7="四"), "", $I7))) | M7: =IF($C7="","",IF($K7=零聲母,_xlfn.CONCAT(G7,J7,"="),_xlfn.CONCAT(G7,J7,K7))) | N7: =_xlfn.CONCAT(Q7:X7) | O7: =IF($C7="", "", LEN($L7)) | P7: =IF($C7="", "", LEN($G7)+1) | Q7: {=IFERROR( INDEX(按鍵位置表[鍵盤按鍵], MATCH(TRUE, EXACT(MID($M7,Q$5,1), 按鍵位置表[方音按鍵]), 0)), "" )} | R7: {=IFERROR( INDEX(按鍵位置表[鍵盤按鍵], MATCH(TRUE, EXACT(MID($M7,R$5,1), 按鍵位置表[方音按鍵]), 0)), "" )} | S7: {=IFERROR( INDEX(按鍵位置表[鍵盤按鍵], MATCH(TRUE, EXACT(MID($M7,S$5,1), 按鍵位置表[方音按鍵]), 0)), "" )} | T7: {=IFERROR( INDEX(按鍵位置表[鍵盤按鍵], MATCH(TRUE, EXACT(MID($M7,T$5,1), 按鍵位置表[方音按鍵]), 0)), "" )} | U7: {=IFERROR( INDEX(按鍵位置表[鍵盤按鍵], MATCH(TRUE, EXACT(MID($M7,U$5,1), 按鍵位置表[方音按鍵]), 0)), "" )} | V7: {=IFERROR( INDEX(按鍵位置表[鍵盤按鍵], MATCH(TRUE, EXACT(MID($M7,V$5,1), 按鍵位置表[方音按鍵]), 0)), "" )} | W7: {=IFERROR( INDEX(按鍵位置表[鍵盤按鍵], MATCH(TRUE, EXACT(MID($M7,W$5,1), 按鍵位置表[方音按鍵]), 0)), "" )} | X7: {=IFERROR( INDEX(按鍵位置表[鍵盤按鍵], MATCH(TRUE, EXACT(MID($M7,X$5,1), 按鍵位置表[方音按鍵]), 0)), "" )} | Z7: =IF($C7="", "", IF(OR($G7=4,$G7=8), _xlfn.CONCAT(LEFT($C7),"（促）"), _xlfn.CONCAT(LEFT($C7),"（舒）"))) | AA7: =IF($C7="", "", _xlfn.XLOOKUP(Z7, 十五音韻母表[十五音],十五音韻母表[台羅拼音]) ) | AB7: =IF($C7="","", _xlfn.CONCAT($F7, $J7, $G7)) | AC7: =IF($C7="", "", _xlfn.XLOOKUP(MID($C7,2,1), 音調表[八音調號], 音調表[台羅調號]) ) | AD7: =IFERROR( _xlfn.XLOOKUP(RIGHT($C7), 十五音聲母表[十八音],十五音聲母表[台羅拼音]), "" ) | AE7: =IF($C7="", "", _xlfn.XLOOKUP(MID($C7,2,1), 音調表[八音調號], 音調表[羅馬拼音聲調按鍵]) ) | AF7: =IF($C7="","",_xlfn.CONCAT(AA7,AE7,AD7)) | AG7: =IF($C7="", "", LEN($D7)) | AH7: =IF($C7="", "", LEN($J7)+1) | AI7: =MID($AF7, VALUE(AI$5),1) | AJ7: =MID($AF7, VALUE(AJ$5),1) | AK7: =MID($AF7, VALUE(AK$5),1) | AL7: =MID($AF7, VALUE(AL$5),1) | AM7: =MID($AF7, VALUE(AM$5),1) | AN7: =MID($AF7, VALUE(AN$5),1) | AO7: =MID($AF7, VALUE(AO$5),1) | AP7: =MID($AF7, VALUE(AP$5),1)
B9: =_xlfn.CONCAT("1. 漢字：【", B6,"】，十五音標音：【",C6,"】，方音符號：【",D6,"】，台羅拼音：【",E6,"】。") -> 1. 漢字：【床】，十五音標音：【公五出】，方音符號：【ㄘㆲˊ】，台羅拼音：【tshong5】。
B10: =_xlfn.CONCAT(" - 字母（韻母）：字母【",F6,"】，以方音符號【",G6,"】代，用按鍵：【", LEFT(N6,P6-1),"】輸入； ") -> - 字母（韻母）：字母【公（舒）】，以方音符號【ㆲ】代，用按鍵：【o】輸入；
B11: =_xlfn.CONCAT(" - 八音（音調）：八音【",MID($C$6,2,1),"】，以方音符號【",I6,"】代，用按鍵：【",J6,"】輸入；") -> - 八音（音調）：八音【五】，以方音符號【ˊ】代，用按鍵：【6】輸入；
B12: =_xlfn.CONCAT(" - 切音（聲母）：切音【",RIGHT($C$6,1),"】，以方音符號【",K6,"】代，用按鍵：【",RIGHT(N6,O6-P6),"】輸入。") -> - 切音（聲母）：切音【出】，以方音符號【ㄘ】代，用按鍵：【h】輸入。

Sheet 漢字注音
A1: =COLUMN() -> 1 | B1: =COLUMN() -> 2 | C1: =COLUMN() -> 3
V2: =LEN(V3) -> 45
V3: 《涼州詞》王之渙 黃河遠上白雲間， 一片孤城萬仞山。 羌笛何須怨楊柳， 春風不度玉門關。
E4: liang5 | F4: ziu1 | G4: su5 | I4: ong5 | J4: zi1 | K4: huan3
B5: 1 | D5: 《 | E5: 涼 | F5: 州 | G5: 詞 | H5: 》 | I5: 王 | J5: 之 | K5: 渙 | L5: =CHAR(10)
E6: ㄌㄧㄤˊ | F6: ㄐㄧㄨ | G6: ㄙㄨˊ | I6: ㆲˊ | J6: ㄐㄧ | K6: ㄏㄨㄢ˪
D8: hong5 | E8: ho5 | F8: uan2 | G8: siong2 | H8: pik8 | I8: hun5 | J8: kan1
B9: =B5+1 -> 2 | D9: 黃 | E9: 河 | F9: 遠 | G9: 上 | H9: 白 | I9: 雲 | J9: 間 | K9: ， | L9: =CHAR(10)
D10: ㄏㆲˊ | E10: ㄏㄜˊ | F10: ㄨㄢˋ | G10: ㄒㄧㆲˋ | H10: ㄅㄧㆻ˙ | I10: ㄏㄨㄣˊ | J10: ㄍㄢ
D12: it4 | E12: phian3 | F12: koo1 | G12: sing5 | H12: ban7 | I12: jin7 | J12: san1
B13: =B9+1 -> 3 | D13: 一 | E13: 片 | F13: 孤 | G13: 城 | H13: 萬 | I13: 仞 | J13: 山 | K13: 。 | L13: =CHAR(10)
D14: ㄧㆵ | E14: ㄆㄧㄢ˪ | F14: ㄍㆦ | G14: ㄒㄧㄥˊ | H14: ㆠㄢ˫ | I14: ㆢㄧㄣ˫ | J14: ㄙㄢ
E15: tik8
D16: khiang1 | E16: tik8 | F16: ho5 | G16: su1 | H16: uan3 | I16: iong5 | J16: liu2
B17: =B13+1 -> 4 | D17: 羌 | E17: 笛 | F17: 何 | G17: 須 | H17: 怨 | I17: 楊 | J17: 柳 | K17: ， | L17: =CHAR(10)
D18: ㄎㄧㄤ | E18: ㄉㄧㆻ˙ | F18: ㄏㄜˊ | G18: ㄙㄨ | H18: ㄨㄢ˪ | I18: ㄧㆲˊ | J18: ㄌㄧㄨˋ
D20: cun1 | E20: hong1 | F20: put4 | G20: too7 | H20: giok8 | I20: bun5 | J20: kuan1
B21: =B17+1 -> 5 | D21: 春 | E21: 風 | F21: 不 | G21: 度 | H21: 玉 | I21: 門 | J21: 關 | K21: 。 | L21: =CHAR(10)
D22: ㄘㄨㄣ | E22: ㄏㆲ | F22: ㄅㄨㆵ | G22: ㄉㆦ˫ | H22: ㆣㄧㆦㆻ˙ | I22: ㆠㄨㄣˊ | J22: ㄍㄨㄢ
B25: =B21+1 -> 6 | D25: φ
B29: =B25+1 -> 7
B33: =B29+1 -> 8
B37: =B33+1 -> 9
B41: =B37+1 -> 10
B45: =B41+1 -> 11
B49: =B45+1 -> 12
B53: =B49+1 -> 13
B57: =B53+1 -> 14
B61: =B57+1 -> 15
B65: =B61+1 -> 16
B69: =B65+1 -> 17
B73: =B69+1 -> 18
... B2001: =B1997+1 -> 500

Sheet 十五音聲母
A1: 序號 | B1: 音序 | C1: 漢字例 | D1: 十五音 | E1: 十八音 | F1: 國際音標 | G1: 台羅拼音 | H1: 台語音標 | I1: 白話字 | J1: 閩拼方案 | K1: 注音二式 | L1: 注音二式代 | M1: 方音符號 | N1: 台語注音
A2: 1 | B2: 11 | C2: 恩 | D2: 英 | E2: 英 | G2: Ø | J2: Ø | K2: Ø | L2: Ø | M2: Ø | N2: Ø
A3: 2 | B3: 2 | C3: 比 | D3: 邊 | E3: 邊 | F3: p | G3: p | H3: p | I3: p | J3: b | K3: b | L3: b | M3: ㄅ | N3: ㄅ
A4: 3 | B4: 6 | C4: 鼻 | D4: 頗 | E4: 頗 | F4: pʰ | G4: ph | H4: ph | I4: ph | J4: p | K4: p | L4: p | M4: ㄆ | N4: ㄆ
A5: 4 | B5: 12 | C5: 文 | D5: 門 | E5: 門 | F5: b | G5: b | H5: b | I5: b | J5: bb | K5: bb | L5: bb | M5: ㆠ | N5: ㄪ
A6: 5 | B6: 12 | C6: 毛 | D6: 門 | E6: 毛 | F6: m | G6: m | H6: m | I6: m | J6: bbn | K6: m | L6: bbn | M6: ㄇ | N6: ㄇ
A7: 6 | B7: 5 | C7: 底 | D7: 地 | E7: 地 | F7: t | G7: t | H7: t | I7: t | J7: d | K7: d | L7: d | M7: ㄉ | N7: ㄉ
A8: 7 | B8: 7 | C8: 替 | D8: 他 | E8: 他 | F8: tʰ | G8: th | H8: th | I8: th | J8: t | K8: t | L8: t | M8: ㄊ | N8: ㄊ
A9: 8 | B9: 1 | C9: 理 | D9: 柳 | E9: 柳 | F9: l | G9: l | H9: l | I9: l | J9: l | K9: l | L9: l | M9: ㄌ | N9: ㄌ
A10: 9 | B10: 1 | C10: 耐 | D10: 柳 | E10: 耐 | F10: n | G10: n | H10: n | I10: n | J10: ln | K10: n | L10: ln | M10: ㄋ | N10: ㄋ
A11: 10 | B11: 3 | C11: 己 | D11: 求 | E11: 求 | F11: k | G11: k | H11: k | I11: k | J11: g | K11: g | L11: g | M11: ㄍ | N11: ㄍ
A12: 11 | B12: 4 | C12: 起 | D12: 去 | E12: 去 | F12: kʰ | G12: kh | H12: kh | I12: kh | J12: k | K12: k | L12: k | M12: ㄎ | N12: ㄎ
A13: 12 | B13: 13 | C13: 禦 | D13: 語 | E13: 語 | F13: ɡ | G13: g | H13: g | I13: g | J13: gg | K13: gg | L13: gg | M13: ㆣ | N13: ㄫ
A14: 13 | B14: 13 | C14: 雅 | D14: 語 | E14: 雅 | F14: ŋ | G14: ng | H14: ng | I14: ng | J14: ggn | K14: ng | L14: ggn | M14: ㄫ | N14: ⁰ㄫ
... A23: 22 | B23: 10 | C23: 施 | D23: 時 | E23: 時 | F23: ɕ | G23: si | H23: si | I23: si | J23: si | K23: shi | L23: si | M23: ㄒ | N23: ㄒ

Sheet 十五音韻母
A1: 序號 | B1: 韻序 | C1: 漢字例 | D1: 十五音 | E1: 國際音標 | F1: 國際音標2 | G1: 台羅拼音 | H1: 台語音標 | I1: 白話字 | J1: 閩拼方案 | K1: 注音二式 | L1: 方音符號 | M1: 台語注音 | O1: =_xlfn.CONCAT("ɛ", _xlfn.UNICHAR(HEX2DEC(RIGHT("U+0303",4)))) -> ɛ̃ | P1: =_xlfn.CONCAT("ɛ", _xlfn.UNICHAR(HEX2DEC(RIGHT("U+0294",4)))) -> ɛʔ | Q1: ɔ
A2: 1 | B2: =IF(MOD(十五音韻母表[[#This Row],[序號]],2)=0, 十五音韻母表[[#This Row],[序號]]/2, ROUNDUP(十五音韻母表[[#This Row],[序號]]/2,0)) -> 1 | C2: 分 | D2: 君（舒） | E2: un | G2: un | H2: un | I2: un | J2: un | K2: un | L2: ㄨㄣ | M2: ㄨㄣ
A3: 2 | B3: =IF(MOD(十五音韻母表[[#This Row],[序號]],2)=0, 十五音韻母表[[#This Row],[序號]]/2, ROUNDUP(十五音韻母表[[#This Row],[序號]]/2,0)) -> 1 | C3: 佛 | D3: 君（促） | E3: ut̚ | G3: ut | H3: ut | I3: ut | J3: ut | K3: ut | L3: ㄨㆵ | M3: ㄨㄉ
A4: 3 | B4: =IF(MOD(十五音韻母表[[#This Row],[序號]],2)=0, 十五音韻母表[[#This Row],[序號]]/2, ROUNDUP(十五音韻母表[[#This Row],[序號]]/2,0)) -> 2 | C4: 掀 | D4: 堅（舒） | E4: ɪan | G4: ian | H4: ian | I4: ian | J4: ian | K4: ian | L4: ㄧㄢ | M4: ㄧㄢ
A5: 4 | B5: =IF(MOD(十五音韻母表[[#This Row],[序號]],2)=0, 十五音韻母表[[#This Row],[序號]]/2, ROUNDUP(十五音韻母表[[#This Row],[序號]]/2,0)) -> 2 | C5: 結 | D5: 堅（促） | E5: ɪat̚ | G5: iat | H5: iat | I5: iat | J5: iat | K5: iat | L5: ㄧㄚㆵ | M5: ㄧㄚㄉ
A6: 5 | B6: =IF(MOD(十五音韻母表[[#This Row],[序號]],2)=0, 十五音韻母表[[#This Row],[序號]]/2, ROUNDUP(十五音韻母表[[#This Row],[序號]]/2,0)) -> 3 | C6: 深 | D6: 金（舒） | E6: im | G6: im | H6: im | I6: im | J6: im | K6: im | L6: ㄧㆬ | M6: ㄧㄇ
A7: 6 | B7: =IF(MOD(十五音韻母表[[#This Row],[序號]],2)=0, 十五音韻母表[[#This Row],[序號]]/2, ROUNDUP(十五音韻母表[[#This Row],[序號]]/2,0)) -> 3 | C7: 急 | D7: 金（促） | E7: ip̚ | G7: ip | H7: ip | I7: ip | J7: ip | K7: ip | L7: 一ㆴ | M7: ㄧㄅ
A8: 7 | B8: =IF(MOD(十五音韻母表[[#This Row],[序號]],2)=0, 十五音韻母表[[#This Row],[序號]]/2, ROUNDUP(十五音韻母表[[#This Row],[序號]]/2,0)) -> 4 | C8: 歸 | D8: 規（舒） | E8: ui | G8: ui | H8: ui | I8: ui | J8: ui | K8: ui | L8: ㄨㄧ | M8: ㄨㄧ
A9: 8 | B9: =IF(MOD(十五音韻母表[[#This Row],[序號]],2)=0, 十五音韻母表[[#This Row],[序號]]/2, ROUNDUP(十五音韻母表[[#This Row],[序號]]/2,0)) -> 4 | D9: 規（促） | G9: ui | H9: ui | I9: ui | J9: ui | K9: ui | L9: ㄨㄧㆷ
A10: 9 | B10: =IF(MOD(十五音韻母表[[#This Row],[序號]],2)=0, 十五音韻母表[[#This Row],[序號]]/2, ROUNDUP(十五音韻母表[[#This Row],[序號]]/2,0)) -> 5 | C10: 加 | D10: 嘉（舒） | E10: e | F10: ɛ | G10: ee | H10: ee | L10: ㄝ | M10: ㄝ
A11: 10 | B11: =IF(MOD(十五音韻母表[[#This Row],[序號]],2)=0, 十五音韻母表[[#This Row],[序號]]/2, ROUNDUP(十五音韻母表[[#This Row],[序號]]/2,0)) -> 5 | C11: 格 | D11: 嘉（促） | E11: eʔ | F11: ɛʔ | G11: =IF(G10="", "", _xlfn.CONCAT(G10, "h")) -> eeh | H11: =IF(H10="", "", _xlfn.CONCAT(H10, "h")) -> eeh | I11: =IF(I10="", "", _xlfn.CONCAT(I10, "h")) | J11: =IF(J10="", "", _xlfn.CONCAT(J10, "h")) | K11: =IF(K10="", "", _xlfn.CONCAT(K10, "h")) | L11: =IF(L10="", "", _xlfn.CONCAT(L10, "ㆷ")) -> ㄝㆷ | M11: =IF(M10="", "", _xlfn.CONCAT(M10, "ㄏ")) -> ㄝㄏ
A12: 11 | B12: =IF(MOD(十五音韻母表[[#This Row],[序號]],2)=0, 十五音韻母表[[#This Row],[序號]]/2, ROUNDUP(十五音韻母表[[#This Row],[序號]]/2,0)) -> 6 | C12: 蘭 | D12: 干（舒） | E12: an | G12: an | H12: an | I12: an | J12: an | K12: an | L12: ㄢ | M12: ㄢ
A13: 12 | B13: =IF(MOD(十五音韻母表[[#This Row],[序號]],2)=0, 十五音韻母表[[#This Row],[序號]]/2, ROUNDUP(十五音韻母表[[#This Row],[序號]]/2,0)) -> 6 | C13: 擦 | D13: 干（促） | E13: at̚ | G13: at | H13: at | I13: at | J13: at | K13: at | L13: ㄚㆵ | M13: ㄚㄉ
A14: 13 | B14: =IF(MOD(十五音韻母表[[#This Row],[序號]],2)=0, 十五音韻母表[[#This Row],[序號]]/2, ROUNDUP(十五音韻母表[[#This Row],[序號]]/2,0)) -> 7 | C14: 風 | D14: 公（舒） | E14: ɔŋ | G14: ong | H14: ong | I14: ong | J14: ong | K14: ong | L14: ㆲ | M14: ㄛㄥ
A15: 14 | B15: =IF(MOD(十五音韻母表[[#This Row],[序號]],2)=0, 十五音韻母表[[#This Row],[序號]]/2, ROUNDUP(十五音韻母表[[#This Row],[序號]]/2,0)) -> 7 | C15: 服 | D15: 公（促） | E15: ɔk̚ | G15: ok | H15: ok | I15: ok | J15: ok | K15: ok | L15: ㆦㆻ | M15: ㄛㄍ
A16: 15 | B16: =IF(MOD(十五音韻母表[[#This Row],[序號]],2)=0, 十五音韻母表[[#This Row],[序號]]/2, ROUNDUP(十五音韻母表[[#This Row],[序號]]/2,0)) -> 8 | C16: 怪 | D16: 乖（舒） | E16: uai | G16: uai | H16: uai | I16: oai | J16: uai | K16: uai | L16: ㄨㄞ | M16: ㄨㄞ
A17: 16 | B17: =IF(MOD(十五音韻母表[[#This Row],[序號]],2)=0, 十五音韻母表[[#This Row],[序號]]/2, ROUNDUP(十五音韻母表[[#This Row],[序號]]/2,0)) -> 8 | C17: 孬 | D17: 乖（促） | E17: uaiʔ | G17: =IF(G16="", "", _xlfn.CONCAT(G16, "h")) -> uaih | H17: =IF(H16="", "", _xlfn.CONCAT(H16, "h")) -> uaih | I17: =IF(I16="", "", _xlfn.CONCAT(I16, "h")) -> oaih | J17: =IF(J16="", "", _xlfn.CONCAT(J16, "h")) -> uaih | K17: =IF(K16="", "", _xlfn.CONCAT(K16, "h")) -> uaih | L17: =IF(L16="", "", _xlfn.CONCAT(L16, "ㆷ")) -> ㄨㄞㆷ | M17: =IF(M16="", "", _xlfn.CONCAT(M16, "ㄏ")) -> ㄨㄞㄏ
A18: 17 | B18: =IF(MOD(十五音韻母表[[#This Row],[序號]],2)=0, 十五音韻母表[[#This Row],[序號]]/2, ROUNDUP(十五音韻母表[[#This Row],[序號]]/2,0)) -> 9 | C18: 情 | D18: 經（舒） | E18: ɪŋ | F18: ɛŋ | G18: ing | H18: ing | I18: eng | J18: ing | K18: ing | L18: ㄧㄥ | M18: ㄧㄥ
A19: 18 | B19: =IF(MOD(十五音韻母表[[#This Row],[序號]],2)=0, 十五音韻母表[[#This Row],[序號]]/2, ROUNDUP(十五音韻母表[[#This Row],[序號]]/2,0)) -> 9 | C19: 測 | D19: 經（促） | E19: ɪk | F19: ɛk | G19: ik | H19: ik | I19: ek | J19: ik | K19: ik | L19: ㄧㆻ | M19: ㄧㄍ
A20: 19 | B20: =IF(MOD(十五音韻母表[[#This Row],[序號]],2)=0, 十五音韻母表[[#This Row],[序號]]/2, ROUNDUP(十五音韻母表[[#This Row],[序號]]/2,0)) -> 10 | C20: 團 | D20: 觀（舒） | E20: uan | G20: uan | H20: uan | I20: oan | J20: uan | K20: uan | L20: ㄨㄢ | M20: ㄨㄢ
A21: 20 | B21: =IF(MOD(十五音韻母表[[#This Row],[序號]],2)=0, 十五音韻母表[[#This Row],[序號]]/2, ROUNDUP(十五音韻母表[[#This Row],[序號]]/2,0)) -> 10 | C21: 決 | D21: 觀（促） | E21: uat̚ | G21: uat | H21: uat | I21: oat | J21: uat | K21: uat | L21: ㄨㄚㆵ | M21: ㄨㄚㄉ
A22: 21 | B22: =IF(MOD(十五音韻母表[[#This Row],[序號]],2)=0, 十五音韻母表[[#This Row],[序號]]/2, ROUNDUP(十五音韻母表[[#This Row],[序號]]/2,0)) -> 11 | C22: 姑 | D22: 沽（舒） | E22: ɔ | F22: ou | G22: oo | H22: oo | I22: o͘ | J22: oo | K22: oo | L22: ㆦ | M22: ㄛ
A23: 22 | B23: =IF(MOD(十五音韻母表[[#This Row],[序號]],2)=0, 十五音韻母表[[#This Row],[序號]]/2, ROUNDUP(十五音韻母表[[#This Row],[序號]]/2,0)) -> 11 | D23: 沽（促） | E23: =_xlfn.CONCAT(E22, "h") -> ɔh | G23: =IF(G22="", "", _xlfn.CONCAT(G22, "h")) -> ooh | H23: =IF(H22="", "", _xlfn.CONCAT(H22, "h")) -> ooh | I23: =IF(I22="", "", _xlfn.CONCAT(I22, "h")) -> o͘h | J23: =IF(J22="", "", _xlfn.CONCAT(J22, "h")) -> ooh | K23: =IF(K22="", "", _xlfn.CONCAT(K22, "h")) -> ooh | L23: =IF(L22="", "", _xlfn.CONCAT(L22, "ㆷ")) -> ㆦㆷ | M23: =IF(M22="", "", _xlfn.CONCAT(M22, "ㄏ")) -> ㄛㄏ
A24: 23 | B24: =IF(MOD(十五音韻母表[[#This Row],[序號]],2)=0, 十五音韻母表[[#This Row],[序號]]/2, ROUNDUP(十五音韻母表[[#This Row],[序號]]/2,0)) -> 12 | C24: 鵰 | D24: 嬌（舒） | E24: ɪaʊ | G24: iau | H24: iau | I24: iau | J24: iao | K24: iau | L24: ㄧㄠ | M24: ㄧㄠ
A25: 24 | B25: =IF(MOD(十五音韻母表[[#This Row],[序號]],2)=0, 十五音韻母表[[#This Row],[序號]]/2, ROUNDUP(十五音韻母表[[#This Row],[序號]]/2,0)) -> 12 | C25: 愀 | D25: 嬌（促） | E25: ɪaʊʔ | G25: iauh | H25: iauh | I25: iauh | J25: iaoh | K25: iauh | L25: ㄧㄠㆷ | M25: ㄧㄠㄏ
A26: 25 | B26: =IF(MOD(十五音韻母表[[#This Row],[序號]],2)=0, 十五音韻母表[[#This Row],[序號]]/2, ROUNDUP(十五音韻母表[[#This Row],[序號]]/2,0)) -> 13 | C26: 街 | D26: 稽（舒） | E26: e | F26: ei | G26: e | H26: ei | I26: e | J26: e | K26: e | L26: ㆤ | M26: ㄝ
A27: 26 | B27: =IF(MOD(十五音韻母表[[#This Row],[序號]],2)=0, 十五音韻母表[[#This Row],[序號]]/2, ROUNDUP(十五音韻母表[[#This Row],[序號]]/2,0)) -> 13 | G27: =IF(G26="", "", _xlfn.CONCAT(G26, "h")) -> eh | H27: =IF(H26="", "", _xlfn.CONCAT(H26, "h")) -> eih | I27: =IF(I26="", "", _xlfn.CONCAT(I26, "h")) -> eh | J27: =IF(J26="", "", _xlfn.CONCAT(J26, "h")) -> eh | K27: =IF(K26="", "", _xlfn.CONCAT(K26, "h")) -> eh | L27: =IF(L26="", "", _xlfn.CONCAT(L26, "ㆷ")) -> ㆤㆷ | M27: =IF(M26="", "", _xlfn.CONCAT(M26, "ㄏ")) -> ㄝㄏ
A28: 27 | B28: =IF(MOD(十五音韻母表[[#This Row],[序號]],2)=0, 十五音韻母表[[#This Row],[序號]]/2, ROUNDUP(十五音韻母表[[#This Row],[序號]]/2,0)) -> 14 | C28: 中 | D28: 恭（舒） | E28: ɪɔŋ | G28: iong | H28: iong | I28: iong | J28: iong | K28: iong | L28: ㄧㆲ | M28: ㄧㄛㄥ
A29: 28 | B29: =IF(MOD(十五音韻母表[[#This Row],[序號]],2)=0, 十五音韻母表[[#This Row],[序號]]/2, ROUNDUP(十五音韻母表[[#This Row],[序號]]/2,0)) -> 14 | C29: 菊 | D29: 恭（促） | E29: ɪɔk̚ | G29: iok | H29: iok | I29: iok | J29: iok | K29: iook | L29: ㄧㆦㆻ | M29: ㄧㄛㄍ
A30: 29 | B30: =IF(MOD(十五音韻母表[[#This Row],[序號]],2)=0, 十五音韻母表[[#This Row],[序號]]/2, ROUNDUP(十五音韻母表[[#This Row],[序號]]/2,0)) -> 15 | C30: 刀 | D30: 高（舒） | E30: ə | G30: o | H30: o | I30: o | J30: o | K30: or | L30: ㄜ | M30: ㄜ
A31: 30 | B31: =IF(MOD(十五音韻母表[[#This Row],[序號]],2)=0, 十五音韻母表[[#This Row],[序號]]/2, ROUNDUP(十五音韻母表[[#This Row],[序號]]/2,0)) -> 15 | C31: 卓 | D31: 高（促） | E31: əʔ | G31: =IF(G30="", "", _xlfn.CONCAT(G30, "h")) -> oh | H31: =IF(H30="", "", _xlfn.CONCAT(H30, "h")) -> oh | I31: =IF(I30="", "", _xlfn.CONCAT(I30, "h")) -> oh | J31: =IF(J30="", "", _xlfn.CONCAT(J30, "h")) -> oh | K31: =IF(K30="", "", _xlfn.CONCAT(K30, "h")) -> orh | L31: =IF(L30="", "", _xlfn.CONCAT(L30, "ㆷ")) -> ㄜㆷ | M31: =IF(M30="", "", _xlfn.CONCAT(M30, "ㄏ")) -> ㄜㄏ
A32: 31 | B32: =IF(MOD(十五音韻母表[[#This Row],[序號]],2)=0, 十五音韻母表[[#This Row],[序號]]/2, ROUNDUP(十五音韻母表[[#This Row],[序號]]/2,0)) -> 16 | C32: 皆 | D32: 皆（舒） | E32: aɪ | G32: ai | H32: ai | I32: ai | J32: ai | K32: ai | L32: ㄞ | M32: ㄞ
A33: 32 | B33: =IF(MOD(十五音韻母表[[#This Row],[序號]],2)=0, 十五音韻母表[[#This Row],[序號]]/2, ROUNDUP(十五音韻母表[[#This Row],[序號]]/2,0)) -> 16 | G33: =IF(G32="", "", _xlfn.CONCAT(G32, "h")) -> aih | H33: =IF(H32="", "", _xlfn.CONCAT(H32, "h")) -> aih | I33: =IF(I32="", "", _xlfn.CONCAT(I32, "h")) -> aih | J33: =IF(J32="", "", _xlfn.CONCAT(J32, "h")) -> aih | K33: =IF(K32="", "", _xlfn.CONCAT(K32, "h")) -> aih | L33: =IF(L32="", "", _xlfn.CONCAT(L32, "ㆷ")) -> ㄞㆷ | M33: =IF(M32="", "", _xlfn.CONCAT(M32, "ㄏ")) -> ㄞㄏ
A34: 33 | B34: =IF(MOD(十五音韻母表[[#This Row],[序號]],2)=0, 十五音韻母表[[#This Row],[序號]]/2, ROUNDUP(十五音韻母表[[#This Row],[序號]]/2,0)) -> 17 | C34: 今 | D34: 巾（舒） | E34: in | G34: in | H34: in | I34: in | J34: in | K34: in | L34: ㄧㄣ | M34: ㄧㄣ
A35: 34 | B35: =IF(MOD(十五音韻母表[[#This Row],[序號]],2)=0, 十五音韻母表[[#This Row],[序號]]/2, ROUNDUP(十五音韻母表[[#This Row],[序號]]/2,0)) -> 17 | C35: 乞 | D35: 巾（促） | E35: it̚ | G35: it | H35: it | I35: it | J35: it | K35: it | L35: ㄧㆵ | M35: ㄧㄉ
A36: 35 | B36: =IF(MOD(十五音韻母表[[#This Row],[序號]],2)=0, 十五音韻母表[[#This Row],[序號]]/2, ROUNDUP(十五音韻母表[[#This Row],[序號]]/2,0)) -> 18 | C36: 漳 | D36: 姜（舒） | E36: ɪaŋ | G36: iang | H36: iang | I36: iang | J36: iang | K36: iang | L36: ㄧㄤ | M36: ㄧㄤ
A37: 36 | B37: =IF(MOD(十五音韻母表[[#This Row],[序號]],2)=0, 十五音韻母表[[#This Row],[序號]]/2, ROUNDUP(十五音韻母表[[#This Row],[序號]]/2,0)) -> 18 | C37: 鑠 | D37: 姜（促） | E37: ɪak̚ | G37: iak | H37: iak | I37: iak | J37: iak | K37: iak | L37: ㄧㄚㆻ | M37: ㄧㄚㄍ
A38: 37 | B38: =IF(MOD(十五音韻母表[[#This Row],[序號]],2)=0, 十五音韻母表[[#This Row],[序號]]/2, ROUNDUP(十五音韻母表[[#This Row],[序號]]/2,0)) -> 19 | C38: 堪 | D38: 甘（舒） | E38: am | G38: am | H38: am | I38: am | J38: am | K38: am | L38: ㆰ | M38: ㄚㄇ
A39: 38 | B39: =IF(MOD(十五音韻母表[[#This Row],[序號]],2)=0, 十五音韻母表[[#This Row],[序號]]/2, ROUNDUP(十五音韻母表[[#This Row],[序號]]/2,0)) -> 19 | C39: 合 | D39: 甘（促） | E39: ap̚ | G39: ap | H39: ap | I39: ap | J39: ap | K39: ap | L39: ㄚㆴ | M39: ㄚㄅ
A40: 39 | B40: =IF(MOD(十五音韻母表[[#This Row],[序號]],2)=0, 十五音韻母表[[#This Row],[序號]]/2, ROUNDUP(十五音韻母表[[#This Row],[序號]]/2,0)) -> 20 | C40: 呱 | D40: 瓜（舒） | E40: ua | G40: ua | H40: ua | I40: oa | J40: ua | K40: ua | L40: ㄨㄚ | M40: ㄨㄚ
A41: 40 | B41: =IF(MOD(十五音韻母表[[#This Row],[序號]],2)=0, 十五音韻母表[[#This Row],[序號]]/2, ROUNDUP(十五音韻母表[[#This Row],[序號]]/2,0)) -> 20 | C41: 割 | D41: 瓜（促） | E41: uaʔ | G41: =IF(G40="", "", _xlfn.CONCAT(G40, "h")) -> uah | H41: =IF(H40="", "", _xlfn.CONCAT(H40, "h")) -> uah | I41: =IF(I40="", "", _xlfn.CONCAT(I40, "h")) -> oah | J41: =IF(J40="", "", _xlfn.CONCAT(J40, "h")) -> uah | K41: =IF(K40="", "", _xlfn.CONCAT(K40, "h")) -> uah | L41: =IF(L40="", "", _xlfn.CONCAT(L40, "ㆷ")) -> ㄨㄚㆷ | M41: =IF(M40="", "", _xlfn.CONCAT(M40, "ㄏ")) -> ㄨㄚㄏ
A42: 41 | B42: =IF(MOD(十五音韻母表[[#This Row],[序號]],2)=0, 十五音韻母表[[#This Row],[序號]]/2, ROUNDUP(十五音韻母表[[#This Row],[序號]]/2,0)) -> 21 | C42: 東 | D42: 江（舒） | E42: aŋ | G42: ang | H42: ang | I42: ang | J42: ang | K42: ang | L42: ㄤ | M42: ㄤ
A43: 42 | B43: =IF(MOD(十五音韻母表[[#This Row],[序號]],2)=0, 十五音韻母表[[#This Row],[序號]]/2, ROUNDUP(十五音韻母表[[#This Row],[序號]]/2,0)) -> 21 | C43: 北 | D43: 江（促） | E43: ak̚ | G43: ak | H43: ak | I43: ak | J43: ak | K43: ak | L43: ㄚㆻ | M43: ㄚㄍ
A44: 43 | B44: =IF(MOD(十五音韻母表[[#This Row],[序號]],2)=0, 十五音韻母表[[#This Row],[序號]]/2, ROUNDUP(十五音韻母表[[#This Row],[序號]]/2,0)) -> 22 | C44: 謙 | D44: 兼（舒） | E44: ɪam | G44: iam | H44: iam | I44: iam | J44: iam | K44: iam | L44: ㄧㆰ | M44: ㄧㄚㄇ
A45: 44 | B45: =IF(MOD(十五音韻母表[[#This Row],[序號]],2)=0, 十五音韻母表[[#This Row],[序號]]/2, ROUNDUP(十五音韻母表[[#This Row],[序號]]/2,0)) -> 22 | C45: 俠 | D45: 兼（促） | E45: ɪap̚ | G45: iap | H45: iap | I45: iap | J45: iap | K45: iap | L45: ㄧㄚㆴ | M45: ㄧㄚㄅ
A46: 45 | B46: =IF(MOD(十五音韻母表[[#This Row],[序號]],2)=0, 十五音韻母表[[#This Row],[序號]]/2, ROUNDUP(十五音韻母表[[#This Row],[序號]]/2,0)) -> 23 | C46: 包 | D46: 交（舒） | E46: aʊ | G46: au | H46: au | I46: au | J46: ao | K46: au | L46: ㄠ | M46: ㄠ
A47: 46 | B47: =IF(MOD(十五音韻母表[[#This Row],[序號]],2)=0, 十五音韻母表[[#This Row],[序號]]/2, ROUNDUP(十五音韻母表[[#This Row],[序號]]/2,0)) -> 23 | C47: 𩛩 | D47: 交（促） | E47: auʔ | G47: =IF(G46="", "", _xlfn.CONCAT(G46, "h")) -> auh | H47: =IF(H46="", "", _xlfn.CONCAT(H46, "h")) -> auh | I47: =IF(I46="", "", _xlfn.CONCAT(I46, "h")) -> auh | J47: =IF(J46="", "", _xlfn.CONCAT(J46, "h")) -> aoh | K47: =IF(K46="", "", _xlfn.CONCAT(K46, "h")) -> auh | L47: =IF(L46="", "", _xlfn.CONCAT(L46, "ㆷ")) -> ㄠㆷ | M47: =IF(M46="", "", _xlfn.CONCAT(M46, "ㄏ")) -> ㄠㄏ
A48: 47 | B48: =IF(MOD(十五音韻母表[[#This Row],[序號]],2)=0, 十五音韻母表[[#This Row],[序號]]/2, ROUNDUP(十五音韻母表[[#This Row],[序號]]/2,0)) -> 24 | C48: 爹 | D48: 迦（舒） | E48: ɪa | G48: ia | H48: ia | I48: ia | J48: ia | K48: ia | L48: ㄧㄚ | M48: ㄧㄚ
A49: 48 | B49: =IF(MOD(十五音韻母表[[#This Row],[序號]],2)=0, 十五音韻母表[[#This Row],[序號]]/2, ROUNDUP(十五音韻母表[[#This Row],[序號]]/2,0)) -> 24 | C49: 壁 | D49: 迦（促） | E49: ɪaʔ | G49: =IF(G48="", "", _xlfn.CONCAT(G48, "h")) -> iah | H49: =IF(H48="", "", _xlfn.CONCAT(H48, "h")) -> iah | I49: =IF(I48="", "", _xlfn.CONCAT(I48, "h")) -> iah | J49: =IF(J48="", "", _xlfn.CONCAT(J48, "h")) -> iah | K49: =IF(K48="", "", _xlfn.CONCAT(K48, "h")) -> iah | L49: =IF(L48="", "", _xlfn.CONCAT(L48, "ㆷ")) -> ㄧㄚㆷ | M49: =IF(M48="", "", _xlfn.CONCAT(M48, "ㄏ")) -> ㄧㄚㄏ
A50: 49 | B50: =IF(MOD(十五音韻母表[[#This Row],[序號]],2)=0, 十五音韻母表[[#This Row],[序號]]/2, ROUNDUP(十五音韻母表[[#This Row],[序號]]/2,0)) -> 25 | C50: 魁 | D50: 檜（舒） | E50: ue | F50: uei | G50: ue | H50: ue | I50: oe | J50: ue | K50: ue | L50: ㄨㆤ | M50: ㄨㄝ
A51: 50 | B51: =IF(MOD(十五音韻母表[[#This Row],[序號]],2)=0, 十五音韻母表[[#This Row],[序號]]/2, ROUNDUP(十五音韻母表[[#This Row],[序號]]/2,0)) -> 25 | C51: 郭 | D51: 檜（促） | E51: ueʔ | F51: ueiʔ | G51: =IF(G50="", "", _xlfn.CONCAT(G50, "h")) -> ueh | H51: =IF(H50="", "", _xlfn.CONCAT(H50, "h")) -> ueh | I51: =IF(I50="", "", _xlfn.CONCAT(I50, "h")) -> oeh | J51: =IF(J50="", "", _xlfn.CONCAT(J50, "h")) -> ueh | K51: =IF(K50="", "", _xlfn.CONCAT(K50, "h")) -> ueh | L51: =IF(L50="", "", _xlfn.CONCAT(L50, "ㆷ")) -> ㄨㆤㆷ | M51: =IF(M50="", "", _xlfn.CONCAT(M50, "ㄏ")) -> ㄨㄝㄏ
A52: 51 | B52: =IF(MOD(十五音韻母表[[#This Row],[序號]],2)=0, 十五音韻母表[[#This Row],[序號]]/2, ROUNDUP(十五音韻母表[[#This Row],[序號]]/2,0)) -> 26 | C52: 擔 | D52: 監（舒） | E52: ã | G52: ann | H52: ann | I52: aⁿ | J52: na | K52: ann | L52: ㆩ | M52: ⁰ㄚ
A53: 52 | B53: =IF(MOD(十五音韻母表[[#This Row],[序號]],2)=0, 十五音韻母表[[#This Row],[序號]]/2, ROUNDUP(十五音韻母表[[#This Row],[序號]]/2,0)) -> 26 | C53: 喢 | D53: 監（促） | E53: ãʔ | G53: =IF(G52="", "", _xlfn.CONCAT(G52, "h")) -> annh | H53: =IF(H52="", "", _xlfn.CONCAT(H52, "h")) -> annh | I53: =IF(I52="", "", _xlfn.CONCAT(I52, "h")) -> aⁿh | J53: =IF(J52="", "", _xlfn.CONCAT(J52, "h")) -> nah | K53: =IF(K52="", "", _xlfn.CONCAT(K52, "h")) -> annh | L53: =IF(L52="", "", _xlfn.CONCAT(L52, "ㆷ")) -> ㆩㆷ | M53: =IF(M52="", "", _xlfn.CONCAT(M52, "ㄏ")) -> ⁰ㄚㄏ
A54: 53 | B54: =IF(MOD(十五音韻母表[[#This Row],[序號]],2)=0, 十五音韻母表[[#This Row],[序號]]/2, ROUNDUP(十五音韻母表[[#This Row],[序號]]/2,0)) -> 27 | C54: 丘 | D54: 艍（舒） | E54: u | G54: u | H54: u | I54: u | J54: u | K54: u | L54: ㄨ | M54: ㄨ
A55: 54 | B55: =IF(MOD(十五音韻母表[[#This Row],[序號]],2)=0, 十五音韻母表[[#This Row],[序號]]/2, ROUNDUP(十五音韻母表[[#This Row],[序號]]/2,0)) -> 27 | C55: 焠 | D55: 艍（促） | E55: uʔ | G55: =IF(G54="", "", _xlfn.CONCAT(G54, "h")) -> uh | H55: =IF(H54="", "", _xlfn.CONCAT(H54, "h")) -> uh | I55: =IF(I54="", "", _xlfn.CONCAT(I54, "h")) -> uh | J55: =IF(J54="", "", _xlfn.CONCAT(J54, "h")) -> uh | K55: =IF(K54="", "", _xlfn.CONCAT(K54, "h")) -> uh | L55: =IF(L54="", "", _xlfn.CONCAT(L54, "ㆷ")) -> ㄨㆷ | M55: =IF(M54="", "", _xlfn.CONCAT(M54, "ㄏ")) -> ㄨㄏ
A56: 55 | B56: =IF(MOD(十五音韻母表[[#This Row],[序號]],2)=0, 十五音韻母表[[#This Row],[序號]]/2, ROUNDUP(十五音韻母表[[#This Row],[序號]]/2,0)) -> 28 | C56: 咬 | D56: 膠（舒） | E56: a | G56: a | H56: a | I56: a | J56: a | K56: a | L56: ㄚ | M56: ㄚ
A57: 56 | B57: =IF(MOD(十五音韻母表[[#This Row],[序號]],2)=0, 十五音韻母表[[#This Row],[序號]]/2, ROUNDUP(十五音韻母表[[#This Row],[序號]]/2,0)) -> 28 | C57: 搭 | D57: 膠（促） | E57: aʔ | G57: =IF(G56="", "", _xlfn.CONCAT(G56, "h")) -> ah | H57: =IF(H56="", "", _xlfn.CONCAT(H56, "h")) -> ah | I57: =IF(I56="", "", _xlfn.CONCAT(I56, "h")) -> ah | J57: =IF(J56="", "", _xlfn.CONCAT(J56, "h")) -> ah | K57: =IF(K56="", "", _xlfn.CONCAT(K56, "h")) -> ah | L57: =IF(L56="", "", _xlfn.CONCAT(L56, "ㆷ")) -> ㄚㆷ | M57: =IF(M56="", "", _xlfn.CONCAT(M56, "ㄏ")) -> ㄚㄏ
A58: 57 | B58: =IF(MOD(十五音韻母表[[#This Row],[序號]],2)=0, 十五音韻母表[[#This Row],[序號]]/2, ROUNDUP(十五音韻母表[[#This Row],[序號]]/2,0)) -> 29 | C58: 其 | D58: 居（舒） | E58: i | G58: i | H58: i | I58: i | J58: i | K58: i | L58: ㄧ | M58: ㄧ
A59: 58 | B59: =IF(MOD(十五音韻母表[[#This Row],[序號]],2)=0, 十五音韻母表[[#This Row],[序號]]/2, ROUNDUP(十五音韻母表[[#This Row],[序號]]/2,0)) -> 29 | C59: 摺 | D59: 居（促） | E59: iʔ | G59: =IF(G58="", "", _xlfn.CONCAT(G58, "h")) -> ih | H59: =IF(H58="", "", _xlfn.CONCAT(H58, "h")) -> ih | I59: =IF(I58="", "", _xlfn.CONCAT(I58, "h")) -> ih | J59: =IF(J58="", "", _xlfn.CONCAT(J58, "h")) -> ih | K59: =IF(K58="", "", _xlfn.CONCAT(K58, "h")) -> ih | L59: =IF(L58="", "", _xlfn.CONCAT(L58, "ㆷ")) -> ㄧㆷ | M59: =IF(M58="", "", _xlfn.CONCAT(M58, "ㄏ")) -> ㄧㄏ
A60: 59 | B60: =IF(MOD(十五音韻母表[[#This Row],[序號]],2)=0, 十五音韻母表[[#This Row],[序號]]/2, ROUNDUP(十五音韻母表[[#This Row],[序號]]/2,0)) -> 30 | C60: 抽 | D60: 丩（舒） | E60: ɪu | G60: iu | H60: iu | I60: iu | J60: iu | K60: iu | L60: ㄧㄨ | M60: ㄧㄨ
A61: 60 | B61: =IF(MOD(十五音韻母表[[#This Row],[序號]],2)=0, 十五音韻母表[[#This Row],[序號]]/2, ROUNDUP(十五音韻母表[[#This Row],[序號]]/2,0)) -> 30 | G61: =IF(G60="", "", _xlfn.CONCAT(G60, "h")) -> iuh | H61: =IF(H60="", "", _xlfn.CONCAT(H60, "h")) -> iuh | I61: =IF(I60="", "", _xlfn.CONCAT(I60, "h")) -> iuh | J61: =IF(J60="", "", _xlfn.CONCAT(J60, "h")) -> iuh | K61: =IF(K60="", "", _xlfn.CONCAT(K60, "h")) -> iuh | L61: =IF(L60="", "", _xlfn.CONCAT(L60, "ㆷ")) -> ㄧㄨㆷ | M61: =IF(M60="", "", _xlfn.CONCAT(M60, "ㄏ")) -> ㄧㄨㄏ
A62: 61 | B62: =IF(MOD(十五音韻母表[[#This Row],[序號]],2)=0, 十五音韻母表[[#This Row],[序號]]/2, ROUNDUP(十五音韻母表[[#This Row],[序號]]/2,0)) -> 31 | C62: 青 | D62: 更（舒） | E62: =_xlfn.CONCAT("e", _xlfn.UNICHAR(HEX2DEC(RIGHT("U+0303",4)))) -> ẽ | F62: =_xlfn.CONCAT("ɛ", _xlfn.UNICHAR(HEX2DEC(RIGHT("U+0303",4)))) -> ɛ̃ | G62: enn | H62: enn | I62: eⁿ | J62: ne | K62: enn | L62: ㆥ | M62: ⁰ㄝ
A63: 62 | B63: =IF(MOD(十五音韻母表[[#This Row],[序號]],2)=0, 十五音韻母表[[#This Row],[序號]]/2, ROUNDUP(十五音韻母表[[#This Row],[序號]]/2,0)) -> 31 | C63: 喀 | D63: 更（促） | E63: =_xlfn.CONCAT(E62, _xlfn.UNICHAR(HEX2DEC(RIGHT("U+0294",4)))) -> ẽʔ | F63: =_xlfn.CONCAT(F62, _xlfn.UNICHAR(HEX2DEC(RIGHT("U+0294",4)))) -> ɛ̃ʔ | G63: =IF(G62="", "", _xlfn.CONCAT(G62, "h")) -> ennh | H63: =IF(H62="", "", _xlfn.CONCAT(H62, "h")) -> ennh | I63: =IF(I62="", "", _xlfn.CONCAT(I62, "h")) -> eⁿh | J63: =IF(J62="", "", _xlfn.CONCAT(J62, "h")) -> neh | K63: =IF(K62="", "", _xlfn.CONCAT(K62, "h")) -> ennh | L63: =IF(L62="", "", _xlfn.CONCAT(L62, "ㆷ")) -> ㆥㆷ | M63: =IF(M62="", "", _xlfn.CONCAT(M62, "ㄏ")) -> ⁰ㄝㄏ
A64: 63 | B64: =IF(MOD(十五音韻母表[[#This Row],[序號]],2)=0, 十五音韻母表[[#This Row],[序號]]/2, ROUNDUP(十五音韻母表[[#This Row],[序號]]/2,0)) -> 32 | C64: 褌 | D64: 褌（舒） | E64: uĩ | G64: uinn | H64: uinn | I64: uiⁿ | J64: nui | K64: uinn | L64: ㄨㆪ | M64: ⁰ㄨㄧ
A65: 64 | B65: =IF(MOD(十五音韻母表[[#This Row],[序號]],2)=0, 十五音韻母表[[#This Row],[序號]]/2, ROUNDUP(十五音韻母表[[#This Row],[序號]]/2,0)) -> 32 | G65: =IF(G64="", "", _xlfn.CONCAT(G64, "h")) -> uinnh | H65: =IF(H64="", "", _xlfn.CONCAT(H64, "h")) -> uinnh | I65: =IF(I64="", "", _xlfn.CONCAT(I64, "h")) -> uiⁿh | J65: =IF(J64="", "", _xlfn.CONCAT(J64, "h")) -> nuih | K65: =IF(K64="", "", _xlfn.CONCAT(K64, "h")) -> uinnh | L65: =IF(L64="", "", _xlfn.CONCAT(L64, "ㆷ")) -> ㄨㆪㆷ | M65: =IF(M64="", "", _xlfn.CONCAT(M64, "ㄏ")) -> ⁰ㄨㄧㄏ
A66: 65 | B66: =IF(MOD(十五音韻母表[[#This Row],[序號]],2)=0, 十五音韻母表[[#This Row],[序號]]/2, ROUNDUP(十五音韻母表[[#This Row],[序號]]/2,0)) -> 33 | C66: 招 | D66: 茄（舒） | E66: ɪə | G66: io | H66: io | I66: io | J66: io | K66: ior | L66: ㄧㄜ | M66: ㄧㄜ
A67: 66 | B67: =IF(MOD(十五音韻母表[[#This Row],[序號]],2)=0, 十五音韻母表[[#This Row],[序號]]/2, ROUNDUP(十五音韻母表[[#This Row],[序號]]/2,0)) -> 33 | C67: 借 | D67: 茄（促） | E67: ɪəʔ | G67: =IF(G66="", "", _xlfn.CONCAT(G66, "h")) -> ioh | H67: =IF(H66="", "", _xlfn.CONCAT(H66, "h")) -> ioh | I67: =IF(I66="", "", _xlfn.CONCAT(I66, "h")) -> ioh | J67: =IF(J66="", "", _xlfn.CONCAT(J66, "h")) -> ioh | K67: =IF(K66="", "", _xlfn.CONCAT(K66, "h")) -> iorh | L67: =IF(L66="", "", _xlfn.CONCAT(L66, "ㆷ")) -> ㄧㄜㆷ | M67: =IF(M66="", "", _xlfn.CONCAT(M66, "ㄏ")) -> ㄧㄜㄏ
A68: 67 | B68: =IF(MOD(十五音韻母表[[#This Row],[序號]],2)=0, 十五音韻母表[[#This Row],[序號]]/2, ROUNDUP(十五音韻母表[[#This Row],[序號]]/2,0)) -> 34 | C68: 甜 | D68: 梔（舒） | E68: ĩ | G68: inn | H68: inn | I68: iⁿ | J68: ni | K68: inn | L68: ㆪ | M68: ⁰ㄧ
A69: 68 | B69: =IF(MOD(十五音韻母表[[#This Row],[序號]],2)=0, 十五音韻母表[[#This Row],[序號]]/2, ROUNDUP(十五音韻母表[[#This Row],[序號]]/2,0)) -> 34 | D69: 梔（促） | E69: ĩʔ | G69: =IF(G68="", "", _xlfn.CONCAT(G68, "h")) -> innh | H69: =IF(H68="", "", _xlfn.CONCAT(H68, "h")) -> innh | I69: =IF(I68="", "", _xlfn.CONCAT(I68, "h")) -> iⁿh | J69: =IF(J68="", "", _xlfn.CONCAT(J68, "h")) -> nih | K69: =IF(K68="", "", _xlfn.CONCAT(K68, "h")) -> innh | L69: =IF(L68="", "", _xlfn.CONCAT(L68, "ㆷ")) -> ㆪㆷ | M69: =IF(M68="", "", _xlfn.CONCAT(M68, "ㄏ")) -> ⁰ㄧㄏ
A70: 69 | B70: =IF(MOD(十五音韻母表[[#This Row],[序號]],2)=0, 十五音韻母表[[#This Row],[序號]]/2, ROUNDUP(十五音韻母表[[#This Row],[序號]]/2,0)) -> 35 | C70: 腔 | D70: 薑（舒） | E70: ɪɔ̃ | G70: ionn | H70: ionn | I70: ioⁿ | J70: nioo | K70: ioonn | L70: ㄧㆧ | M70: ⁰ㄧㄛ
A71: 70 | B71: =IF(MOD(十五音韻母表[[#This Row],[序號]],2)=0, 十五音韻母表[[#This Row],[序號]]/2, ROUNDUP(十五音韻母表[[#This Row],[序號]]/2,0)) -> 35 | G71: =IF(G70="", "", _xlfn.CONCAT(G70, "h")) -> ionnh | H71: =IF(H70="", "", _xlfn.CONCAT(H70, "h")) -> ionnh | I71: =IF(I70="", "", _xlfn.CONCAT(I70, "h")) -> ioⁿh | J71: =IF(J70="", "", _xlfn.CONCAT(J70, "h")) -> niooh | K71: =IF(K70="", "", _xlfn.CONCAT(K70, "h")) -> ioonnh | L71: =IF(L70="", "", _xlfn.CONCAT(L70, "ㆷ")) -> ㄧㆧㆷ | M71: =IF(M70="", "", _xlfn.CONCAT(M70, "ㄏ")) -> ⁰ㄧㄛㄏ
A72: 71 | B72: =IF(MOD(十五音韻母表[[#This Row],[序號]],2)=0, 十五音韻母表[[#This Row],[序號]]/2, ROUNDUP(十五音韻母表[[#This Row],[序號]]/2,0)) -> 36 | C72: 聽 | D72: 驚（舒） | E72: ɪã | G72: iann | H72: iann | I72: iaⁿ | J72: nia | K72: iann | L72: ㄧㆩ | M72: ⁰ㄧㄚ
A73: 72 | B73: =IF(MOD(十五音韻母表[[#This Row],[序號]],2)=0, 十五音韻母表[[#This Row],[序號]]/2, ROUNDUP(十五音韻母表[[#This Row],[序號]]/2,0)) -> 36 | D73: 驚（促） | E73: =_xlfn.CONCAT(E72, "h") -> ɪãh | G73: =IF(G72="", "", _xlfn.CONCAT(G72, "h")) -> iannh | H73: =IF(H72="", "", _xlfn.CONCAT(H72, "h")) -> iannh | I73: =IF(I72="", "", _xlfn.CONCAT(I72, "h")) -> iaⁿh | J73: =IF(J72="", "", _xlfn.CONCAT(J72, "h")) -> niah | K73: =IF(K72="", "", _xlfn.CONCAT(K72, "h")) -> iannh | L73: =IF(L72="", "", _xlfn.CONCAT(L72, "ㆷ")) -> ㄧㆩㆷ | M73: =IF(M72="", "", _xlfn.CONCAT(M72, "ㄏ")) -> ⁰ㄧㄚㄏ
A74: 73 | B74: =IF(MOD(十五音韻母表[[#This Row],[序號]],2)=0, 十五音韻母表[[#This Row],[序號]]/2, ROUNDUP(十五音韻母表[[#This Row],[序號]]/2,0)) -> 37 | C74: 單 | D74: 官（舒） | E74: uã | G74: uann | H74: uann | I74: oaⁿ | J74: nua | K74: uann | L74: ㄨㆩ | M74: ⁰ㄨㄚ
A75: 74 | B75: =IF(MOD(十五音韻母表[[#This Row],[序號]],2)=0, 十五音韻母表[[#This Row],[序號]]/2, ROUNDUP(十五音韻母表[[#This Row],[序號]]/2,0)) -> 37 | G75: =IF(G74="", "", _xlfn.CONCAT(G74, "h")) -> uannh | H75: =IF(H74="", "", _xlfn.CONCAT(H74, "h")) -> uannh | I75: =IF(I74="", "", _xlfn.CONCAT(I74, "h")) -> oaⁿh | J75: =IF(J74="", "", _xlfn.CONCAT(J74, "h")) -> nuah | K75: =IF(K74="", "", _xlfn.CONCAT(K74, "h")) -> uannh | L75: =IF(L74="", "", _xlfn.CONCAT(L74, "ㆷ")) -> ㄨㆩㆷ | M75: =IF(M74="", "", _xlfn.CONCAT(M74, "ㄏ")) -> ⁰ㄨㄚㄏ
A76: 75 | B76: =IF(MOD(十五音韻母表[[#This Row],[序號]],2)=0, 十五音韻母表[[#This Row],[序號]]/2, ROUNDUP(十五音韻母表[[#This Row],[序號]]/2,0)) -> 38 | C76: 湯 | D76: 鋼（舒） | E76: ŋ̍ | G76: ng | H76: ng | I76: ng | J76: ng | K76: ng | L76: ㆭ | M76: ㄥ
A77: 76 | B77: =IF(MOD(十五音韻母表[[#This Row],[序號]],2)=0, 十五音韻母表[[#This Row],[序號]]/2, ROUNDUP(十五音韻母表[[#This Row],[序號]]/2,0)) -> 38 | D77: 鋼（促） | E77: =_xlfn.CONCAT(E76, "h") -> ŋ̍h | G77: =IF(G76="", "", _xlfn.CONCAT(G76, "h")) -> ngh | H77: =IF(H76="", "", _xlfn.CONCAT(H76, "h")) -> ngh | I77: =IF(I76="", "", _xlfn.CONCAT(I76, "h")) -> ngh | J77: =IF(J76="", "", _xlfn.CONCAT(J76, "h")) -> ngh | K77: =IF(K76="", "", _xlfn.CONCAT(K76, "h")) -> ngh | L77: =IF(L76="", "", _xlfn.CONCAT(L76, "ㆷ")) -> ㆭㆷ | M77: =IF(M76="", "", _xlfn.CONCAT(M76, "ㄏ")) -> ㄥㄏ
A78: 77 | B78: =IF(MOD(十五音韻母表[[#This Row],[序號]],2)=0, 十五音韻母表[[#This Row],[序號]]/2, ROUNDUP(十五音韻母表[[#This Row],[序號]]/2,0)) -> 39 | C78: 短 | D78: 伽（舒） | E78: e | G78: e | H78: e | I78: e | J78: e | K78: e | L78: ㆤ | M78: ㄝ
A79: 78 | B79: =IF(MOD(十五音韻母表[[#This Row],[序號]],2)=0, 十五音韻母表[[#This Row],[序號]]/2, ROUNDUP(十五音韻母表[[#This Row],[序號]]/2,0)) -> 39 | C79: 篋 | D79: 伽（促） | E79: eʔ | G79: =IF(G78="", "", _xlfn.CONCAT(G78, "h")) -> eh | H79: =IF(H78="", "", _xlfn.CONCAT(H78, "h")) -> eh | I79: =IF(I78="", "", _xlfn.CONCAT(I78, "h")) -> eh | J79: =IF(J78="", "", _xlfn.CONCAT(J78, "h")) -> eh | K79: =IF(K78="", "", _xlfn.CONCAT(K78, "h")) -> eh | L79: =IF(L78="", "", _xlfn.CONCAT(L78, "ㆷ")) -> ㆤㆷ | M79: =IF(M78="", "", _xlfn.CONCAT(M78, "ㄏ")) -> ㄝㄏ
A80: 79 | B80: =IF(MOD(十五音韻母表[[#This Row],[序號]],2)=0, 十五音韻母表[[#This Row],[序號]]/2, ROUNDUP(十五音韻母表[[#This Row],[序號]]/2,0)) -> 40 | C80: 歹 | D80: 閒（舒） | E80: ãɪ | G80: ainn | H80: ainn | I80: aiⁿ | J80: nai | K80: ainn | L80: ㆮ | M80: ⁰ㄞ
A81: 80 | B81: =IF(MOD(十五音韻母表[[#This Row],[序號]],2)=0, 十五音韻母表[[#This Row],[序號]]/2, ROUNDUP(十五音韻母表[[#This Row],[序號]]/2,0)) -> 40 | G81: =IF(G80="", "", _xlfn.CONCAT(G80, "h")) -> ainnh | H81: =IF(H80="", "", _xlfn.CONCAT(H80, "h")) -> ainnh | I81: =IF(I80="", "", _xlfn.CONCAT(I80, "h")) -> aiⁿh | J81: =IF(J80="", "", _xlfn.CONCAT(J80, "h")) -> naih | K81: =IF(K80="", "", _xlfn.CONCAT(K80, "h")) -> ainnh | L81: =IF(L80="", "", _xlfn.CONCAT(L80, "ㆷ")) -> ㆮㆷ | M81: =IF(M80="", "", _xlfn.CONCAT(M80, "ㄏ")) -> ⁰ㄞㄏ
A82: 81 | B82: =IF(MOD(十五音韻母表[[#This Row],[序號]],2)=0, 十五音韻母表[[#This Row],[序號]]/2, ROUNDUP(十五音韻母表[[#This Row],[序號]]/2,0)) -> 41 | C82: 姑 | D82: 姑（舒） | E82: =_xlfn.CONCAT("ɔ", _xlfn.UNICHAR(HEX2DEC(RIGHT("U+0303",4)))) -> ɔ̃ | F82: =_xlfn.CONCAT("o", _xlfn.UNICHAR(HEX2DEC(RIGHT("U+0303",4))), "u") -> õu | G82: onn | H82: onn | I82: oⁿ | J82: noo | K82: oonn | L82: ㆧ | M82: ⁰ㄛ
A83: 82 | B83: =IF(MOD(十五音韻母表[[#This Row],[序號]],2)=0, 十五音韻母表[[#This Row],[序號]]/2, ROUNDUP(十五音韻母表[[#This Row],[序號]]/2,0)) -> 41 | G83: =IF(G82="", "", _xlfn.CONCAT(G82, "h")) -> onnh | H83: =IF(H82="", "", _xlfn.CONCAT(H82, "h")) -> onnh | I83: =IF(I82="", "", _xlfn.CONCAT(I82, "h")) -> oⁿh | J83: =IF(J82="", "", _xlfn.CONCAT(J82, "h")) -> nooh | K83: =IF(K82="", "", _xlfn.CONCAT(K82, "h")) -> oonnh | L83: =IF(L82="", "", _xlfn.CONCAT(L82, "ㆷ")) -> ㆧㆷ | M83: =IF(M82="", "", _xlfn.CONCAT(M82, "ㄏ")) -> ⁰ㄛㄏ
A84: 83 | B84: =IF(MOD(十五音韻母表[[#This Row],[序號]],2)=0, 十五音韻母表[[#This Row],[序號]]/2, ROUNDUP(十五音韻母表[[#This Row],[序號]]/2,0)) -> 42 | C84: 姆 | D84: 姆（舒） | E84: m̩ | G84: m | H84: m | I84: m | J84: m | K84: m | L84: ㆬ | M84: ㄇ
A85: 84 | B85: =IF(MOD(十五音韻母表[[#This Row],[序號]],2)=0, 十五音韻母表[[#This Row],[序號]]/2, ROUNDUP(十五音韻母表[[#This Row],[序號]]/2,0)) -> 42 | D85: 姆（促） | E85: =_xlfn.CONCAT(E84, "h") -> m̩h | G85: =IF(G84="", "", _xlfn.CONCAT(G84, "h")) -> mh | H85: =IF(H84="", "", _xlfn.CONCAT(H84, "h")) -> mh | I85: =IF(I84="", "", _xlfn.CONCAT(I84, "h")) -> mh | J85: =IF(J84="", "", _xlfn.CONCAT(J84, "h")) -> mh | K85: =IF(K84="", "", _xlfn.CONCAT(K84, "h")) -> mh | L85: =IF(L84="", "", _xlfn.CONCAT(L84, "ㆷ")) -> ㆬㆷ | M85: =IF(M84="", "", _xlfn.CONCAT(M84, "ㄏ")) -> ㄇㄏ
A86: 85 | B86: =IF(MOD(十五音韻母表[[#This Row],[序號]],2)=0, 十五音韻母表[[#This Row],[序號]]/2, ROUNDUP(十五音韻母表[[#This Row],[序號]]/2,0)) -> 43 | C86: 闖 | D86: 光（舒） | E86: uaŋ | G86: uang | H86: uang | I86: oang | J86: uang | K86: uang | L86: ㄨㄤ | M86: ㄨㄤ
A87: 86 | B87: =IF(MOD(十五音韻母表[[#This Row],[序號]],2)=0, 十五音韻母表[[#This Row],[序號]]/2, ROUNDUP(十五音韻母表[[#This Row],[序號]]/2,0)) -> 43 | D87: 光（促） | E87: uak | G87: =IF(G86="", "", _xlfn.CONCAT(G86, "h")) -> uangh | H87: =IF(H86="", "", _xlfn.CONCAT(H86, "h")) -> uangh | I87: =IF(I86="", "", _xlfn.CONCAT(I86, "h")) -> oangh | J87: =IF(J86="", "", _xlfn.CONCAT(J86, "h")) -> uangh | K87: =IF(K86="", "", _xlfn.CONCAT(K86, "h")) -> uangh | L87: =IF(L86="", "", _xlfn.CONCAT(L86, "ㆷ")) -> ㄨㄤㆷ | M87: =IF(M86="", "", _xlfn.CONCAT(M86, "ㄏ")) -> ㄨㄤㄏ
A88: 87 | B88: =IF(MOD(十五音韻母表[[#This Row],[序號]],2)=0, 十五音韻母表[[#This Row],[序號]]/2, ROUNDUP(十五音韻母表[[#This Row],[序號]]/2,0)) -> 44 | D88: 閂（舒） | E88: uãi | G88: uainn | H88: uainn | I88: oaiⁿ | J88: nuai | K88: uainn | L88: ㄨㆮ | M88: ⁰ㄨㄞ
A89: 88 | B89: =IF(MOD(十五音韻母表[[#This Row],[序號]],2)=0, 十五音韻母表[[#This Row],[序號]]/2, ROUNDUP(十五音韻母表[[#This Row],[序號]]/2,0)) -> 44 | D89: 閂（促） | E89: uãiʔ | G89: =IF(G88="", "", _xlfn.CONCAT(G88, "h")) -> uainnh | H89: =IF(H88="", "", _xlfn.CONCAT(H88, "h")) -> uainnh | I89: =IF(I88="", "", _xlfn.CONCAT(I88, "h")) -> oaiⁿh | J89: =IF(J88="", "", _xlfn.CONCAT(J88, "h")) -> nuaih | K89: =IF(K88="", "", _xlfn.CONCAT(K88, "h")) -> uainnh | L89: =IF(L88="", "", _xlfn.CONCAT(L88, "ㆷ")) -> ㄨㆮㆷ | M89: =IF(M88="", "", _xlfn.CONCAT(M88, "ㄏ")) -> ⁰ㄨㄞㄏ
A90: 89 | B90: =IF(MOD(十五音韻母表[[#This Row],[序號]],2)=0, 十五音韻母表[[#This Row],[序號]]/2, ROUNDUP(十五音韻母表[[#This Row],[序號]]/2,0)) -> 45 | C90: 糜 | D90: 糜（舒） | E90: uẽi | G90: ue | H90: ue | I90: oe | J90: ue | K90: ue | L90: ㄨㆥ | M90: ⁰ㄨㄝ
A91: 90 | B91: =IF(MOD(十五音韻母表[[#This Row],[序號]],2)=0, 十五音韻母表[[#This Row],[序號]]/2, ROUNDUP(十五音韻母表[[#This Row],[序號]]/2,0)) -> 45 | C91: 妹 | D91: 糜（促） | E91: uẽiʔ | G91: =IF(G90="", "", _xlfn.CONCAT(G90, "h")) -> ueh | H91: =IF(H90="", "", _xlfn.CONCAT(H90, "h")) -> ueh | I91: =IF(I90="", "", _xlfn.CONCAT(I90, "h")) -> oeh | J91: =IF(J90="", "", _xlfn.CONCAT(J90, "h")) -> ueh | K91: =IF(K90="", "", _xlfn.CONCAT(K90, "h")) -> ueh | L91: =IF(L90="", "", _xlfn.CONCAT(L90, "ㆷ")) -> ㄨㆥㆷ | M91: =IF(M90="", "", _xlfn.CONCAT(M90, "ㄏ")) -> ⁰ㄨㄝㄏ
A92: 91 | B92: =IF(MOD(十五音韻母表[[#This Row],[序號]],2)=0, 十五音韻母表[[#This Row],[序號]]/2, ROUNDUP(十五音韻母表[[#This Row],[序號]]/2,0)) -> 46 | C92: 嘄 | D92: 嘄（舒） | E92: ɪãʊ | G92: iaunn | H92: iaunn | I92: iauⁿ | J92: niao | K92: iaunn | L92: ㄧㆯ | M92: ⁰ㄧㄠ
A93: 92 | B93: =IF(MOD(十五音韻母表[[#This Row],[序號]],2)=0, 十五音韻母表[[#This Row],[序號]]/2, ROUNDUP(十五音韻母表[[#This Row],[序號]]/2,0)) -> 46 | C93: 岋 | D93: 嘄（促） | E93: ɪãʊʔ | G93: =IF(G92="", "", _xlfn.CONCAT(G92, "h")) -> iaunnh | H93: =IF(H92="", "", _xlfn.CONCAT(H92, "h")) -> iaunnh | I93: =IF(I92="", "", _xlfn.CONCAT(I92, "h")) -> iauⁿh | J93: =IF(J92="", "", _xlfn.CONCAT(J92, "h")) -> niaoh | K93: =IF(K92="", "", _xlfn.CONCAT(K92, "h")) -> iaunnh | L93: =IF(L92="", "", _xlfn.CONCAT(L92, "ㆷ")) -> ㄧㆯㆷ | M93: =IF(M92="", "", _xlfn.CONCAT(M92, "ㄏ")) -> ⁰ㄧㄠㄏ
A94: 93 | B94: =IF(MOD(十五音韻母表[[#This Row],[序號]],2)=0, 十五音韻母表[[#This Row],[序號]]/2, ROUNDUP(十五音韻母表[[#This Row],[序號]]/2,0)) -> 47 | C94: 丼 | D94: 箴（舒） | E94: ɔm | G94: om | H94: om | I94: om | J94: om | K94: oom | L94: ㆱ | M94: ㄛㄇ
A95: 94 | B95: =IF(MOD(十五音韻母表[[#This Row],[序號]],2)=0, 十五音韻母表[[#This Row],[序號]]/2, ROUNDUP(十五音韻母表[[#This Row],[序號]]/2,0)) -> 47 | C95: 喥 | D95: 箴（促） | E95: ɔp̚ | G95: op | H95: op | I95: op | J95: op | K95: oop | L95: ㆦㆴ | M95: ㄛㄅ
A96: 95 | B96: =IF(MOD(十五音韻母表[[#This Row],[序號]],2)=0, 十五音韻母表[[#This Row],[序號]]/2, ROUNDUP(十五音韻母表[[#This Row],[序號]]/2,0)) -> 48 | C96: 藕 | D96: 爻（舒） | E96: ãʊ | G96: aunn | H96: aunn | I96: aoⁿ | J96: nau | K96: aunn | L96: ㆯ | M96: ⁰ㄠ
A97: 96 | B97: =IF(MOD(十五音韻母表[[#This Row],[序號]],2)=0, 十五音韻母表[[#This Row],[序號]]/2, ROUNDUP(十五音韻母表[[#This Row],[序號]]/2,0)) -> 48 | G97: =IF(G96="", "", _xlfn.CONCAT(G96, "h")) -> aunnh | H97: =IF(H96="", "", _xlfn.CONCAT(H96, "h")) -> aunnh | I97: =IF(I96="", "", _xlfn.CONCAT(I96, "h")) -> aoⁿh | J97: =IF(J96="", "", _xlfn.CONCAT(J96, "h")) -> nauh | K97: =IF(K96="", "", _xlfn.CONCAT(K96, "h")) -> aunnh | L97: =IF(L96="", "", _xlfn.CONCAT(L96, "ㆷ")) -> ㆯㆷ | M97: =IF(M96="", "", _xlfn.CONCAT(M96, "ㄏ")) -> ⁰ㄠㄏ
A98: 97 | B98: =IF(MOD(十五音韻母表[[#This Row],[序號]],2)=0, 十五音韻母表[[#This Row],[序號]]/2, ROUNDUP(十五音韻母表[[#This Row],[序號]]/2,0)) -> 49 | D98: 扛（舒） | E98: ɔ̃ | G98: onn | H98: onn | K98: onn
A99: 98 | B99: =IF(MOD(十五音韻母表[[#This Row],[序號]],2)=0, 十五音韻母表[[#This Row],[序號]]/2, ROUNDUP(十五音韻母表[[#This Row],[序號]]/2,0)) -> 49 | D99: 扛（促） | E99: ɔ̃ʔ | G99: onnh | H99: ohnn | I99: ohⁿ | K99: onnh | L99: ㆧㆷ | M99: ⁰ㄛㄏ
A100: 99 | B100: =IF(MOD(十五音韻母表[[#This Row],[序號]],2)=0, 十五音韻母表[[#This Row],[序號]]/2, ROUNDUP(十五音韻母表[[#This Row],[序號]]/2,0)) -> 50 | C100: 腔 | D100: 牛（舒） | E100: ɪũ | G100: iunn | H100: iunn | I100: iuⁿ | J100: niu | K100: iunn | L100: ㄧㆫ | M100: ⁰ㄧㄨ
...

Sheet 音調表
B2: 序號 | C2: W聲調名 | D2: 四聲八調 | E2: 八音調號 | F2: 台羅調號 | G2: 閩拼調號 | H2: 羅馬拼音聲調符號 | I2: 羅馬拼音聲調按鍵 | J2: 方音符號聲調符號 | K2: 方音符號聲調按鍵 | L2: 漢字 | M2: 台語音標 | N2: 按鍵輸入 | O2: 方音符號 | P2: 按鍵輸入2
B3: 1 | C3: 高音調 | D3: 陰平(a) | E3: 一 | F3: 1 | G3: 1 | H3: 1 | I3: ; | J3: 一 | K3: " | L3: 東 | M3: tong1 | N3: tong; | O3: ㄉㆲ | P3: ㄉㆲ【空白】
B4: 2 | C4: 中音調 | D4: 陽去(ā) | E4: 七 | F4: 7 | G4: 6 | H4: ˉ | I4: - | J4: ˫ | K4: 5 | L4: 洞 | M4: tong7 | N4: tong- | O4: ㄉㆲ˙ | P4: ㄉㆲ【3】
B5: 3 | C5: 低音調 | D5: 陰去(à) | E5: 三 | F5: 3 | G5: 5 | H5: ˋ | I5: _ | J5: ˪ | K5: 3 | L5: 棟 | M5: tong3 | N5: tong_ | O5: ㄉㆲ˪ | P5: ㄉㆲ【3】
B6: 4 | C6: 高降調 | D6: 陰上(á) | E6: 二 | F6: 2 | G6: 3 | H6: ˊ | I6: \ | J6: ˋ | K6: 4 | L6: 黨 | M6: tong2 | N6: tong\ | O6: ㄉㆲˋ | P6: ㄉㆲ【4】
B7: 6 | C7: 低升調 | D7: 陽平(â) | E7: 五 | F7: 5 | G7: 2 | H7: ˆ | I7: / | J7: ˊ | K7: 6 | L7: 同 | M7: tong5 | N7: tong/ | O7: ㄉㆲˊ | P7: ㄉㆲ【6】
B8: 7 | C8: 低促調 | D8: 陰入(ah) | E8: 四 | F8: 4 | G8: 7 | H8: 4 | I8: [ | J8: 四 | K8: [ | L8: 督 | M8: tok4 | N8: tok[ | O8: ㄉㆦㆻ | P8: ㄉㆦㆻ【空白】
B9: 8 | C9: 高促調 | D9: 陽入(a̍h) | E9: 八 | F9: 8 | G9: 8 | H9: ˈ | I9: ] | J9: ˙ | K9: ] | L9: 毒 | M9: tok8 | N9: tok] | O9: ㄉㆦㆻ˙ | P9: ㄉㆦㆻ【7】

Sheet 按鍵位置表
B1: URL | C1: https://alanjui.github.io/Blogger/assets/images/keys/key_ | I1: ver | J1: 2026-08-22_11:25
B2: 序號 | C2: 方音符號 | D2: 方音按鍵 | E2: 方音符號標籤 | F2: 台羅拼音 | G2: 鍵盤按鍵 | H2: 按鍵位置 | I2: Note | J2: Pict URL | K2: Pict
B3: 1 | C3: ㄅ | D3: ㄅ | E3: =_xlfn.CONCAT(按鍵位置表[[#This Row],[鍵盤按鍵]], " [",按鍵位置表[[#This Row],[方音符號]], "]") -> 1 [ㄅ] | F3: p | G3: 1 | H3: 1 | J3: =_xlfn.CONCAT(URL, H3, ".png", "?ver=$H$1") -> https://alanjui.github.io/Blogger/assets/images/keys/key_1.png?ver=$H$1 | K3: =IFERROR( _xlfn.IMAGE(按鍵位置表[[#This Row],[Pict URL]]), "") -> #VALUE!
B4: 2 | C4: ㆠ | D4: ㆠ | E4: =_xlfn.CONCAT(按鍵位置表[[#This Row],[鍵盤按鍵]], " [",按鍵位置表[[#This Row],[方音符號]], "]") -> ! [ㆠ] | F4: b | G4: ! | H4: 1 | J4: =_xlfn.CONCAT(URL, H4, ".png", "?ver=$H$1") -> https://alanjui.github.io/Blogger/assets/images/keys/key_1.png?ver=$H$1 | K4: =IFERROR( _xlfn.IMAGE(按鍵位置表[[#This Row],[Pict URL]]), "") -> #VALUE!
B5: 3 | C5: ㄆ | D5: ㄆ | E5: =_xlfn.CONCAT(按鍵位置表[[#This Row],[鍵盤按鍵]], " [",按鍵位置表[[#This Row],[方音符號]], "]") -> q [ㄆ] | F5: ph | G5: q | H5: q | J5: =_xlfn.CONCAT(URL, H5, ".png", "?ver=$H$1") -> https://alanjui.github.io/Blogger/assets/images/keys/key_q.png?ver=$H$1 | K5: =IFERROR( _xlfn.IMAGE(按鍵位置表[[#This Row],[Pict URL]]), "") -> #VALUE!
B6: 4 | C6: ㄇ | D6: ㄇ | E6: =_xlfn.CONCAT(按鍵位置表[[#This Row],[鍵盤按鍵]], " [",按鍵位置表[[#This Row],[方音符號]], "]") -> a [ㄇ] | F6: m | G6: a | H6: a | J6: =_xlfn.CONCAT(URL, H6, ".png", "?ver=$H$1") -> https://alanjui.github.io/Blogger/assets/images/keys/key_a.png?ver=$H$1 | K6: =IFERROR( _xlfn.IMAGE(按鍵位置表[[#This Row],[Pict URL]]), "") -> #VALUE!
B7: 5 | C7: ㄉ | D7: ㄉ | E7: =_xlfn.CONCAT(按鍵位置表[[#This Row],[鍵盤按鍵]], " [",按鍵位置表[[#This Row],[方音符號]], "]") -> 2 [ㄉ] | F7: t | G7: 2 | H7: 2 | J7: =_xlfn.CONCAT(URL, H7, ".png", "?ver=$H$1") -> https://alanjui.github.io/Blogger/assets/images/keys/key_2.png?ver=$H$1 | K7: =IFERROR( _xlfn.IMAGE(按鍵位置表[[#This Row],[Pict URL]]), "") -> #VALUE!
B8: 6 | C8: ㄊ | D8: ㄊ | E8: =_xlfn.CONCAT(按鍵位置表[[#This Row],[鍵盤按鍵]], " [",按鍵位置表[[#This Row],[方音符號]], "]") -> w [ㄊ] | F8: th | G8: w | H8: w | J8: =_xlfn.CONCAT(URL, H8, ".png", "?ver=$H$1") -> https://alanjui.github.io/Blogger/assets/images/keys/key_w.png?ver=$H$1 | K8: =IFERROR( _xlfn.IMAGE(按鍵位置表[[#This Row],[Pict URL]]), "") -> #VALUE!
B9: 7 | C9: ㄋ | D9: ㄋ | E9: =_xlfn.CONCAT(按鍵位置表[[#This Row],[鍵盤按鍵]], " [",按鍵位置表[[#This Row],[方音符號]], "]") -> s [ㄋ] | F9: n | G9: s | H9: s | J9: =_xlfn.CONCAT(URL, H9, ".png", "?ver=$H$1") -> https://alanjui.github.io/Blogger/assets/images/keys/key_s.png?ver=$H$1 | K9: =IFERROR( _xlfn.IMAGE(按鍵位置表[[#This Row],[Pict URL]]), "") -> #VALUE!
B10: 8 | C10: ㄌ | D10: ㄌ | E10: =_xlfn.CONCAT(按鍵位置表[[#This Row],[鍵盤按鍵]], " [",按鍵位置表[[#This Row],[方音符號]], "]") -> x [ㄌ] | F10: l | G10: x | H10: x | J10: =_xlfn.CONCAT(URL, H10, ".png", "?ver=$H$1") -> https://alanjui.github.io/Blogger/assets/images/keys/key_x.png?ver=$H$1 | K10: =IFERROR( _xlfn.IMAGE(按鍵位置表[[#This Row],[Pict URL]]), "") -> #VALUE!
B11: 9 | C11: ㄍ | D11: ㄍ | E11: =_xlfn.CONCAT(按鍵位置表[[#This Row],[鍵盤按鍵]], " [",按鍵位置表[[#This Row],[方音符號]], "]") -> e [ㄍ] | F11: k | G11: e | H11: e | J11: =_xlfn.CONCAT(URL, H11, ".png", "?ver=$H$1") -> https://alanjui.github.io/Blogger/assets/images/keys/key_e.png?ver=$H$1 | K11: =IFERROR( _xlfn.IMAGE(按鍵位置表[[#This Row],[Pict URL]]), "") -> #VALUE!
B12: 10 | C12: ㆣ | D12: ㆣ | E12: =_xlfn.CONCAT(按鍵位置表[[#This Row],[鍵盤按鍵]], " [",按鍵位置表[[#This Row],[方音符號]], "]") -> E [ㆣ] | F12: g | G12: E | H12: e | J12: =_xlfn.CONCAT(URL, H12, ".png", "?ver=$H$1") -> https://alanjui.github.io/Blogger/assets/images/keys/key_e.png?ver=$H$1 | K12: =IFERROR( _xlfn.IMAGE(按鍵位置表[[#This Row],[Pict URL]]), "") -> #VALUE!
B13: 11 | C13: ㄎ | D13: ㄎ | E13: =_xlfn.CONCAT(按鍵位置表[[#This Row],[鍵盤按鍵]], " [",按鍵位置表[[#This Row],[方音符號]], "]") -> d [ㄎ] | F13: kh | G13: d | H13: d | J13: =_xlfn.CONCAT(URL, H13, ".png", "?ver=$H$1") -> https://alanjui.github.io/Blogger/assets/images/keys/key_d.png?ver=$H$1 | K13: =IFERROR( _xlfn.IMAGE(按鍵位置表[[#This Row],[Pict URL]]), "") -> #VALUE!
B14: 12 | C14: ㄏ | D14: ㄏ | E14: =_xlfn.CONCAT(按鍵位置表[[#This Row],[鍵盤按鍵]], " [",按鍵位置表[[#This Row],[方音符號]], "]") -> c [ㄏ] | F14: h | G14: c | H14: c | J14: =_xlfn.CONCAT(URL, H14, ".png", "?ver=$H$1") -> https://alanjui.github.io/Blogger/assets/images/keys/key_c.png?ver=$H$1 | K14: =IFERROR( _xlfn.IMAGE(按鍵位置表[[#This Row],[Pict URL]]), "") -> #VALUE!
B15: 13 | C15: ㄐ | D15: ㄐ | E15: =_xlfn.CONCAT(按鍵位置表[[#This Row],[鍵盤按鍵]], " [",按鍵位置表[[#This Row],[方音符號]], "]") -> r [ㄐ] | F15: z(i) | G15: r | H15: r | J15: =_xlfn.CONCAT(URL, H15, ".png", "?ver=$H$1") -> https://alanjui.github.io/Blogger/assets/images/keys/key_r.png?ver=$H$1 | K15: =IFERROR( _xlfn.IMAGE(按鍵位置表[[#This Row],[Pict URL]]), "") -> #VALUE!
B16: 14 | C16: ㆢ | D16: ㆢ | E16: =_xlfn.CONCAT(按鍵位置表[[#This Row],[鍵盤按鍵]], " [",按鍵位置表[[#This Row],[方音符號]], "]") -> R [ㆢ] | F16: j(i) | G16: R | H16: r | J16: =_xlfn.CONCAT(URL, H16, ".png", "?ver=$H$1") -> https://alanjui.github.io/Blogger/assets/images/keys/key_r.png?ver=$H$1 | K16: =IFERROR( _xlfn.IMAGE(按鍵位置表[[#This Row],[Pict URL]]), "") -> #VALUE!
... B24: 22 | C24: ㄚ | D24: ㄚ | E24: =_xlfn.CONCAT(按鍵位置表[[#This Row],[鍵盤按鍵]], " [",按鍵位置表[[#This Row],[方音符號]], "]") -> 8 [ㄚ] | F24: a | G24: 8 | H24: 8 | J24: =_xlfn.CONCAT(URL, H24, ".png", "?ver=$H$1") -> https://alanjui.github.io/Blogger/assets/images/keys/key_8.png?ver=$H$1 | K24: =IFERROR( _xlfn.IMAGE(按鍵位置表[[#This Row],[Pict URL]]), "") -> #VALUE!
B25: 23 | C25: ㆩ | D25: ㆩ | E25: =_xlfn.CONCAT(按鍵位置表[[#This Row],[鍵盤按鍵]], " [",按鍵位置表[[#This Row],[方音符號]], "]") -> * [ㆩ] | F25: aⁿ | G25: * | H25: 8 | J25: =_xlfn.CONCAT(URL, H25, ".png", "?ver=$H$1") -> https://alanjui.github.io/Blogger/assets/images/keys/key_8.png?ver=$H$1 | K25: =IFERROR( _xlfn.IMAGE(按鍵位置表[[#This Row],[Pict URL]]), "") -> #VALUE!
B26: 24 | C26: ㄧ | D26: ㄧ | E26: =_xlfn.CONCAT(按鍵位置表[[#This Row],[鍵盤按鍵]], " [",按鍵位置表[[#This Row],[方音符號]], "]") -> u [ㄧ] | F26: i | G26: u | H26: u | J26: =_xlfn.CONCAT(URL, H26, ".png", "?ver=$H$1") -> https://alanjui.github.io/Blogger/assets/images/keys/key_u.png?ver=$H$1 | K26: =IFERROR( _xlfn.IMAGE(按鍵位置表[[#This Row],[Pict URL]]), "") -> #VALUE!
B27: 25 | C27: ㆪ | D27: ㆪ | E27: =_xlfn.CONCAT(按鍵位置表[[#This Row],[鍵盤按鍵]], " [",按鍵位置表[[#This Row],[方音符號]], "]") -> U [ㆪ] | F27: iⁿ | G27: U | H27: u | J27: =_xlfn.CONCAT(URL, H27, ".png", "?ver=$H$1") -> https://alanjui.github.io/Blogger/assets/images/keys/key_u.png?ver=$H$1 | K27: =IFERROR( _xlfn.IMAGE(按鍵位置表[[#This Row],[Pict URL]]), "") -> #VALUE!
B28: 26 | C28: ㄨ | D28: ㄨ | E28: =_xlfn.CONCAT(按鍵位置表[[#This Row],[鍵盤按鍵]], " [",按鍵位置表[[#This Row],[方音符號]], "]") -> j [ㄨ] | F28: u | G28: j | H28: j | J28: =_xlfn.CONCAT(URL, H28, ".png", "?ver=$H$1") -> https://alanjui.github.io/Blogger/assets/images/keys/key_j.png?ver=$H$1 | K28: =IFERROR( _xlfn.IMAGE(按鍵位置表[[#This Row],[Pict URL]]), "") -> #VALUE!
B29: 27 | C29: ㆫ | D29: ㆫ | E29: =_xlfn.CONCAT(按鍵位置表[[#This Row],[鍵盤按鍵]], " [",按鍵位置表[[#This Row],[方音符號]], "]") -> J [ㆫ] | F29: uⁿ | G29: J | H29: j | J29: =_xlfn.CONCAT(URL, H29, ".png", "?ver=$H$1") -> https://alanjui.github.io/Blogger/assets/images/keys/key_j.png?ver=$H$1 | K29: =IFERROR( _xlfn.IMAGE(按鍵位置表[[#This Row],[Pict URL]]), "") -> #VALUE!
B30: 28 | C30: ㆤ | D30: ㆤ | E30: =_xlfn.CONCAT(按鍵位置表[[#This Row],[鍵盤按鍵]], " [",按鍵位置表[[#This Row],[方音符號]], "]") -> , [ㆤ] | F30: e | G30: , | H30: comma | J30: =_xlfn.CONCAT(URL, H30, ".png", "?ver=$H$1") -> https://alanjui.github.io/Blogger/assets/images/keys/key_comma.png?ver=$H$1 | K30: =IFERROR( _xlfn.IMAGE(按鍵位置表[[#This Row],[Pict URL]]), "") -> #VALUE!
B31: 29 | C31: ㆥ | D31: ㆥ | E31: =_xlfn.CONCAT(按鍵位置表[[#This Row],[鍵盤按鍵]], " [",按鍵位置表[[#This Row],[方音符號]], "]") -> < [ㆥ] | F31: eⁿ | G31: < | H31: comma | J31: =_xlfn.CONCAT(URL, H31, ".png", "?ver=$H$1") -> https://alanjui.github.io/Blogger/assets/images/keys/key_comma.png?ver=$H$1 | K31: =IFERROR( _xlfn.IMAGE(按鍵位置表[[#This Row],[Pict URL]]), "") -> #VALUE!
B32: 30 | C32: ㆦ | D32: ㆦ | E32: =_xlfn.CONCAT(按鍵位置表[[#This Row],[鍵盤按鍵]], " [",按鍵位置表[[#This Row],[方音符號]], "]") -> i [ㆦ] | F32: oo | G32: i | H32: i | J32: =_xlfn.CONCAT(URL, H32, ".png", "?ver=$H$1") -> https://alanjui.github.io/Blogger/assets/images/keys/key_i.png?ver=$H$1 | K32: =IFERROR( _xlfn.IMAGE(按鍵位置表[[#This Row],[Pict URL]]), "") -> #VALUE!
B33: 31 | C33: ㆧ | D33: ㆧ | E33: =_xlfn.CONCAT(按鍵位置表[[#This Row],[鍵盤按鍵]], " [",按鍵位置表[[#This Row],[方音符號]], "]") -> I [ㆧ] | F33: oⁿ | G33: I | H33: i | J33: =_xlfn.CONCAT(URL, H33, ".png", "?ver=$H$1") -> https://alanjui.github.io/Blogger/assets/images/keys/key_i.png?ver=$H$1 | K33: =IFERROR( _xlfn.IMAGE(按鍵位置表[[#This Row],[Pict URL]]), "") -> #VALUE!
B34: 32 | C34: ㄜ | D34: ㄜ | E34: =_xlfn.CONCAT(按鍵位置表[[#This Row],[鍵盤按鍵]], " [",按鍵位置表[[#This Row],[方音符號]], "]") -> k [ㄜ] | F34: o | G34: k | H34: k | J34: =_xlfn.CONCAT(URL, H34, ".png", "?ver=$H$1") -> https://alanjui.github.io/Blogger/assets/images/keys/key_k.png?ver=$H$1 | K34: =IFERROR( _xlfn.IMAGE(按鍵位置表[[#This Row],[Pict URL]]), "") -> #VALUE!
B35: 33 | C35: ㆨ | D35: ㆨ | E35: =_xlfn.CONCAT(按鍵位置表[[#This Row],[鍵盤按鍵]], " [",按鍵位置表[[#This Row],[方音符號]], "]") -> K [ㆨ] | F35: ir | G35: K | H35: k | J35: =_xlfn.CONCAT(URL, H35, ".png", "?ver=$H$1") -> https://alanjui.github.io/Blogger/assets/images/keys/key_k.png?ver=$H$1 | K35: =IFERROR( _xlfn.IMAGE(按鍵位置表[[#This Row],[Pict URL]]), "") -> #VALUE!
B36: 34 | C36: ㄞ | D36: ㄞ | E36: =_xlfn.CONCAT(按鍵位置表[[#This Row],[鍵盤按鍵]], " [",按鍵位置表[[#This Row],[方音符號]], "]") -> 9 [ㄞ] | F36: ai | G36: 9 | H36: 9 | J36: =_xlfn.CONCAT(URL, H36, ".png", "?ver=$H$1") -> https://alanjui.github.io/Blogger/assets/images/keys/key_9.png?ver=$H$1 | K36: =IFERROR( _xlfn.IMAGE(按鍵位置表[[#This Row],[Pict URL]]), "") -> #VALUE!
B37: 35 | C37: ㆮ | D37: ㆮ | E37: =_xlfn.CONCAT(按鍵位置表[[#This Row],[鍵盤按鍵]], " [",按鍵位置表[[#This Row],[方音符號]], "]") -> ( [ㆮ] | F37: aiⁿ | G37: ( | H37: 9 | J37: =_xlfn.CONCAT(URL, H37, ".png", "?ver=$H$1") -> https://alanjui.github.io/Blogger/assets/images/keys/key_9.png?ver=$H$1 | K37: =IFERROR( _xlfn.IMAGE(按鍵位置表[[#This Row],[Pict URL]]), "") -> #VALUE!
B38: 36 | C38: ㄠ | D38: ㄠ | E38: =_xlfn.CONCAT(按鍵位置表[[#This Row],[鍵盤按鍵]], " [",按鍵位置表[[#This Row],[方音符號]], "]") -> l [ㄠ] | F38: au | G38: l | H38: l | J38: =_xlfn.CONCAT(URL, H38, ".png", "?ver=$H$1") -> https://alanjui.github.io/Blogger/assets/images/keys/key_l.png?ver=$H$1 | K38: =IFERROR( _xlfn.IMAGE(按鍵位置表[[#This Row],[Pict URL]]), "") -> #VALUE! | M38: ㄙㄧㄥˊ
B39: 37 | C39: ㆯ | D39: ㆯ | E39: =_xlfn.CONCAT(按鍵位置表[[#This Row],[鍵盤按鍵]], " [",按鍵位置表[[#This Row],[方音符號]], "]") -> L [ㆯ] | F39: auⁿ | G39: L | H39: l | J39: =_xlfn.CONCAT(URL, H39, ".png", "?ver=$H$1") -> https://alanjui.github.io/Blogger/assets/images/keys/key_l.png?ver=$H$1 | K39: =IFERROR( _xlfn.IMAGE(按鍵位置表[[#This Row],[Pict URL]]), "") -> #VALUE!
B40: 38 | C40: ㄢ | D40: ㄢ | E40: =_xlfn.CONCAT(按鍵位置表[[#This Row],[鍵盤按鍵]], " [",按鍵位置表[[#This Row],[方音符號]], "]") -> 0 [ㄢ] | F40: an | G40: 0 | H40: 0 | J40: =_xlfn.CONCAT(URL, H40, ".png", "?ver=$H$1") -> https://alanjui.github.io/Blogger/assets/images/keys/key_0.png?ver=$H$1 | K40: =IFERROR( _xlfn.IMAGE(按鍵位置表[[#This Row],[Pict URL]]), "") -> #VALUE!
B41: 39 | C41: ㄣ | D41: ㄣ | E41: =_xlfn.CONCAT(按鍵位置表[[#This Row],[鍵盤按鍵]], " [",按鍵位置表[[#This Row],[方音符號]], "]") -> p [ㄣ] | F41: -n | G41: p | H41: p | J41: =_xlfn.CONCAT(URL, H41, ".png", "?ver=$H$1") -> https://alanjui.github.io/Blogger/assets/images/keys/key_p.png?ver=$H$1 | K41: =IFERROR( _xlfn.IMAGE(按鍵位置表[[#This Row],[Pict URL]]), "") -> #VALUE!
B42: 40 | C42: ㄤ | D42: ㄤ | E42: =_xlfn.CONCAT(按鍵位置表[[#This Row],[鍵盤按鍵]], " [",按鍵位置表[[#This Row],[方音符號]], "]") -> ; [ㄤ] | F42: ang | G42: ; | H42: semicolon | J42: =_xlfn.CONCAT(URL, H42, ".png", "?ver=$H$1") -> https://alanjui.github.io/Blogger/assets/images/keys/key_semicolon.png?ver=$H$1 | K42: =IFERROR( _xlfn.IMAGE(按鍵位置表[[#This Row],[Pict URL]]), "") -> #VALUE!
B43: 41 | C43: ㆭ | D43: ㆭ | E43: =_xlfn.CONCAT(按鍵位置表[[#This Row],[鍵盤按鍵]], " [",按鍵位置表[[#This Row],[方音符號]], "]") -> / [ㆭ] | F43: -ng | G43: / | H43: slash | J43: =_xlfn.CONCAT(URL, H43, ".png", "?ver=$H$1") -> https://alanjui.github.io/Blogger/assets/images/keys/key_slash.png?ver=$H$1 | K43: =IFERROR( _xlfn.IMAGE(按鍵位置表[[#This Row],[Pict URL]]), "") -> #VALUE!
B44: 41 | C44: ㄥ | D44: ㄥ | E44: =E43 -> / [ㆭ] | F44: -ng | G44: / | H44: slash | J44: =_xlfn.CONCAT(URL, H44, ".png", "?ver=$H$1") -> https://alanjui.github.io/Blogger/assets/images/keys/key_slash.png?ver=$H$1 | K44: =IFERROR( _xlfn.IMAGE(按鍵位置表[[#This Row],[Pict URL]]), "") -> #VALUE!
B45: 42 | C45: ㆬ | D45: ㆬ | E45: =_xlfn.CONCAT(按鍵位置表[[#This Row],[鍵盤按鍵]], " [",按鍵位置表[[#This Row],[方音符號]], "]") -> m [ㆬ] | F45: -m | G45: m | H45: m | J45: =_xlfn.CONCAT(URL, H45, ".png", "?ver=$H$1") -> https://alanjui.github.io/Blogger/assets/images/keys/key_m.png?ver=$H$1 | K45: =IFERROR( _xlfn.IMAGE(按鍵位置表[[#This Row],[Pict URL]]), "") -> #VALUE!
B46: 43 | C46: ㆰ | D46: ㆰ | E46: =_xlfn.CONCAT(按鍵位置表[[#This Row],[鍵盤按鍵]], " [",按鍵位置表[[#This Row],[方音符號]], "]") -> M [ㆰ] | F46: am | G46: M | H46: m | J46: =_xlfn.CONCAT(URL, H46, ".png", "?ver=$H$1") -> https://alanjui.github.io/Blogger/assets/images/keys/key_m.png?ver=$H$1 | K46: =IFERROR( _xlfn.IMAGE(按鍵位置表[[#This Row],[Pict URL]]), "") -> #VALUE!
B47: 44 | C47: ㆲ | D47: ㆲ | E47: =_xlfn.CONCAT(按鍵位置表[[#This Row],[鍵盤按鍵]], " [",按鍵位置表[[#This Row],[方音符號]], "]") -> o [ㆲ] | F47: ong | G47: o | H47: o | J47: =_xlfn.CONCAT(URL, H47, ".png", "?ver=$H$1") -> https://alanjui.github.io/Blogger/assets/images/keys/key_o.png?ver=$H$1 | K47: =IFERROR( _xlfn.IMAGE(按鍵位置表[[#This Row],[Pict URL]]), "") -> #VALUE!
B48: 45 | C48: ㆱ | D48: ㆱ | E48: =_xlfn.CONCAT(按鍵位置表[[#This Row],[鍵盤按鍵]], " [",按鍵位置表[[#This Row],[方音符號]], "]") -> O [ㆱ] | F48: om | G48: O | H48: o | J48: =_xlfn.CONCAT(URL, H48, ".png", "?ver=$H$1") -> https://alanjui.github.io/Blogger/assets/images/keys/key_o.png?ver=$H$1 | K48: =IFERROR( _xlfn.IMAGE(按鍵位置表[[#This Row],[Pict URL]]), "") -> #VALUE!
B49: 46 | C49: ㆵ | D49: ㆵ | E49: =_xlfn.CONCAT(按鍵位置表[[#This Row],[鍵盤按鍵]], " [",按鍵位置表[[#This Row],[方音符號]], "]") -> t [ㆵ] | F49: -t | G49: t | H49: t | J49: =_xlfn.CONCAT(URL, H49, ".png", "?ver=$H$1") -> https://alanjui.github.io/Blogger/assets/images/keys/key_t.png?ver=$H$1 | K49: =IFERROR( _xlfn.IMAGE(按鍵位置表[[#This Row],[Pict URL]]), "") -> #VALUE!
B50: 47 | C50: ㆻ | D50: ㆻ | E50: =_xlfn.CONCAT(按鍵位置表[[#This Row],[鍵盤按鍵]], " [",按鍵位置表[[#This Row],[方音符號]], "]") -> g [ㆻ] | F50: -k | G50: g | H50: g | J50: =_xlfn.CONCAT(URL, H50, ".png", "?ver=$H$1") -> https://alanjui.github.io/Blogger/assets/images/keys/key_g.png?ver=$H$1 | K50: =IFERROR( _xlfn.IMAGE(按鍵位置表[[#This Row],[Pict URL]]), "") -> #VALUE!
B51: 48 | C51: ㆴ | D51: ㆴ | E51: =_xlfn.CONCAT(按鍵位置表[[#This Row],[鍵盤按鍵]], " [",按鍵位置表[[#This Row],[方音符號]], "]") -> b [ㆴ] | F51: -p | G51: b | H51: b | J51: =_xlfn.CONCAT(URL, H51, ".png", "?ver=$H$1") -> https://alanjui.github.io/Blogger/assets/images/keys/key_b.png?ver=$H$1 | K51: =IFERROR( _xlfn.IMAGE(按鍵位置表[[#This Row],[Pict URL]]), "") -> #VALUE!
B52: 49 | C52: ㆷ | D52: ㆷ | E52: =_xlfn.CONCAT(按鍵位置表[[#This Row],[鍵盤按鍵]], " [",按鍵位置表[[#This Row],[方音符號]], "]") -> z [ㆷ] | F52: -h | G52: z | H52: z | J52: =_xlfn.CONCAT(URL, H52, ".png", "?ver=$H$1") -> https://alanjui.github.io/Blogger/assets/images/keys/key_z.png?ver=$H$1 | K52: =IFERROR( _xlfn.IMAGE(按鍵位置表[[#This Row],[Pict URL]]), "") -> #VALUE!
B53: 50 | C53: " | D53: =按鍵位置表[[#This Row],[鍵盤按鍵]] -> " | E53: =_xlfn.CONCAT(按鍵位置表[[#This Row],[鍵盤按鍵]], " [",按鍵位置表[[#This Row],[方音符號]], "]") -> " ["] | F53: 1 | G53: " | H53: quote | I53: 一 | J53: =_xlfn.CONCAT(URL, H53, ".png", "?ver=$H$1") -> https://alanjui.github.io/Blogger/assets/images/keys/key_quote.png?ver=$H$1 | K53: =IFERROR( _xlfn.IMAGE(按鍵位置表[[#This Row],[Pict URL]]), "") -> #VALUE! | O53: ˊ
B54: 51 | C54: ˫ | D54: =按鍵位置表[[#This Row],[鍵盤按鍵]] -> 5 | E54: =_xlfn.CONCAT(按鍵位置表[[#This Row],[鍵盤按鍵]], " [",按鍵位置表[[#This Row],[方音符號]], "]") -> 5 [˫] | F54: 7 | G54: 5 | H54: 5 | I54: 七 | J54: =_xlfn.CONCAT(URL, H54, ".png", "?ver=$H$1") -> https://alanjui.github.io/Blogger/assets/images/keys/key_5.png?ver=$H$1 | K54: =IFERROR( _xlfn.IMAGE(按鍵位置表[[#This Row],[Pict URL]]), "") -> #VALUE!
B55: 52 | C55: ˪ | D55: =按鍵位置表[[#This Row],[鍵盤按鍵]] -> 3 | E55: =_xlfn.CONCAT(按鍵位置表[[#This Row],[鍵盤按鍵]], " [",按鍵位置表[[#This Row],[方音符號]], "]") -> 3 [˪] | F55: 3 | G55: 3 | H55: 3 | I55: 三 | J55: =_xlfn.CONCAT(URL, H55, ".png", "?ver=$H$1") -> https://alanjui.github.io/Blogger/assets/images/keys/key_3.png?ver=$H$1 | K55: =IFERROR( _xlfn.IMAGE(按鍵位置表[[#This Row],[Pict URL]]), "") -> #VALUE!
B56: 53 | C56: ˋ | D56: =按鍵位置表[[#This Row],[鍵盤按鍵]] -> 4 | E56: =_xlfn.CONCAT(按鍵位置表[[#This Row],[鍵盤按鍵]], " [",按鍵位置表[[#This Row],[方音符號]], "]") -> 4 [ˋ] | F56: 2 | G56: 4 | H56: 4 | I56: 二 | J56: =_xlfn.CONCAT(URL, H56, ".png", "?ver=$H$1") -> https://alanjui.github.io/Blogger/assets/images/keys/key_4.png?ver=$H$1 | K56: =IFERROR( _xlfn.IMAGE(按鍵位置表[[#This Row],[Pict URL]]), "") -> #VALUE!
B57: 54 | C57: ˊ | D57: =按鍵位置表[[#This Row],[鍵盤按鍵]] -> 6 | E57: =_xlfn.CONCAT(按鍵位置表[[#This Row],[鍵盤按鍵]], " [",按鍵位置表[[#This Row],[方音符號]], "]") -> 6 [ˊ] | F57: 5 | G57: 6 | H57: 6 | I57: 五 | J57: =_xlfn.CONCAT(URL, H57, ".png", "?ver=$H$1") -> https://alanjui.github.io/Blogger/assets/images/keys/key_6.png?ver=$H$1 | K57: =IFERROR( _xlfn.IMAGE(按鍵位置表[[#This Row],[Pict URL]]), "") -> #VALUE!
B58: 55 | C58: [ | D58: =按鍵位置表[[#This Row],[鍵盤按鍵]] -> [ | E58: =_xlfn.CONCAT(按鍵位置表[[#This Row],[鍵盤按鍵]], " [",按鍵位置表[[#This Row],[方音符號]], "]") -> [ [[] | F58: 4 | G58: [ | H58: lbracket | I58: 四 | J58: =_xlfn.CONCAT(URL, H58, ".png", "?ver=$H$1") -> https://alanjui.github.io/Blogger/assets/images/keys/key_lbracket.png?ver=$H$1 | K58: =IFERROR( _xlfn.IMAGE(按鍵位置表[[#This Row],[Pict URL]]), "") -> #VALUE!
B59: 56 | C59: ˙ | D59: =按鍵位置表[[#This Row],[鍵盤按鍵]] -> ] | E59: =_xlfn.CONCAT(按鍵位置表[[#This Row],[鍵盤按鍵]], " [",按鍵位置表[[#This Row],[方音符號]], "]") -> ] [˙] | F59: 8 | G59: ] | H59: rbracket | I59: 八 | J59: =_xlfn.CONCAT(URL, H59, ".png", "?ver=$H$1") -> https://alanjui.github.io/Blogger/assets/images/keys/key_rbracket.png?ver=$H$1 | K59: =IFERROR( _xlfn.IMAGE(按鍵位置表[[#This Row],[Pict URL]]), "") -> #VALUE!
B60: 57 | C60: 入 | D60: =按鍵位置表[[#This Row],[鍵盤按鍵]] -> 7 | E60: =_xlfn.CONCAT(按鍵位置表[[#This Row],[鍵盤按鍵]], " [",按鍵位置表[[#This Row],[方音符號]], "]") -> 7 [入] | F60: 0 | G60: 7 | H60: 7 | J60: =_xlfn.CONCAT(URL, H60, ".png", "?ver=$H$1") -> https://alanjui.github.io/Blogger/assets/images/keys/key_7.png?ver=$H$1 | K60: =IFERROR( _xlfn.IMAGE(按鍵位置表[[#This Row],[Pict URL]]), "") -> #VALUE!
B61: 58 | C61: Ø | D61: =按鍵位置表[[#This Row],[鍵盤按鍵]] -> = | E61: =_xlfn.CONCAT(按鍵位置表[[#This Row],[鍵盤按鍵]], " [",按鍵位置表[[#This Row],[方音符號]], "]") -> = [Ø] | F61: Ø | G61: = | H61: equal | J61: =_xlfn.CONCAT(URL, H61, ".png", "?ver=$H$1") -> https://alanjui.github.io/Blogger/assets/images/keys/key_equal.png?ver=$H$1 | K61: =IFERROR( _xlfn.IMAGE(按鍵位置表[[#This Row],[Pict URL]]), "") -> #VALUE!
B62: 59 | C62: ㄥ | D62: =按鍵位置表[[#This Row],[鍵盤按鍵]] -> - | E62: =_xlfn.CONCAT(按鍵位置表[[#This Row],[鍵盤按鍵]], " [",按鍵位置表[[#This Row],[方音符號]], "]") -> - [ㄥ] | F62: ⁿ | G62: - | H62: minus | I62: ⁿ | J62: =_xlfn.CONCAT(URL, H62, ".png", "?ver=$H$1") -> https://alanjui.github.io/Blogger/assets/images/keys/key_minus.png?ver=$H$1 | K62: =IFERROR( _xlfn.IMAGE(按鍵位置表[[#This Row],[Pict URL]]), "") -> #VALUE! | N62: =_xlfn.CONCAT("a",按鍵位置表[[#This Row],[Note]]) -> aⁿ
B63: 60 | C63: =_xlfn.UNICHAR(HEX2DEC(RIGHT("U+207F",4))) -> ⁿ | D63: =按鍵位置表[[#This Row],[鍵盤按鍵]] -> - | E63: =_xlfn.CONCAT(按鍵位置表[[#This Row],[鍵盤按鍵]], " [",按鍵位置表[[#This Row],[方音符號]], "]") -> - [ⁿ] | F63: -nn | G63: - | H63: minus | J63: =_xlfn.CONCAT(URL, H63, ".png", "?ver=$H$1") -> https://alanjui.github.io/Blogger/assets/images/keys/key_minus.png?ver=$H$1 | K63: =IFERROR( _xlfn.IMAGE(按鍵位置表[[#This Row],[Pict URL]]), "") -> #VALUE!

Sheet 打字練習表【台羅拼音】
B1: 聲母 | C1: 零ㄅㄆㄇㆠㄉㄊㄋㄌㄍㄎㆣㄏㄗㄘㆡㄙㄐㄑㆢㄒ | G1: Ø | H1: 零聲母 | I1: q
B3: 漢字 | C3: 十五音 | D3: 注音符號/ 拼音字母 | E3: 含零聲母 | F3: 聲母 | G3: 音調 | H3: 音調按鍵 | I3: 字母 | J3: 韻母 | K3: 輸入順序 | L3: 字長 | M3: 調號位置 | N3: 鍵盤按鍵
N4: 1 | O4: 2 | P4: 3 | Q4: 4 | R4: 5 | S4: 6 | T4: 7 | U4: 8
B5: 《 | D5: =IF(LEFT($E5)="Ø",SUBSTITUTE($E5, "Ø", ""), $E5) | E5: =IF($C5="","", _xlfn.CONCAT($F5, $J5, $G5)) | F5: =IFERROR( _xlfn.XLOOKUP(RIGHT($C5), 十五音聲母表[十八音],十五音聲母表[台羅拼音]), "" ) | G5: =IF($C5="", "", _xlfn.XLOOKUP(MID(C5,2,1), 音調表[八音調號], 音調表[台羅調號]) ) | H5: =IF($C5="", "", _xlfn.XLOOKUP(MID($C5,2,1), 音調表[八音調號], 音調表[羅馬拼音聲調按鍵]) ) | I5: =IF($C5="", "", IF(OR($G5=4,$G5=8), _xlfn.CONCAT(LEFT($C5),"（促）"), _xlfn.CONCAT(LEFT($C5),"（舒）"))) | J5: =IF($C5="", "", _xlfn.XLOOKUP($I5, 十五音韻母表[十五音],十五音韻母表[台羅拼音]) ) | K5: =IF($C5="","",_xlfn.CONCAT(J5,H5,F5)) | L5: =IF($C5="", "", LEN($D5)) | M5: =IF($C5="", "", LEN($J5)+1) | N5: =IF($M5="","", IF(MID($K5,N$4,1)="Ø", 零聲母, MID($K5,N$4,1))) | O5: =IF($M5="","", IF(MID($K5,O$4,1)="Ø", 零聲母, MID($K5,O$4,1))) | P5: =IF($M5="","", IF(MID($K5,P$4,1)="Ø", 零聲母, MID($K5,P$4,1))) | Q5: =IF($M5="","", IF(MID($K5,Q$4,1)="Ø", 零聲母, MID($K5,Q$4,1))) | R5: =IF($M5="","", IF(MID($K5,R$4,1)="Ø", 零聲母, MID($K5,R$4,1))) | S5: =IF($M5="","", IF(MID($K5,S$4,1)="Ø", 零聲母, MID($K5,S$4,1))) | T5: =IF($M5="","", IF(MID($K5,T$4,1)="Ø", 零聲母, MID($K5,T$4,1))) | U5: =IF($M5="","", IF(MID($K5,U$4,1)="Ø", 零聲母, MID($K5,U$4,1)))
B6: 涼 | C6: 姜五柳 | D6: =IF(LEFT($E6)="Ø",SUBSTITUTE($E6, "Ø", ""), $E6) -> liang5 | E6: =IF($C6="","", _xlfn.CONCAT($F6, $J6, $G6)) -> liang5 | F6: =IFERROR( _xlfn.XLOOKUP(RIGHT($C6), 十五音聲母表[十八音],十五音聲母表[台羅拼音]), "" ) -> l | G6: =IF($C6="", "", _xlfn.XLOOKUP(MID(C6,2,1), 音調表[八音調號], 音調表[台羅調號]) ) -> 5 | H6: =IF($C6="", "", _xlfn.XLOOKUP(MID($C6,2,1), 音調表[八音調號], 音調表[羅馬拼音聲調按鍵]) ) -> / | I6: =IF($C6="", "", IF(OR($G6=4,$G6=8), _xlfn.CONCAT(LEFT($C6),"（促）"), _xlfn.CONCAT(LEFT($C6),"（舒）"))) -> 姜（舒） | J6: =IF($C6="", "", _xlfn.XLOOKUP($I6, 十五音韻母表[十五音],十五音韻母表[台羅拼音]) ) -> iang | K6: =IF($C6="","",_xlfn.CONCAT(J6,H6,F6)) -> iang/l | L6: =IF($C6="", "", LEN($D6)) -> 6 | M6: =IF($C6="", "", LEN($J6)+1) -> 5 | N6: =IF($M6="","", IF(MID($K6,N$4,1)="Ø", 零聲母, MID($K6,N$4,1))) -> i | O6: =IF($M6="","", IF(MID($K6,O$4,1)="Ø", 零聲母, MID($K6,O$4,1))) -> a | P6: =IF($M6="","", IF(MID($K6,P$4,1)="Ø", 零聲母, MID($K6,P$4,1))) -> n | Q6: =IF($M6="","", IF(MID($K6,Q$4,1)="Ø", 零聲母, MID($K6,Q$4,1))) -> g | R6: =IF($M6="","", IF(MID($K6,R$4,1)="Ø", 零聲母, MID($K6,R$4,1))) -> / | S6: =IF($M6="","", IF(MID($K6,S$4,1)="Ø", 零聲母, MID($K6,S$4,1))) -> l | T6: =IF($M6="","", IF(MID($K6,T$4,1)="Ø", 零聲母, MID($K6,T$4,1))) | U6: =IF($M6="","", IF(MID($K6,U$4,1)="Ø", 零聲母, MID($K6,U$4,1)))
B7: 州 | C7: 丩一曾 | D7: =IF(LEFT($E7)="Ø",SUBSTITUTE($E7, "Ø", ""), $E7) -> tsiu1 | E7: =IF($C7="","", _xlfn.CONCAT($F7, $J7, $G7)) -> tsiu1 | F7: =IFERROR( _xlfn.XLOOKUP(RIGHT($C7), 十五音聲母表[十八音],十五音聲母表[台羅拼音]), "" ) -> ts | G7: =IF($C7="", "", _xlfn.XLOOKUP(MID(C7,2,1), 音調表[八音調號], 音調表[台羅調號]) ) -> 1 | H7: =IF($C7="", "", _xlfn.XLOOKUP(MID($C7,2,1), 音調表[八音調號], 音調表[羅馬拼音聲調按鍵]) ) -> ; | I7: =IF($C7="", "", IF(OR($G7=4,$G7=8), _xlfn.CONCAT(LEFT($C7),"（促）"), _xlfn.CONCAT(LEFT($C7),"（舒）"))) -> 丩（舒） | J7: =IF($C7="", "", _xlfn.XLOOKUP($I7, 十五音韻母表[十五音],十五音韻母表[台羅拼音]) ) -> iu | K7: =IF($C7="","",_xlfn.CONCAT(J7,H7,F7)) -> iu;ts | L7: =IF($C7="", "", LEN($D7)) -> 5 | M7: =IF($C7="", "", LEN($J7)+1) -> 3 | N7: =IF($M7="","", IF(MID($K7,N$4,1)="Ø", 零聲母, MID($K7,N$4,1))) -> i | O7: =IF($M7="","", IF(MID($K7,O$4,1)="Ø", 零聲母, MID($K7,O$4,1))) -> u | P7: =IF($M7="","", IF(MID($K7,P$4,1)="Ø", 零聲母, MID($K7,P$4,1))) -> ; | Q7: =IF($M7="","", IF(MID($K7,Q$4,1)="Ø", 零聲母, MID($K7,Q$4,1))) -> t | R7: =IF($M7="","", IF(MID($K7,R$4,1)="Ø", 零聲母, MID($K7,R$4,1))) -> s | S7: =IF($M7="","", IF(MID($K7,S$4,1)="Ø", 零聲母, MID($K7,S$4,1))) | T7: =IF($M7="","", IF(MID($K7,T$4,1)="Ø", 零聲母, MID($K7,T$4,1))) | U7: =IF($M7="","", IF(MID($K7,U$4,1)="Ø", 零聲母, MID($K7,U$4,1)))
B8: 詞 | C8: 艍五時 | D8: =IF(LEFT($E8)="Ø",SUBSTITUTE($E8, "Ø", ""), $E8) -> su5 | E8: =IF($C8="","", _xlfn.CONCAT($F8, $J8, $G8)) -> su5 | F8: =IFERROR( _xlfn.XLOOKUP(RIGHT($C8), 十五音聲母表[十八音],十五音聲母表[台羅拼音]), "" ) -> s | G8: =IF($C8="", "", _xlfn.XLOOKUP(MID(C8,2,1), 音調表[八音調號], 音調表[台羅調號]) ) -> 5 | H8: =IF($C8="", "", _xlfn.XLOOKUP(MID($C8,2,1), 音調表[八音調號], 音調表[羅馬拼音聲調按鍵]) ) -> / | I8: =IF($C8="", "", IF(OR($G8=4,$G8=8), _xlfn.CONCAT(LEFT($C8),"（促）"), _xlfn.CONCAT(LEFT($C8),"（舒）"))) -> 艍（舒） | J8: =IF($C8="", "", _xlfn.XLOOKUP($I8, 十五音韻母表[十五音],十五音韻母表[台羅拼音]) ) -> u | K8: =IF($C8="","",_xlfn.CONCAT(J8,H8,F8)) -> u/s | L8: =IF($C8="", "", LEN($D8)) -> 3 | M8: =IF($C8="", "", LEN($J8)+1) -> 2 | N8: =IF($M8="","", IF(MID($K8,N$4,1)="Ø", 零聲母, MID($K8,N$4,1))) -> u | O8: =IF($M8="","", IF(MID($K8,O$4,1)="Ø", 零聲母, MID($K8,O$4,1))) -> / | P8: =IF($M8="","", IF(MID($K8,P$4,1)="Ø", 零聲母, MID($K8,P$4,1))) -> s | Q8: =IF($M8="","", IF(MID($K8,Q$4,1)="Ø", 零聲母, MID($K8,Q$4,1))) | R8: =IF($M8="","", IF(MID($K8,R$4,1)="Ø", 零聲母, MID($K8,R$4,1))) | S8: =IF($M8="","", IF(MID($K8,S$4,1)="Ø", 零聲母, MID($K8,S$4,1))) | T8: =IF($M8="","", IF(MID($K8,T$4,1)="Ø", 零聲母, MID($K8,T$4,1))) | U8: =IF($M8="","", IF(MID($K8,U$4,1)="Ø", 零聲母, MID($K8,U$4,1)))
B9: 》 | D9: =IF(LEFT($E9)="Ø",SUBSTITUTE($E9, "Ø", ""), $E9) | E9: =IF($C9="","", _xlfn.CONCAT($F9, $J9, $G9)) | F9: =IFERROR( _xlfn.XLOOKUP(RIGHT($C9), 十五音聲母表[十八音],十五音聲母表[台羅拼音]), "" ) | G9: =IF($C9="", "", _xlfn.XLOOKUP(MID(C9,2,1), 音調表[八音調號], 音調表[台羅調號]) ) | H9: =IF($C9="", "", _xlfn.XLOOKUP(MID($C9,2,1), 音調表[八音調號], 音調表[羅馬拼音聲調按鍵]) ) | I9: =IF($C9="", "", IF(OR($G9=4,$G9=8), _xlfn.CONCAT(LEFT($C9),"（促）"), _xlfn.CONCAT(LEFT($C9),"（舒）"))) | J9: =IF($C9="", "", _xlfn.XLOOKUP($I9, 十五音韻母表[十五音],十五音韻母表[台羅拼音]) ) | K9: =IF($C9="","",_xlfn.CONCAT(J9,H9,F9)) | L9: =IF($C9="", "", LEN($D9)) | M9: =IF($C9="", "", LEN($J9)+1) | N9: =IF($M9="","", IF(MID($K9,N$4,1)="Ø", 零聲母, MID($K9,N$4,1))) | O9: =IF($M9="","", IF(MID($K9,O$4,1)="Ø", 零聲母, MID($K9,O$4,1))) | P9: =IF($M9="","", IF(MID($K9,P$4,1)="Ø", 零聲母, MID($K9,P$4,1))) | Q9: =IF($M9="","", IF(MID($K9,Q$4,1)="Ø", 零聲母, MID($K9,Q$4,1))) | R9: =IF($M9="","", IF(MID($K9,R$4,1)="Ø", 零聲母, MID($K9,R$4,1))) | S9: =IF($M9="","", IF(MID($K9,S$4,1)="Ø", 零聲母, MID($K9,S$4,1))) | T9: =IF($M9="","", IF(MID($K9,T$4,1)="Ø", 零聲母, MID($K9,T$4,1))) | U9: =IF($M9="","", IF(MID($K9,U$4,1)="Ø", 零聲母, MID($K9,U$4,1)))
B10: 王 | C10: 公五英 | D10: =IF(LEFT($E10)="Ø",SUBSTITUTE($E10, "Ø", ""), $E10) -> ong5 | E10: =IF($C10="","", _xlfn.CONCAT($F10, $J10, $G10)) -> Øong5 | F10: =IFERROR( _xlfn.XLOOKUP(RIGHT($C10), 十五音聲母表[十八音],十五音聲母表[台羅拼音]), "" ) -> Ø | G10: =IF($C10="", "", _xlfn.XLOOKUP(MID(C10,2,1), 音調表[八音調號], 音調表[台羅調號]) ) -> 5 | H10: =IF($C10="", "", _xlfn.XLOOKUP(MID($C10,2,1), 音調表[八音調號], 音調表[羅馬拼音聲調按鍵]) ) -> / | I10: =IF($C10="", "", IF(OR($G10=4,$G10=8), _xlfn.CONCAT(LEFT($C10),"（促）"), _xlfn.CONCAT(LEFT($C10),"（舒）"))) -> 公（舒） | J10: =IF($C10="", "", _xlfn.XLOOKUP($I10, 十五音韻母表[十五音],十五音韻母表[台羅拼音]) ) -> ong | K10: =IF($C10="","",_xlfn.CONCAT(J10,H10,F10)) -> ong/Ø | L10: =IF($C10="", "", LEN($D10)) -> 4 | M10: =IF($C10="", "", LEN($J10)+1) -> 4 | N10: =IF($M10="","", IF(MID($K10,N$4,1)="Ø", 零聲母, MID($K10,N$4,1))) -> o | O10: =IF($M10="","", IF(MID($K10,O$4,1)="Ø", 零聲母, MID($K10,O$4,1))) -> n | P10: =IF($M10="","", IF(MID($K10,P$4,1)="Ø", 零聲母, MID($K10,P$4,1))) -> g | Q10: =IF($M10="","", IF(MID($K10,Q$4,1)="Ø", 零聲母, MID($K10,Q$4,1))) -> / | R10: =IF($M10="","", IF(MID($K10,R$4,1)="Ø", 零聲母, MID($K10,R$4,1))) -> q | S10: =IF($M10="","", IF(MID($K10,S$4,1)="Ø", 零聲母, MID($K10,S$4,1))) | T10: =IF($M10="","", IF(MID($K10,T$4,1)="Ø", 零聲母, MID($K10,T$4,1))) | U10: =IF($M10="","", IF(MID($K10,U$4,1)="Ø", 零聲母, MID($K10,U$4,1)))
B11: 之 | C11: 居一曾 | D11: =IF(LEFT($E11)="Ø",SUBSTITUTE($E11, "Ø", ""), $E11) -> tsi1 | E11: =IF($C11="","", _xlfn.CONCAT($F11, $J11, $G11)) -> tsi1 | F11: =IFERROR( _xlfn.XLOOKUP(RIGHT($C11), 十五音聲母表[十八音],十五音聲母表[台羅拼音]), "" ) -> ts | G11: =IF($C11="", "", _xlfn.XLOOKUP(MID(C11,2,1), 音調表[八音調號], 音調表[台羅調號]) ) -> 1 | H11: =IF($C11="", "", _xlfn.XLOOKUP(MID($C11,2,1), 音調表[八音調號], 音調表[羅馬拼音聲調按鍵]) ) -> ; | I11: =IF($C11="", "", IF(OR($G11=4,$G11=8), _xlfn.CONCAT(LEFT($C11),"（促）"), _xlfn.CONCAT(LEFT($C11),"（舒）"))) -> 居（舒） | J11: =IF($C11="", "", _xlfn.XLOOKUP($I11, 十五音韻母表[十五音],十五音韻母表[台羅拼音]) ) -> i | K11: =IF($C11="","",_xlfn.CONCAT(J11,H11,F11)) -> i;ts | L11: =IF($C11="", "", LEN($D11)) -> 4 | M11: =IF($C11="", "", LEN($J11)+1) -> 2 | N11: =IF($M11="","", IF(MID($K11,N$4,1)="Ø", 零聲母, MID($K11,N$4,1))) -> i | O11: =IF($M11="","", IF(MID($K11,O$4,1)="Ø", 零聲母, MID($K11,O$4,1))) -> ; | P11: =IF($M11="","", IF(MID($K11,P$4,1)="Ø", 零聲母, MID($K11,P$4,1))) -> t | Q11: =IF($M11="","", IF(MID($K11,Q$4,1)="Ø", 零聲母, MID($K11,Q$4,1))) -> s | R11: =IF($M11="","", IF(MID($K11,R$4,1)="Ø", 零聲母, MID($K11,R$4,1))) | S11: =IF($M11="","", IF(MID($K11,S$4,1)="Ø", 零聲母, MID($K11,S$4,1))) | T11: =IF($M11="","", IF(MID($K11,T$4,1)="Ø", 零聲母, MID($K11,T$4,1))) | U11: =IF($M11="","", IF(MID($K11,U$4,1)="Ø", 零聲母, MID($K11,U$4,1)))
B12: 渙 | C12: 觀三喜 | D12: =IF(LEFT($E12)="Ø",SUBSTITUTE($E12, "Ø", ""), $E12) -> huan3 | E12: =IF($C12="","", _xlfn.CONCAT($F12, $J12, $G12)) -> huan3 | F12: =IFERROR( _xlfn.XLOOKUP(RIGHT($C12), 十五音聲母表[十八音],十五音聲母表[台羅拼音]), "" ) -> h | G12: =IF($C12="", "", _xlfn.XLOOKUP(MID(C12,2,1), 音調表[八音調號], 音調表[台羅調號]) ) -> 3 | H12: =IF($C12="", "", _xlfn.XLOOKUP(MID($C12,2,1), 音調表[八音調號], 音調表[羅馬拼音聲調按鍵]) ) -> _ | I12: =IF($C12="", "", IF(OR($G12=4,$G12=8), _xlfn.CONCAT(LEFT($C12),"（促）"), _xlfn.CONCAT(LEFT($C12),"（舒）"))) -> 觀（舒） | J12: =IF($C12="", "", _xlfn.XLOOKUP($I12, 十五音韻母表[十五音],十五音韻母表[台羅拼音]) ) -> uan | K12: =IF($C12="","",_xlfn.CONCAT(J12,H12,F12)) -> uan_h | L12: =IF($C12="", "", LEN($D12)) -> 5 | M12: =IF($C12="", "", LEN($J12)+1) -> 4 | N12: =IF($M12="","", IF(MID($K12,N$4,1)="Ø", 零聲母, MID($K12,N$4,1))) -> u | O12: =IF($M12="","", IF(MID($K12,O$4,1)="Ø", 零聲母, MID($K12,O$4,1))) -> a | P12: =IF($M12="","", IF(MID($K12,P$4,1)="Ø", 零聲母, MID($K12,P$4,1))) -> n | Q12: =IF($M12="","", IF(MID($K12,Q$4,1)="Ø", 零聲母, MID($K12,Q$4,1))) -> _ | R12: =IF($M12="","", IF(MID($K12,R$4,1)="Ø", 零聲母, MID($K12,R$4,1))) -> h | S12: =IF($M12="","", IF(MID($K12,S$4,1)="Ø", 零聲母, MID($K12,S$4,1))) | T12: =IF($M12="","", IF(MID($K12,T$4,1)="Ø", 零聲母, MID($K12,T$4,1))) | U12: =IF($M12="","", IF(MID($K12,U$4,1)="Ø", 零聲母, MID($K12,U$4,1)))
D13: =IF(LEFT($E13)="Ø",SUBSTITUTE($E13, "Ø", ""), $E13) | E13: =IF($C13="","", _xlfn.CONCAT($F13, $J13, $G13)) | F13: =IFERROR( _xlfn.XLOOKUP(RIGHT($C13), 十五音聲母表[十八音],十五音聲母表[台羅拼音]), "" ) | G13: =IF($C13="", "", _xlfn.XLOOKUP(MID(C13,2,1), 音調表[八音調號], 音調表[台羅調號]) ) | H13: =IF($C13="", "", _xlfn.XLOOKUP(MID($C13,2,1), 音調表[八音調號], 音調表[羅馬拼音聲調按鍵]) ) | I13: =IF($C13="", "", IF(OR($G13=4,$G13=8), _xlfn.CONCAT(LEFT($C13),"（促）"), _xlfn.CONCAT(LEFT($C13),"（舒）"))) | J13: =IF($C13="", "", _xlfn.XLOOKUP($I13, 十五音韻母表[十五音],十五音韻母表[台羅拼音]) ) | K13: =IF($C13="","",_xlfn.CONCAT(J13,H13,F13)) | L13: =IF($C13="", "", LEN($D13)) | M13: =IF($C13="", "", LEN($J13)+1) | N13: =IF($M13="","", IF(MID($K13,N$4,1)="Ø", 零聲母, MID($K13,N$4,1))) | O13: =IF($M13="","", IF(MID($K13,O$4,1)="Ø", 零聲母, MID($K13,O$4,1))) | P13: =IF($M13="","", IF(MID($K13,P$4,1)="Ø", 零聲母, MID($K13,P$4,1))) | Q13: =IF($M13="","", IF(MID($K13,Q$4,1)="Ø", 零聲母, MID($K13,Q$4,1))) | R13: =IF($M13="","", IF(MID($K13,R$4,1)="Ø", 零聲母, MID($K13,R$4,1))) | S13: =IF($M13="","", IF(MID($K13,S$4,1)="Ø", 零聲母, MID($K13,S$4,1))) | T13: =IF($M13="","", IF(MID($K13,T$4,1)="Ø", 零聲母, MID($K13,T$4,1))) | U13: =IF($M13="","", IF(MID($K13,U$4,1)="Ø", 零聲母, MID($K13,U$4,1)))
B14: 黃 | C14: 公五喜 | D14: =IF(LEFT($E14)="Ø",SUBSTITUTE($E14, "Ø", ""), $E14) -> hong5 | E14: =IF($C14="","", _xlfn.CONCAT($F14, $J14, $G14)) -> hong5 | F14: =IFERROR( _xlfn.XLOOKUP(RIGHT($C14), 十五音聲母表[十八音],十五音聲母表[台羅拼音]), "" ) -> h | G14: =IF($C14="", "", _xlfn.XLOOKUP(MID(C14,2,1), 音調表[八音調號], 音調表[台羅調號]) ) -> 5 | H14: =IF($C14="", "", _xlfn.XLOOKUP(MID($C14,2,1), 音調表[八音調號], 音調表[羅馬拼音聲調按鍵]) ) -> / | I14: =IF($C14="", "", IF(OR($G14=4,$G14=8), _xlfn.CONCAT(LEFT($C14),"（促）"), _xlfn.CONCAT(LEFT($C14),"（舒）"))) -> 公（舒） | J14: =IF($C14="", "", _xlfn.XLOOKUP($I14, 十五音韻母表[十五音],十五音韻母表[台羅拼音]) ) -> ong | K14: =IF($C14="","",_xlfn.CONCAT(J14,H14,F14)) -> ong/h | L14: =IF($C14="", "", LEN($D14)) -> 5 | M14: =IF($C14="", "", LEN($J14)+1) -> 4 | N14: =IF($M14="","", IF(MID($K14,N$4,1)="Ø", 零聲母, MID($K14,N$4,1))) -> o | O14: =IF($M14="","", IF(MID($K14,O$4,1)="Ø", 零聲母, MID($K14,O$4,1))) -> n | P14: =IF($M14="","", IF(MID($K14,P$4,1)="Ø", 零聲母, MID($K14,P$4,1))) -> g | Q14: =IF($M14="","", IF(MID($K14,Q$4,1)="Ø", 零聲母, MID($K14,Q$4,1))) -> / | R14: =IF($M14="","", IF(MID($K14,R$4,1)="Ø", 零聲母, MID($K14,R$4,1))) -> h | S14: =IF($M14="","", IF(MID($K14,S$4,1)="Ø", 零聲母, MID($K14,S$4,1))) | T14: =IF($M14="","", IF(MID($K14,T$4,1)="Ø", 零聲母, MID($K14,T$4,1))) | U14: =IF($M14="","", IF(MID($K14,U$4,1)="Ø", 零聲母, MID($K14,U$4,1)))
B15: 河 | C15: 高五喜 | D15: =IF(LEFT($E15)="Ø",SUBSTITUTE($E15, "Ø", ""), $E15) -> ho5 | E15: =IF($C15="","", _xlfn.CONCAT($F15, $J15, $G15)) -> ho5 | F15: =IFERROR( _xlfn.XLOOKUP(RIGHT($C15), 十五音聲母表[十八音],十五音聲母表[台羅拼音]), "" ) -> h | G15: =IF($C15="", "", _xlfn.XLOOKUP(MID(C15,2,1), 音調表[八音調號], 音調表[台羅調號]) ) -> 5 | H15: =IF($C15="", "", _xlfn.XLOOKUP(MID($C15,2,1), 音調表[八音調號], 音調表[羅馬拼音聲調按鍵]) ) -> / | I15: =IF($C15="", "", IF(OR($G15=4,$G15=8), _xlfn.CONCAT(LEFT($C15),"（促）"), _xlfn.CONCAT(LEFT($C15),"（舒）"))) -> 高（舒） | J15: =IF($C15="", "", _xlfn.XLOOKUP($I15, 十五音韻母表[十五音],十五音韻母表[台羅拼音]) ) -> o | K15: =IF($C15="","",_xlfn.CONCAT(J15,H15,F15)) -> o/h | L15: =IF($C15="", "", LEN($D15)) -> 3 | M15: =IF($C15="", "", LEN($J15)+1) -> 2 | N15: =IF($M15="","", IF(MID($K15,N$4,1)="Ø", 零聲母, MID($K15,N$4,1))) -> o | O15: =IF($M15="","", IF(MID($K15,O$4,1)="Ø", 零聲母, MID($K15,O$4,1))) -> / | P15: =IF($M15="","", IF(MID($K15,P$4,1)="Ø", 零聲母, MID($K15,P$4,1))) -> h | Q15: =IF($M15="","", IF(MID($K15,Q$4,1)="Ø", 零聲母, MID($K15,Q$4,1))) | R15: =IF($M15="","", IF(MID($K15,R$4,1)="Ø", 零聲母, MID($K15,R$4,1))) | S15: =IF($M15="","", IF(MID($K15,S$4,1)="Ø", 零聲母, MID($K15,S$4,1))) | T15: =IF($M15="","", IF(MID($K15,T$4,1)="Ø", 零聲母, MID($K15,T$4,1))) | U15: =IF($M15="","", IF(MID($K15,U$4,1)="Ø", 零聲母, MID($K15,U$4,1)))
B16: 遠 | C16: 觀二英 | D16: =IF(LEFT($E16)="Ø",SUBSTITUTE($E16, "Ø", ""), $E16) -> uan2 | E16: =IF($C16="","", _xlfn.CONCAT($F16, $J16, $G16)) -> Øuan2 | F16: =IFERROR( _xlfn.XLOOKUP(RIGHT($C16), 十五音聲母表[十八音],十五音聲母表[台羅拼音]), "" ) -> Ø | G16: =IF($C16="", "", _xlfn.XLOOKUP(MID(C16,2,1), 音調表[八音調號], 音調表[台羅調號]) ) -> 2 | H16: =IF($C16="", "", _xlfn.XLOOKUP(MID($C16,2,1), 音調表[八音調號], 音調表[羅馬拼音聲調按鍵]) ) -> \ | I16: =IF($C16="", "", IF(OR($G16=4,$G16=8), _xlfn.CONCAT(LEFT($C16),"（促）"), _xlfn.CONCAT(LEFT($C16),"（舒）"))) -> 觀（舒） | J16: =IF($C16="", "", _xlfn.XLOOKUP($I16, 十五音韻母表[十五音],十五音韻母表[台羅拼音]) ) -> uan | K16: =IF($C16="","",_xlfn.CONCAT(J16,H16,F16)) -> uan\Ø | L16: =IF($C16="", "", LEN($D16)) -> 4 | M16: =IF($C16="", "", LEN($J16)+1) -> 4 | N16: =IF($M16="","", IF(MID($K16,N$4,1)="Ø", 零聲母, MID($K16,N$4,1))) -> u | O16: =IF($M16="","", IF(MID($K16,O$4,1)="Ø", 零聲母, MID($K16,O$4,1))) -> a | P16: =IF($M16="","", IF(MID($K16,P$4,1)="Ø", 零聲母, MID($K16,P$4,1))) -> n | Q16: =IF($M16="","", IF(MID($K16,Q$4,1)="Ø", 零聲母, MID($K16,Q$4,1))) -> \ | R16: =IF($M16="","", IF(MID($K16,R$4,1)="Ø", 零聲母, MID($K16,R$4,1))) -> q | S16: =IF($M16="","", IF(MID($K16,S$4,1)="Ø", 零聲母, MID($K16,S$4,1))) | T16: =IF($M16="","", IF(MID($K16,T$4,1)="Ø", 零聲母, MID($K16,T$4,1))) | U16: =IF($M16="","", IF(MID($K16,U$4,1)="Ø", 零聲母, MID($K16,U$4,1)))
B17: 上 | C17: 恭二時 | D17: =IF(LEFT($E17)="Ø",SUBSTITUTE($E17, "Ø", ""), $E17) -> siong2 | E17: =IF($C17="","", _xlfn.CONCAT($F17, $J17, $G17)) -> siong2 | F17: =IFERROR( _xlfn.XLOOKUP(RIGHT($C17), 十五音聲母表[十八音],十五音聲母表[台羅拼音]), "" ) -> s | G17: =IF($C17="", "", _xlfn.XLOOKUP(MID(C17,2,1), 音調表[八音調號], 音調表[台羅調號]) ) -> 2 | H17: =IF($C17="", "", _xlfn.XLOOKUP(MID($C17,2,1), 音調表[八音調號], 音調表[羅馬拼音聲調按鍵]) ) -> \ | I17: =IF($C17="", "", IF(OR($G17=4,$G17=8), _xlfn.CONCAT(LEFT($C17),"（促）"), _xlfn.CONCAT(LEFT($C17),"（舒）"))) -> 恭（舒） | J17: =IF($C17="", "", _xlfn.XLOOKUP($I17, 十五音韻母表[十五音],十五音韻母表[台羅拼音]) ) -> iong | K17: =IF($C17="","",_xlfn.CONCAT(J17,H17,F17)) -> iong\s | L17: =IF($C17="", "", LEN($D17)) -> 6 | M17: =IF($C17="", "", LEN($J17)+1) -> 5 | N17: =IF($M17="","", IF(MID($K17,N$4,1)="Ø", 零聲母, MID($K17,N$4,1))) -> i | O17: =IF($M17="","", IF(MID($K17,O$4,1)="Ø", 零聲母, MID($K17,O$4,1))) -> o | P17: =IF($M17="","", IF(MID($K17,P$4,1)="Ø", 零聲母, MID($K17,P$4,1))) -> n | Q17: =IF($M17="","", IF(MID($K17,Q$4,1)="Ø", 零聲母, MID($K17,Q$4,1))) -> g | R17: =IF($M17="","", IF(MID($K17,R$4,1)="Ø", 零聲母, MID($K17,R$4,1))) -> \ | S17: =IF($M17="","", IF(MID($K17,S$4,1)="Ø", 零聲母, MID($K17,S$4,1))) -> s | T17: =IF($M17="","", IF(MID($K17,T$4,1)="Ø", 零聲母, MID($K17,T$4,1))) | U17: =IF($M17="","", IF(MID($K17,U$4,1)="Ø", 零聲母, MID($K17,U$4,1)))
B18: 白 | C18: 經八邊 | D18: =IF(LEFT($E18)="Ø",SUBSTITUTE($E18, "Ø", ""), $E18) -> pik8 | E18: =IF($C18="","", _xlfn.CONCAT($F18, $J18, $G18)) -> pik8 | F18: =IFERROR( _xlfn.XLOOKUP(RIGHT($C18), 十五音聲母表[十八音],十五音聲母表[台羅拼音]), "" ) -> p | G18: =IF($C18="", "", _xlfn.XLOOKUP(MID(C18,2,1), 音調表[八音調號], 音調表[台羅調號]) ) -> 8 | H18: =IF($C18="", "", _xlfn.XLOOKUP(MID($C18,2,1), 音調表[八音調號], 音調表[羅馬拼音聲調按鍵]) ) -> ] | I18: =IF($C18="", "", IF(OR($G18=4,$G18=8), _xlfn.CONCAT(LEFT($C18),"（促）"), _xlfn.CONCAT(LEFT($C18),"（舒）"))) -> 經（促） | J18: =IF($C18="", "", _xlfn.XLOOKUP($I18, 十五音韻母表[十五音],十五音韻母表[台羅拼音]) ) -> ik | K18: =IF($C18="","",_xlfn.CONCAT(J18,H18,F18)) -> ik]p | L18: =IF($C18="", "", LEN($D18)) -> 4 | M18: =IF($C18="", "", LEN($J18)+1) -> 3 | N18: =IF($M18="","", IF(MID($K18,N$4,1)="Ø", 零聲母, MID($K18,N$4,1))) -> i | O18: =IF($M18="","", IF(MID($K18,O$4,1)="Ø", 零聲母, MID($K18,O$4,1))) -> k | P18: =IF($M18="","", IF(MID($K18,P$4,1)="Ø", 零聲母, MID($K18,P$4,1))) -> ] | Q18: =IF($M18="","", IF(MID($K18,Q$4,1)="Ø", 零聲母, MID($K18,Q$4,1))) -> p | R18: =IF($M18="","", IF(MID($K18,R$4,1)="Ø", 零聲母, MID($K18,R$4,1))) | S18: =IF($M18="","", IF(MID($K18,S$4,1)="Ø", 零聲母, MID($K18,S$4,1))) | T18: =IF($M18="","", IF(MID($K18,T$4,1)="Ø", 零聲母, MID($K18,T$4,1))) | U18: =IF($M18="","", IF(MID($K18,U$4,1)="Ø", 零聲母, MID($K18,U$4,1)))
B19: 雲 | C19: 君五喜 | D19: =IF(LEFT($E19)="Ø",SUBSTITUTE($E19, "Ø", ""), $E19) -> hun5 | E19: =IF($C19="","", _xlfn.CONCAT($F19, $J19, $G19)) -> hun5 | F19: =IFERROR( _xlfn.XLOOKUP(RIGHT($C19), 十五音聲母表[十八音],十五音聲母表[台羅拼音]), "" ) -> h | G19: =IF($C19="", "", _xlfn.XLOOKUP(MID(C19,2,1), 音調表[八音調號], 音調表[台羅調號]) ) -> 5 | H19: =IF($C19="", "", _xlfn.XLOOKUP(MID($C19,2,1), 音調表[八音調號], 音調表[羅馬拼音聲調按鍵]) ) -> / | I19: =IF($C19="", "", IF(OR($G19=4,$G19=8), _xlfn.CONCAT(LEFT($C19),"（促）"), _xlfn.CONCAT(LEFT($C19),"（舒）"))) -> 君（舒） | J19: =IF($C19="", "", _xlfn.XLOOKUP($I19, 十五音韻母表[十五音],十五音韻母表[台羅拼音]) ) -> un | K19: =IF($C19="","",_xlfn.CONCAT(J19,H19,F19)) -> un/h | L19: =IF($C19="", "", LEN($D19)) -> 4 | M19: =IF($C19="", "", LEN($J19)+1) -> 3 | N19: =IF($M19="","", IF(MID($K19,N$4,1)="Ø", 零聲母, MID($K19,N$4,1))) -> u | O19: =IF($M19="","", IF(MID($K19,O$4,1)="Ø", 零聲母, MID($K19,O$4,1))) -> n | P19: =IF($M19="","", IF(MID($K19,P$4,1)="Ø", 零聲母, MID($K19,P$4,1))) -> / | Q19: =IF($M19="","", IF(MID($K19,Q$4,1)="Ø", 零聲母, MID($K19,Q$4,1))) -> h | R19: =IF($M19="","", IF(MID($K19,R$4,1)="Ø", 零聲母, MID($K19,R$4,1))) | S19: =IF($M19="","", IF(MID($K19,S$4,1)="Ø", 零聲母, MID($K19,S$4,1))) | T19: =IF($M19="","", IF(MID($K19,T$4,1)="Ø", 零聲母, MID($K19,T$4,1))) | U19: =IF($M19="","", IF(MID($K19,U$4,1)="Ø", 零聲母, MID($K19,U$4,1)))
B20: 間 | C20: 干一求 | D20: =IF(LEFT($E20)="Ø",SUBSTITUTE($E20, "Ø", ""), $E20) -> kan1 | E20: =IF($C20="","", _xlfn.CONCAT($F20, $J20, $G20)) -> kan1 | F20: =IFERROR( _xlfn.XLOOKUP(RIGHT($C20), 十五音聲母表[十八音],十五音聲母表[台羅拼音]), "" ) -> k | G20: =IF($C20="", "", _xlfn.XLOOKUP(MID(C20,2,1), 音調表[八音調號], 音調表[台羅調號]) ) -> 1 | H20: =IF($C20="", "", _xlfn.XLOOKUP(MID($C20,2,1), 音調表[八音調號], 音調表[羅馬拼音聲調按鍵]) ) -> ; | I20: =IF($C20="", "", IF(OR($G20=4,$G20=8), _xlfn.CONCAT(LEFT($C20),"（促）"), _xlfn.CONCAT(LEFT($C20),"（舒）"))) -> 干（舒） | J20: =IF($C20="", "", _xlfn.XLOOKUP($I20, 十五音韻母表[十五音],十五音韻母表[台羅拼音]) ) -> an | K20: =IF($C20="","",_xlfn.CONCAT(J20,H20,F20)) -> an;k | L20: =IF($C20="", "", LEN($D20)) -> 4 | M20: =IF($C20="", "", LEN($J20)+1) -> 3 | N20: =IF($M20="","", IF(MID($K20,N$4,1)="Ø", 零聲母, MID($K20,N$4,1))) -> a | O20: =IF($M20="","", IF(MID($K20,O$4,1)="Ø", 零聲母, MID($K20,O$4,1))) -> n | P20: =IF($M20="","", IF(MID($K20,P$4,1)="Ø", 零聲母, MID($K20,P$4,1))) -> ; | Q20: =IF($M20="","", IF(MID($K20,Q$4,1)="Ø", 零聲母, MID($K20,Q$4,1))) -> k | R20: =IF($M20="","", IF(MID($K20,R$4,1)="Ø", 零聲母, MID($K20,R$4,1))) | S20: =IF($M20="","", IF(MID($K20,S$4,1)="Ø", 零聲母, MID($K20,S$4,1))) | T20: =IF($M20="","", IF(MID($K20,T$4,1)="Ø", 零聲母, MID($K20,T$4,1))) | U20: =IF($M20="","", IF(MID($K20,U$4,1)="Ø", 零聲母, MID($K20,U$4,1)))
B21: ， | D21: =IF(LEFT($E21)="Ø",SUBSTITUTE($E21, "Ø", ""), $E21) | E21: =IF($C21="","", _xlfn.CONCAT($F21, $J21, $G21)) | F21: =IFERROR( _xlfn.XLOOKUP(RIGHT($C21), 十五音聲母表[十八音],十五音聲母表[台羅拼音]), "" ) | G21: =IF($C21="", "", _xlfn.XLOOKUP(MID(C21,2,1), 音調表[八音調號], 音調表[台羅調號]) ) | H21: =IF($C21="", "", _xlfn.XLOOKUP(MID($C21,2,1), 音調表[八音調號], 音調表[羅馬拼音聲調按鍵]) ) | I21: =IF($C21="", "", IF(OR($G21=4,$G21=8), _xlfn.CONCAT(LEFT($C21),"（促）"), _xlfn.CONCAT(LEFT($C21),"（舒）"))) | J21: =IF($C21="", "", _xlfn.XLOOKUP($I21, 十五音韻母表[十五音],十五音韻母表[台羅拼音]) ) | K21: =IF($C21="","",_xlfn.CONCAT(J21,H21,F21)) | L21: =IF($C21="", "", LEN($D21)) | M21: =IF($C21="", "", LEN($J21)+1) | N21: =IF($M21="","", IF(MID($K21,N$4,1)="Ø", 零聲母, MID($K21,N$4,1))) | O21: =IF($M21="","", IF(MID($K21,O$4,1)="Ø", 零聲母, MID($K21,O$4,1))) | P21: =IF($M21="","", IF(MID($K21,P$4,1)="Ø", 零聲母, MID($K21,P$4,1))) | Q21: =IF($M21="","", IF(MID($K21,Q$4,1)="Ø", 零聲母, MID($K21,Q$4,1))) | R21: =IF($M21="","", IF(MID($K21,R$4,1)="Ø", 零聲母, MID($K21,R$4,1))) | S21: =IF($M21="","", IF(MID($K21,S$4,1)="Ø", 零聲母, MID($K21,S$4,1))) | T21: =IF($M21="","", IF(MID($K21,T$4,1)="Ø", 零聲母, MID($K21,T$4,1))) | U21: =IF($M21="","", IF(MID($K21,U$4,1)="Ø", 零聲母, MID($K21,U$4,1)))
B22: 一 | C22: 巾四英 | D22: =IF(LEFT($E22)="Ø",SUBSTITUTE($E22, "Ø", ""), $E22) -> it4 | E22: =IF($C22="","", _xlfn.CONCAT($F22, $J22, $G22)) -> Øit4 | F22: =IFERROR( _xlfn.XLOOKUP(RIGHT($C22), 十五音聲母表[十八音],十五音聲母表[台羅拼音]), "" ) -> Ø | G22: =IF($C22="", "", _xlfn.XLOOKUP(MID(C22,2,1), 音調表[八音調號], 音調表[台羅調號]) ) -> 4 | H22: =IF($C22="", "", _xlfn.XLOOKUP(MID($C22,2,1), 音調表[八音調號], 音調表[羅馬拼音聲調按鍵]) ) -> [ | I22: =IF($C22="", "", IF(OR($G22=4,$G22=8), _xlfn.CONCAT(LEFT($C22),"（促）"), _xlfn.CONCAT(LEFT($C22),"（舒）"))) -> 巾（促） | J22: =IF($C22="", "", _xlfn.XLOOKUP($I22, 十五音韻母表[十五音],十五音韻母表[台羅拼音]) ) -> it | K22: =IF($C22="","",_xlfn.CONCAT(J22,H22,F22)) -> it[Ø | L22: =IF($C22="", "", LEN($D22)) -> 3 | M22: =IF($C22="", "", LEN($J22)+1) -> 3 | N22: =IF($M22="","", IF(MID($K22,N$4,1)="Ø", 零聲母, MID($K22,N$4,1))) -> i | O22: =IF($M22="","", IF(MID($K22,O$4,1)="Ø", 零聲母, MID($K22,O$4,1))) -> t | P22: =IF($M22="","", IF(MID($K22,P$4,1)="Ø", 零聲母, MID($K22,P$4,1))) -> [ | Q22: =IF($M22="","", IF(MID($K22,Q$4,1)="Ø", 零聲母, MID($K22,Q$4,1))) -> q | R22: =IF($M22="","", IF(MID($K22,R$4,1)="Ø", 零聲母, MID($K22,R$4,1))) | S22: =IF($M22="","", IF(MID($K22,S$4,1)="Ø", 零聲母, MID($K22,S$4,1))) | T22: =IF($M22="","", IF(MID($K22,T$4,1)="Ø", 零聲母, MID($K22,T$4,1))) | U22: =IF($M22="","", IF(MID($K22,U$4,1)="Ø", 零聲母, MID($K22,U$4,1)))
B23: 片 | C23: 堅三頗 | D23: =IF(LEFT($E23)="Ø",SUBSTITUTE($E23, "Ø", ""), $E23) -> phian3 | E23: =IF($C23="","", _xlfn.CONCAT($F23, $J23, $G23)) -> phian3 | F23: =IFERROR( _xlfn.XLOOKUP(RIGHT($C23), 十五音聲母表[十八音],十五音聲母表[台羅拼音]), "" ) -> ph | G23: =IF($C23="", "", _xlfn.XLOOKUP(MID(C23,2,1), 音調表[八音調號], 音調表[台羅調號]) ) -> 3 | H23: =IF($C23="", "", _xlfn.XLOOKUP(MID($C23,2,1), 音調表[八音調號], 音調表[羅馬拼音聲調按鍵]) ) -> _ | I23: =IF($C23="", "", IF(OR($G23=4,$G23=8), _xlfn.CONCAT(LEFT($C23),"（促）"), _xlfn.CONCAT(LEFT($C23),"（舒）"))) -> 堅（舒） | J23: =IF($C23="", "", _xlfn.XLOOKUP($I23, 十五音韻母表[十五音],十五音韻母表[台羅拼音]) ) -> ian | K23: =IF($C23="","",_xlfn.CONCAT(J23,H23,F23)) -> ian_ph | L23: =IF($C23="", "", LEN($D23)) -> 6 | M23: =IF($C23="", "", LEN($J23)+1) -> 4 | N23: =IF($M23="","", IF(MID($K23,N$4,1)="Ø", 零聲母, MID($K23,N$4,1))) -> i | O23: =IF($M23="","", IF(MID($K23,O$4,1)="Ø", 零聲母, MID($K23,O$4,1))) -> a | P23: =IF($M23="","", IF(MID($K23,P$4,1)="Ø", 零聲母, MID($K23,P$4,1))) -> n | Q23: =IF($M23="","", IF(MID($K23,Q$4,1)="Ø", 零聲母, MID($K23,Q$4,1))) -> _ | R23: =IF($M23="","", IF(MID($K23,R$4,1)="Ø", 零聲母, MID($K23,R$4,1))) -> p | S23: =IF($M23="","", IF(MID($K23,S$4,1)="Ø", 零聲母, MID($K23,S$4,1))) -> h | T23: =IF($M23="","", IF(MID($K23,T$4,1)="Ø", 零聲母, MID($K23,T$4,1))) | U23: =IF($M23="","", IF(MID($K23,U$4,1)="Ø", 零聲母, MID($K23,U$4,1)))
B24: 孤 | C24: 沽一求 | D24: =IF(LEFT($E24)="Ø",SUBSTITUTE($E24, "Ø", ""), $E24) -> koo1 | E24: =IF($C24="","", _xlfn.CONCAT($F24, $J24, $G24)) -> koo1 | F24: =IFERROR( _xlfn.XLOOKUP(RIGHT($C24), 十五音聲母表[十八音],十五音聲母表[台羅拼音]), "" ) -> k | G24: =IF($C24="", "", _xlfn.XLOOKUP(MID(C24,2,1), 音調表[八音調號], 音調表[台羅調號]) ) -> 1 | H24: =IF($C24="", "", _xlfn.XLOOKUP(MID($C24,2,1), 音調表[八音調號], 音調表[羅馬拼音聲調按鍵]) ) -> ; | I24: =IF($C24="", "", IF(OR($G24=4,$G24=8), _xlfn.CONCAT(LEFT($C24),"（促）"), _xlfn.CONCAT(LEFT($C24),"（舒）"))) -> 沽（舒） | J24: =IF($C24="", "", _xlfn.XLOOKUP($I24, 十五音韻母表[十五音],十五音韻母表[台羅拼音]) ) -> oo | K24: =IF($C24="","",_xlfn.CONCAT(J24,H24,F24)) -> oo;k | L24: =IF($C24="", "", LEN($D24)) -> 4 | M24: =IF($C24="", "", LEN($J24)+1) -> 3 | N24: =IF($M24="","", IF(MID($K24,N$4,1)="Ø", 零聲母, MID($K24,N$4,1))) -> o | O24: =IF($M24="","", IF(MID($K24,O$4,1)="Ø", 零聲母, MID($K24,O$4,1))) -> o | P24: =IF($M24="","", IF(MID($K24,P$4,1)="Ø", 零聲母, MID($K24,P$4,1))) -> ; | Q24: =IF($M24="","", IF(MID($K24,Q$4,1)="Ø", 零聲母, MID($K24,Q$4,1))) -> k | R24: =IF($M24="","", IF(MID($K24,R$4,1)="Ø", 零聲母, MID($K24,R$4,1))) | S24: =IF($M24="","", IF(MID($K24,S$4,1)="Ø", 零聲母, MID($K24,S$4,1))) | T24: =IF($M24="","", IF(MID($K24,T$4,1)="Ø", 零聲母, MID($K24,T$4,1))) | U24: =IF($M24="","", IF(MID($K24,U$4,1)="Ø", 零聲母, MID($K24,U$4,1)))
B25: 城 | C25: 經五時 | D25: =IF(LEFT($E25)="Ø",SUBSTITUTE($E25, "Ø", ""), $E25) -> sing5 | E25: =IF($C25="","", _xlfn.CONCAT($F25, $J25, $G25)) -> sing5 | F25: =IFERROR( _xlfn.XLOOKUP(RIGHT($C25), 十五音聲母表[十八音],十五音聲母表[台羅拼音]), "" ) -> s | G25: =IF($C25="", "", _xlfn.XLOOKUP(MID(C25,2,1), 音調表[八音調號], 音調表[台羅調號]) ) -> 5 | H25: =IF($C25="", "", _xlfn.XLOOKUP(MID($C25,2,1), 音調表[八音調號], 音調表[羅馬拼音聲調按鍵]) ) -> / | I25: =IF($C25="", "", IF(OR($G25=4,$G25=8), _xlfn.CONCAT(LEFT($C25),"（促）"), _xlfn.CONCAT(LEFT($C25),"（舒）"))) -> 經（舒） | J25: =IF($C25="", "", _xlfn.XLOOKUP($I25, 十五音韻母表[十五音],十五音韻母表[台羅拼音]) ) -> ing | K25: =IF($C25="","",_xlfn.CONCAT(J25,H25,F25)) -> ing/s | L25: =IF($C25="", "", LEN($D25)) -> 5 | M25: =IF($C25="", "", LEN($J25)+1) -> 4 | N25: =IF($M25="","", IF(MID($K25,N$4,1)="Ø", 零聲母, MID($K25,N$4,1))) -> i | O25: =IF($M25="","", IF(MID($K25,O$4,1)="Ø", 零聲母, MID($K25,O$4,1))) -> n | P25: =IF($M25="","", IF(MID($K25,P$4,1)="Ø", 零聲母, MID($K25,P$4,1))) -> g | Q25: =IF($M25="","", IF(MID($K25,Q$4,1)="Ø", 零聲母, MID($K25,Q$4,1))) -> / | R25: =IF($M25="","", IF(MID($K25,R$4,1)="Ø", 零聲母, MID($K25,R$4,1))) -> s | S25: =IF($M25="","", IF(MID($K25,S$4,1)="Ø", 零聲母, MID($K25,S$4,1))) | T25: =IF($M25="","", IF(MID($K25,T$4,1)="Ø", 零聲母, MID($K25,T$4,1))) | U25: =IF($M25="","", IF(MID($K25,U$4,1)="Ø", 零聲母, MID($K25,U$4,1)))
B26: 萬 | C26: 干七門 | D26: =IF(LEFT($E26)="Ø",SUBSTITUTE($E26, "Ø", ""), $E26) -> ban7 | E26: =IF($C26="","", _xlfn.CONCAT($F26, $J26, $G26)) -> ban7 | F26: =IFERROR( _xlfn.XLOOKUP(RIGHT($C26), 十五音聲母表[十八音],十五音聲母表[台羅拼音]), "" ) -> b | G26: =IF($C26="", "", _xlfn.XLOOKUP(MID(C26,2,1), 音調表[八音調號], 音調表[台羅調號]) ) -> 7 | H26: =IF($C26="", "", _xlfn.XLOOKUP(MID($C26,2,1), 音調表[八音調號], 音調表[羅馬拼音聲調按鍵]) ) -> - | I26: =IF($C26="", "", IF(OR($G26=4,$G26=8), _xlfn.CONCAT(LEFT($C26),"（促）"), _xlfn.CONCAT(LEFT($C26),"（舒）"))) -> 干（舒） | J26: =IF($C26="", "", _xlfn.XLOOKUP($I26, 十五音韻母表[十五音],十五音韻母表[台羅拼音]) ) -> an | K26: =IF($C26="","",_xlfn.CONCAT(J26,H26,F26)) -> an-b | L26: =IF($C26="", "", LEN($D26)) -> 4 | M26: =IF($C26="", "", LEN($J26)+1) -> 3 | N26: =IF($M26="","", IF(MID($K26,N$4,1)="Ø", 零聲母, MID($K26,N$4,1))) -> a | O26: =IF($M26="","", IF(MID($K26,O$4,1)="Ø", 零聲母, MID($K26,O$4,1))) -> n | P26: =IF($M26="","", IF(MID($K26,P$4,1)="Ø", 零聲母, MID($K26,P$4,1))) -> - | Q26: =IF($M26="","", IF(MID($K26,Q$4,1)="Ø", 零聲母, MID($K26,Q$4,1))) -> b | R26: =IF($M26="","", IF(MID($K26,R$4,1)="Ø", 零聲母, MID($K26,R$4,1))) | S26: =IF($M26="","", IF(MID($K26,S$4,1)="Ø", 零聲母, MID($K26,S$4,1))) | T26: =IF($M26="","", IF(MID($K26,T$4,1)="Ø", 零聲母, MID($K26,T$4,1))) | U26: =IF($M26="","", IF(MID($K26,U$4,1)="Ø", 零聲母, MID($K26,U$4,1)))
B27: 仞 | C27: 金七入 | D27: =IF(LEFT($E27)="Ø",SUBSTITUTE($E27, "Ø", ""), $E27) -> jim7 | E27: =IF($C27="","", _xlfn.CONCAT($F27, $J27, $G27)) -> jim7 | F27: =IFERROR( _xlfn.XLOOKUP(RIGHT($C27), 十五音聲母表[十八音],十五音聲母表[台羅拼音]), "" ) -> j | G27: =IF($C27="", "", _xlfn.XLOOKUP(MID(C27,2,1), 音調表[八音調號], 音調表[台羅調號]) ) -> 7 | H27: =IF($C27="", "", _xlfn.XLOOKUP(MID($C27,2,1), 音調表[八音調號], 音調表[羅馬拼音聲調按鍵]) ) -> - | I27: =IF($C27="", "", IF(OR($G27=4,$G27=8), _xlfn.CONCAT(LEFT($C27),"（促）"), _xlfn.CONCAT(LEFT($C27),"（舒）"))) -> 金（舒） | J27: =IF($C27="", "", _xlfn.XLOOKUP($I27, 十五音韻母表[十五音],十五音韻母表[台羅拼音]) ) -> im | K27: =IF($C27="","",_xlfn.CONCAT(J27,H27,F27)) -> im-j | L27: =IF($C27="", "", LEN($D27)) -> 4 | M27: =IF($C27="", "", LEN($J27)+1) -> 3 | N27: =IF($M27="","", IF(MID($K27,N$4,1)="Ø", 零聲母, MID($K27,N$4,1))) -> i | O27: =IF($M27="","", IF(MID($K27,O$4,1)="Ø", 零聲母, MID($K27,O$4,1))) -> m | P27: =IF($M27="","", IF(MID($K27,P$4,1)="Ø", 零聲母, MID($K27,P$4,1))) -> - | Q27: =IF($M27="","", IF(MID($K27,Q$4,1)="Ø", 零聲母, MID($K27,Q$4,1))) -> j | R27: =IF($M27="","", IF(MID($K27,R$4,1)="Ø", 零聲母, MID($K27,R$4,1))) | S27: =IF($M27="","", IF(MID($K27,S$4,1)="Ø", 零聲母, MID($K27,S$4,1))) | T27: =IF($M27="","", IF(MID($K27,T$4,1)="Ø", 零聲母, MID($K27,T$4,1))) | U27: =IF($M27="","", IF(MID($K27,U$4,1)="Ø", 零聲母, MID($K27,U$4,1)))
B28: 山 | C28: 干一時 | D28: =IF(LEFT($E28)="Ø",SUBSTITUTE($E28, "Ø", ""), $E28) -> san1 | E28: =IF($C28="","", _xlfn.CONCAT($F28, $J28, $G28)) -> san1 | F28: =IFERROR( _xlfn.XLOOKUP(RIGHT($C28), 十五音聲母表[十八音],十五音聲母表[台羅拼音]), "" ) -> s | G28: =IF($C28="", "", _xlfn.XLOOKUP(MID(C28,2,1), 音調表[八音調號], 音調表[台羅調號]) ) -> 1 | H28: =IF($C28="", "", _xlfn.XLOOKUP(MID($C28,2,1), 音調表[八音調號], 音調表[羅馬拼音聲調按鍵]) ) -> ; | I28: =IF($C28="", "", IF(OR($G28=4,$G28=8), _xlfn.CONCAT(LEFT($C28),"（促）"), _xlfn.CONCAT(LEFT($C28),"（舒）"))) -> 干（舒） | J28: =IF($C28="", "", _xlfn.XLOOKUP($I28, 十五音韻母表[十五音],十五音韻母表[台羅拼音]) ) -> an | K28: =IF($C28="","",_xlfn.CONCAT(J28,H28,F28)) -> an;s | L28: =IF($C28="", "", LEN($D28)) -> 4 | M28: =IF($C28="", "", LEN($J28)+1) -> 3 | N28: =IF($M28="","", IF(MID($K28,N$4,1)="Ø", 零聲母, MID($K28,N$4,1))) -> a | O28: =IF($M28="","", IF(MID($K28,O$4,1)="Ø", 零聲母, MID($K28,O$4,1))) -> n | P28: =IF($M28="","", IF(MID($K28,P$4,1)="Ø", 零聲母, MID($K28,P$4,1))) -> ; | Q28: =IF($M28="","", IF(MID($K28,Q$4,1)="Ø", 零聲母, MID($K28,Q$4,1))) -> s | R28: =IF($M28="","", IF(MID($K28,R$4,1)="Ø", 零聲母, MID($K28,R$4,1))) | S28: =IF($M28="","", IF(MID($K28,S$4,1)="Ø", 零聲母, MID($K28,S$4,1))) | T28: =IF($M28="","", IF(MID($K28,T$4,1)="Ø", 零聲母, MID($K28,T$4,1))) | U28: =IF($M28="","", IF(MID($K28,U$4,1)="Ø", 零聲母, MID($K28,U$4,1)))
B29: 。 | D29: =IF(LEFT($E29)="Ø",SUBSTITUTE($E29, "Ø", ""), $E29) | E29: =IF($C29="","", _xlfn.CONCAT($F29, $J29, $G29)) | F29: =IFERROR( _xlfn.XLOOKUP(RIGHT($C29), 十五音聲母表[十八音],十五音聲母表[台羅拼音]), "" ) | G29: =IF($C29="", "", _xlfn.XLOOKUP(MID(C29,2,1), 音調表[八音調號], 音調表[台羅調號]) ) | H29: =IF($C29="", "", _xlfn.XLOOKUP(MID($C29,2,1), 音調表[八音調號], 音調表[羅馬拼音聲調按鍵]) ) | I29: =IF($C29="", "", IF(OR($G29=4,$G29=8), _xlfn.CONCAT(LEFT($C29),"（促）"), _xlfn.CONCAT(LEFT($C29),"（舒）"))) | J29: =IF($C29="", "", _xlfn.XLOOKUP($I29, 十五音韻母表[十五音],十五音韻母表[台羅拼音]) ) | K29: =IF($C29="","",_xlfn.CONCAT(J29,H29,F29)) | L29: =IF($C29="", "", LEN($D29)) | M29: =IF($C29="", "", LEN($J29)+1) | N29: =IF($M29="","", IF(MID($K29,N$4,1)="Ø", 零聲母, MID($K29,N$4,1))) | O29: =IF($M29="","", IF(MID($K29,O$4,1)="Ø", 零聲母, MID($K29,O$4,1))) | P29: =IF($M29="","", IF(MID($K29,P$4,1)="Ø", 零聲母, MID($K29,P$4,1))) | Q29: =IF($M29="","", IF(MID($K29,Q$4,1)="Ø", 零聲母, MID($K29,Q$4,1))) | R29: =IF($M29="","", IF(MID($K29,R$4,1)="Ø", 零聲母, MID($K29,R$4,1))) | S29: =IF($M29="","", IF(MID($K29,S$4,1)="Ø", 零聲母, MID($K29,S$4,1))) | T29: =IF($M29="","", IF(MID($K29,T$4,1)="Ø", 零聲母, MID($K29,T$4,1))) | U29: =IF($M29="","", IF(MID($K29,U$4,1)="Ø", 零聲母, MID($K29,U$4,1)))
B30: 羌 | C30: 姜一去 | D30: =IF(LEFT($E30)="Ø",SUBSTITUTE($E30, "Ø", ""), $E30) -> khiang1 | E30: =IF($C30="","", _xlfn.CONCAT($F30, $J30, $G30)) -> khiang1 | F30: =IFERROR( _xlfn.XLOOKUP(RIGHT($C30), 十五音聲母表[十八音],十五音聲母表[台羅拼音]), "" ) -> kh | G30: =IF($C30="", "", _xlfn.XLOOKUP(MID(C30,2,1), 音調表[八音調號], 音調表[台羅調號]) ) -> 1 | H30: =IF($C30="", "", _xlfn.XLOOKUP(MID($C30,2,1), 音調表[八音調號], 音調表[羅馬拼音聲調按鍵]) ) -> ; | I30: =IF($C30="", "", IF(OR($G30=4,$G30=8), _xlfn.CONCAT(LEFT($C30),"（促）"), _xlfn.CONCAT(LEFT($C30),"（舒）"))) -> 姜（舒） | J30: =IF($C30="", "", _xlfn.XLOOKUP($I30, 十五音韻母表[十五音],十五音韻母表[台羅拼音]) ) -> iang | K30: =IF($C30="","",_xlfn.CONCAT(J30,H30,F30)) -> iang;kh | L30: =IF($C30="", "", LEN($D30)) -> 7 | M30: =IF($C30="", "", LEN($J30)+1) -> 5 | N30: =IF($M30="","", IF(MID($K30,N$4,1)="Ø", 零聲母, MID($K30,N$4,1))) -> i | O30: =IF($M30="","", IF(MID($K30,O$4,1)="Ø", 零聲母, MID($K30,O$4,1))) -> a | P30: =IF($M30="","", IF(MID($K30,P$4,1)="Ø", 零聲母, MID($K30,P$4,1))) -> n | Q30: =IF($M30="","", IF(MID($K30,Q$4,1)="Ø", 零聲母, MID($K30,Q$4,1))) -> g | R30: =IF($M30="","", IF(MID($K30,R$4,1)="Ø", 零聲母, MID($K30,R$4,1))) -> ; | S30: =IF($M30="","", IF(MID($K30,S$4,1)="Ø", 零聲母, MID($K30,S$4,1))) -> k | T30: =IF($M30="","", IF(MID($K30,T$4,1)="Ø", 零聲母, MID($K30,T$4,1))) -> h | U30: =IF($M30="","", IF(MID($K30,U$4,1)="Ø", 零聲母, MID($K30,U$4,1)))
B31: 笛 | C31: 經八地 | D31: =IF(LEFT($E31)="Ø",SUBSTITUTE($E31, "Ø", ""), $E31) -> tik8 | E31: =IF($C31="","", _xlfn.CONCAT($F31, $J31, $G31)) -> tik8 | F31: =IFERROR( _xlfn.XLOOKUP(RIGHT($C31), 十五音聲母表[十八音],十五音聲母表[台羅拼音]), "" ) -> t | G31: =IF($C31="", "", _xlfn.XLOOKUP(MID(C31,2,1), 音調表[八音調號], 音調表[台羅調號]) ) -> 8 | H31: =IF($C31="", "", _xlfn.XLOOKUP(MID($C31,2,1), 音調表[八音調號], 音調表[羅馬拼音聲調按鍵]) ) -> ] | I31: =IF($C31="", "", IF(OR($G31=4,$G31=8), _xlfn.CONCAT(LEFT($C31),"（促）"), _xlfn.CONCAT(LEFT($C31),"（舒）"))) -> 經（促） | J31: =IF($C31="", "", _xlfn.XLOOKUP($I31, 十五音韻母表[十五音],十五音韻母表[台羅拼音]) ) -> ik | K31: =IF($C31="","",_xlfn.CONCAT(J31,H31,F31)) -> ik]t | L31: =IF($C31="", "", LEN($D31)) -> 4 | M31: =IF($C31="", "", LEN($J31)+1) -> 3 | N31: =IF($M31="","", IF(MID($K31,N$4,1)="Ø", 零聲母, MID($K31,N$4,1))) -> i | O31: =IF($M31="","", IF(MID($K31,O$4,1)="Ø", 零聲母, MID($K31,O$4,1))) -> k | P31: =IF($M31="","", IF(MID($K31,P$4,1)="Ø", 零聲母, MID($K31,P$4,1))) -> ] | Q31: =IF($M31="","", IF(MID($K31,Q$4,1)="Ø", 零聲母, MID($K31,Q$4,1))) -> t | R31: =IF($M31="","", IF(MID($K31,R$4,1)="Ø", 零聲母, MID($K31,R$4,1))) | S31: =IF($M31="","", IF(MID($K31,S$4,1)="Ø", 零聲母, MID($K31,S$4,1))) | T31: =IF($M31="","", IF(MID($K31,T$4,1)="Ø", 零聲母, MID($K31,T$4,1))) | U31: =IF($M31="","", IF(MID($K31,U$4,1)="Ø", 零聲母, MID($K31,U$4,1)))
B32: 何 | C32: 高五喜 | D32: =IF(LEFT($E32)="Ø",SUBSTITUTE($E32, "Ø", ""), $E32) -> ho5 | E32: =IF($C32="","", _xlfn.CONCAT($F32, $J32, $G32)) -> ho5 | F32: =IFERROR( _xlfn.XLOOKUP(RIGHT($C32), 十五音聲母表[十八音],十五音聲母表[台羅拼音]), "" ) -> h | G32: =IF($C32="", "", _xlfn.XLOOKUP(MID(C32,2,1), 音調表[八音調號], 音調表[台羅調號]) ) -> 5 | H32: =IF($C32="", "", _xlfn.XLOOKUP(MID($C32,2,1), 音調表[八音調號], 音調表[羅馬拼音聲調按鍵]) ) -> / | I32: =IF($C32="", "", IF(OR($G32=4,$G32=8), _xlfn.CONCAT(LEFT($C32),"（促）"), _xlfn.CONCAT(LEFT($C32),"（舒）"))) -> 高（舒） | J32: =IF($C32="", "", _xlfn.XLOOKUP($I32, 十五音韻母表[十五音],十五音韻母表[台羅拼音]) ) -> o | K32: =IF($C32="","",_xlfn.CONCAT(J32,H32,F32)) -> o/h | L32: =IF($C32="", "", LEN($D32)) -> 3 | M32: =IF($C32="", "", LEN($J32)+1) -> 2 | N32: =IF($M32="","", IF(MID($K32,N$4,1)="Ø", 零聲母, MID($K32,N$4,1))) -> o | O32: =IF($M32="","", IF(MID($K32,O$4,1)="Ø", 零聲母, MID($K32,O$4,1))) -> / | P32: =IF($M32="","", IF(MID($K32,P$4,1)="Ø", 零聲母, MID($K32,P$4,1))) -> h | Q32: =IF($M32="","", IF(MID($K32,Q$4,1)="Ø", 零聲母, MID($K32,Q$4,1))) | R32: =IF($M32="","", IF(MID($K32,R$4,1)="Ø", 零聲母, MID($K32,R$4,1))) | S32: =IF($M32="","", IF(MID($K32,S$4,1)="Ø", 零聲母, MID($K32,S$4,1))) | T32: =IF($M32="","", IF(MID($K32,T$4,1)="Ø", 零聲母, MID($K32,T$4,1))) | U32: =IF($M32="","", IF(MID($K32,U$4,1)="Ø", 零聲母, MID($K32,U$4,1)))
B33: 須 | C33: 艍一時 | D33: =IF(LEFT($E33)="Ø",SUBSTITUTE($E33, "Ø", ""), $E33) -> su1 | E33: =IF($C33="","", _xlfn.CONCAT($F33, $J33, $G33)) -> su1 | F33: =IFERROR( _xlfn.XLOOKUP(RIGHT($C33), 十五音聲母表[十八音],十五音聲母表[台羅拼音]), "" ) -> s | G33: =IF($C33="", "", _xlfn.XLOOKUP(MID(C33,2,1), 音調表[八音調號], 音調表[台羅調號]) ) -> 1 | H33: =IF($C33="", "", _xlfn.XLOOKUP(MID($C33,2,1), 音調表[八音調號], 音調表[羅馬拼音聲調按鍵]) ) -> ; | I33: =IF($C33="", "", IF(OR($G33=4,$G33=8), _xlfn.CONCAT(LEFT($C33),"（促）"), _xlfn.CONCAT(LEFT($C33),"（舒）"))) -> 艍（舒） | J33: =IF($C33="", "", _xlfn.XLOOKUP($I33, 十五音韻母表[十五音],十五音韻母表[台羅拼音]) ) -> u | K33: =IF($C33="","",_xlfn.CONCAT(J33,H33,F33)) -> u;s | L33: =IF($C33="", "", LEN($D33)) -> 3 | M33: =IF($C33="", "", LEN($J33)+1) -> 2 | N33: =IF($M33="","", IF(MID($K33,N$4,1)="Ø", 零聲母, MID($K33,N$4,1))) -> u | O33: =IF($M33="","", IF(MID($K33,O$4,1)="Ø", 零聲母, MID($K33,O$4,1))) -> ; | P33: =IF($M33="","", IF(MID($K33,P$4,1)="Ø", 零聲母, MID($K33,P$4,1))) -> s | Q33: =IF($M33="","", IF(MID($K33,Q$4,1)="Ø", 零聲母, MID($K33,Q$4,1))) | R33: =IF($M33="","", IF(MID($K33,R$4,1)="Ø", 零聲母, MID($K33,R$4,1))) | S33: =IF($M33="","", IF(MID($K33,S$4,1)="Ø", 零聲母, MID($K33,S$4,1))) | T33: =IF($M33="","", IF(MID($K33,T$4,1)="Ø", 零聲母, MID($K33,T$4,1))) | U33: =IF($M33="","", IF(MID($K33,U$4,1)="Ø", 零聲母, MID($K33,U$4,1)))
B34: 怨 | C34: 觀三英 | D34: =IF(LEFT($E34)="Ø",SUBSTITUTE($E34, "Ø", ""), $E34) -> uan3 | E34: =IF($C34="","", _xlfn.CONCAT($F34, $J34, $G34)) -> Øuan3 | F34: =IFERROR( _xlfn.XLOOKUP(RIGHT($C34), 十五音聲母表[十八音],十五音聲母表[台羅拼音]), "" ) -> Ø | G34: =IF($C34="", "", _xlfn.XLOOKUP(MID(C34,2,1), 音調表[八音調號], 音調表[台羅調號]) ) -> 3 | H34: =IF($C34="", "", _xlfn.XLOOKUP(MID($C34,2,1), 音調表[八音調號], 音調表[羅馬拼音聲調按鍵]) ) -> _ | I34: =IF($C34="", "", IF(OR($G34=4,$G34=8), _xlfn.CONCAT(LEFT($C34),"（促）"), _xlfn.CONCAT(LEFT($C34),"（舒）"))) -> 觀（舒） | J34: =IF($C34="", "", _xlfn.XLOOKUP($I34, 十五音韻母表[十五音],十五音韻母表[台羅拼音]) ) -> uan | K34: =IF($C34="","",_xlfn.CONCAT(J34,H34,F34)) -> uan_Ø | L34: =IF($C34="", "", LEN($D34)) -> 4 | M34: =IF($C34="", "", LEN($J34)+1) -> 4 | N34: =IF($M34="","", IF(MID($K34,N$4,1)="Ø", 零聲母, MID($K34,N$4,1))) -> u | O34: =IF($M34="","", IF(MID($K34,O$4,1)="Ø", 零聲母, MID($K34,O$4,1))) -> a | P34: =IF($M34="","", IF(MID($K34,P$4,1)="Ø", 零聲母, MID($K34,P$4,1))) -> n | Q34: =IF($M34="","", IF(MID($K34,Q$4,1)="Ø", 零聲母, MID($K34,Q$4,1))) -> _ | R34: =IF($M34="","", IF(MID($K34,R$4,1)="Ø", 零聲母, MID($K34,R$4,1))) -> q | S34: =IF($M34="","", IF(MID($K34,S$4,1)="Ø", 零聲母, MID($K34,S$4,1))) | T34: =IF($M34="","", IF(MID($K34,T$4,1)="Ø", 零聲母, MID($K34,T$4,1))) | U34: =IF($M34="","", IF(MID($K34,U$4,1)="Ø", 零聲母, MID($K34,U$4,1)))
B35: 楊 | C35: 恭五英 | D35: =IF(LEFT($E35)="Ø",SUBSTITUTE($E35, "Ø", ""), $E35) -> iong5 | E35: =IF($C35="","", _xlfn.CONCAT($F35, $J35, $G35)) -> Øiong5 | F35: =IFERROR( _xlfn.XLOOKUP(RIGHT($C35), 十五音聲母表[十八音],十五音聲母表[台羅拼音]), "" ) -> Ø | G35: =IF($C35="", "", _xlfn.XLOOKUP(MID(C35,2,1), 音調表[八音調號], 音調表[台羅調號]) ) -> 5 | H35: =IF($C35="", "", _xlfn.XLOOKUP(MID($C35,2,1), 音調表[八音調號], 音調表[羅馬拼音聲調按鍵]) ) -> / | I35: =IF($C35="", "", IF(OR($G35=4,$G35=8), _xlfn.CONCAT(LEFT($C35),"（促）"), _xlfn.CONCAT(LEFT($C35),"（舒）"))) -> 恭（舒） | J35: =IF($C35="", "", _xlfn.XLOOKUP($I35, 十五音韻母表[十五音],十五音韻母表[台羅拼音]) ) -> iong | K35: =IF($C35="","",_xlfn.CONCAT(J35,H35,F35)) -> iong/Ø | L35: =IF($C35="", "", LEN($D35)) -> 5 | M35: =IF($C35="", "", LEN($J35)+1) -> 5 | N35: =IF($M35="","", IF(MID($K35,N$4,1)="Ø", 零聲母, MID($K35,N$4,1))) -> i | O35: =IF($M35="","", IF(MID($K35,O$4,1)="Ø", 零聲母, MID($K35,O$4,1))) -> o | P35: =IF($M35="","", IF(MID($K35,P$4,1)="Ø", 零聲母, MID($K35,P$4,1))) -> n | Q35: =IF($M35="","", IF(MID($K35,Q$4,1)="Ø", 零聲母, MID($K35,Q$4,1))) -> g | R35: =IF($M35="","", IF(MID($K35,R$4,1)="Ø", 零聲母, MID($K35,R$4,1))) -> / | S35: =IF($M35="","", IF(MID($K35,S$4,1)="Ø", 零聲母, MID($K35,S$4,1))) -> q | T35: =IF($M35="","", IF(MID($K35,T$4,1)="Ø", 零聲母, MID($K35,T$4,1))) | U35: =IF($M35="","", IF(MID($K35,U$4,1)="Ø", 零聲母, MID($K35,U$4,1)))
B36: 柳 | C36: 丩二柳 | D36: =IF(LEFT($E36)="Ø",SUBSTITUTE($E36, "Ø", ""), $E36) -> liu2 | E36: =IF($C36="","", _xlfn.CONCAT($F36, $J36, $G36)) -> liu2 | F36: =IFERROR( _xlfn.XLOOKUP(RIGHT($C36), 十五音聲母表[十八音],十五音聲母表[台羅拼音]), "" ) -> l | G36: =IF($C36="", "", _xlfn.XLOOKUP(MID(C36,2,1), 音調表[八音調號], 音調表[台羅調號]) ) -> 2 | H36: =IF($C36="", "", _xlfn.XLOOKUP(MID($C36,2,1), 音調表[八音調號], 音調表[羅馬拼音聲調按鍵]) ) -> \ | I36: =IF($C36="", "", IF(OR($G36=4,$G36=8), _xlfn.CONCAT(LEFT($C36),"（促）"), _xlfn.CONCAT(LEFT($C36),"（舒）"))) -> 丩（舒） | J36: =IF($C36="", "", _xlfn.XLOOKUP($I36, 十五音韻母表[十五音],十五音韻母表[台羅拼音]) ) -> iu | K36: =IF($C36="","",_xlfn.CONCAT(J36,H36,F36)) -> iu\l | L36: =IF($C36="", "", LEN($D36)) -> 4 | M36: =IF($C36="", "", LEN($J36)+1) -> 3 | N36: =IF($M36="","", IF(MID($K36,N$4,1)="Ø", 零聲母, MID($K36,N$4,1))) -> i | O36: =IF($M36="","", IF(MID($K36,O$4,1)="Ø", 零聲母, MID($K36,O$4,1))) -> u | P36: =IF($M36="","", IF(MID($K36,P$4,1)="Ø", 零聲母, MID($K36,P$4,1))) -> \ | Q36: =IF($M36="","", IF(MID($K36,Q$4,1)="Ø", 零聲母, MID($K36,Q$4,1))) -> l | R36: =IF($M36="","", IF(MID($K36,R$4,1)="Ø", 零聲母, MID($K36,R$4,1))) | S36: =IF($M36="","", IF(MID($K36,S$4,1)="Ø", 零聲母, MID($K36,S$4,1))) | T36: =IF($M36="","", IF(MID($K36,T$4,1)="Ø", 零聲母, MID($K36,T$4,1))) | U36: =IF($M36="","", IF(MID($K36,U$4,1)="Ø", 零聲母, MID($K36,U$4,1)))
B37: ， | D37: =IF(LEFT($E37)="Ø",SUBSTITUTE($E37, "Ø", ""), $E37) | E37: =IF($C37="","", _xlfn.CONCAT($F37, $J37, $G37)) | F37: =IFERROR( _xlfn.XLOOKUP(RIGHT($C37), 十五音聲母表[十八音],十五音聲母表[台羅拼音]), "" ) | G37: =IF($C37="", "", _xlfn.XLOOKUP(MID(C37,2,1), 音調表[八音調號], 音調表[台羅調號]) ) | H37: =IF($C37="", "", _xlfn.XLOOKUP(MID($C37,2,1), 音調表[八音調號], 音調表[羅馬拼音聲調按鍵]) ) | I37: =IF($C37="", "", IF(OR($G37=4,$G37=8), _xlfn.CONCAT(LEFT($C37),"（促）"), _xlfn.CONCAT(LEFT($C37),"（舒）"))) | J37: =IF($C37="", "", _xlfn.XLOOKUP($I37, 十五音韻母表[十五音],十五音韻母表[台羅拼音]) ) | K37: =IF($C37="","",_xlfn.CONCAT(J37,H37,F37)) | L37: =IF($C37="", "", LEN($D37)) | M37: =IF($C37="", "", LEN($J37)+1) | N37: =IF($M37="","", IF(MID($K37,N$4,1)="Ø", 零聲母, MID($K37,N$4,1))) | O37: =IF($M37="","", IF(MID($K37,O$4,1)="Ø", 零聲母, MID($K37,O$4,1))) | P37: =IF($M37="","", IF(MID($K37,P$4,1)="Ø", 零聲母, MID($K37,P$4,1))) | Q37: =IF($M37="","", IF(MID($K37,Q$4,1)="Ø", 零聲母, MID($K37,Q$4,1))) | R37: =IF($M37="","", IF(MID($K37,R$4,1)="Ø", 零聲母, MID($K37,R$4,1))) | S37: =IF($M37="","", IF(MID($K37,S$4,1)="Ø", 零聲母, MID($K37,S$4,1))) | T37: =IF($M37="","", IF(MID($K37,T$4,1)="Ø", 零聲母, MID($K37,T$4,1))) | U37: =IF($M37="","", IF(MID($K37,U$4,1)="Ø", 零聲母, MID($K37,U$4,1)))
B38: 春 | C38: 君一出 | D38: =IF(LEFT($E38)="Ø",SUBSTITUTE($E38, "Ø", ""), $E38) -> tshun1 | E38: =IF($C38="","", _xlfn.CONCAT($F38, $J38, $G38)) -> tshun1 | F38: =IFERROR( _xlfn.XLOOKUP(RIGHT($C38), 十五音聲母表[十八音],十五音聲母表[台羅拼音]), "" ) -> tsh | G38: =IF($C38="", "", _xlfn.XLOOKUP(MID(C38,2,1), 音調表[八音調號], 音調表[台羅調號]) ) -> 1 | H38: =IF($C38="", "", _xlfn.XLOOKUP(MID($C38,2,1), 音調表[八音調號], 音調表[羅馬拼音聲調按鍵]) ) -> ; | I38: =IF($C38="", "", IF(OR($G38=4,$G38=8), _xlfn.CONCAT(LEFT($C38),"（促）"), _xlfn.CONCAT(LEFT($C38),"（舒）"))) -> 君（舒） | J38: =IF($C38="", "", _xlfn.XLOOKUP($I38, 十五音韻母表[十五音],十五音韻母表[台羅拼音]) ) -> un | K38: =IF($C38="","",_xlfn.CONCAT(J38,H38,F38)) -> un;tsh | L38: =IF($C38="", "", LEN($D38)) -> 6 | M38: =IF($C38="", "", LEN($J38)+1) -> 3 | N38: =IF($M38="","", IF(MID($K38,N$4,1)="Ø", 零聲母, MID($K38,N$4,1))) -> u | O38: =IF($M38="","", IF(MID($K38,O$4,1)="Ø", 零聲母, MID($K38,O$4,1))) -> n | P38: =IF($M38="","", IF(MID($K38,P$4,1)="Ø", 零聲母, MID($K38,P$4,1))) -> ; | Q38: =IF($M38="","", IF(MID($K38,Q$4,1)="Ø", 零聲母, MID($K38,Q$4,1))) -> t | R38: =IF($M38="","", IF(MID($K38,R$4,1)="Ø", 零聲母, MID($K38,R$4,1))) -> s | S38: =IF($M38="","", IF(MID($K38,S$4,1)="Ø", 零聲母, MID($K38,S$4,1))) -> h | T38: =IF($M38="","", IF(MID($K38,T$4,1)="Ø", 零聲母, MID($K38,T$4,1))) | U38: =IF($M38="","", IF(MID($K38,U$4,1)="Ø", 零聲母, MID($K38,U$4,1)))
B39: 風 | C39: 公一喜 | D39: =IF(LEFT($E39)="Ø",SUBSTITUTE($E39, "Ø", ""), $E39) -> hong1 | E39: =IF($C39="","", _xlfn.CONCAT($F39, $J39, $G39)) -> hong1 | F39: =IFERROR( _xlfn.XLOOKUP(RIGHT($C39), 十五音聲母表[十八音],十五音聲母表[台羅拼音]), "" ) -> h | G39: =IF($C39="", "", _xlfn.XLOOKUP(MID(C39,2,1), 音調表[八音調號], 音調表[台羅調號]) ) -> 1 | H39: =IF($C39="", "", _xlfn.XLOOKUP(MID($C39,2,1), 音調表[八音調號], 音調表[羅馬拼音聲調按鍵]) ) -> ; | I39: =IF($C39="", "", IF(OR($G39=4,$G39=8), _xlfn.CONCAT(LEFT($C39),"（促）"), _xlfn.CONCAT(LEFT($C39),"（舒）"))) -> 公（舒） | J39: =IF($C39="", "", _xlfn.XLOOKUP($I39, 十五音韻母表[十五音],十五音韻母表[台羅拼音]) ) -> ong | K39: =IF($C39="","",_xlfn.CONCAT(J39,H39,F39)) -> ong;h | L39: =IF($C39="", "", LEN($D39)) -> 5 | M39: =IF($C39="", "", LEN($J39)+1) -> 4 | N39: =IF($M39="","", IF(MID($K39,N$4,1)="Ø", 零聲母, MID($K39,N$4,1))) -> o | O39: =IF($M39="","", IF(MID($K39,O$4,1)="Ø", 零聲母, MID($K39,O$4,1))) -> n | P39: =IF($M39="","", IF(MID($K39,P$4,1)="Ø", 零聲母, MID($K39,P$4,1))) -> g | Q39: =IF($M39="","", IF(MID($K39,Q$4,1)="Ø", 零聲母, MID($K39,Q$4,1))) -> ; | R39: =IF($M39="","", IF(MID($K39,R$4,1)="Ø", 零聲母, MID($K39,R$4,1))) -> h | S39: =IF($M39="","", IF(MID($K39,S$4,1)="Ø", 零聲母, MID($K39,S$4,1))) | T39: =IF($M39="","", IF(MID($K39,T$4,1)="Ø", 零聲母, MID($K39,T$4,1))) | U39: =IF($M39="","", IF(MID($K39,U$4,1)="Ø", 零聲母, MID($K39,U$4,1)))
B40: 不 | C40: 君四邊 | D40: =IF(LEFT($E40)="Ø",SUBSTITUTE($E40, "Ø", ""), $E40) -> put4 | E40: =IF($C40="","", _xlfn.CONCAT($F40, $J40, $G40)) -> put4 | F40: =IFERROR( _xlfn.XLOOKUP(RIGHT($C40), 十五音聲母表[十八音],十五音聲母表[台羅拼音]), "" ) -> p | G40: =IF($C40="", "", _xlfn.XLOOKUP(MID(C40,2,1), 音調表[八音調號], 音調表[台羅調號]) ) -> 4 | H40: =IF($C40="", "", _xlfn.XLOOKUP(MID($C40,2,1), 音調表[八音調號], 音調表[羅馬拼音聲調按鍵]) ) -> [ | I40: =IF($C40="", "", IF(OR($G40=4,$G40=8), _xlfn.CONCAT(LEFT($C40),"（促）"), _xlfn.CONCAT(LEFT($C40),"（舒）"))) -> 君（促） | J40: =IF($C40="", "", _xlfn.XLOOKUP($I40, 十五音韻母表[十五音],十五音韻母表[台羅拼音]) ) -> ut | K40: =IF($C40="","",_xlfn.CONCAT(J40,H40,F40)) -> ut[p | L40: =IF($C40="", "", LEN($D40)) -> 4 | M40: =IF($C40="", "", LEN($J40)+1) -> 3 | N40: =IF($M40="","", IF(MID($K40,N$4,1)="Ø", 零聲母, MID($K40,N$4,1))) -> u | O40: =IF($M40="","", IF(MID($K40,O$4,1)="Ø", 零聲母, MID($K40,O$4,1))) -> t | P40: =IF($M40="","", IF(MID($K40,P$4,1)="Ø", 零聲母, MID($K40,P$4,1))) -> [ | Q40: =IF($M40="","", IF(MID($K40,Q$4,1)="Ø", 零聲母, MID($K40,Q$4,1))) -> p | R40: =IF($M40="","", IF(MID($K40,R$4,1)="Ø", 零聲母, MID($K40,R$4,1))) | S40: =IF($M40="","", IF(MID($K40,S$4,1)="Ø", 零聲母, MID($K40,S$4,1))) | T40: =IF($M40="","", IF(MID($K40,T$4,1)="Ø", 零聲母, MID($K40,T$4,1))) | U40: =IF($M40="","", IF(MID($K40,U$4,1)="Ø", 零聲母, MID($K40,U$4,1)))
B41: 度 | C41: 沽七地 | D41: =IF(LEFT($E41)="Ø",SUBSTITUTE($E41, "Ø", ""), $E41) -> too7 | E41: =IF($C41="","", _xlfn.CONCAT($F41, $J41, $G41)) -> too7 | F41: =IFERROR( _xlfn.XLOOKUP(RIGHT($C41), 十五音聲母表[十八音],十五音聲母表[台羅拼音]), "" ) -> t | G41: =IF($C41="", "", _xlfn.XLOOKUP(MID(C41,2,1), 音調表[八音調號], 音調表[台羅調號]) ) -> 7 | H41: =IF($C41="", "", _xlfn.XLOOKUP(MID($C41,2,1), 音調表[八音調號], 音調表[羅馬拼音聲調按鍵]) ) -> - | I41: =IF($C41="", "", IF(OR($G41=4,$G41=8), _xlfn.CONCAT(LEFT($C41),"（促）"), _xlfn.CONCAT(LEFT($C41),"（舒）"))) -> 沽（舒） | J41: =IF($C41="", "", _xlfn.XLOOKUP($I41, 十五音韻母表[十五音],十五音韻母表[台羅拼音]) ) -> oo | K41: =IF($C41="","",_xlfn.CONCAT(J41,H41,F41)) -> oo-t | L41: =IF($C41="", "", LEN($D41)) -> 4 | M41: =IF($C41="", "", LEN($J41)+1) -> 3 | N41: =IF($M41="","", IF(MID($K41,N$4,1)="Ø", 零聲母, MID($K41,N$4,1))) -> o | O41: =IF($M41="","", IF(MID($K41,O$4,1)="Ø", 零聲母, MID($K41,O$4,1))) -> o | P41: =IF($M41="","", IF(MID($K41,P$4,1)="Ø", 零聲母, MID($K41,P$4,1))) -> - | Q41: =IF($M41="","", IF(MID($K41,Q$4,1)="Ø", 零聲母, MID($K41,Q$4,1))) -> t | R41: =IF($M41="","", IF(MID($K41,R$4,1)="Ø", 零聲母, MID($K41,R$4,1))) | S41: =IF($M41="","", IF(MID($K41,S$4,1)="Ø", 零聲母, MID($K41,S$4,1))) | T41: =IF($M41="","", IF(MID($K41,T$4,1)="Ø", 零聲母, MID($K41,T$4,1))) | U41: =IF($M41="","", IF(MID($K41,U$4,1)="Ø", 零聲母, MID($K41,U$4,1)))
B42: 玉 | C42: 恭八語 | D42: =IF(LEFT($E42)="Ø",SUBSTITUTE($E42, "Ø", ""), $E42) -> giok8 | E42: =IF($C42="","", _xlfn.CONCAT($F42, $J42, $G42)) -> giok8 | F42: =IFERROR( _xlfn.XLOOKUP(RIGHT($C42), 十五音聲母表[十八音],十五音聲母表[台羅拼音]), "" ) -> g | G42: =IF($C42="", "", _xlfn.XLOOKUP(MID(C42,2,1), 音調表[八音調號], 音調表[台羅調號]) ) -> 8 | H42: =IF($C42="", "", _xlfn.XLOOKUP(MID($C42,2,1), 音調表[八音調號], 音調表[羅馬拼音聲調按鍵]) ) -> ] | I42: =IF($C42="", "", IF(OR($G42=4,$G42=8), _xlfn.CONCAT(LEFT($C42),"（促）"), _xlfn.CONCAT(LEFT($C42),"（舒）"))) -> 恭（促） | J42: =IF($C42="", "", _xlfn.XLOOKUP($I42, 十五音韻母表[十五音],十五音韻母表[台羅拼音]) ) -> iok | K42: =IF($C42="","",_xlfn.CONCAT(J42,H42,F42)) -> iok]g | L42: =IF($C42="", "", LEN($D42)) -> 5 | M42: =IF($C42="", "", LEN($J42)+1) -> 4 | N42: =IF($M42="","", IF(MID($K42,N$4,1)="Ø", 零聲母, MID($K42,N$4,1))) -> i | O42: =IF($M42="","", IF(MID($K42,O$4,1)="Ø", 零聲母, MID($K42,O$4,1))) -> o | P42: =IF($M42="","", IF(MID($K42,P$4,1)="Ø", 零聲母, MID($K42,P$4,1))) -> k | Q42: =IF($M42="","", IF(MID($K42,Q$4,1)="Ø", 零聲母, MID($K42,Q$4,1))) -> ] | R42: =IF($M42="","", IF(MID($K42,R$4,1)="Ø", 零聲母, MID($K42,R$4,1))) -> g | S42: =IF($M42="","", IF(MID($K42,S$4,1)="Ø", 零聲母, MID($K42,S$4,1))) | T42: =IF($M42="","", IF(MID($K42,T$4,1)="Ø", 零聲母, MID($K42,T$4,1))) | U42: =IF($M42="","", IF(MID($K42,U$4,1)="Ø", 零聲母, MID($K42,U$4,1)))
B43: 門 | C43: 君五門 | D43: =IF(LEFT($E43)="Ø",SUBSTITUTE($E43, "Ø", ""), $E43) -> bun5 | E43: =IF($C43="","", _xlfn.CONCAT($F43, $J43, $G43)) -> bun5 | F43: =IFERROR( _xlfn.XLOOKUP(RIGHT($C43), 十五音聲母表[十八音],十五音聲母表[台羅拼音]), "" ) -> b | G43: =IF($C43="", "", _xlfn.XLOOKUP(MID(C43,2,1), 音調表[八音調號], 音調表[台羅調號]) ) -> 5 | H43: =IF($C43="", "", _xlfn.XLOOKUP(MID($C43,2,1), 音調表[八音調號], 音調表[羅馬拼音聲調按鍵]) ) -> / | I43: =IF($C43="", "", IF(OR($G43=4,$G43=8), _xlfn.CONCAT(LEFT($C43),"（促）"), _xlfn.CONCAT(LEFT($C43),"（舒）"))) -> 君（舒） | J43: =IF($C43="", "", _xlfn.XLOOKUP($I43, 十五音韻母表[十五音],十五音韻母表[台羅拼音]) ) -> un | K43: =IF($C43="","",_xlfn.CONCAT(J43,H43,F43)) -> un/b | L43: =IF($C43="", "", LEN($D43)) -> 4 | M43: =IF($C43="", "", LEN($J43)+1) -> 3 | N43: =IF($M43="","", IF(MID($K43,N$4,1)="Ø", 零聲母, MID($K43,N$4,1))) -> u | O43: =IF($M43="","", IF(MID($K43,O$4,1)="Ø", 零聲母, MID($K43,O$4,1))) -> n | P43: =IF($M43="","", IF(MID($K43,P$4,1)="Ø", 零聲母, MID($K43,P$4,1))) -> / | Q43: =IF($M43="","", IF(MID($K43,Q$4,1)="Ø", 零聲母, MID($K43,Q$4,1))) -> b | R43: =IF($M43="","", IF(MID($K43,R$4,1)="Ø", 零聲母, MID($K43,R$4,1))) | S43: =IF($M43="","", IF(MID($K43,S$4,1)="Ø", 零聲母, MID($K43,S$4,1))) | T43: =IF($M43="","", IF(MID($K43,T$4,1)="Ø", 零聲母, MID($K43,T$4,1))) | U43: =IF($M43="","", IF(MID($K43,U$4,1)="Ø", 零聲母, MID($K43,U$4,1)))
B44: 關 | C44: 觀一求 | D44: =IF(LEFT($E44)="Ø",SUBSTITUTE($E44, "Ø", ""), $E44) -> kuan1 | E44: =IF($C44="","", _xlfn.CONCAT($F44, $J44, $G44)) -> kuan1 | F44: =IFERROR( _xlfn.XLOOKUP(RIGHT($C44), 十五音聲母表[十八音],十五音聲母表[台羅拼音]), "" ) -> k | G44: =IF($C44="", "", _xlfn.XLOOKUP(MID(C44,2,1), 音調表[八音調號], 音調表[台羅調號]) ) -> 1 | H44: =IF($C44="", "", _xlfn.XLOOKUP(MID($C44,2,1), 音調表[八音調號], 音調表[羅馬拼音聲調按鍵]) ) -> ; | I44: =IF($C44="", "", IF(OR($G44=4,$G44=8), _xlfn.CONCAT(LEFT($C44),"（促）"), _xlfn.CONCAT(LEFT($C44),"（舒）"))) -> 觀（舒） | J44: =IF($C44="", "", _xlfn.XLOOKUP($I44, 十五音韻母表[十五音],十五音韻母表[台羅拼音]) ) -> uan | K44: =IF($C44="","",_xlfn.CONCAT(J44,H44,F44)) -> uan;k | L44: =IF($C44="", "", LEN($D44)) -> 5 | M44: =IF($C44="", "", LEN($J44)+1) -> 4 | N44: =IF($M44="","", IF(MID($K44,N$4,1)="Ø", 零聲母, MID($K44,N$4,1))) -> u | O44: =IF($M44="","", IF(MID($K44,O$4,1)="Ø", 零聲母, MID($K44,O$4,1))) -> a | P44: =IF($M44="","", IF(MID($K44,P$4,1)="Ø", 零聲母, MID($K44,P$4,1))) -> n | Q44: =IF($M44="","", IF(MID($K44,Q$4,1)="Ø", 零聲母, MID($K44,Q$4,1))) -> ; | R44: =IF($M44="","", IF(MID($K44,R$4,1)="Ø", 零聲母, MID($K44,R$4,1))) -> k | S44: =IF($M44="","", IF(MID($K44,S$4,1)="Ø", 零聲母, MID($K44,S$4,1))) | T44: =IF($M44="","", IF(MID($K44,T$4,1)="Ø", 零聲母, MID($K44,T$4,1))) | U44: =IF($M44="","", IF(MID($K44,U$4,1)="Ø", 零聲母, MID($K44,U$4,1)))
B45: 。 | D45: =IF(LEFT($E45)="Ø",SUBSTITUTE($E45, "Ø", ""), $E45) | E45: =IF($C45="","", _xlfn.CONCAT($F45, $J45, $G45)) | F45: =IFERROR( _xlfn.XLOOKUP(RIGHT($C45), 十五音聲母表[十八音],十五音聲母表[台羅拼音]), "" ) | G45: =IF($C45="", "", _xlfn.XLOOKUP(MID(C45,2,1), 音調表[八音調號], 音調表[台羅調號]) ) | H45: =IF($C45="", "", _xlfn.XLOOKUP(MID($C45,2,1), 音調表[八音調號], 音調表[羅馬拼音聲調按鍵]) ) | I45: =IF($C45="", "", IF(OR($G45=4,$G45=8), _xlfn.CONCAT(LEFT($C45),"（促）"), _xlfn.CONCAT(LEFT($C45),"（舒）"))) | J45: =IF($C45="", "", _xlfn.XLOOKUP($I45, 十五音韻母表[十五音],十五音韻母表[台羅拼音]) ) | K45: =IF($C45="","",_xlfn.CONCAT(J45,H45,F45)) | L45: =IF($C45="", "", LEN($D45)) | M45: =IF($C45="", "", LEN($J45)+1) | N45: =IF($M45="","", IF(MID($K45,N$4,1)="Ø", 零聲母, MID($K45,N$4,1))) | O45: =IF($M45="","", IF(MID($K45,O$4,1)="Ø", 零聲母, MID($K45,O$4,1))) | P45: =IF($M45="","", IF(MID($K45,P$4,1)="Ø", 零聲母, MID($K45,P$4,1))) | Q45: =IF($M45="","", IF(MID($K45,Q$4,1)="Ø", 零聲母, MID($K45,Q$4,1))) | R45: =IF($M45="","", IF(MID($K45,R$4,1)="Ø", 零聲母, MID($K45,R$4,1))) | S45: =IF($M45="","", IF(MID($K45,S$4,1)="Ø", 零聲母, MID($K45,S$4,1))) | T45: =IF($M45="","", IF(MID($K45,T$4,1)="Ø", 零聲母, MID($K45,T$4,1))) | U45: =IF($M45="","", IF(MID($K45,U$4,1)="Ø", 零聲母, MID($K45,U$4,1)))

Sheet 打字練習表【台語注音二式】
B1: 聲母 | C1: 零ㄅㄆㄇㆠㄉㄊㄋㄌㄍㄎㆣㄏㄗㄘㆡㄙㄐㄑㆢㄒ | H1: 零聲母 | I1: q
B3: 漢字 | C3: 十五音 | D3: 注音符號/ 拼音字母 | E3: 含零聲母 | F3: 聲母 | G3: 音調 | H3: 音調按鍵 | I3: 字母 | J3: 韻母 | K3: 輸入順序 | L3: 字長 | M3: 調號位置 | N3: 鍵盤按鍵
N4: 1 | O4: 2 | P4: 3 | Q4: 4 | R4: 5 | S4: 6 | T4: 7 | U4: 8
B5: 《 | D5: =IF(LEFT($E5)="Ø",SUBSTITUTE($E5, "Ø", ""), $E5) | E5: =IF($C5="","", _xlfn.CONCAT($F5, $J5, $G5)) | F5: =IFERROR( _xlfn.XLOOKUP(RIGHT($C5), 十五音聲母表[十八音],十五音聲母表[注音二式]), "" ) | G5: =IF($C5="", "", _xlfn.XLOOKUP(MID(C5,2,1), 音調表[八音調號], 音調表[台羅調號]) ) | H5: =IF($C5="", "", _xlfn.XLOOKUP(MID($C5,2,1), 音調表[八音調號], 音調表[羅馬拼音聲調按鍵]) ) | I5: =IF($C5="", "", IF(OR($G5=4,$G5=8), _xlfn.CONCAT(LEFT($C5),"（促）"), _xlfn.CONCAT(LEFT($C5),"（舒）"))) | J5: =IF($C5="", "", _xlfn.XLOOKUP($I5, 十五音韻母表[十五音],十五音韻母表[注音二式]) ) | K5: =IF($C5="","",_xlfn.CONCAT(J5,H5,F5)) | L5: =IF($C5="", "", LEN($E5)) | M5: =IF($C5="", "", LEN($J5)+1) | N5: =IF($M5="","", IF(MID($K5,N$4,1)="Ø", 零聲母, MID($K5,N$4,1))) | O5: =IF($M5="","", IF(MID($K5,O$4,1)="Ø", 零聲母, MID($K5,O$4,1))) | P5: =IF($M5="","", IF(MID($K5,P$4,1)="Ø", 零聲母, MID($K5,P$4,1))) | Q5: =IF($M5="","", IF(MID($K5,Q$4,1)="Ø", 零聲母, MID($K5,Q$4,1))) | R5: =IF($M5="","", IF(MID($K5,R$4,1)="Ø", 零聲母, MID($K5,R$4,1))) | S5: =IF($M5="","", IF(MID($K5,S$4,1)="Ø", 零聲母, MID($K5,S$4,1))) | T5: =IF($M5="","", IF(MID($K5,T$4,1)="Ø", 零聲母, MID($K5,T$4,1))) | U5: =IF($M5="","", IF(MID($K5,U$4,1)="Ø", 零聲母, MID($K5,U$4,1)))
B6: 涼 | C6: 姜五柳 | D6: =IF(LEFT($E6)="Ø",SUBSTITUTE($E6, "Ø", ""), $E6) -> liang5 | E6: =IF($C6="","", _xlfn.CONCAT($F6, $J6, $G6)) -> liang5 | F6: =IFERROR( _xlfn.XLOOKUP(RIGHT($C6), 十五音聲母表[十八音],十五音聲母表[注音二式]), "" ) -> l | G6: =IF($C6="", "", _xlfn.XLOOKUP(MID(C6,2,1), 音調表[八音調號], 音調表[台羅調號]) ) -> 5 | H6: =IF($C6="", "", _xlfn.XLOOKUP(MID($C6,2,1), 音調表[八音調號], 音調表[羅馬拼音聲調按鍵]) ) -> / | I6: =IF($C6="", "", IF(OR($G6=4,$G6=8), _xlfn.CONCAT(LEFT($C6),"（促）"), _xlfn.CONCAT(LEFT($C6),"（舒）"))) -> 姜（舒） | J6: =IF($C6="", "", _xlfn.XLOOKUP($I6, 十五音韻母表[十五音],十五音韻母表[注音二式]) ) -> iang | K6: =IF($C6="","",_xlfn.CONCAT(J6,H6,F6)) -> iang/l | L6: =IF($C6="", "", LEN($E6)) -> 6 | M6: =IF($C6="", "", LEN($J6)+1) -> 5 | N6: =IF($M6="","", IF(MID($K6,N$4,1)="Ø", 零聲母, MID($K6,N$4,1))) -> i | O6: =IF($M6="","", IF(MID($K6,O$4,1)="Ø", 零聲母, MID($K6,O$4,1))) -> a | P6: =IF($M6="","", IF(MID($K6,P$4,1)="Ø", 零聲母, MID($K6,P$4,1))) -> n | Q6: =IF($M6="","", IF(MID($K6,Q$4,1)="Ø", 零聲母, MID($K6,Q$4,1))) -> g | R6: =IF($M6="","", IF(MID($K6,R$4,1)="Ø", 零聲母, MID($K6,R$4,1))) -> / | S6: =IF($M6="","", IF(MID($K6,S$4,1)="Ø", 零聲母, MID($K6,S$4,1))) -> l | T6: =IF($M6="","", IF(MID($K6,T$4,1)="Ø", 零聲母, MID($K6,T$4,1))) | U6: =IF($M6="","", IF(MID($K6,U$4,1)="Ø", 零聲母, MID($K6,U$4,1)))
B7: 州 | C7: 丩一曾 | D7: =IF(LEFT($E7)="Ø",SUBSTITUTE($E7, "Ø", ""), $E7) -> ziu1 | E7: =IF($C7="","", _xlfn.CONCAT($F7, $J7, $G7)) -> ziu1 | F7: =IFERROR( _xlfn.XLOOKUP(RIGHT($C7), 十五音聲母表[十八音],十五音聲母表[注音二式]), "" ) -> z | G7: =IF($C7="", "", _xlfn.XLOOKUP(MID(C7,2,1), 音調表[八音調號], 音調表[台羅調號]) ) -> 1 | H7: =IF($C7="", "", _xlfn.XLOOKUP(MID($C7,2,1), 音調表[八音調號], 音調表[羅馬拼音聲調按鍵]) ) -> ; | I7: =IF($C7="", "", IF(OR($G7=4,$G7=8), _xlfn.CONCAT(LEFT($C7),"（促）"), _xlfn.CONCAT(LEFT($C7),"（舒）"))) -> 丩（舒） | J7: =IF($C7="", "", _xlfn.XLOOKUP($I7, 十五音韻母表[十五音],十五音韻母表[注音二式]) ) -> iu | K7: =IF($C7="","",_xlfn.CONCAT(J7,H7,F7)) -> iu;z | L7: =IF($C7="", "", LEN($E7)) -> 4 | M7: =IF($C7="", "", LEN($J7)+1) -> 3 | N7: =IF($M7="","", IF(MID($K7,N$4,1)="Ø", 零聲母, MID($K7,N$4,1))) -> i | O7: =IF($M7="","", IF(MID($K7,O$4,1)="Ø", 零聲母, MID($K7,O$4,1))) -> u | P7: =IF($M7="","", IF(MID($K7,P$4,1)="Ø", 零聲母, MID($K7,P$4,1))) -> ; | Q7: =IF($M7="","", IF(MID($K7,Q$4,1)="Ø", 零聲母, MID($K7,Q$4,1))) -> z | R7: =IF($M7="","", IF(MID($K7,R$4,1)="Ø", 零聲母, MID($K7,R$4,1))) | S7: =IF($M7="","", IF(MID($K7,S$4,1)="Ø", 零聲母, MID($K7,S$4,1))) | T7: =IF($M7="","", IF(MID($K7,T$4,1)="Ø", 零聲母, MID($K7,T$4,1))) | U7: =IF($M7="","", IF(MID($K7,U$4,1)="Ø", 零聲母, MID($K7,U$4,1)))
B8: 詞 | C8: 艍五時 | D8: =IF(LEFT($E8)="Ø",SUBSTITUTE($E8, "Ø", ""), $E8) -> su5 | E8: =IF($C8="","", _xlfn.CONCAT($F8, $J8, $G8)) -> su5 | F8: =IFERROR( _xlfn.XLOOKUP(RIGHT($C8), 十五音聲母表[十八音],十五音聲母表[注音二式]), "" ) -> s | G8: =IF($C8="", "", _xlfn.XLOOKUP(MID(C8,2,1), 音調表[八音調號], 音調表[台羅調號]) ) -> 5 | H8: =IF($C8="", "", _xlfn.XLOOKUP(MID($C8,2,1), 音調表[八音調號], 音調表[羅馬拼音聲調按鍵]) ) -> / | I8: =IF($C8="", "", IF(OR($G8=4,$G8=8), _xlfn.CONCAT(LEFT($C8),"（促）"), _xlfn.CONCAT(LEFT($C8),"（舒）"))) -> 艍（舒） | J8: =IF($C8="", "", _xlfn.XLOOKUP($I8, 十五音韻母表[十五音],十五音韻母表[注音二式]) ) -> u | K8: =IF($C8="","",_xlfn.CONCAT(J8,H8,F8)) -> u/s | L8: =IF($C8="", "", LEN($E8)) -> 3 | M8: =IF($C8="", "", LEN($J8)+1) -> 2 | N8: =IF($M8="","", IF(MID($K8,N$4,1)="Ø", 零聲母, MID($K8,N$4,1))) -> u | O8: =IF($M8="","", IF(MID($K8,O$4,1)="Ø", 零聲母, MID($K8,O$4,1))) -> / | P8: =IF($M8="","", IF(MID($K8,P$4,1)="Ø", 零聲母, MID($K8,P$4,1))) -> s | Q8: =IF($M8="","", IF(MID($K8,Q$4,1)="Ø", 零聲母, MID($K8,Q$4,1))) | R8: =IF($M8="","", IF(MID($K8,R$4,1)="Ø", 零聲母, MID($K8,R$4,1))) | S8: =IF($M8="","", IF(MID($K8,S$4,1)="Ø", 零聲母, MID($K8,S$4,1))) | T8: =IF($M8="","", IF(MID($K8,T$4,1)="Ø", 零聲母, MID($K8,T$4,1))) | U8: =IF($M8="","", IF(MID($K8,U$4,1)="Ø", 零聲母, MID($K8,U$4,1)))
B9: 》 | D9: =IF(LEFT($E9)="Ø",SUBSTITUTE($E9, "Ø", ""), $E9) | E9: =IF($C9="","", _xlfn.CONCAT($F9, $J9, $G9)) | F9: =IFERROR( _xlfn.XLOOKUP(RIGHT($C9), 十五音聲母表[十八音],十五音聲母表[注音二式]), "" ) | G9: =IF($C9="", "", _xlfn.XLOOKUP(MID(C9,2,1), 音調表[八音調號], 音調表[台羅調號]) ) | H9: =IF($C9="", "", _xlfn.XLOOKUP(MID($C9,2,1), 音調表[八音調號], 音調表[羅馬拼音聲調按鍵]) ) | I9: =IF($C9="", "", IF(OR($G9=4,$G9=8), _xlfn.CONCAT(LEFT($C9),"（促）"), _xlfn.CONCAT(LEFT($C9),"（舒）"))) | J9: =IF($C9="", "", _xlfn.XLOOKUP($I9, 十五音韻母表[十五音],十五音韻母表[注音二式]) ) | K9: =IF($C9="","",_xlfn.CONCAT(J9,H9,F9)) | L9: =IF($C9="", "", LEN($E9)) | M9: =IF($C9="", "", LEN($J9)+1) | N9: =IF($M9="","", IF(MID($K9,N$4,1)="Ø", 零聲母, MID($K9,N$4,1))) | O9: =IF($M9="","", IF(MID($K9,O$4,1)="Ø", 零聲母, MID($K9,O$4,1))) | P9: =IF($M9="","", IF(MID($K9,P$4,1)="Ø", 零聲母, MID($K9,P$4,1))) | Q9: =IF($M9="","", IF(MID($K9,Q$4,1)="Ø", 零聲母, MID($K9,Q$4,1))) | R9: =IF($M9="","", IF(MID($K9,R$4,1)="Ø", 零聲母, MID($K9,R$4,1))) | S9: =IF($M9="","", IF(MID($K9,S$4,1)="Ø", 零聲母, MID($K9,S$4,1))) | T9: =IF($M9="","", IF(MID($K9,T$4,1)="Ø", 零聲母, MID($K9,T$4,1))) | U9: =IF($M9="","", IF(MID($K9,U$4,1)="Ø", 零聲母, MID($K9,U$4,1)))
B10: 王 | C10: 公五英 | D10: =IF(LEFT($E10)="Ø",SUBSTITUTE($E10, "Ø", ""), $E10) -> ong5 | E10: =IF($C10="","", _xlfn.CONCAT($F10, $J10, $G10)) -> Øong5 | F10: =IFERROR( _xlfn.XLOOKUP(RIGHT($C10), 十五音聲母表[十八音],十五音聲母表[注音二式]), "" ) -> Ø | G10: =IF($C10="", "", _xlfn.XLOOKUP(MID(C10,2,1), 音調表[八音調號], 音調表[台羅調號]) ) -> 5 | H10: =IF($C10="", "", _xlfn.XLOOKUP(MID($C10,2,1), 音調表[八音調號], 音調表[羅馬拼音聲調按鍵]) ) -> / | I10: =IF($C10="", "", IF(OR($G10=4,$G10=8), _xlfn.CONCAT(LEFT($C10),"（促）"), _xlfn.CONCAT(LEFT($C10),"（舒）"))) -> 公（舒） | J10: =IF($C10="", "", _xlfn.XLOOKUP($I10, 十五音韻母表[十五音],十五音韻母表[注音二式]) ) -> ong | K10: =IF($C10="","",_xlfn.CONCAT(J10,H10,F10)) -> ong/Ø | L10: =IF($C10="", "", LEN($E10)) -> 5 | M10: =IF($C10="", "", LEN($J10)+1) -> 4 | N10: =IF($M10="","", IF(MID($K10,N$4,1)="Ø", 零聲母, MID($K10,N$4,1))) -> o | O10: =IF($M10="","", IF(MID($K10,O$4,1)="Ø", 零聲母, MID($K10,O$4,1))) -> n | P10: =IF($M10="","", IF(MID($K10,P$4,1)="Ø", 零聲母, MID($K10,P$4,1))) -> g | Q10: =IF($M10="","", IF(MID($K10,Q$4,1)="Ø", 零聲母, MID($K10,Q$4,1))) -> / | R10: =IF($M10="","", IF(MID($K10,R$4,1)="Ø", 零聲母, MID($K10,R$4,1))) -> q | S10: =IF($M10="","", IF(MID($K10,S$4,1)="Ø", 零聲母, MID($K10,S$4,1))) | T10: =IF($M10="","", IF(MID($K10,T$4,1)="Ø", 零聲母, MID($K10,T$4,1))) | U10: =IF($M10="","", IF(MID($K10,U$4,1)="Ø", 零聲母, MID($K10,U$4,1)))
B11: 之 | C11: 居一曾 | D11: =IF(LEFT($E11)="Ø",SUBSTITUTE($E11, "Ø", ""), $E11) -> zi1 | E11: =IF($C11="","", _xlfn.CONCAT($F11, $J11, $G11)) -> zi1 | F11: =IFERROR( _xlfn.XLOOKUP(RIGHT($C11), 十五音聲母表[十八音],十五音聲母表[注音二式]), "" ) -> z | G11: =IF($C11="", "", _xlfn.XLOOKUP(MID(C11,2,1), 音調表[八音調號], 音調表[台羅調號]) ) -> 1 | H11: =IF($C11="", "", _xlfn.XLOOKUP(MID($C11,2,1), 音調表[八音調號], 音調表[羅馬拼音聲調按鍵]) ) -> ; | I11: =IF($C11="", "", IF(OR($G11=4,$G11=8), _xlfn.CONCAT(LEFT($C11),"（促）"), _xlfn.CONCAT(LEFT($C11),"（舒）"))) -> 居（舒） | J11: =IF($C11="", "", _xlfn.XLOOKUP($I11, 十五音韻母表[十五音],十五音韻母表[注音二式]) ) -> i | K11: =IF($C11="","",_xlfn.CONCAT(J11,H11,F11)) -> i;z | L11: =IF($C11="", "", LEN($E11)) -> 3 | M11: =IF($C11="", "", LEN($J11)+1) -> 2 | N11: =IF($M11="","", IF(MID($K11,N$4,1)="Ø", 零聲母, MID($K11,N$4,1))) -> i | O11: =IF($M11="","", IF(MID($K11,O$4,1)="Ø", 零聲母, MID($K11,O$4,1))) -> ; | P11: =IF($M11="","", IF(MID($K11,P$4,1)="Ø", 零聲母, MID($K11,P$4,1))) -> z | Q11: =IF($M11="","", IF(MID($K11,Q$4,1)="Ø", 零聲母, MID($K11,Q$4,1))) | R11: =IF($M11="","", IF(MID($K11,R$4,1)="Ø", 零聲母, MID($K11,R$4,1))) | S11: =IF($M11="","", IF(MID($K11,S$4,1)="Ø", 零聲母, MID($K11,S$4,1))) | T11: =IF($M11="","", IF(MID($K11,T$4,1)="Ø", 零聲母, MID($K11,T$4,1))) | U11: =IF($M11="","", IF(MID($K11,U$4,1)="Ø", 零聲母, MID($K11,U$4,1)))
B12: 渙 | C12: 觀三喜 | D12: =IF(LEFT($E12)="Ø",SUBSTITUTE($E12, "Ø", ""), $E12) -> huan3 | E12: =IF($C12="","", _xlfn.CONCAT($F12, $J12, $G12)) -> huan3 | F12: =IFERROR( _xlfn.XLOOKUP(RIGHT($C12), 十五音聲母表[十八音],十五音聲母表[注音二式]), "" ) -> h | G12: =IF($C12="", "", _xlfn.XLOOKUP(MID(C12,2,1), 音調表[八音調號], 音調表[台羅調號]) ) -> 3 | H12: =IF($C12="", "", _xlfn.XLOOKUP(MID($C12,2,1), 音調表[八音調號], 音調表[羅馬拼音聲調按鍵]) ) -> _ | I12: =IF($C12="", "", IF(OR($G12=4,$G12=8), _xlfn.CONCAT(LEFT($C12),"（促）"), _xlfn.CONCAT(LEFT($C12),"（舒）"))) -> 觀（舒） | J12: =IF($C12="", "", _xlfn.XLOOKUP($I12, 十五音韻母表[十五音],十五音韻母表[注音二式]) ) -> uan | K12: =IF($C12="","",_xlfn.CONCAT(J12,H12,F12)) -> uan_h | L12: =IF($C12="", "", LEN($E12)) -> 5 | M12: =IF($C12="", "", LEN($J12)+1) -> 4 | N12: =IF($M12="","", IF(MID($K12,N$4,1)="Ø", 零聲母, MID($K12,N$4,1))) -> u | O12: =IF($M12="","", IF(MID($K12,O$4,1)="Ø", 零聲母, MID($K12,O$4,1))) -> a | P12: =IF($M12="","", IF(MID($K12,P$4,1)="Ø", 零聲母, MID($K12,P$4,1))) -> n | Q12: =IF($M12="","", IF(MID($K12,Q$4,1)="Ø", 零聲母, MID($K12,Q$4,1))) -> _ | R12: =IF($M12="","", IF(MID($K12,R$4,1)="Ø", 零聲母, MID($K12,R$4,1))) -> h | S12: =IF($M12="","", IF(MID($K12,S$4,1)="Ø", 零聲母, MID($K12,S$4,1))) | T12: =IF($M12="","", IF(MID($K12,T$4,1)="Ø", 零聲母, MID($K12,T$4,1))) | U12: =IF($M12="","", IF(MID($K12,U$4,1)="Ø", 零聲母, MID($K12,U$4,1)))
D13: =IF(LEFT($E13)="Ø",SUBSTITUTE($E13, "Ø", ""), $E13) | E13: =IF($C13="","", _xlfn.CONCAT($F13, $J13, $G13)) | F13: =IFERROR( _xlfn.XLOOKUP(RIGHT($C13), 十五音聲母表[十八音],十五音聲母表[注音二式]), "" ) | G13: =IF($C13="", "", _xlfn.XLOOKUP(MID(C13,2,1), 音調表[八音調號], 音調表[台羅調號]) ) | H13: =IF($C13="", "", _xlfn.XLOOKUP(MID($C13,2,1), 音調表[八音調號], 音調表[羅馬拼音聲調按鍵]) ) | I13: =IF($C13="", "", IF(OR($G13=4,$G13=8), _xlfn.CONCAT(LEFT($C13),"（促）"), _xlfn.CONCAT(LEFT($C13),"（舒）"))) | J13: =IF($C13="", "", _xlfn.XLOOKUP($I13, 十五音韻母表[十五音],十五音韻母表[注音二式]) ) | K13: =IF($C13="","",_xlfn.CONCAT(J13,H13,F13)) | L13: =IF($C13="", "", LEN($E13)) | M13: =IF($C13="", "", LEN($J13)+1) | N13: =IF($M13="","", IF(MID($K13,N$4,1)="Ø", 零聲母, MID($K13,N$4,1))) | O13: =IF($M13="","", IF(MID($K13,O$4,1)="Ø", 零聲母, MID($K13,O$4,1))) | P13: =IF($M13="","", IF(MID($K13,P$4,1)="Ø", 零聲母, MID($K13,P$4,1))) | Q13: =IF($M13="","", IF(MID($K13,Q$4,1)="Ø", 零聲母, MID($K13,Q$4,1))) | R13: =IF($M13="","", IF(MID($K13,R$4,1)="Ø", 零聲母, MID($K13,R$4,1))) | S13: =IF($M13="","", IF(MID($K13,S$4,1)="Ø", 零聲母, MID($K13,S$4,1))) | T13: =IF($M13="","", IF(MID($K13,T$4,1)="Ø", 零聲母, MID($K13,T$4,1))) | U13: =IF($M13="","", IF(MID($K13,U$4,1)="Ø", 零聲母, MID($K13,U$4,1)))
B14: 黃 | C14: 公五喜 | D14: =IF(LEFT($E14)="Ø",SUBSTITUTE($E14, "Ø", ""), $E14) -> hong5 | E14: =IF($C14="","", _xlfn.CONCAT($F14, $J14, $G14)) -> hong5 | F14: =IFERROR( _xlfn.XLOOKUP(RIGHT($C14), 十五音聲母表[十八音],十五音聲母表[注音二式]), "" ) -> h | G14: =IF($C14="", "", _xlfn.XLOOKUP(MID(C14,2,1), 音調表[八音調號], 音調表[台羅調號]) ) -> 5 | H14: =IF($C14="", "", _xlfn.XLOOKUP(MID($C14,2,1), 音調表[八音調號], 音調表[羅馬拼音聲調按鍵]) ) -> / | I14: =IF($C14="", "", IF(OR($G14=4,$G14=8), _xlfn.CONCAT(LEFT($C14),"（促）"), _xlfn.CONCAT(LEFT($C14),"（舒）"))) -> 公（舒） | J14: =IF($C14="", "", _xlfn.XLOOKUP($I14, 十五音韻母表[十五音],十五音韻母表[注音二式]) ) -> ong | K14: =IF($C14="","",_xlfn.CONCAT(J14,H14,F14)) -> ong/h | L14: =IF($C14="", "", LEN($E14)) -> 5 | M14: =IF($C14="", "", LEN($J14)+1) -> 4 | N14: =IF($M14="","", IF(MID($K14,N$4,1)="Ø", 零聲母, MID($K14,N$4,1))) -> o | O14: =IF($M14="","", IF(MID($K14,O$4,1)="Ø", 零聲母, MID($K14,O$4,1))) -> n | P14: =IF($M14="","", IF(MID($K14,P$4,1)="Ø", 零聲母, MID($K14,P$4,1))) -> g | Q14: =IF($M14="","", IF(MID($K14,Q$4,1)="Ø", 零聲母, MID($K14,Q$4,1))) -> / | R14: =IF($M14="","", IF(MID($K14,R$4,1)="Ø", 零聲母, MID($K14,R$4,1))) -> h | S14: =IF($M14="","", IF(MID($K14,S$4,1)="Ø", 零聲母, MID($K14,S$4,1))) | T14: =IF($M14="","", IF(MID($K14,T$4,1)="Ø", 零聲母, MID($K14,T$4,1))) | U14: =IF($M14="","", IF(MID($K14,U$4,1)="Ø", 零聲母, MID($K14,U$4,1)))
B15: 河 | C15: 高五喜 | D15: =IF(LEFT($E15)="Ø",SUBSTITUTE($E15, "Ø", ""), $E15) -> hor5 | E15: =IF($C15="","", _xlfn.CONCAT($F15, $J15, $G15)) -> hor5 | F15: =IFERROR( _xlfn.XLOOKUP(RIGHT($C15), 十五音聲母表[十八音],十五音聲母表[注音二式]), "" ) -> h | G15: =IF($C15="", "", _xlfn.XLOOKUP(MID(C15,2,1), 音調表[八音調號], 音調表[台羅調號]) ) -> 5 | H15: =IF($C15="", "", _xlfn.XLOOKUP(MID($C15,2,1), 音調表[八音調號], 音調表[羅馬拼音聲調按鍵]) ) -> / | I15: =IF($C15="", "", IF(OR($G15=4,$G15=8), _xlfn.CONCAT(LEFT($C15),"（促）"), _xlfn.CONCAT(LEFT($C15),"（舒）"))) -> 高（舒） | J15: =IF($C15="", "", _xlfn.XLOOKUP($I15, 十五音韻母表[十五音],十五音韻母表[注音二式]) ) -> or | K15: =IF($C15="","",_xlfn.CONCAT(J15,H15,F15)) -> or/h | L15: =IF($C15="", "", LEN($E15)) -> 4 | M15: =IF($C15="", "", LEN($J15)+1) -> 3 | N15: =IF($M15="","", IF(MID($K15,N$4,1)="Ø", 零聲母, MID($K15,N$4,1))) -> o | O15: =IF($M15="","", IF(MID($K15,O$4,1)="Ø", 零聲母, MID($K15,O$4,1))) -> r | P15: =IF($M15="","", IF(MID($K15,P$4,1)="Ø", 零聲母, MID($K15,P$4,1))) -> / | Q15: =IF($M15="","", IF(MID($K15,Q$4,1)="Ø", 零聲母, MID($K15,Q$4,1))) -> h | R15: =IF($M15="","", IF(MID($K15,R$4,1)="Ø", 零聲母, MID($K15,R$4,1))) | S15: =IF($M15="","", IF(MID($K15,S$4,1)="Ø", 零聲母, MID($K15,S$4,1))) | T15: =IF($M15="","", IF(MID($K15,T$4,1)="Ø", 零聲母, MID($K15,T$4,1))) | U15: =IF($M15="","", IF(MID($K15,U$4,1)="Ø", 零聲母, MID($K15,U$4,1)))
B16: 遠 | C16: 觀二英 | D16: =IF(LEFT($E16)="Ø",SUBSTITUTE($E16, "Ø", ""), $E16) -> uan2 | E16: =IF($C16="","", _xlfn.CONCAT($F16, $J16, $G16)) -> Øuan2 | F16: =IFERROR( _xlfn.XLOOKUP(RIGHT($C16), 十五音聲母表[十八音],十五音聲母表[注音二式]), "" ) -> Ø | G16: =IF($C16="", "", _xlfn.XLOOKUP(MID(C16,2,1), 音調表[八音調號], 音調表[台羅調號]) ) -> 2 | H16: =IF($C16="", "", _xlfn.XLOOKUP(MID($C16,2,1), 音調表[八音調號], 音調表[羅馬拼音聲調按鍵]) ) -> \ | I16: =IF($C16="", "", IF(OR($G16=4,$G16=8), _xlfn.CONCAT(LEFT($C16),"（促）"), _xlfn.CONCAT(LEFT($C16),"（舒）"))) -> 觀（舒） | J16: =IF($C16="", "", _xlfn.XLOOKUP($I16, 十五音韻母表[十五音],十五音韻母表[注音二式]) ) -> uan | K16: =IF($C16="","",_xlfn.CONCAT(J16,H16,F16)) -> uan\Ø | L16: =IF($C16="", "", LEN($E16)) -> 5 | M16: =IF($C16="", "", LEN($J16)+1) -> 4 | N16: =IF($M16="","", IF(MID($K16,N$4,1)="Ø", 零聲母, MID($K16,N$4,1))) -> u | O16: =IF($M16="","", IF(MID($K16,O$4,1)="Ø", 零聲母, MID($K16,O$4,1))) -> a | P16: =IF($M16="","", IF(MID($K16,P$4,1)="Ø", 零聲母, MID($K16,P$4,1))) -> n | Q16: =IF($M16="","", IF(MID($K16,Q$4,1)="Ø", 零聲母, MID($K16,Q$4,1))) -> \ | R16: =IF($M16="","", IF(MID($K16,R$4,1)="Ø", 零聲母, MID($K16,R$4,1))) -> q | S16: =IF($M16="","", IF(MID($K16,S$4,1)="Ø", 零聲母, MID($K16,S$4,1))) | T16: =IF($M16="","", IF(MID($K16,T$4,1)="Ø", 零聲母, MID($K16,T$4,1))) | U16: =IF($M16="","", IF(MID($K16,U$4,1)="Ø", 零聲母, MID($K16,U$4,1)))
B17: 上 | C17: 恭二時 | D17: =IF(LEFT($E17)="Ø",SUBSTITUTE($E17, "Ø", ""), $E17) -> siong2 | E17: =IF($C17="","", _xlfn.CONCAT($F17, $J17, $G17)) -> siong2 | F17: =IFERROR( _xlfn.XLOOKUP(RIGHT($C17), 十五音聲母表[十八音],十五音聲母表[注音二式]), "" ) -> s | G17: =IF($C17="", "", _xlfn.XLOOKUP(MID(C17,2,1), 音調表[八音調號], 音調表[台羅調號]) ) -> 2 | H17: =IF($C17="", "", _xlfn.XLOOKUP(MID($C17,2,1), 音調表[八音調號], 音調表[羅馬拼音聲調按鍵]) ) -> \ | I17: =IF($C17="", "", IF(OR($G17=4,$G17=8), _xlfn.CONCAT(LEFT($C17),"（促）"), _xlfn.CONCAT(LEFT($C17),"（舒）"))) -> 恭（舒） | J17: =IF($C17="", "", _xlfn.XLOOKUP($I17, 十五音韻母表[十五音],十五音韻母表[注音二式]) ) -> iong | K17: =IF($C17="","",_xlfn.CONCAT(J17,H17,F17)) -> iong\s | L17: =IF($C17="", "", LEN($E17)) -> 6 | M17: =IF($C17="", "", LEN($J17)+1) -> 5 | N17: =IF($M17="","", IF(MID($K17,N$4,1)="Ø", 零聲母, MID($K17,N$4,1))) -> i | O17: =IF($M17="","", IF(MID($K17,O$4,1)="Ø", 零聲母, MID($K17,O$4,1))) -> o | P17: =IF($M17="","", IF(MID($K17,P$4,1)="Ø", 零聲母, MID($K17,P$4,1))) -> n | Q17: =IF($M17="","", IF(MID($K17,Q$4,1)="Ø", 零聲母, MID($K17,Q$4,1))) -> g | R17: =IF($M17="","", IF(MID($K17,R$4,1)="Ø", 零聲母, MID($K17,R$4,1))) -> \ | S17: =IF($M17="","", IF(MID($K17,S$4,1)="Ø", 零聲母, MID($K17,S$4,1))) -> s | T17: =IF($M17="","", IF(MID($K17,T$4,1)="Ø", 零聲母, MID($K17,T$4,1))) | U17: =IF($M17="","", IF(MID($K17,U$4,1)="Ø", 零聲母, MID($K17,U$4,1)))
B18: 白 | C18: 經八邊 | D18: =IF(LEFT($E18)="Ø",SUBSTITUTE($E18, "Ø", ""), $E18) -> bik8 | E18: =IF($C18="","", _xlfn.CONCAT($F18, $J18, $G18)) -> bik8 | F18: =IFERROR( _xlfn.XLOOKUP(RIGHT($C18), 十五音聲母表[十八音],十五音聲母表[注音二式]), "" ) -> b | G18: =IF($C18="", "", _xlfn.XLOOKUP(MID(C18,2,1), 音調表[八音調號], 音調表[台羅調號]) ) -> 8 | H18: =IF($C18="", "", _xlfn.XLOOKUP(MID($C18,2,1), 音調表[八音調號], 音調表[羅馬拼音聲調按鍵]) ) -> ] | I18: =IF($C18="", "", IF(OR($G18=4,$G18=8), _xlfn.CONCAT(LEFT($C18),"（促）"), _xlfn.CONCAT(LEFT($C18),"（舒）"))) -> 經（促） | J18: =IF($C18="", "", _xlfn.XLOOKUP($I18, 十五音韻母表[十五音],十五音韻母表[注音二式]) ) -> ik | K18: =IF($C18="","",_xlfn.CONCAT(J18,H18,F18)) -> ik]b | L18: =IF($C18="", "", LEN($E18)) -> 4 | M18: =IF($C18="", "", LEN($J18)+1) -> 3 | N18: =IF($M18="","", IF(MID($K18,N$4,1)="Ø", 零聲母, MID($K18,N$4,1))) -> i | O18: =IF($M18="","", IF(MID($K18,O$4,1)="Ø", 零聲母, MID($K18,O$4,1))) -> k | P18: =IF($M18="","", IF(MID($K18,P$4,1)="Ø", 零聲母, MID($K18,P$4,1))) -> ] | Q18: =IF($M18="","", IF(MID($K18,Q$4,1)="Ø", 零聲母, MID($K18,Q$4,1))) -> b | R18: =IF($M18="","", IF(MID($K18,R$4,1)="Ø", 零聲母, MID($K18,R$4,1))) | S18: =IF($M18="","", IF(MID($K18,S$4,1)="Ø", 零聲母, MID($K18,S$4,1))) | T18: =IF($M18="","", IF(MID($K18,T$4,1)="Ø", 零聲母, MID($K18,T$4,1))) | U18: =IF($M18="","", IF(MID($K18,U$4,1)="Ø", 零聲母, MID($K18,U$4,1)))
B19: 雲 | C19: 君五喜 | D19: =IF(LEFT($E19)="Ø",SUBSTITUTE($E19, "Ø", ""), $E19) -> hun5 | E19: =IF($C19="","", _xlfn.CONCAT($F19, $J19, $G19)) -> hun5 | F19: =IFERROR( _xlfn.XLOOKUP(RIGHT($C19), 十五音聲母表[十八音],十五音聲母表[注音二式]), "" ) -> h | G19: =IF($C19="", "", _xlfn.XLOOKUP(MID(C19,2,1), 音調表[八音調號], 音調表[台羅調號]) ) -> 5 | H19: =IF($C19="", "", _xlfn.XLOOKUP(MID($C19,2,1), 音調表[八音調號], 音調表[羅馬拼音聲調按鍵]) ) -> / | I19: =IF($C19="", "", IF(OR($G19=4,$G19=8), _xlfn.CONCAT(LEFT($C19),"（促）"), _xlfn.CONCAT(LEFT($C19),"（舒）"))) -> 君（舒） | J19: =IF($C19="", "", _xlfn.XLOOKUP($I19, 十五音韻母表[十五音],十五音韻母表[注音二式]) ) -> un | K19: =IF($C19="","",_xlfn.CONCAT(J19,H19,F19)) -> un/h | L19: =IF($C19="", "", LEN($E19)) -> 4 | M19: =IF($C19="", "", LEN($J19)+1) -> 3 | N19: =IF($M19="","", IF(MID($K19,N$4,1)="Ø", 零聲母, MID($K19,N$4,1))) -> u | O19: =IF($M19="","", IF(MID($K19,O$4,1)="Ø", 零聲母, MID($K19,O$4,1))) -> n | P19: =IF($M19="","", IF(MID($K19,P$4,1)="Ø", 零聲母, MID($K19,P$4,1))) -> / | Q19: =IF($M19="","", IF(MID($K19,Q$4,1)="Ø", 零聲母, MID($K19,Q$4,1))) -> h | R19: =IF($M19="","", IF(MID($K19,R$4,1)="Ø", 零聲母, MID($K19,R$4,1))) | S19: =IF($M19="","", IF(MID($K19,S$4,1)="Ø", 零聲母, MID($K19,S$4,1))) | T19: =IF($M19="","", IF(MID($K19,T$4,1)="Ø", 零聲母, MID($K19,T$4,1))) | U19: =IF($M19="","", IF(MID($K19,U$4,1)="Ø", 零聲母, MID($K19,U$4,1)))
B20: 間 | C20: 干一求 | D20: =IF(LEFT($E20)="Ø",SUBSTITUTE($E20, "Ø", ""), $E20) -> gan1 | E20: =IF($C20="","", _xlfn.CONCAT($F20, $J20, $G20)) -> gan1 | F20: =IFERROR( _xlfn.XLOOKUP(RIGHT($C20), 十五音聲母表[十八音],十五音聲母表[注音二式]), "" ) -> g | G20: =IF($C20="", "", _xlfn.XLOOKUP(MID(C20,2,1), 音調表[八音調號], 音調表[台羅調號]) ) -> 1 | H20: =IF($C20="", "", _xlfn.XLOOKUP(MID($C20,2,1), 音調表[八音調號], 音調表[羅馬拼音聲調按鍵]) ) -> ; | I20: =IF($C20="", "", IF(OR($G20=4,$G20=8), _xlfn.CONCAT(LEFT($C20),"（促）"), _xlfn.CONCAT(LEFT($C20),"（舒）"))) -> 干（舒） | J20: =IF($C20="", "", _xlfn.XLOOKUP($I20, 十五音韻母表[十五音],十五音韻母表[注音二式]) ) -> an | K20: =IF($C20="","",_xlfn.CONCAT(J20,H20,F20)) -> an;g | L20: =IF($C20="", "", LEN($E20)) -> 4 | M20: =IF($C20="", "", LEN($J20)+1) -> 3 | N20: =IF($M20="","", IF(MID($K20,N$4,1)="Ø", 零聲母, MID($K20,N$4,1))) -> a | O20: =IF($M20="","", IF(MID($K20,O$4,1)="Ø", 零聲母, MID($K20,O$4,1))) -> n | P20: =IF($M20="","", IF(MID($K20,P$4,1)="Ø", 零聲母, MID($K20,P$4,1))) -> ; | Q20: =IF($M20="","", IF(MID($K20,Q$4,1)="Ø", 零聲母, MID($K20,Q$4,1))) -> g | R20: =IF($M20="","", IF(MID($K20,R$4,1)="Ø", 零聲母, MID($K20,R$4,1))) | S20: =IF($M20="","", IF(MID($K20,S$4,1)="Ø", 零聲母, MID($K20,S$4,1))) | T20: =IF($M20="","", IF(MID($K20,T$4,1)="Ø", 零聲母, MID($K20,T$4,1))) | U20: =IF($M20="","", IF(MID($K20,U$4,1)="Ø", 零聲母, MID($K20,U$4,1)))
B21: ， | D21: =IF(LEFT($E21)="Ø",SUBSTITUTE($E21, "Ø", ""), $E21) | E21: =IF($C21="","", _xlfn.CONCAT($F21, $J21, $G21)) | F21: =IFERROR( _xlfn.XLOOKUP(RIGHT($C21), 十五音聲母表[十八音],十五音聲母表[注音二式]), "" ) | G21: =IF($C21="", "", _xlfn.XLOOKUP(MID(C21,2,1), 音調表[八音調號], 音調表[台羅調號]) ) | H21: =IF($C21="", "", _xlfn.XLOOKUP(MID($C21,2,1), 音調表[八音調號], 音調表[羅馬拼音聲調按鍵]) ) | I21: =IF($C21="", "", IF(OR($G21=4,$G21=8), _xlfn.CONCAT(LEFT($C21),"（促）"), _xlfn.CONCAT(LEFT($C21),"（舒）"))) | J21: =IF($C21="", "", _xlfn.XLOOKUP($I21, 十五音韻母表[十五音],十五音韻母表[注音二式]) ) | K21: =IF($C21="","",_xlfn.CONCAT(J21,H21,F21)) | L21: =IF($C21="", "", LEN($E21)) | M21: =IF($C21="", "", LEN($J21)+1) | N21: =IF($M21="","", IF(MID($K21,N$4,1)="Ø", 零聲母, MID($K21,N$4,1))) | O21: =IF($M21="","", IF(MID($K21,O$4,1)="Ø", 零聲母, MID($K21,O$4,1))) | P21: =IF($M21="","", IF(MID($K21,P$4,1)="Ø", 零聲母, MID($K21,P$4,1))) | Q21: =IF($M21="","", IF(MID($K21,Q$4,1)="Ø", 零聲母, MID($K21,Q$4,1))) | R21: =IF($M21="","", IF(MID($K21,R$4,1)="Ø", 零聲母, MID($K21,R$4,1))) | S21: =IF($M21="","", IF(MID($K21,S$4,1)="Ø", 零聲母, MID($K21,S$4,1))) | T21: =IF($M21="","", IF(MID($K21,T$4,1)="Ø", 零聲母, MID($K21,T$4,1))) | U21: =IF($M21="","", IF(MID($K21,U$4,1)="Ø", 零聲母, MID($K21,U$4,1)))
B22: 一 | C22: 巾四英 | D22: =IF(LEFT($E22)="Ø",SUBSTITUTE($E22, "Ø", ""), $E22) -> it4 | E22: =IF($C22="","", _xlfn.CONCAT($F22, $J22, $G22)) -> Øit4 | F22: =IFERROR( _xlfn.XLOOKUP(RIGHT($C22), 十五音聲母表[十八音],十五音聲母表[注音二式]), "" ) -> Ø | G22: =IF($C22="", "", _xlfn.XLOOKUP(MID(C22,2,1), 音調表[八音調號], 音調表[台羅調號]) ) -> 4 | H22: =IF($C22="", "", _xlfn.XLOOKUP(MID($C22,2,1), 音調表[八音調號], 音調表[羅馬拼音聲調按鍵]) ) -> [ | I22: =IF($C22="", "", IF(OR($G22=4,$G22=8), _xlfn.CONCAT(LEFT($C22),"（促）"), _xlfn.CONCAT(LEFT($C22),"（舒）"))) -> 巾（促） | J22: =IF($C22="", "", _xlfn.XLOOKUP($I22, 十五音韻母表[十五音],十五音韻母表[注音二式]) ) -> it | K22: =IF($C22="","",_xlfn.CONCAT(J22,H22,F22)) -> it[Ø | L22: =IF($C22="", "", LEN($E22)) -> 4 | M22: =IF($C22="", "", LEN($J22)+1) -> 3 | N22: =IF($M22="","", IF(MID($K22,N$4,1)="Ø", 零聲母, MID($K22,N$4,1))) -> i | O22: =IF($M22="","", IF(MID($K22,O$4,1)="Ø", 零聲母, MID($K22,O$4,1))) -> t | P22: =IF($M22="","", IF(MID($K22,P$4,1)="Ø", 零聲母, MID($K22,P$4,1))) -> [ | Q22: =IF($M22="","", IF(MID($K22,Q$4,1)="Ø", 零聲母, MID($K22,Q$4,1))) -> q | R22: =IF($M22="","", IF(MID($K22,R$4,1)="Ø", 零聲母, MID($K22,R$4,1))) | S22: =IF($M22="","", IF(MID($K22,S$4,1)="Ø", 零聲母, MID($K22,S$4,1))) | T22: =IF($M22="","", IF(MID($K22,T$4,1)="Ø", 零聲母, MID($K22,T$4,1))) | U22: =IF($M22="","", IF(MID($K22,U$4,1)="Ø", 零聲母, MID($K22,U$4,1)))
B23: 片 | C23: 堅三頗 | D23: =IF(LEFT($E23)="Ø",SUBSTITUTE($E23, "Ø", ""), $E23) -> pian3 | E23: =IF($C23="","", _xlfn.CONCAT($F23, $J23, $G23)) -> pian3 | F23: =IFERROR( _xlfn.XLOOKUP(RIGHT($C23), 十五音聲母表[十八音],十五音聲母表[注音二式]), "" ) -> p | G23: =IF($C23="", "", _xlfn.XLOOKUP(MID(C23,2,1), 音調表[八音調號], 音調表[台羅調號]) ) -> 3 | H23: =IF($C23="", "", _xlfn.XLOOKUP(MID($C23,2,1), 音調表[八音調號], 音調表[羅馬拼音聲調按鍵]) ) -> _ | I23: =IF($C23="", "", IF(OR($G23=4,$G23=8), _xlfn.CONCAT(LEFT($C23),"（促）"), _xlfn.CONCAT(LEFT($C23),"（舒）"))) -> 堅（舒） | J23: =IF($C23="", "", _xlfn.XLOOKUP($I23, 十五音韻母表[十五音],十五音韻母表[注音二式]) ) -> ian | K23: =IF($C23="","",_xlfn.CONCAT(J23,H23,F23)) -> ian_p | L23: =IF($C23="", "", LEN($E23)) -> 5 | M23: =IF($C23="", "", LEN($J23)+1) -> 4 | N23: =IF($M23="","", IF(MID($K23,N$4,1)="Ø", 零聲母, MID($K23,N$4,1))) -> i | O23: =IF($M23="","", IF(MID($K23,O$4,1)="Ø", 零聲母, MID($K23,O$4,1))) -> a | P23: =IF($M23="","", IF(MID($K23,P$4,1)="Ø", 零聲母, MID($K23,P$4,1))) -> n | Q23: =IF($M23="","", IF(MID($K23,Q$4,1)="Ø", 零聲母, MID($K23,Q$4,1))) -> _ | R23: =IF($M23="","", IF(MID($K23,R$4,1)="Ø", 零聲母, MID($K23,R$4,1))) -> p | S23: =IF($M23="","", IF(MID($K23,S$4,1)="Ø", 零聲母, MID($K23,S$4,1))) | T23: =IF($M23="","", IF(MID($K23,T$4,1)="Ø", 零聲母, MID($K23,T$4,1))) | U23: =IF($M23="","", IF(MID($K23,U$4,1)="Ø", 零聲母, MID($K23,U$4,1)))
B24: 孤 | C24: 沽一求 | D24: =IF(LEFT($E24)="Ø",SUBSTITUTE($E24, "Ø", ""), $E24) -> goo1 | E24: =IF($C24="","", _xlfn.CONCAT($F24, $J24, $G24)) -> goo1 | F24: =IFERROR( _xlfn.XLOOKUP(RIGHT($C24), 十五音聲母表[十八音],十五音聲母表[注音二式]), "" ) -> g | G24: =IF($C24="", "", _xlfn.XLOOKUP(MID(C24,2,1), 音調表[八音調號], 音調表[台羅調號]) ) -> 1 | H24: =IF($C24="", "", _xlfn.XLOOKUP(MID($C24,2,1), 音調表[八音調號], 音調表[羅馬拼音聲調按鍵]) ) -> ; | I24: =IF($C24="", "", IF(OR($G24=4,$G24=8), _xlfn.CONCAT(LEFT($C24),"（促）"), _xlfn.CONCAT(LEFT($C24),"（舒）"))) -> 沽（舒） | J24: =IF($C24="", "", _xlfn.XLOOKUP($I24, 十五音韻母表[十五音],十五音韻母表[注音二式]) ) -> oo | K24: =IF($C24="","",_xlfn.CONCAT(J24,H24,F24)) -> oo;g | L24: =IF($C24="", "", LEN($E24)) -> 4 | M24: =IF($C24="", "", LEN($J24)+1) -> 3 | N24: =IF($M24="","", IF(MID($K24,N$4,1)="Ø", 零聲母, MID($K24,N$4,1))) -> o | O24: =IF($M24="","", IF(MID($K24,O$4,1)="Ø", 零聲母, MID($K24,O$4,1))) -> o | P24: =IF($M24="","", IF(MID($K24,P$4,1)="Ø", 零聲母, MID($K24,P$4,1))) -> ; | Q24: =IF($M24="","", IF(MID($K24,Q$4,1)="Ø", 零聲母, MID($K24,Q$4,1))) -> g | R24: =IF($M24="","", IF(MID($K24,R$4,1)="Ø", 零聲母, MID($K24,R$4,1))) | S24: =IF($M24="","", IF(MID($K24,S$4,1)="Ø", 零聲母, MID($K24,S$4,1))) | T24: =IF($M24="","", IF(MID($K24,T$4,1)="Ø", 零聲母, MID($K24,T$4,1))) | U24: =IF($M24="","", IF(MID($K24,U$4,1)="Ø", 零聲母, MID($K24,U$4,1)))
B25: 城 | C25: 經五時 | D25: =IF(LEFT($E25)="Ø",SUBSTITUTE($E25, "Ø", ""), $E25) -> sing5 | E25: =IF($C25="","", _xlfn.CONCAT($F25, $J25, $G25)) -> sing5 | F25: =IFERROR( _xlfn.XLOOKUP(RIGHT($C25), 十五音聲母表[十八音],十五音聲母表[注音二式]), "" ) -> s | G25: =IF($C25="", "", _xlfn.XLOOKUP(MID(C25,2,1), 音調表[八音調號], 音調表[台羅調號]) ) -> 5 | H25: =IF($C25="", "", _xlfn.XLOOKUP(MID($C25,2,1), 音調表[八音調號], 音調表[羅馬拼音聲調按鍵]) ) -> / | I25: =IF($C25="", "", IF(OR($G25=4,$G25=8), _xlfn.CONCAT(LEFT($C25),"（促）"), _xlfn.CONCAT(LEFT($C25),"（舒）"))) -> 經（舒） | J25: =IF($C25="", "", _xlfn.XLOOKUP($I25, 十五音韻母表[十五音],十五音韻母表[注音二式]) ) -> ing | K25: =IF($C25="","",_xlfn.CONCAT(J25,H25,F25)) -> ing/s | L25: =IF($C25="", "", LEN($E25)) -> 5 | M25: =IF($C25="", "", LEN($J25)+1) -> 4 | N25: =IF($M25="","", IF(MID($K25,N$4,1)="Ø", 零聲母, MID($K25,N$4,1))) -> i | O25: =IF($M25="","", IF(MID($K25,O$4,1)="Ø", 零聲母, MID($K25,O$4,1))) -> n | P25: =IF($M25="","", IF(MID($K25,P$4,1)="Ø", 零聲母, MID($K25,P$4,1))) -> g | Q25: =IF($M25="","", IF(MID($K25,Q$4,1)="Ø", 零聲母, MID($K25,Q$4,1))) -> / | R25: =IF($M25="","", IF(MID($K25,R$4,1)="Ø", 零聲母, MID($K25,R$4,1))) -> s | S25: =IF($M25="","", IF(MID($K25,S$4,1)="Ø", 零聲母, MID($K25,S$4,1))) | T25: =IF($M25="","", IF(MID($K25,T$4,1)="Ø", 零聲母, MID($K25,T$4,1))) | U25: =IF($M25="","", IF(MID($K25,U$4,1)="Ø", 零聲母, MID($K25,U$4,1)))
B26: 萬 | C26: 干七門 | D26: =IF(LEFT($E26)="Ø",SUBSTITUTE($E26, "Ø", ""), $E26) -> bban7 | E26: =IF($C26="","", _xlfn.CONCAT($F26, $J26, $G26)) -> bban7 | F26: =IFERROR( _xlfn.XLOOKUP(RIGHT($C26), 十五音聲母表[十八音],十五音聲母表[注音二式]), "" ) -> bb | G26: =IF($C26="", "", _xlfn.XLOOKUP(MID(C26,2,1), 音調表[八音調號], 音調表[台羅調號]) ) -> 7 | H26: =IF($C26="", "", _xlfn.XLOOKUP(MID($C26,2,1), 音調表[八音調號], 音調表[羅馬拼音聲調按鍵]) ) -> - | I26: =IF($C26="", "", IF(OR($G26=4,$G26=8), _xlfn.CONCAT(LEFT($C26),"（促）"), _xlfn.CONCAT(LEFT($C26),"（舒）"))) -> 干（舒） | J26: =IF($C26="", "", _xlfn.XLOOKUP($I26, 十五音韻母表[十五音],十五音韻母表[注音二式]) ) -> an | K26: =IF($C26="","",_xlfn.CONCAT(J26,H26,F26)) -> an-bb | L26: =IF($C26="", "", LEN($E26)) -> 5 | M26: =IF($C26="", "", LEN($J26)+1) -> 3 | N26: =IF($M26="","", IF(MID($K26,N$4,1)="Ø", 零聲母, MID($K26,N$4,1))) -> a | O26: =IF($M26="","", IF(MID($K26,O$4,1)="Ø", 零聲母, MID($K26,O$4,1))) -> n | P26: =IF($M26="","", IF(MID($K26,P$4,1)="Ø", 零聲母, MID($K26,P$4,1))) -> - | Q26: =IF($M26="","", IF(MID($K26,Q$4,1)="Ø", 零聲母, MID($K26,Q$4,1))) -> b | R26: =IF($M26="","", IF(MID($K26,R$4,1)="Ø", 零聲母, MID($K26,R$4,1))) -> b | S26: =IF($M26="","", IF(MID($K26,S$4,1)="Ø", 零聲母, MID($K26,S$4,1))) | T26: =IF($M26="","", IF(MID($K26,T$4,1)="Ø", 零聲母, MID($K26,T$4,1))) | U26: =IF($M26="","", IF(MID($K26,U$4,1)="Ø", 零聲母, MID($K26,U$4,1)))
B27: 仞 | C27: 金七入 | D27: =IF(LEFT($E27)="Ø",SUBSTITUTE($E27, "Ø", ""), $E27) -> zzim7 | E27: =IF($C27="","", _xlfn.CONCAT($F27, $J27, $G27)) -> zzim7 | F27: =IFERROR( _xlfn.XLOOKUP(RIGHT($C27), 十五音聲母表[十八音],十五音聲母表[注音二式]), "" ) -> zz | G27: =IF($C27="", "", _xlfn.XLOOKUP(MID(C27,2,1), 音調表[八音調號], 音調表[台羅調號]) ) -> 7 | H27: =IF($C27="", "", _xlfn.XLOOKUP(MID($C27,2,1), 音調表[八音調號], 音調表[羅馬拼音聲調按鍵]) ) -> - | I27: =IF($C27="", "", IF(OR($G27=4,$G27=8), _xlfn.CONCAT(LEFT($C27),"（促）"), _xlfn.CONCAT(LEFT($C27),"（舒）"))) -> 金（舒） | J27: =IF($C27="", "", _xlfn.XLOOKUP($I27, 十五音韻母表[十五音],十五音韻母表[注音二式]) ) -> im | K27: =IF($C27="","",_xlfn.CONCAT(J27,H27,F27)) -> im-zz | L27: =IF($C27="", "", LEN($E27)) -> 5 | M27: =IF($C27="", "", LEN($J27)+1) -> 3 | N27: =IF($M27="","", IF(MID($K27,N$4,1)="Ø", 零聲母, MID($K27,N$4,1))) -> i | O27: =IF($M27="","", IF(MID($K27,O$4,1)="Ø", 零聲母, MID($K27,O$4,1))) -> m | P27: =IF($M27="","", IF(MID($K27,P$4,1)="Ø", 零聲母, MID($K27,P$4,1))) -> - | Q27: =IF($M27="","", IF(MID($K27,Q$4,1)="Ø", 零聲母, MID($K27,Q$4,1))) -> z | R27: =IF($M27="","", IF(MID($K27,R$4,1)="Ø", 零聲母, MID($K27,R$4,1))) -> z | S27: =IF($M27="","", IF(MID($K27,S$4,1)="Ø", 零聲母, MID($K27,S$4,1))) | T27: =IF($M27="","", IF(MID($K27,T$4,1)="Ø", 零聲母, MID($K27,T$4,1))) | U27: =IF($M27="","", IF(MID($K27,U$4,1)="Ø", 零聲母, MID($K27,U$4,1)))
B28: 山 | C28: 干一時 | D28: =IF(LEFT($E28)="Ø",SUBSTITUTE($E28, "Ø", ""), $E28) -> san1 | E28: =IF($C28="","", _xlfn.CONCAT($F28, $J28, $G28)) -> san1 | F28: =IFERROR( _xlfn.XLOOKUP(RIGHT($C28), 十五音聲母表[十八音],十五音聲母表[注音二式]), "" ) -> s | G28: =IF($C28="", "", _xlfn.XLOOKUP(MID(C28,2,1), 音調表[八音調號], 音調表[台羅調號]) ) -> 1 | H28: =IF($C28="", "", _xlfn.XLOOKUP(MID($C28,2,1), 音調表[八音調號], 音調表[羅馬拼音聲調按鍵]) ) -> ; | I28: =IF($C28="", "", IF(OR($G28=4,$G28=8), _xlfn.CONCAT(LEFT($C28),"（促）"), _xlfn.CONCAT(LEFT($C28),"（舒）"))) -> 干（舒） | J28: =IF($C28="", "", _xlfn.XLOOKUP($I28, 十五音韻母表[十五音],十五音韻母表[注音二式]) ) -> an | K28: =IF($C28="","",_xlfn.CONCAT(J28,H28,F28)) -> an;s | L28: =IF($C28="", "", LEN($E28)) -> 4 | M28: =IF($C28="", "", LEN($J28)+1) -> 3 | N28: =IF($M28="","", IF(MID($K28,N$4,1)="Ø", 零聲母, MID($K28,N$4,1))) -> a | O28: =IF($M28="","", IF(MID($K28,O$4,1)="Ø", 零聲母, MID($K28,O$4,1))) -> n | P28: =IF($M28="","", IF(MID($K28,P$4,1)="Ø", 零聲母, MID($K28,P$4,1))) -> ; | Q28: =IF($M28="","", IF(MID($K28,Q$4,1)="Ø", 零聲母, MID($K28,Q$4,1))) -> s | R28: =IF($M28="","", IF(MID($K28,R$4,1)="Ø", 零聲母, MID($K28,R$4,1))) | S28: =IF($M28="","", IF(MID($K28,S$4,1)="Ø", 零聲母, MID($K28,S$4,1))) | T28: =IF($M28="","", IF(MID($K28,T$4,1)="Ø", 零聲母, MID($K28,T$4,1))) | U28: =IF($M28="","", IF(MID($K28,U$4,1)="Ø", 零聲母, MID($K28,U$4,1)))
B29: 。 | D29: =IF(LEFT($E29)="Ø",SUBSTITUTE($E29, "Ø", ""), $E29) | E29: =IF($C29="","", _xlfn.CONCAT($F29, $J29, $G29)) | F29: =IFERROR( _xlfn.XLOOKUP(RIGHT($C29), 十五音聲母表[十八音],十五音聲母表[注音二式]), "" ) | G29: =IF($C29="", "", _xlfn.XLOOKUP(MID(C29,2,1), 音調表[八音調號], 音調表[台羅調號]) ) | H29: =IF($C29="", "", _xlfn.XLOOKUP(MID($C29,2,1), 音調表[八音調號], 音調表[羅馬拼音聲調按鍵]) ) | I29: =IF($C29="", "", IF(OR($G29=4,$G29=8), _xlfn.CONCAT(LEFT($C29),"（促）"), _xlfn.CONCAT(LEFT($C29),"（舒）"))) | J29: =IF($C29="", "", _xlfn.XLOOKUP($I29, 十五音韻母表[十五音],十五音韻母表[注音二式]) ) | K29: =IF($C29="","",_xlfn.CONCAT(J29,H29,F29)) | L29: =IF($C29="", "", LEN($E29)) | M29: =IF($C29="", "", LEN($J29)+1) | N29: =IF($M29="","", IF(MID($K29,N$4,1)="Ø", 零聲母, MID($K29,N$4,1))) | O29: =IF($M29="","", IF(MID($K29,O$4,1)="Ø", 零聲母, MID($K29,O$4,1))) | P29: =IF($M29="","", IF(MID($K29,P$4,1)="Ø", 零聲母, MID($K29,P$4,1))) | Q29: =IF($M29="","", IF(MID($K29,Q$4,1)="Ø", 零聲母, MID($K29,Q$4,1))) | R29: =IF($M29="","", IF(MID($K29,R$4,1)="Ø", 零聲母, MID($K29,R$4,1))) | S29: =IF($M29="","", IF(MID($K29,S$4,1)="Ø", 零聲母, MID($K29,S$4,1))) | T29: =IF($M29="","", IF(MID($K29,T$4,1)="Ø", 零聲母, MID($K29,T$4,1))) | U29: =IF($M29="","", IF(MID($K29,U$4,1)="Ø", 零聲母, MID($K29,U$4,1)))
B30: 羌 | C30: 姜一去 | D30: =IF(LEFT($E30)="Ø",SUBSTITUTE($E30, "Ø", ""), $E30) -> kiang1 | E30: =IF($C30="","", _xlfn.CONCAT($F30, $J30, $G30)) -> kiang1 | F30: =IFERROR( _xlfn.XLOOKUP(RIGHT($C30), 十五音聲母表[十八音],十五音聲母表[注音二式]), "" ) -> k | G30: =IF($C30="", "", _xlfn.XLOOKUP(MID(C30,2,1), 音調表[八音調號], 音調表[台羅調號]) ) -> 1 | H30: =IF($C30="", "", _xlfn.XLOOKUP(MID($C30,2,1), 音調表[八音調號], 音調表[羅馬拼音聲調按鍵]) ) -> ; | I30: =IF($C30="", "", IF(OR($G30=4,$G30=8), _xlfn.CONCAT(LEFT($C30),"（促）"), _xlfn.CONCAT(LEFT($C30),"（舒）"))) -> 姜（舒） | J30: =IF($C30="", "", _xlfn.XLOOKUP($I30, 十五音韻母表[十五音],十五音韻母表[注音二式]) ) -> iang | K30: =IF($C30="","",_xlfn.CONCAT(J30,H30,F30)) -> iang;k | L30: =IF($C30="", "", LEN($E30)) -> 6 | M30: =IF($C30="", "", LEN($J30)+1) -> 5 | N30: =IF($M30="","", IF(MID($K30,N$4,1)="Ø", 零聲母, MID($K30,N$4,1))) -> i | O30: =IF($M30="","", IF(MID($K30,O$4,1)="Ø", 零聲母, MID($K30,O$4,1))) -> a | P30: =IF($M30="","", IF(MID($K30,P$4,1)="Ø", 零聲母, MID($K30,P$4,1))) -> n | Q30: =IF($M30="","", IF(MID($K30,Q$4,1)="Ø", 零聲母, MID($K30,Q$4,1))) -> g | R30: =IF($M30="","", IF(MID($K30,R$4,1)="Ø", 零聲母, MID($K30,R$4,1))) -> ; | S30: =IF($M30="","", IF(MID($K30,S$4,1)="Ø", 零聲母, MID($K30,S$4,1))) -> k | T30: =IF($M30="","", IF(MID($K30,T$4,1)="Ø", 零聲母, MID($K30,T$4,1))) | U30: =IF($M30="","", IF(MID($K30,U$4,1)="Ø", 零聲母, MID($K30,U$4,1)))
B31: 笛 | C31: 經八地 | D31: =IF(LEFT($E31)="Ø",SUBSTITUTE($E31, "Ø", ""), $E31) -> dik8 | E31: =IF($C31="","", _xlfn.CONCAT($F31, $J31, $G31)) -> dik8 | F31: =IFERROR( _xlfn.XLOOKUP(RIGHT($C31), 十五音聲母表[十八音],十五音聲母表[注音二式]), "" ) -> d | G31: =IF($C31="", "", _xlfn.XLOOKUP(MID(C31,2,1), 音調表[八音調號], 音調表[台羅調號]) ) -> 8 | H31: =IF($C31="", "", _xlfn.XLOOKUP(MID($C31,2,1), 音調表[八音調號], 音調表[羅馬拼音聲調按鍵]) ) -> ] | I31: =IF($C31="", "", IF(OR($G31=4,$G31=8), _xlfn.CONCAT(LEFT($C31),"（促）"), _xlfn.CONCAT(LEFT($C31),"（舒）"))) -> 經（促） | J31: =IF($C31="", "", _xlfn.XLOOKUP($I31, 十五音韻母表[十五音],十五音韻母表[注音二式]) ) -> ik | K31: =IF($C31="","",_xlfn.CONCAT(J31,H31,F31)) -> ik]d | L31: =IF($C31="", "", LEN($E31)) -> 4 | M31: =IF($C31="", "", LEN($J31)+1) -> 3 | N31: =IF($M31="","", IF(MID($K31,N$4,1)="Ø", 零聲母, MID($K31,N$4,1))) -> i | O31: =IF($M31="","", IF(MID($K31,O$4,1)="Ø", 零聲母, MID($K31,O$4,1))) -> k | P31: =IF($M31="","", IF(MID($K31,P$4,1)="Ø", 零聲母, MID($K31,P$4,1))) -> ] | Q31: =IF($M31="","", IF(MID($K31,Q$4,1)="Ø", 零聲母, MID($K31,Q$4,1))) -> d | R31: =IF($M31="","", IF(MID($K31,R$4,1)="Ø", 零聲母, MID($K31,R$4,1))) | S31: =IF($M31="","", IF(MID($K31,S$4,1)="Ø", 零聲母, MID($K31,S$4,1))) | T31: =IF($M31="","", IF(MID($K31,T$4,1)="Ø", 零聲母, MID($K31,T$4,1))) | U31: =IF($M31="","", IF(MID($K31,U$4,1)="Ø", 零聲母, MID($K31,U$4,1)))
B32: 何 | C32: 高五喜 | D32: =IF(LEFT($E32)="Ø",SUBSTITUTE($E32, "Ø", ""), $E32) -> hor5 | E32: =IF($C32="","", _xlfn.CONCAT($F32, $J32, $G32)) -> hor5 | F32: =IFERROR( _xlfn.XLOOKUP(RIGHT($C32), 十五音聲母表[十八音],十五音聲母表[注音二式]), "" ) -> h | G32: =IF($C32="", "", _xlfn.XLOOKUP(MID(C32,2,1), 音調表[八音調號], 音調表[台羅調號]) ) -> 5 | H32: =IF($C32="", "", _xlfn.XLOOKUP(MID($C32,2,1), 音調表[八音調號], 音調表[羅馬拼音聲調按鍵]) ) -> / | I32: =IF($C32="", "", IF(OR($G32=4,$G32=8), _xlfn.CONCAT(LEFT($C32),"（促）"), _xlfn.CONCAT(LEFT($C32),"（舒）"))) -> 高（舒） | J32: =IF($C32="", "", _xlfn.XLOOKUP($I32, 十五音韻母表[十五音],十五音韻母表[注音二式]) ) -> or | K32: =IF($C32="","",_xlfn.CONCAT(J32,H32,F32)) -> or/h | L32: =IF($C32="", "", LEN($E32)) -> 4 | M32: =IF($C32="", "", LEN($J32)+1) -> 3 | N32: =IF($M32="","", IF(MID($K32,N$4,1)="Ø", 零聲母, MID($K32,N$4,1))) -> o | O32: =IF($M32="","", IF(MID($K32,O$4,1)="Ø", 零聲母, MID($K32,O$4,1))) -> r | P32: =IF($M32="","", IF(MID($K32,P$4,1)="Ø", 零聲母, MID($K32,P$4,1))) -> / | Q32: =IF($M32="","", IF(MID($K32,Q$4,1)="Ø", 零聲母, MID($K32,Q$4,1))) -> h | R32: =IF($M32="","", IF(MID($K32,R$4,1)="Ø", 零聲母, MID($K32,R$4,1))) | S32: =IF($M32="","", IF(MID($K32,S$4,1)="Ø", 零聲母, MID($K32,S$4,1))) | T32: =IF($M32="","", IF(MID($K32,T$4,1)="Ø", 零聲母, MID($K32,T$4,1))) | U32: =IF($M32="","", IF(MID($K32,U$4,1)="Ø", 零聲母, MID($K32,U$4,1)))
B33: 須 | C33: 艍一時 | D33: =IF(LEFT($E33)="Ø",SUBSTITUTE($E33, "Ø", ""), $E33) -> su1 | E33: =IF($C33="","", _xlfn.CONCAT($F33, $J33, $G33)) -> su1 | F33: =IFERROR( _xlfn.XLOOKUP(RIGHT($C33), 十五音聲母表[十八音],十五音聲母表[注音二式]), "" ) -> s | G33: =IF($C33="", "", _xlfn.XLOOKUP(MID(C33,2,1), 音調表[八音調號], 音調表[台羅調號]) ) -> 1 | H33: =IF($C33="", "", _xlfn.XLOOKUP(MID($C33,2,1), 音調表[八音調號], 音調表[羅馬拼音聲調按鍵]) ) -> ; | I33: =IF($C33="", "", IF(OR($G33=4,$G33=8), _xlfn.CONCAT(LEFT($C33),"（促）"), _xlfn.CONCAT(LEFT($C33),"（舒）"))) -> 艍（舒） | J33: =IF($C33="", "", _xlfn.XLOOKUP($I33, 十五音韻母表[十五音],十五音韻母表[注音二式]) ) -> u | K33: =IF($C33="","",_xlfn.CONCAT(J33,H33,F33)) -> u;s | L33: =IF($C33="", "", LEN($E33)) -> 3 | M33: =IF($C33="", "", LEN($J33)+1) -> 2 | N33: =IF($M33="","", IF(MID($K33,N$4,1)="Ø", 零聲母, MID($K33,N$4,1))) -> u | O33: =IF($M33="","", IF(MID($K33,O$4,1)="Ø", 零聲母, MID($K33,O$4,1))) -> ; | P33: =IF($M33="","", IF(MID($K33,P$4,1)="Ø", 零聲母, MID($K33,P$4,1))) -> s | Q33: =IF($M33="","", IF(MID($K33,Q$4,1)="Ø", 零聲母, MID($K33,Q$4,1))) | R33: =IF($M33="","", IF(MID($K33,R$4,1)="Ø", 零聲母, MID($K33,R$4,1))) | S33: =IF($M33="","", IF(MID($K33,S$4,1)="Ø", 零聲母, MID($K33,S$4,1))) | T33: =IF($M33="","", IF(MID($K33,T$4,1)="Ø", 零聲母, MID($K33,T$4,1))) | U33: =IF($M33="","", IF(MID($K33,U$4,1)="Ø", 零聲母, MID($K33,U$4,1)))
B34: 怨 | C34: 觀三英 | D34: =IF(LEFT($E34)="Ø",SUBSTITUTE($E34, "Ø", ""), $E34) -> uan3 | E34: =IF($C34="","", _xlfn.CONCAT($F34, $J34, $G34)) -> Øuan3 | F34: =IFERROR( _xlfn.XLOOKUP(RIGHT($C34), 十五音聲母表[十八音],十五音聲母表[注音二式]), "" ) -> Ø | G34: =IF($C34="", "", _xlfn.XLOOKUP(MID(C34,2,1), 音調表[八音調號], 音調表[台羅調號]) ) -> 3 | H34: =IF($C34="", "", _xlfn.XLOOKUP(MID($C34,2,1), 音調表[八音調號], 音調表[羅馬拼音聲調按鍵]) ) -> _ | I34: =IF($C34="", "", IF(OR($G34=4,$G34=8), _xlfn.CONCAT(LEFT($C34),"（促）"), _xlfn.CONCAT(LEFT($C34),"（舒）"))) -> 觀（舒） | J34: =IF($C34="", "", _xlfn.XLOOKUP($I34, 十五音韻母表[十五音],十五音韻母表[注音二式]) ) -> uan | K34: =IF($C34="","",_xlfn.CONCAT(J34,H34,F34)) -> uan_Ø | L34: =IF($C34="", "", LEN($E34)) -> 5 | M34: =IF($C34="", "", LEN($J34)+1) -> 4 | N34: =IF($M34="","", IF(MID($K34,N$4,1)="Ø", 零聲母, MID($K34,N$4,1))) -> u | O34: =IF($M34="","", IF(MID($K34,O$4,1)="Ø", 零聲母, MID($K34,O$4,1))) -> a | P34: =IF($M34="","", IF(MID($K34,P$4,1)="Ø", 零聲母, MID($K34,P$4,1))) -> n | Q34: =IF($M34="","", IF(MID($K34,Q$4,1)="Ø", 零聲母, MID($K34,Q$4,1))) -> _ | R34: =IF($M34="","", IF(MID($K34,R$4,1)="Ø", 零聲母, MID($K34,R$4,1))) -> q | S34: =IF($M34="","", IF(MID($K34,S$4,1)="Ø", 零聲母, MID($K34,S$4,1))) | T34: =IF($M34="","", IF(MID($K34,T$4,1)="Ø", 零聲母, MID($K34,T$4,1))) | U34: =IF($M34="","", IF(MID($K34,U$4,1)="Ø", 零聲母, MID($K34,U$4,1)))
B35: 楊 | C35: 恭五英 | D35: =IF(LEFT($E35)="Ø",SUBSTITUTE($E35, "Ø", ""), $E35) -> iong5 | E35: =IF($C35="","", _xlfn.CONCAT($F35, $J35, $G35)) -> Øiong5 | F35: =IFERROR( _xlfn.XLOOKUP(RIGHT($C35), 十五音聲母表[十八音],十五音聲母表[注音二式]), "" ) -> Ø | G35: =IF($C35="", "", _xlfn.XLOOKUP(MID(C35,2,1), 音調表[八音調號], 音調表[台羅調號]) ) -> 5 | H35: =IF($C35="", "", _xlfn.XLOOKUP(MID($C35,2,1), 音調表[八音調號], 音調表[羅馬拼音聲調按鍵]) ) -> / | I35: =IF($C35="", "", IF(OR($G35=4,$G35=8), _xlfn.CONCAT(LEFT($C35),"（促）"), _xlfn.CONCAT(LEFT($C35),"（舒）"))) -> 恭（舒） | J35: =IF($C35="", "", _xlfn.XLOOKUP($I35, 十五音韻母表[十五音],十五音韻母表[注音二式]) ) -> iong | K35: =IF($C35="","",_xlfn.CONCAT(J35,H35,F35)) -> iong/Ø | L35: =IF($C35="", "", LEN($E35)) -> 6 | M35: =IF($C35="", "", LEN($J35)+1) -> 5 | N35: =IF($M35="","", IF(MID($K35,N$4,1)="Ø", 零聲母, MID($K35,N$4,1))) -> i | O35: =IF($M35="","", IF(MID($K35,O$4,1)="Ø", 零聲母, MID($K35,O$4,1))) -> o | P35: =IF($M35="","", IF(MID($K35,P$4,1)="Ø", 零聲母, MID($K35,P$4,1))) -> n | Q35: =IF($M35="","", IF(MID($K35,Q$4,1)="Ø", 零聲母, MID($K35,Q$4,1))) -> g | R35: =IF($M35="","", IF(MID($K35,R$4,1)="Ø", 零聲母, MID($K35,R$4,1))) -> / | S35: =IF($M35="","", IF(MID($K35,S$4,1)="Ø", 零聲母, MID($K35,S$4,1))) -> q | T35: =IF($M35="","", IF(MID($K35,T$4,1)="Ø", 零聲母, MID($K35,T$4,1))) | U35: =IF($M35="","", IF(MID($K35,U$4,1)="Ø", 零聲母, MID($K35,U$4,1)))
B36: 柳 | C36: 丩二柳 | D36: =IF(LEFT($E36)="Ø",SUBSTITUTE($E36, "Ø", ""), $E36) -> liu2 | E36: =IF($C36="","", _xlfn.CONCAT($F36, $J36, $G36)) -> liu2 | F36: =IFERROR( _xlfn.XLOOKUP(RIGHT($C36), 十五音聲母表[十八音],十五音聲母表[注音二式]), "" ) -> l | G36: =IF($C36="", "", _xlfn.XLOOKUP(MID(C36,2,1), 音調表[八音調號], 音調表[台羅調號]) ) -> 2 | H36: =IF($C36="", "", _xlfn.XLOOKUP(MID($C36,2,1), 音調表[八音調號], 音調表[羅馬拼音聲調按鍵]) ) -> \ | I36: =IF($C36="", "", IF(OR($G36=4,$G36=8), _xlfn.CONCAT(LEFT($C36),"（促）"), _xlfn.CONCAT(LEFT($C36),"（舒）"))) -> 丩（舒） | J36: =IF($C36="", "", _xlfn.XLOOKUP($I36, 十五音韻母表[十五音],十五音韻母表[注音二式]) ) -> iu | K36: =IF($C36="","",_xlfn.CONCAT(J36,H36,F36)) -> iu\l | L36: =IF($C36="", "", LEN($E36)) -> 4 | M36: =IF($C36="", "", LEN($J36)+1) -> 3 | N36: =IF($M36="","", IF(MID($K36,N$4,1)="Ø", 零聲母, MID($K36,N$4,1))) -> i | O36: =IF($M36="","", IF(MID($K36,O$4,1)="Ø", 零聲母, MID($K36,O$4,1))) -> u | P36: =IF($M36="","", IF(MID($K36,P$4,1)="Ø", 零聲母, MID($K36,P$4,1))) -> \ | Q36: =IF($M36="","", IF(MID($K36,Q$4,1)="Ø", 零聲母, MID($K36,Q$4,1))) -> l | R36: =IF($M36="","", IF(MID($K36,R$4,1)="Ø", 零聲母, MID($K36,R$4,1))) | S36: =IF($M36="","", IF(MID($K36,S$4,1)="Ø", 零聲母, MID($K36,S$4,1))) | T36: =IF($M36="","", IF(MID($K36,T$4,1)="Ø", 零聲母, MID($K36,T$4,1))) | U36: =IF($M36="","", IF(MID($K36,U$4,1)="Ø", 零聲母, MID($K36,U$4,1)))
B37: ， | D37: =IF(LEFT($E37)="Ø",SUBSTITUTE($E37, "Ø", ""), $E37) | E37: =IF($C37="","", _xlfn.CONCAT($F37, $J37, $G37)) | F37: =IFERROR( _xlfn.XLOOKUP(RIGHT($C37), 十五音聲母表[十八音],十五音聲母表[注音二式]), "" ) | G37: =IF($C37="", "", _xlfn.XLOOKUP(MID(C37,2,1), 音調表[八音調號], 音調表[台羅調號]) ) | H37: =IF($C37="", "", _xlfn.XLOOKUP(MID($C37,2,1), 音調表[八音調號], 音調表[羅馬拼音聲調按鍵]) ) | I37: =IF($C37="", "", IF(OR($G37=4,$G37=8), _xlfn.CONCAT(LEFT($C37),"（促）"), _xlfn.CONCAT(LEFT($C37),"（舒）"))) | J37: =IF($C37="", "", _xlfn.XLOOKUP($I37, 十五音韻母表[十五音],十五音韻母表[注音二式]) ) | K37: =IF($C37="","",_xlfn.CONCAT(J37,H37,F37)) | L37: =IF($C37="", "", LEN($E37)) | M37: =IF($C37="", "", LEN($J37)+1) | N37: =IF($M37="","", IF(MID($K37,N$4,1)="Ø", 零聲母, MID($K37,N$4,1))) | O37: =IF($M37="","", IF(MID($K37,O$4,1)="Ø", 零聲母, MID($K37,O$4,1))) | P37: =IF($M37="","", IF(MID($K37,P$4,1)="Ø", 零聲母, MID($K37,P$4,1))) | Q37: =IF($M37="","", IF(MID($K37,Q$4,1)="Ø", 零聲母, MID($K37,Q$4,1))) | R37: =IF($M37="","", IF(MID($K37,R$4,1)="Ø", 零聲母, MID($K37,R$4,1))) | S37: =IF($M37="","", IF(MID($K37,S$4,1)="Ø", 零聲母, MID($K37,S$4,1))) | T37: =IF($M37="","", IF(MID($K37,T$4,1)="Ø", 零聲母, MID($K37,T$4,1))) | U37: =IF($M37="","", IF(MID($K37,U$4,1)="Ø", 零聲母, MID($K37,U$4,1)))
B38: 春 | C38: 君一出 | D38: =IF(LEFT($E38)="Ø",SUBSTITUTE($E38, "Ø", ""), $E38) -> cun1 | E38: =IF($C38="","", _xlfn.CONCAT($F38, $J38, $G38)) -> cun1 | F38: =IFERROR( _xlfn.XLOOKUP(RIGHT($C38), 十五音聲母表[十八音],十五音聲母表[注音二式]), "" ) -> c | G38: =IF($C38="", "", _xlfn.XLOOKUP(MID(C38,2,1), 音調表[八音調號], 音調表[台羅調號]) ) -> 1 | H38: =IF($C38="", "", _xlfn.XLOOKUP(MID($C38,2,1), 音調表[八音調號], 音調表[羅馬拼音聲調按鍵]) ) -> ; | I38: =IF($C38="", "", IF(OR($G38=4,$G38=8), _xlfn.CONCAT(LEFT($C38),"（促）"), _xlfn.CONCAT(LEFT($C38),"（舒）"))) -> 君（舒） | J38: =IF($C38="", "", _xlfn.XLOOKUP($I38, 十五音韻母表[十五音],十五音韻母表[注音二式]) ) -> un | K38: =IF($C38="","",_xlfn.CONCAT(J38,H38,F38)) -> un;c | L38: =IF($C38="", "", LEN($E38)) -> 4 | M38: =IF($C38="", "", LEN($J38)+1) -> 3 | N38: =IF($M38="","", IF(MID($K38,N$4,1)="Ø", 零聲母, MID($K38,N$4,1))) -> u | O38: =IF($M38="","", IF(MID($K38,O$4,1)="Ø", 零聲母, MID($K38,O$4,1))) -> n | P38: =IF($M38="","", IF(MID($K38,P$4,1)="Ø", 零聲母, MID($K38,P$4,1))) -> ; | Q38: =IF($M38="","", IF(MID($K38,Q$4,1)="Ø", 零聲母, MID($K38,Q$4,1))) -> c | R38: =IF($M38="","", IF(MID($K38,R$4,1)="Ø", 零聲母, MID($K38,R$4,1))) | S38: =IF($M38="","", IF(MID($K38,S$4,1)="Ø", 零聲母, MID($K38,S$4,1))) | T38: =IF($M38="","", IF(MID($K38,T$4,1)="Ø", 零聲母, MID($K38,T$4,1))) | U38: =IF($M38="","", IF(MID($K38,U$4,1)="Ø", 零聲母, MID($K38,U$4,1)))
B39: 風 | C39: 公一喜 | D39: =IF(LEFT($E39)="Ø",SUBSTITUTE($E39, "Ø", ""), $E39) -> hong1 | E39: =IF($C39="","", _xlfn.CONCAT($F39, $J39, $G39)) -> hong1 | F39: =IFERROR( _xlfn.XLOOKUP(RIGHT($C39), 十五音聲母表[十八音],十五音聲母表[注音二式]), "" ) -> h | G39: =IF($C39="", "", _xlfn.XLOOKUP(MID(C39,2,1), 音調表[八音調號], 音調表[台羅調號]) ) -> 1 | H39: =IF($C39="", "", _xlfn.XLOOKUP(MID($C39,2,1), 音調表[八音調號], 音調表[羅馬拼音聲調按鍵]) ) -> ; | I39: =IF($C39="", "", IF(OR($G39=4,$G39=8), _xlfn.CONCAT(LEFT($C39),"（促）"), _xlfn.CONCAT(LEFT($C39),"（舒）"))) -> 公（舒） | J39: =IF($C39="", "", _xlfn.XLOOKUP($I39, 十五音韻母表[十五音],十五音韻母表[注音二式]) ) -> ong | K39: =IF($C39="","",_xlfn.CONCAT(J39,H39,F39)) -> ong;h | L39: =IF($C39="", "", LEN($E39)) -> 5 | M39: =IF($C39="", "", LEN($J39)+1) -> 4 | N39: =IF($M39="","", IF(MID($K39,N$4,1)="Ø", 零聲母, MID($K39,N$4,1))) -> o | O39: =IF($M39="","", IF(MID($K39,O$4,1)="Ø", 零聲母, MID($K39,O$4,1))) -> n | P39: =IF($M39="","", IF(MID($K39,P$4,1)="Ø", 零聲母, MID($K39,P$4,1))) -> g | Q39: =IF($M39="","", IF(MID($K39,Q$4,1)="Ø", 零聲母, MID($K39,Q$4,1))) -> ; | R39: =IF($M39="","", IF(MID($K39,R$4,1)="Ø", 零聲母, MID($K39,R$4,1))) -> h | S39: =IF($M39="","", IF(MID($K39,S$4,1)="Ø", 零聲母, MID($K39,S$4,1))) | T39: =IF($M39="","", IF(MID($K39,T$4,1)="Ø", 零聲母, MID($K39,T$4,1))) | U39: =IF($M39="","", IF(MID($K39,U$4,1)="Ø", 零聲母, MID($K39,U$4,1)))
B40: 不 | C40: 君四邊 | D40: =IF(LEFT($E40)="Ø",SUBSTITUTE($E40, "Ø", ""), $E40) -> but4 | E40: =IF($C40="","", _xlfn.CONCAT($F40, $J40, $G40)) -> but4 | F40: =IFERROR( _xlfn.XLOOKUP(RIGHT($C40), 十五音聲母表[十八音],十五音聲母表[注音二式]), "" ) -> b | G40: =IF($C40="", "", _xlfn.XLOOKUP(MID(C40,2,1), 音調表[八音調號], 音調表[台羅調號]) ) -> 4 | H40: =IF($C40="", "", _xlfn.XLOOKUP(MID($C40,2,1), 音調表[八音調號], 音調表[羅馬拼音聲調按鍵]) ) -> [ | I40: =IF($C40="", "", IF(OR($G40=4,$G40=8), _xlfn.CONCAT(LEFT($C40),"（促）"), _xlfn.CONCAT(LEFT($C40),"（舒）"))) -> 君（促） | J40: =IF($C40="", "", _xlfn.XLOOKUP($I40, 十五音韻母表[十五音],十五音韻母表[注音二式]) ) -> ut | K40: =IF($C40="","",_xlfn.CONCAT(J40,H40,F40)) -> ut[b | L40: =IF($C40="", "", LEN($E40)) -> 4 | M40: =IF($C40="", "", LEN($J40)+1) -> 3 | N40: =IF($M40="","", IF(MID($K40,N$4,1)="Ø", 零聲母, MID($K40,N$4,1))) -> u | O40: =IF($M40="","", IF(MID($K40,O$4,1)="Ø", 零聲母, MID($K40,O$4,1))) -> t | P40: =IF($M40="","", IF(MID($K40,P$4,1)="Ø", 零聲母, MID($K40,P$4,1))) -> [ | Q40: =IF($M40="","", IF(MID($K40,Q$4,1)="Ø", 零聲母, MID($K40,Q$4,1))) -> b | R40: =IF($M40="","", IF(MID($K40,R$4,1)="Ø", 零聲母, MID($K40,R$4,1))) | S40: =IF($M40="","", IF(MID($K40,S$4,1)="Ø", 零聲母, MID($K40,S$4,1))) | T40: =IF($M40="","", IF(MID($K40,T$4,1)="Ø", 零聲母, MID($K40,T$4,1))) | U40: =IF($M40="","", IF(MID($K40,U$4,1)="Ø", 零聲母, MID($K40,U$4,1)))
B41: 度 | C41: 沽七地 | D41: =IF(LEFT($E41)="Ø",SUBSTITUTE($E41, "Ø", ""), $E41) -> doo7 | E41: =IF($C41="","", _xlfn.CONCAT($F41, $J41, $G41)) -> doo7 | F41: =IFERROR( _xlfn.XLOOKUP(RIGHT($C41), 十五音聲母表[十八音],十五音聲母表[注音二式]), "" ) -> d | G41: =IF($C41="", "", _xlfn.XLOOKUP(MID(C41,2,1), 音調表[八音調號], 音調表[台羅調號]) ) -> 7 | H41: =IF($C41="", "", _xlfn.XLOOKUP(MID($C41,2,1), 音調表[八音調號], 音調表[羅馬拼音聲調按鍵]) ) -> - | I41: =IF($C41="", "", IF(OR($G41=4,$G41=8), _xlfn.CONCAT(LEFT($C41),"（促）"), _xlfn.CONCAT(LEFT($C41),"（舒）"))) -> 沽（舒） | J41: =IF($C41="", "", _xlfn.XLOOKUP($I41, 十五音韻母表[十五音],十五音韻母表[注音二式]) ) -> oo | K41: =IF($C41="","",_xlfn.CONCAT(J41,H41,F41)) -> oo-d | L41: =IF($C41="", "", LEN($E41)) -> 4 | M41: =IF($C41="", "", LEN($J41)+1) -> 3 | N41: =IF($M41="","", IF(MID($K41,N$4,1)="Ø", 零聲母, MID($K41,N$4,1))) -> o | O41: =IF($M41="","", IF(MID($K41,O$4,1)="Ø", 零聲母, MID($K41,O$4,1))) -> o | P41: =IF($M41="","", IF(MID($K41,P$4,1)="Ø", 零聲母, MID($K41,P$4,1))) -> - | Q41: =IF($M41="","", IF(MID($K41,Q$4,1)="Ø", 零聲母, MID($K41,Q$4,1))) -> d | R41: =IF($M41="","", IF(MID($K41,R$4,1)="Ø", 零聲母, MID($K41,R$4,1))) | S41: =IF($M41="","", IF(MID($K41,S$4,1)="Ø", 零聲母, MID($K41,S$4,1))) | T41: =IF($M41="","", IF(MID($K41,T$4,1)="Ø", 零聲母, MID($K41,T$4,1))) | U41: =IF($M41="","", IF(MID($K41,U$4,1)="Ø", 零聲母, MID($K41,U$4,1)))
B42: 玉 | C42: 恭八語 | D42: =IF(LEFT($E42)="Ø",SUBSTITUTE($E42, "Ø", ""), $E42) -> ggiook8 | E42: =IF($C42="","", _xlfn.CONCAT($F42, $J42, $G42)) -> ggiook8 | F42: =IFERROR( _xlfn.XLOOKUP(RIGHT($C42), 十五音聲母表[十八音],十五音聲母表[注音二式]), "" ) -> gg | G42: =IF($C42="", "", _xlfn.XLOOKUP(MID(C42,2,1), 音調表[八音調號], 音調表[台羅調號]) ) -> 8 | H42: =IF($C42="", "", _xlfn.XLOOKUP(MID($C42,2,1), 音調表[八音調號], 音調表[羅馬拼音聲調按鍵]) ) -> ] | I42: =IF($C42="", "", IF(OR($G42=4,$G42=8), _xlfn.CONCAT(LEFT($C42),"（促）"), _xlfn.CONCAT(LEFT($C42),"（舒）"))) -> 恭（促） | J42: =IF($C42="", "", _xlfn.XLOOKUP($I42, 十五音韻母表[十五音],十五音韻母表[注音二式]) ) -> iook | K42: =IF($C42="","",_xlfn.CONCAT(J42,H42,F42)) -> iook]gg | L42: =IF($C42="", "", LEN($E42)) -> 7 | M42: =IF($C42="", "", LEN($J42)+1) -> 5 | N42: =IF($M42="","", IF(MID($K42,N$4,1)="Ø", 零聲母, MID($K42,N$4,1))) -> i | O42: =IF($M42="","", IF(MID($K42,O$4,1)="Ø", 零聲母, MID($K42,O$4,1))) -> o | P42: =IF($M42="","", IF(MID($K42,P$4,1)="Ø", 零聲母, MID($K42,P$4,1))) -> o | Q42: =IF($M42="","", IF(MID($K42,Q$4,1)="Ø", 零聲母, MID($K42,Q$4,1))) -> k | R42: =IF($M42="","", IF(MID($K42,R$4,1)="Ø", 零聲母, MID($K42,R$4,1))) -> ] | S42: =IF($M42="","", IF(MID($K42,S$4,1)="Ø", 零聲母, MID($K42,S$4,1))) -> g | T42: =IF($M42="","", IF(MID($K42,T$4,1)="Ø", 零聲母, MID($K42,T$4,1))) -> g | U42: =IF($M42="","", IF(MID($K42,U$4,1)="Ø", 零聲母, MID($K42,U$4,1)))
B43: 門 | C43: 君五門 | D43: =IF(LEFT($E43)="Ø",SUBSTITUTE($E43, "Ø", ""), $E43) -> bbun5 | E43: =IF($C43="","", _xlfn.CONCAT($F43, $J43, $G43)) -> bbun5 | F43: =IFERROR( _xlfn.XLOOKUP(RIGHT($C43), 十五音聲母表[十八音],十五音聲母表[注音二式]), "" ) -> bb | G43: =IF($C43="", "", _xlfn.XLOOKUP(MID(C43,2,1), 音調表[八音調號], 音調表[台羅調號]) ) -> 5 | H43: =IF($C43="", "", _xlfn.XLOOKUP(MID($C43,2,1), 音調表[八音調號], 音調表[羅馬拼音聲調按鍵]) ) -> / | I43: =IF($C43="", "", IF(OR($G43=4,$G43=8), _xlfn.CONCAT(LEFT($C43),"（促）"), _xlfn.CONCAT(LEFT($C43),"（舒）"))) -> 君（舒） | J43: =IF($C43="", "", _xlfn.XLOOKUP($I43, 十五音韻母表[十五音],十五音韻母表[注音二式]) ) -> un | K43: =IF($C43="","",_xlfn.CONCAT(J43,H43,F43)) -> un/bb | L43: =IF($C43="", "", LEN($E43)) -> 5 | M43: =IF($C43="", "", LEN($J43)+1) -> 3 | N43: =IF($M43="","", IF(MID($K43,N$4,1)="Ø", 零聲母, MID($K43,N$4,1))) -> u | O43: =IF($M43="","", IF(MID($K43,O$4,1)="Ø", 零聲母, MID($K43,O$4,1))) -> n | P43: =IF($M43="","", IF(MID($K43,P$4,1)="Ø", 零聲母, MID($K43,P$4,1))) -> / | Q43: =IF($M43="","", IF(MID($K43,Q$4,1)="Ø", 零聲母, MID($K43,Q$4,1))) -> b | R43: =IF($M43="","", IF(MID($K43,R$4,1)="Ø", 零聲母, MID($K43,R$4,1))) -> b | S43: =IF($M43="","", IF(MID($K43,S$4,1)="Ø", 零聲母, MID($K43,S$4,1))) | T43: =IF($M43="","", IF(MID($K43,T$4,1)="Ø", 零聲母, MID($K43,T$4,1))) | U43: =IF($M43="","", IF(MID($K43,U$4,1)="Ø", 零聲母, MID($K43,U$4,1)))
B44: 關 | C44: 觀一求 | D44: =IF(LEFT($E44)="Ø",SUBSTITUTE($E44, "Ø", ""), $E44) -> guan1 | E44: =IF($C44="","", _xlfn.CONCAT($F44, $J44, $G44)) -> guan1 | F44: =IFERROR( _xlfn.XLOOKUP(RIGHT($C44), 十五音聲母表[十八音],十五音聲母表[注音二式]), "" ) -> g | G44: =IF($C44="", "", _xlfn.XLOOKUP(MID(C44,2,1), 音調表[八音調號], 音調表[台羅調號]) ) -> 1 | H44: =IF($C44="", "", _xlfn.XLOOKUP(MID($C44,2,1), 音調表[八音調號], 音調表[羅馬拼音聲調按鍵]) ) -> ; | I44: =IF($C44="", "", IF(OR($G44=4,$G44=8), _xlfn.CONCAT(LEFT($C44),"（促）"), _xlfn.CONCAT(LEFT($C44),"（舒）"))) -> 觀（舒） | J44: =IF($C44="", "", _xlfn.XLOOKUP($I44, 十五音韻母表[十五音],十五音韻母表[注音二式]) ) -> uan | K44: =IF($C44="","",_xlfn.CONCAT(J44,H44,F44)) -> uan;g | L44: =IF($C44="", "", LEN($E44)) -> 5 | M44: =IF($C44="", "", LEN($J44)+1) -> 4 | N44: =IF($M44="","", IF(MID($K44,N$4,1)="Ø", 零聲母, MID($K44,N$4,1))) -> u | O44: =IF($M44="","", IF(MID($K44,O$4,1)="Ø", 零聲母, MID($K44,O$4,1))) -> a | P44: =IF($M44="","", IF(MID($K44,P$4,1)="Ø", 零聲母, MID($K44,P$4,1))) -> n | Q44: =IF($M44="","", IF(MID($K44,Q$4,1)="Ø", 零聲母, MID($K44,Q$4,1))) -> ; | R44: =IF($M44="","", IF(MID($K44,R$4,1)="Ø", 零聲母, MID($K44,R$4,1))) -> g | S44: =IF($M44="","", IF(MID($K44,S$4,1)="Ø", 零聲母, MID($K44,S$4,1))) | T44: =IF($M44="","", IF(MID($K44,T$4,1)="Ø", 零聲母, MID($K44,T$4,1))) | U44: =IF($M44="","", IF(MID($K44,U$4,1)="Ø", 零聲母, MID($K44,U$4,1)))
B45: 。 | D45: =IF(LEFT($E45)="Ø",SUBSTITUTE($E45, "Ø", ""), $E45) | E45: =IF($C45="","", _xlfn.CONCAT($F45, $J45, $G45)) | F45: =IFERROR( _xlfn.XLOOKUP(RIGHT($C45), 十五音聲母表[十八音],十五音聲母表[注音二式]), "" ) | G45: =IF($C45="", "", _xlfn.XLOOKUP(MID(C45,2,1), 音調表[八音調號], 音調表[台羅調號]) ) | H45: =IF($C45="", "", _xlfn.XLOOKUP(MID($C45,2,1), 音調表[八音調號], 音調表[羅馬拼音聲調按鍵]) ) | I45: =IF($C45="", "", IF(OR($G45=4,$G45=8), _xlfn.CONCAT(LEFT($C45),"（促）"), _xlfn.CONCAT(LEFT($C45),"（舒）"))) | J45: =IF($C45="", "", _xlfn.XLOOKUP($I45, 十五音韻母表[十五音],十五音韻母表[注音二式]) ) | K45: =IF($C45="","",_xlfn.CONCAT(J45,H45,F45)) | L45: =IF($C45="", "", LEN($E45)) | M45: =IF($C45="", "", LEN($J45)+1) | N45: =IF($M45="","", IF(MID($K45,N$4,1)="Ø", 零聲母, MID($K45,N$4,1))) | O45: =IF($M45="","", IF(MID($K45,O$4,1)="Ø", 零聲母, MID($K45,O$4,1))) | P45: =IF($M45="","", IF(MID($K45,P$4,1)="Ø", 零聲母, MID($K45,P$4,1))) | Q45: =IF($M45="","", IF(MID($K45,Q$4,1)="Ø", 零聲母, MID($K45,Q$4,1))) | R45: =IF($M45="","", IF(MID($K45,R$4,1)="Ø", 零聲母, MID($K45,R$4,1))) | S45: =IF($M45="","", IF(MID($K45,S$4,1)="Ø", 零聲母, MID($K45,S$4,1))) | T45: =IF($M45="","", IF(MID($K45,T$4,1)="Ø", 零聲母, MID($K45,T$4,1))) | U45: =IF($M45="","", IF(MID($K45,U$4,1)="Ø", 零聲母, MID($K45,U$4,1)))

Sheet 打字練習表【方音符號】
B1: 聲母 | C1: 零ㄅㄆㄇㆠㄉㄊㄋㄌㄍㄎㆣㄏㄗㄘㆡㄙㄐㄑㆢㄒ | O1: 零聲母 | P1: Ø
B3: 漢字 | C3: 十五音 | D3: 注音符號/ 拼音字母 | E3: 字母 | F3: 韻母 | G3: 音調 | H3: 方音調符 | I3: 方音音調按鍵 | J3: 聲母 | K3: 含零聲母 | L3: 輸入按鍵 | M3: 字長 | N3: 調號位置 | O3: 鍵盤按鍵 | X3: 鍵盤按鍵
O4: 1 | P4: 2 | Q4: 3 | R4: 4 | S4: 5 | T4: 6 | U4: 7 | V4: 8 | X4: 1 | Y4: 2 | Z4: 3 | AA4: 4 | AB4: 5 | AC4: 6 | AD4: 7 | AE4: 8
B5: 《 | D5: =IF(LEFT($K5)="Ø",SUBSTITUTE($K5, "Ø", ""), $K5) | E5: =IF($C5="", "", IF(OR($G5=4,$G5=8), _xlfn.CONCAT(LEFT($C5),"（促）"), _xlfn.CONCAT(LEFT($C5),"（舒）"))) | F5: =IF($C5="", "", _xlfn.XLOOKUP($E5, 十五音韻母表[十五音],十五音韻母表[方音符號]) ) | G5: =IF($C5="", "", _xlfn.XLOOKUP(MID(C5,2,1), 音調表[八音調號], 音調表[台羅調號]) ) | H5: =IF($C5="", "", _xlfn.XLOOKUP($G5, 音調表[台羅調號], 音調表[方音符號聲調符號]) ) | I5: =IF($C5="", "", _xlfn.XLOOKUP(MID($C5,2,1), 音調表[八音調號], 音調表[方音符號聲調按鍵]) ) | J5: =IFERROR( _xlfn.XLOOKUP(RIGHT($C5), 十五音聲母表[十八音],十五音聲母表[方音符號]), "" ) | K5: =IF($C5="","", _xlfn.CONCAT($J5, $F5, IF(OR($H5="一", $H5="四"), "", $H5))) | L5: =IF($C5="","",IF($J5=零聲母,_xlfn.CONCAT(F5,I5,"="),_xlfn.CONCAT(F5,I5,J5))) | M5: =IF($C5="", "", LEN($K5)) | N5: =IF($C5="", "", LEN($F5)+1) | O5: =IF($N5="","", IF(MID($L5,O$4,1)="Ø", 零聲母, MID($L5,O$4,1))) | P5: =IF($N5="","", IF(MID($L5,P$4,1)="Ø", 零聲母, MID($L5,P$4,1))) | Q5: =IF($N5="","", IF(MID($L5,Q$4,1)="Ø", 零聲母, MID($L5,Q$4,1))) | R5: =IF($N5="","", IF(MID($L5,R$4,1)="Ø", 零聲母, MID($L5,R$4,1))) | S5: =IF($N5="","", IF(MID($L5,S$4,1)="Ø", 零聲母, MID($L5,S$4,1))) | T5: =IF($N5="","", IF(MID($L5,T$4,1)="Ø", 零聲母, MID($L5,T$4,1))) | U5: =IF($N5="","", IF(MID($L5,U$4,1)="Ø", 零聲母, MID($L5,U$4,1))) | V5: =IF($N5="","", IF(MID($L5,V$4,1)="Ø", 零聲母, MID($L5,V$4,1))) | X5: {=IF(O5="","", INDEX(按鍵位置表[方音符號標籤], MATCH(TRUE, EXACT(O5, 按鍵位置表[方音按鍵]), 0)))} | Y5: {=IF(P5="","", INDEX(按鍵位置表[方音符號標籤], MATCH(TRUE, EXACT(P5, 按鍵位置表[方音按鍵]), 0)))} | Z5: {=IF(Q5="","", INDEX(按鍵位置表[方音符號標籤], MATCH(TRUE, EXACT(Q5, 按鍵位置表[方音按鍵]), 0)))} | AA5: {=IF(R5="","", INDEX(按鍵位置表[方音符號標籤], MATCH(TRUE, EXACT(R5, 按鍵位置表[方音按鍵]), 0)))} | AB5: {=IF(S5="","", INDEX(按鍵位置表[方音符號標籤], MATCH(TRUE, EXACT(S5, 按鍵位置表[方音按鍵]), 0)))} | AC5: {=IF(T5="","", INDEX(按鍵位置表[方音符號標籤], MATCH(TRUE, EXACT(T5, 按鍵位置表[方音按鍵]), 0)))} | AD5: {=IF(U5="","", INDEX(按鍵位置表[方音符號標籤], MATCH(TRUE, EXACT(U5, 按鍵位置表[方音按鍵]), 0)))} | AE5: {=IF(V5="","", INDEX(按鍵位置表[方音符號標籤], MATCH(TRUE, EXACT(V5, 按鍵位置表[方音按鍵]), 0)))}
B6: 做 | C6: 姜五柳 | D6: =IF(LEFT($K6)="Ø",SUBSTITUTE($K6, "Ø", ""), $K6) -> ㄌㄧㄤˊ | E6: =IF($C6="", "", IF(OR($G6=4,$G6=8), _xlfn.CONCAT(LEFT($C6),"（促）"), _xlfn.CONCAT(LEFT($C6),"（舒）"))) -> 姜（舒） | F6: =IF($C6="", "", _xlfn.XLOOKUP($E6, 十五音韻母表[十五音],十五音韻母表[方音符號]) ) -> ㄧㄤ | G6: =IF($C6="", "", _xlfn.XLOOKUP(MID(C6,2,1), 音調表[八音調號], 音調表[台羅調號]) ) -> 5 | H6: =IF($C6="", "", _xlfn.XLOOKUP($G6, 音調表[台羅調號], 音調表[方音符號聲調符號]) ) -> ˊ | I6: =IF($C6="", "", _xlfn.XLOOKUP(MID($C6,2,1), 音調表[八音調號], 音調表[方音符號聲調按鍵]) ) -> 6 | J6: =IFERROR( _xlfn.XLOOKUP(RIGHT($C6), 十五音聲母表[十八音],十五音聲母表[方音符號]), "" ) -> ㄌ | K6: =IF($C6="","", _xlfn.CONCAT($J6, $F6, IF(OR($H6="一", $H6="四"), "", $H6))) -> ㄌㄧㄤˊ | L6: =IF($C6="","",IF($J6=零聲母,_xlfn.CONCAT(F6,I6,"="),_xlfn.CONCAT(F6,I6,J6))) -> ㄧㄤ6ㄌ | M6: =IF($C6="", "", LEN($K6)) -> 4 | N6: =IF($C6="", "", LEN($F6)+1) -> 3 | O6: =IF($N6="","", IF(MID($L6,O$4,1)="Ø", 零聲母, MID($L6,O$4,1))) -> ㄧ | P6: =IF($N6="","", IF(MID($L6,P$4,1)="Ø", 零聲母, MID($L6,P$4,1))) -> ㄤ | Q6: =IF($N6="","", IF(MID($L6,Q$4,1)="Ø", 零聲母, MID($L6,Q$4,1))) -> 6 | R6: =IF($N6="","", IF(MID($L6,R$4,1)="Ø", 零聲母, MID($L6,R$4,1))) -> ㄌ | S6: =IF($N6="","", IF(MID($L6,S$4,1)="Ø", 零聲母, MID($L6,S$4,1))) | T6: =IF($N6="","", IF(MID($L6,T$4,1)="Ø", 零聲母, MID($L6,T$4,1))) | U6: =IF($N6="","", IF(MID($L6,U$4,1)="Ø", 零聲母, MID($L6,U$4,1))) | V6: =IF($N6="","", IF(MID($L6,V$4,1)="Ø", 零聲母, MID($L6,V$4,1))) | X6: {=IF(O6="","", INDEX(按鍵位置表[方音符號標籤], MATCH(TRUE, EXACT(O6, 按鍵位置表[方音按鍵]), 0)))} -> u [ㄧ] | Y6: {=IF(P6="","", INDEX(按鍵位置表[方音符號標籤], MATCH(TRUE, EXACT(P6, 按鍵位置表[方音按鍵]), 0)))} -> ; [ㄤ] | Z6: {=IF(Q6="","", INDEX(按鍵位置表[方音符號標籤], MATCH(TRUE, EXACT(Q6, 按鍵位置表[方音按鍵]), 0)))} -> 6 [ˊ] | AA6: {=IF(R6="","", INDEX(按鍵位置表[方音符號標籤], MATCH(TRUE, EXACT(R6, 按鍵位置表[方音按鍵]), 0)))} -> x [ㄌ] | AB6: {=IF(S6="","", INDEX(按鍵位置表[方音符號標籤], MATCH(TRUE, EXACT(S6, 按鍵位置表[方音按鍵]), 0)))} | AC6: {=IF(T6="","", INDEX(按鍵位置表[方音符號標籤], MATCH(TRUE, EXACT(T6, 按鍵位置表[方音按鍵]), 0)))} | AD6: {=IF(U6="","", INDEX(按鍵位置表[方音符號標籤], MATCH(TRUE, EXACT(U6, 按鍵位置表[方音按鍵]), 0)))} | AE6: {=IF(V6="","", INDEX(按鍵位置表[方音符號標籤], MATCH(TRUE, EXACT(V6, 按鍵位置表[方音按鍵]), 0)))}
B7: 州 | C7: 丩一曾 | D7: =IF(LEFT($K7)="Ø",SUBSTITUTE($K7, "Ø", ""), $K7) -> ㄗㄧㄨ | E7: =IF($C7="", "", IF(OR($G7=4,$G7=8), _xlfn.CONCAT(LEFT($C7),"（促）"), _xlfn.CONCAT(LEFT($C7),"（舒）"))) -> 丩（舒） | F7: =IF($C7="", "", _xlfn.XLOOKUP($E7, 十五音韻母表[十五音],十五音韻母表[方音符號]) ) -> ㄧㄨ | G7: =IF($C7="", "", _xlfn.XLOOKUP(MID(C7,2,1), 音調表[八音調號], 音調表[台羅調號]) ) -> 1 | H7: =IF($C7="", "", _xlfn.XLOOKUP($G7, 音調表[台羅調號], 音調表[方音符號聲調符號]) ) -> 一 | I7: =IF($C7="", "", _xlfn.XLOOKUP(MID($C7,2,1), 音調表[八音調號], 音調表[方音符號聲調按鍵]) ) -> " | J7: =IFERROR( _xlfn.XLOOKUP(RIGHT($C7), 十五音聲母表[十八音],十五音聲母表[方音符號]), "" ) -> ㄗ | K7: =IF($C7="","", _xlfn.CONCAT($J7, $F7, IF(OR($H7="一", $H7="四"), "", $H7))) -> ㄗㄧㄨ | L7: =IF($C7="","",IF($J7=零聲母,_xlfn.CONCAT(F7,I7,"="),_xlfn.CONCAT(F7,I7,J7))) -> ㄧㄨ"ㄗ | M7: =IF($C7="", "", LEN($K7)) -> 3 | N7: =IF($C7="", "", LEN($F7)+1) -> 3 | O7: =IF($N7="","", IF(MID($L7,O$4,1)="Ø", 零聲母, MID($L7,O$4,1))) -> ㄧ | P7: =IF($N7="","", IF(MID($L7,P$4,1)="Ø", 零聲母, MID($L7,P$4,1))) -> ㄨ | Q7: =IF($N7="","", IF(MID($L7,Q$4,1)="Ø", 零聲母, MID($L7,Q$4,1))) -> " | R7: =IF($N7="","", IF(MID($L7,R$4,1)="Ø", 零聲母, MID($L7,R$4,1))) -> ㄗ | S7: =IF($N7="","", IF(MID($L7,S$4,1)="Ø", 零聲母, MID($L7,S$4,1))) | T7: =IF($N7="","", IF(MID($L7,T$4,1)="Ø", 零聲母, MID($L7,T$4,1))) | U7: =IF($N7="","", IF(MID($L7,U$4,1)="Ø", 零聲母, MID($L7,U$4,1))) | V7: =IF($N7="","", IF(MID($L7,V$4,1)="Ø", 零聲母, MID($L7,V$4,1))) | X7: {=IF(O7="","", INDEX(按鍵位置表[方音符號標籤], MATCH(TRUE, EXACT(O7, 按鍵位置表[方音按鍵]), 0)))} -> u [ㄧ] | Y7: {=IF(P7="","", INDEX(按鍵位置表[方音符號標籤], MATCH(TRUE, EXACT(P7, 按鍵位置表[方音按鍵]), 0)))} -> j [ㄨ] | Z7: {=IF(Q7="","", INDEX(按鍵位置表[方音符號標籤], MATCH(TRUE, EXACT(Q7, 按鍵位置表[方音按鍵]), 0)))} -> " ["] | AA7: {=IF(R7="","", INDEX(按鍵位置表[方音符號標籤], MATCH(TRUE, EXACT(R7, 按鍵位置表[方音按鍵]), 0)))} -> y [ㄗ] | AB7: {=IF(S7="","", INDEX(按鍵位置表[方音符號標籤], MATCH(TRUE, EXACT(S7, 按鍵位置表[方音按鍵]), 0)))} | AC7: {=IF(T7="","", INDEX(按鍵位置表[方音符號標籤], MATCH(TRUE, EXACT(T7, 按鍵位置表[方音按鍵]), 0)))} | AD7: {=IF(U7="","", INDEX(按鍵位置表[方音符號標籤], MATCH(TRUE, EXACT(U7, 按鍵位置表[方音按鍵]), 0)))} | AE7: {=IF(V7="","", INDEX(按鍵位置表[方音符號標籤], MATCH(TRUE, EXACT(V7, 按鍵位置表[方音按鍵]), 0)))}
B8: 詞 | C8: 艍五時 | D8: =IF(LEFT($K8)="Ø",SUBSTITUTE($K8, "Ø", ""), $K8) -> ㄙㄨˊ | E8: =IF($C8="", "", IF(OR($G8=4,$G8=8), _xlfn.CONCAT(LEFT($C8),"（促）"), _xlfn.CONCAT(LEFT($C8),"（舒）"))) -> 艍（舒） | F8: =IF($C8="", "", _xlfn.XLOOKUP($E8, 十五音韻母表[十五音],十五音韻母表[方音符號]) ) -> ㄨ | G8: =IF($C8="", "", _xlfn.XLOOKUP(MID(C8,2,1), 音調表[八音調號], 音調表[台羅調號]) ) -> 5 | H8: =IF($C8="", "", _xlfn.XLOOKUP($G8, 音調表[台羅調號], 音調表[方音符號聲調符號]) ) -> ˊ | I8: =IF($C8="", "", _xlfn.XLOOKUP(MID($C8,2,1), 音調表[八音調號], 音調表[方音符號聲調按鍵]) ) -> 6 | J8: =IFERROR( _xlfn.XLOOKUP(RIGHT($C8), 十五音聲母表[十八音],十五音聲母表[方音符號]), "" ) -> ㄙ | K8: =IF($C8="","", _xlfn.CONCAT($J8, $F8, IF(OR($H8="一", $H8="四"), "", $H8))) -> ㄙㄨˊ | L8: =IF($C8="","",IF($J8=零聲母,_xlfn.CONCAT(F8,I8,"="),_xlfn.CONCAT(F8,I8,J8))) -> ㄨ6ㄙ | M8: =IF($C8="", "", LEN($K8)) -> 3 | N8: =IF($C8="", "", LEN($F8)+1) -> 2 | O8: =IF($N8="","", IF(MID($L8,O$4,1)="Ø", 零聲母, MID($L8,O$4,1))) -> ㄨ | P8: =IF($N8="","", IF(MID($L8,P$4,1)="Ø", 零聲母, MID($L8,P$4,1))) -> 6 | Q8: =IF($N8="","", IF(MID($L8,Q$4,1)="Ø", 零聲母, MID($L8,Q$4,1))) -> ㄙ | R8: =IF($N8="","", IF(MID($L8,R$4,1)="Ø", 零聲母, MID($L8,R$4,1))) | S8: =IF($N8="","", IF(MID($L8,S$4,1)="Ø", 零聲母, MID($L8,S$4,1))) | T8: =IF($N8="","", IF(MID($L8,T$4,1)="Ø", 零聲母, MID($L8,T$4,1))) | U8: =IF($N8="","", IF(MID($L8,U$4,1)="Ø", 零聲母, MID($L8,U$4,1))) | V8: =IF($N8="","", IF(MID($L8,V$4,1)="Ø", 零聲母, MID($L8,V$4,1))) | X8: {=IF(O8="","", INDEX(按鍵位置表[方音符號標籤], MATCH(TRUE, EXACT(O8, 按鍵位置表[方音按鍵]), 0)))} -> j [ㄨ] | Y8: {=IF(P8="","", INDEX(按鍵位置表[方音符號標籤], MATCH(TRUE, EXACT(P8, 按鍵位置表[方音按鍵]), 0)))} -> 6 [ˊ] | Z8: {=IF(Q8="","", INDEX(按鍵位置表[方音符號標籤], MATCH(TRUE, EXACT(Q8, 按鍵位置表[方音按鍵]), 0)))} -> n [ㄙ] | AA8: {=IF(R8="","", INDEX(按鍵位置表[方音符號標籤], MATCH(TRUE, EXACT(R8, 按鍵位置表[方音按鍵]), 0)))} | AB8: {=IF(S8="","", INDEX(按鍵位置表[方音符號標籤], MATCH(TRUE, EXACT(S8, 按鍵位置表[方音按鍵]), 0)))} | AC8: {=IF(T8="","", INDEX(按鍵位置表[方音符號標籤], MATCH(TRUE, EXACT(T8, 按鍵位置表[方音按鍵]), 0)))} | AD8: {=IF(U8="","", INDEX(按鍵位置表[方音符號標籤], MATCH(TRUE, EXACT(U8, 按鍵位置表[方音按鍵]), 0)))} | AE8: {=IF(V8="","", INDEX(按鍵位置表[方音符號標籤], MATCH(TRUE, EXACT(V8, 按鍵位置表[方音按鍵]), 0)))}
B9: 》 | D9: =IF(LEFT($K9)="Ø",SUBSTITUTE($K9, "Ø", ""), $K9) | E9: =IF($C9="", "", IF(OR($G9=4,$G9=8), _xlfn.CONCAT(LEFT($C9),"（促）"), _xlfn.CONCAT(LEFT($C9),"（舒）"))) | F9: =IF($C9="", "", _xlfn.XLOOKUP($E9, 十五音韻母表[十五音],十五音韻母表[方音符號]) ) | G9: =IF($C9="", "", _xlfn.XLOOKUP(MID(C9,2,1), 音調表[八音調號], 音調表[台羅調號]) ) | H9: =IF($C9="", "", _xlfn.XLOOKUP($G9, 音調表[台羅調號], 音調表[方音符號聲調符號]) ) | I9: =IF($C9="", "", _xlfn.XLOOKUP(MID($C9,2,1), 音調表[八音調號], 音調表[方音符號聲調按鍵]) ) | J9: =IFERROR( _xlfn.XLOOKUP(RIGHT($C9), 十五音聲母表[十八音],十五音聲母表[方音符號]), "" ) | K9: =IF($C9="","", _xlfn.CONCAT($J9, $F9, IF(OR($H9="一", $H9="四"), "", $H9))) | L9: =IF($C9="","",IF($J9=零聲母,_xlfn.CONCAT(F9,I9,"="),_xlfn.CONCAT(F9,I9,J9))) | M9: =IF($C9="", "", LEN($K9)) | N9: =IF($C9="", "", LEN($F9)+1) | O9: =IF($N9="","", IF(MID($L9,O$4,1)="Ø", 零聲母, MID($L9,O$4,1))) | P9: =IF($N9="","", IF(MID($L9,P$4,1)="Ø", 零聲母, MID($L9,P$4,1))) | Q9: =IF($N9="","", IF(MID($L9,Q$4,1)="Ø", 零聲母, MID($L9,Q$4,1))) | R9: =IF($N9="","", IF(MID($L9,R$4,1)="Ø", 零聲母, MID($L9,R$4,1))) | S9: =IF($N9="","", IF(MID($L9,S$4,1)="Ø", 零聲母, MID($L9,S$4,1))) | T9: =IF($N9="","", IF(MID($L9,T$4,1)="Ø", 零聲母, MID($L9,T$4,1))) | U9: =IF($N9="","", IF(MID($L9,U$4,1)="Ø", 零聲母, MID($L9,U$4,1))) | V9: =IF($N9="","", IF(MID($L9,V$4,1)="Ø", 零聲母, MID($L9,V$4,1))) | X9: {=IF(O9="","", INDEX(按鍵位置表[方音符號標籤], MATCH(TRUE, EXACT(O9, 按鍵位置表[方音按鍵]), 0)))} | Y9: {=IF(P9="","", INDEX(按鍵位置表[方音符號標籤], MATCH(TRUE, EXACT(P9, 按鍵位置表[方音按鍵]), 0)))} | Z9: {=IF(Q9="","", INDEX(按鍵位置表[方音符號標籤], MATCH(TRUE, EXACT(Q9, 按鍵位置表[方音按鍵]), 0)))} | AA9: {=IF(R9="","", INDEX(按鍵位置表[方音符號標籤], MATCH(TRUE, EXACT(R9, 按鍵位置表[方音按鍵]), 0)))} | AB9: {=IF(S9="","", INDEX(按鍵位置表[方音符號標籤], MATCH(TRUE, EXACT(S9, 按鍵位置表[方音按鍵]), 0)))} | AC9: {=IF(T9="","", INDEX(按鍵位置表[方音符號標籤], MATCH(TRUE, EXACT(T9, 按鍵位置表[方音按鍵]), 0)))} | AD9: {=IF(U9="","", INDEX(按鍵位置表[方音符號標籤], MATCH(TRUE, EXACT(U9, 按鍵位置表[方音按鍵]), 0)))} | AE9: {=IF(V9="","", INDEX(按鍵位置表[方音符號標籤], MATCH(TRUE, EXACT(V9, 按鍵位置表[方音按鍵]), 0)))}
B10: 王 | C10: 公五英 | D10: =IF(LEFT($K10)="Ø",SUBSTITUTE($K10, "Ø", ""), $K10) -> ㆲˊ | E10: =IF($C10="", "", IF(OR($G10=4,$G10=8), _xlfn.CONCAT(LEFT($C10),"（促）"), _xlfn.CONCAT(LEFT($C10),"（舒）"))) -> 公（舒） | F10: =IF($C10="", "", _xlfn.XLOOKUP($E10, 十五音韻母表[十五音],十五音韻母表[方音符號]) ) -> ㆲ | G10: =IF($C10="", "", _xlfn.XLOOKUP(MID(C10,2,1), 音調表[八音調號], 音調表[台羅調號]) ) -> 5 | H10: =IF($C10="", "", _xlfn.XLOOKUP($G10, 音調表[台羅調號], 音調表[方音符號聲調符號]) ) -> ˊ | I10: =IF($C10="", "", _xlfn.XLOOKUP(MID($C10,2,1), 音調表[八音調號], 音調表[方音符號聲調按鍵]) ) -> 6 | J10: =IFERROR( _xlfn.XLOOKUP(RIGHT($C10), 十五音聲母表[十八音],十五音聲母表[方音符號]), "" ) -> Ø | K10: =IF($C10="","", _xlfn.CONCAT($J10, $F10, IF(OR($H10="一", $H10="四"), "", $H10))) -> Øㆲˊ | L10: =IF($C10="","",IF($J10=零聲母,_xlfn.CONCAT(F10,I10,"="),_xlfn.CONCAT(F10,I10,J10))) -> ㆲ6= | M10: =IF($C10="", "", LEN($K10)) -> 3 | N10: =IF($C10="", "", LEN($F10)+1) -> 2 | O10: =IF($N10="","", IF(MID($L10,O$4,1)="Ø", 零聲母, MID($L10,O$4,1))) -> ㆲ | P10: =IF($N10="","", IF(MID($L10,P$4,1)="Ø", 零聲母, MID($L10,P$4,1))) -> 6 | Q10: =IF($N10="","", IF(MID($L10,Q$4,1)="Ø", 零聲母, MID($L10,Q$4,1))) -> = | R10: =IF($N10="","", IF(MID($L10,R$4,1)="Ø", 零聲母, MID($L10,R$4,1))) | S10: =IF($N10="","", IF(MID($L10,S$4,1)="Ø", 零聲母, MID($L10,S$4,1))) | T10: =IF($N10="","", IF(MID($L10,T$4,1)="Ø", 零聲母, MID($L10,T$4,1))) | U10: =IF($N10="","", IF(MID($L10,U$4,1)="Ø", 零聲母, MID($L10,U$4,1))) | V10: =IF($N10="","", IF(MID($L10,V$4,1)="Ø", 零聲母, MID($L10,V$4,1))) | X10: {=IF(O10="","", INDEX(按鍵位置表[方音符號標籤], MATCH(TRUE, EXACT(O10, 按鍵位置表[方音按鍵]), 0)))} -> o [ㆲ] | Y10: {=IF(P10="","", INDEX(按鍵位置表[方音符號標籤], MATCH(TRUE, EXACT(P10, 按鍵位置表[方音按鍵]), 0)))} -> 6 [ˊ] | Z10: {=IF(Q10="","", INDEX(按鍵位置表[方音符號標籤], MATCH(TRUE, EXACT(Q10, 按鍵位置表[方音按鍵]), 0)))} -> = [Ø] | AA10: {=IF(R10="","", INDEX(按鍵位置表[方音符號標籤], MATCH(TRUE, EXACT(R10, 按鍵位置表[方音按鍵]), 0)))} | AB10: {=IF(S10="","", INDEX(按鍵位置表[方音符號標籤], MATCH(TRUE, EXACT(S10, 按鍵位置表[方音按鍵]), 0)))} | AC10: {=IF(T10="","", INDEX(按鍵位置表[方音符號標籤], MATCH(TRUE, EXACT(T10, 按鍵位置表[方音按鍵]), 0)))} | AD10: {=IF(U10="","", INDEX(按鍵位置表[方音符號標籤], MATCH(TRUE, EXACT(U10, 按鍵位置表[方音按鍵]), 0)))} | AE10: {=IF(V10="","", INDEX(按鍵位置表[方音符號標籤], MATCH(TRUE, EXACT(V10, 按鍵位置表[方音按鍵]), 0)))}
B11: 之 | C11: 居一曾 | D11: =IF(LEFT($K11)="Ø",SUBSTITUTE($K11, "Ø", ""), $K11) -> ㄗㄧ | E11: =IF($C11="", "", IF(OR($G11=4,$G11=8), _xlfn.CONCAT(LEFT($C11),"（促）"), _xlfn.CONCAT(LEFT($C11),"（舒）"))) -> 居（舒） | F11: =IF($C11="", "", _xlfn.XLOOKUP($E11, 十五音韻母表[十五音],十五音韻母表[方音符號]) ) -> ㄧ | G11: =IF($C11="", "", _xlfn.XLOOKUP(MID(C11,2,1), 音調表[八音調號], 音調表[台羅調號]) ) -> 1 | H11: =IF($C11="", "", _xlfn.XLOOKUP($G11, 音調表[台羅調號], 音調表[方音符號聲調符號]) ) -> 一 | I11: =IF($C11="", "", _xlfn.XLOOKUP(MID($C11,2,1), 音調表[八音調號], 音調表[方音符號聲調按鍵]) ) -> " | J11: =IFERROR( _xlfn.XLOOKUP(RIGHT($C11), 十五音聲母表[十八音],十五音聲母表[方音符號]), "" ) -> ㄗ | K11: =IF($C11="","", _xlfn.CONCAT($J11, $F11, IF(OR($H11="一", $H11="四"), "", $H11))) -> ㄗㄧ | L11: =IF($C11="","",IF($J11=零聲母,_xlfn.CONCAT(F11,I11,"="),_xlfn.CONCAT(F11,I11,J11))) -> ㄧ"ㄗ | M11: =IF($C11="", "", LEN($K11)) -> 2 | N11: =IF($C11="", "", LEN($F11)+1) -> 2 | O11: =IF($N11="","", IF(MID($L11,O$4,1)="Ø", 零聲母, MID($L11,O$4,1))) -> ㄧ | P11: =IF($N11="","", IF(MID($L11,P$4,1)="Ø", 零聲母, MID($L11,P$4,1))) -> " | Q11: =IF($N11="","", IF(MID($L11,Q$4,1)="Ø", 零聲母, MID($L11,Q$4,1))) -> ㄗ | R11: =IF($N11="","", IF(MID($L11,R$4,1)="Ø", 零聲母, MID($L11,R$4,1))) | S11: =IF($N11="","", IF(MID($L11,S$4,1)="Ø", 零聲母, MID($L11,S$4,1))) | T11: =IF($N11="","", IF(MID($L11,T$4,1)="Ø", 零聲母, MID($L11,T$4,1))) | U11: =IF($N11="","", IF(MID($L11,U$4,1)="Ø", 零聲母, MID($L11,U$4,1))) | V11: =IF($N11="","", IF(MID($L11,V$4,1)="Ø", 零聲母, MID($L11,V$4,1))) | X11: {=IF(O11="","", INDEX(按鍵位置表[方音符號標籤], MATCH(TRUE, EXACT(O11, 按鍵位置表[方音按鍵]), 0)))} -> u [ㄧ] | Y11: {=IF(P11="","", INDEX(按鍵位置表[方音符號標籤], MATCH(TRUE, EXACT(P11, 按鍵位置表[方音按鍵]), 0)))} -> " ["] | Z11: {=IF(Q11="","", INDEX(按鍵位置表[方音符號標籤], MATCH(TRUE, EXACT(Q11, 按鍵位置表[方音按鍵]), 0)))} -> y [ㄗ] | AA11: {=IF(R11="","", INDEX(按鍵位置表[方音符號標籤], MATCH(TRUE, EXACT(R11, 按鍵位置表[方音按鍵]), 0)))} | AB11: {=IF(S11="","", INDEX(按鍵位置表[方音符號標籤], MATCH(TRUE, EXACT(S11, 按鍵位置表[方音按鍵]), 0)))} | AC11: {=IF(T11="","", INDEX(按鍵位置表[方音符號標籤], MATCH(TRUE, EXACT(T11, 按鍵位置表[方音按鍵]), 0)))} | AD11: {=IF(U11="","", INDEX(按鍵位置表[方音符號標籤], MATCH(TRUE, EXACT(U11, 按鍵位置表[方音按鍵]), 0)))} | AE11: {=IF(V11="","", INDEX(按鍵位置表[方音符號標籤], MATCH(TRUE, EXACT(V11, 按鍵位置表[方音按鍵]), 0)))}
B12: 渙 | C12: 觀三喜 | D12: =IF(LEFT($K12)="Ø",SUBSTITUTE($K12, "Ø", ""), $K12) -> ㄏㄨㄢ˪ | E12: =IF($C12="", "", IF(OR($G12=4,$G12=8), _xlfn.CONCAT(LEFT($C12),"（促）"), _xlfn.CONCAT(LEFT($C12),"（舒）"))) -> 觀（舒） | F12: =IF($C12="", "", _xlfn.XLOOKUP($E12, 十五音韻母表[十五音],十五音韻母表[方音符號]) ) -> ㄨㄢ | G12: =IF($C12="", "", _xlfn.XLOOKUP(MID(C12,2,1), 音調表[八音調號], 音調表[台羅調號]) ) -> 3 | H12: =IF($C12="", "", _xlfn.XLOOKUP($G12, 音調表[台羅調號], 音調表[方音符號聲調符號]) ) -> ˪ | I12: =IF($C12="", "", _xlfn.XLOOKUP(MID($C12,2,1), 音調表[八音調號], 音調表[方音符號聲調按鍵]) ) -> 3 | J12: =IFERROR( _xlfn.XLOOKUP(RIGHT($C12), 十五音聲母表[十八音],十五音聲母表[方音符號]), "" ) -> ㄏ | K12: =IF($C12="","", _xlfn.CONCAT($J12, $F12, IF(OR($H12="一", $H12="四"), "", $H12))) -> ㄏㄨㄢ˪ | L12: =IF($C12="","",IF($J12=零聲母,_xlfn.CONCAT(F12,I12,"="),_xlfn.CONCAT(F12,I12,J12))) -> ㄨㄢ3ㄏ | M12: =IF($C12="", "", LEN($K12)) -> 4 | N12: =IF($C12="", "", LEN($F12)+1) -> 3 | O12: =IF($N12="","", IF(MID($L12,O$4,1)="Ø", 零聲母, MID($L12,O$4,1))) -> ㄨ | P12: =IF($N12="","", IF(MID($L12,P$4,1)="Ø", 零聲母, MID($L12,P$4,1))) -> ㄢ | Q12: =IF($N12="","", IF(MID($L12,Q$4,1)="Ø", 零聲母, MID($L12,Q$4,1))) -> 3 | R12: =IF($N12="","", IF(MID($L12,R$4,1)="Ø", 零聲母, MID($L12,R$4,1))) -> ㄏ | S12: =IF($N12="","", IF(MID($L12,S$4,1)="Ø", 零聲母, MID($L12,S$4,1))) | T12: =IF($N12="","", IF(MID($L12,T$4,1)="Ø", 零聲母, MID($L12,T$4,1))) | U12: =IF($N12="","", IF(MID($L12,U$4,1)="Ø", 零聲母, MID($L12,U$4,1))) | V12: =IF($N12="","", IF(MID($L12,V$4,1)="Ø", 零聲母, MID($L12,V$4,1))) | X12: {=IF(O12="","", INDEX(按鍵位置表[方音符號標籤], MATCH(TRUE, EXACT(O12, 按鍵位置表[方音按鍵]), 0)))} -> j [ㄨ] | Y12: {=IF(P12="","", INDEX(按鍵位置表[方音符號標籤], MATCH(TRUE, EXACT(P12, 按鍵位置表[方音按鍵]), 0)))} -> 0 [ㄢ] | Z12: {=IF(Q12="","", INDEX(按鍵位置表[方音符號標籤], MATCH(TRUE, EXACT(Q12, 按鍵位置表[方音按鍵]), 0)))} -> 3 [˪] | AA12: {=IF(R12="","", INDEX(按鍵位置表[方音符號標籤], MATCH(TRUE, EXACT(R12, 按鍵位置表[方音按鍵]), 0)))} -> c [ㄏ] | AB12: {=IF(S12="","", INDEX(按鍵位置表[方音符號標籤], MATCH(TRUE, EXACT(S12, 按鍵位置表[方音按鍵]), 0)))} | AC12: {=IF(T12="","", INDEX(按鍵位置表[方音符號標籤], MATCH(TRUE, EXACT(T12, 按鍵位置表[方音按鍵]), 0)))} | AD12: {=IF(U12="","", INDEX(按鍵位置表[方音符號標籤], MATCH(TRUE, EXACT(U12, 按鍵位置表[方音按鍵]), 0)))} | AE12: {=IF(V12="","", INDEX(按鍵位置表[方音符號標籤], MATCH(TRUE, EXACT(V12, 按鍵位置表[方音按鍵]), 0)))}
D13: =IF(LEFT($K13)="Ø",SUBSTITUTE($K13, "Ø", ""), $K13) | E13: =IF($C13="", "", IF(OR($G13=4,$G13=8), _xlfn.CONCAT(LEFT($C13),"（促）"), _xlfn.CONCAT(LEFT($C13),"（舒）"))) | F13: =IF($C13="", "", _xlfn.XLOOKUP($E13, 十五音韻母表[十五音],十五音韻母表[方音符號]) ) | G13: =IF($C13="", "", _xlfn.XLOOKUP(MID(C13,2,1), 音調表[八音調號], 音調表[台羅調號]) ) | H13: =IF($C13="", "", _xlfn.XLOOKUP($G13, 音調表[台羅調號], 音調表[方音符號聲調符號]) ) | I13: =IF($C13="", "", _xlfn.XLOOKUP(MID($C13,2,1), 音調表[八音調號], 音調表[方音符號聲調按鍵]) ) | J13: =IFERROR( _xlfn.XLOOKUP(RIGHT($C13), 十五音聲母表[十八音],十五音聲母表[方音符號]), "" ) | K13: =IF($C13="","", _xlfn.CONCAT($J13, $F13, IF(OR($H13="一", $H13="四"), "", $H13))) | L13: =IF($C13="","",IF($J13=零聲母,_xlfn.CONCAT(F13,I13,"="),_xlfn.CONCAT(F13,I13,J13))) | M13: =IF($C13="", "", LEN($K13)) | N13: =IF($C13="", "", LEN($F13)+1) | O13: =IF($N13="","", IF(MID($L13,O$4,1)="Ø", 零聲母, MID($L13,O$4,1))) | P13: =IF($N13="","", IF(MID($L13,P$4,1)="Ø", 零聲母, MID($L13,P$4,1))) | Q13: =IF($N13="","", IF(MID($L13,Q$4,1)="Ø", 零聲母, MID($L13,Q$4,1))) | R13: =IF($N13="","", IF(MID($L13,R$4,1)="Ø", 零聲母, MID($L13,R$4,1))) | S13: =IF($N13="","", IF(MID($L13,S$4,1)="Ø", 零聲母, MID($L13,S$4,1))) | T13: =IF($N13="","", IF(MID($L13,T$4,1)="Ø", 零聲母, MID($L13,T$4,1))) | U13: =IF($N13="","", IF(MID($L13,U$4,1)="Ø", 零聲母, MID($L13,U$4,1))) | V13: =IF($N13="","", IF(MID($L13,V$4,1)="Ø", 零聲母, MID($L13,V$4,1))) | X13: {=IF(O13="","", INDEX(按鍵位置表[方音符號標籤], MATCH(TRUE, EXACT(O13, 按鍵位置表[方音按鍵]), 0)))} | Y13: {=IF(P13="","", INDEX(按鍵位置表[方音符號標籤], MATCH(TRUE, EXACT(P13, 按鍵位置表[方音按鍵]), 0)))} | Z13: {=IF(Q13="","", INDEX(按鍵位置表[方音符號標籤], MATCH(TRUE, EXACT(Q13, 按鍵位置表[方音按鍵]), 0)))} | AA13: {=IF(R13="","", INDEX(按鍵位置表[方音符號標籤], MATCH(TRUE, EXACT(R13, 按鍵位置表[方音按鍵]), 0)))} | AB13: {=IF(S13="","", INDEX(按鍵位置表[方音符號標籤], MATCH(TRUE, EXACT(S13, 按鍵位置表[方音按鍵]), 0)))} | AC13: {=IF(T13="","", INDEX(按鍵位置表[方音符號標籤], MATCH(TRUE, EXACT(T13, 按鍵位置表[方音按鍵]), 0)))} | AD13: {=IF(U13="","", INDEX(按鍵位置表[方音符號標籤], MATCH(TRUE, EXACT(U13, 按鍵位置表[方音按鍵]), 0)))} | AE13: {=IF(V13="","", INDEX(按鍵位置表[方音符號標籤], MATCH(TRUE, EXACT(V13, 按鍵位置表[方音按鍵]), 0)))}
B14: 黃 | C14: 公五喜 | D14: =IF(LEFT($K14)="Ø",SUBSTITUTE($K14, "Ø", ""), $K14) -> ㄏㆲˊ | E14: =IF($C14="", "", IF(OR($G14=4,$G14=8), _xlfn.CONCAT(LEFT($C14),"（促）"), _xlfn.CONCAT(LEFT($C14),"（舒）"))) -> 公（舒） | F14: =IF($C14="", "", _xlfn.XLOOKUP($E14, 十五音韻母表[十五音],十五音韻母表[方音符號]) ) -> ㆲ | G14: =IF($C14="", "", _xlfn.XLOOKUP(MID(C14,2,1), 音調表[八音調號], 音調表[台羅調號]) ) -> 5 | H14: =IF($C14="", "", _xlfn.XLOOKUP($G14, 音調表[台羅調號], 音調表[方音符號聲調符號]) ) -> ˊ | I14: =IF($C14="", "", _xlfn.XLOOKUP(MID($C14,2,1), 音調表[八音調號], 音調表[方音符號聲調按鍵]) ) -> 6 | J14: =IFERROR( _xlfn.XLOOKUP(RIGHT($C14), 十五音聲母表[十八音],十五音聲母表[方音符號]), "" ) -> ㄏ | K14: =IF($C14="","", _xlfn.CONCAT($J14, $F14, IF(OR($H14="一", $H14="四"), "", $H14))) -> ㄏㆲˊ | L14: =IF($C14="","",IF($J14=零聲母,_xlfn.CONCAT(F14,I14,"="),_xlfn.CONCAT(F14,I14,J14))) -> ㆲ6ㄏ | M14: =IF($C14="", "", LEN($K14)) -> 3 | N14: =IF($C14="", "", LEN($F14)+1) -> 2 | O14: =IF($N14="","", IF(MID($L14,O$4,1)="Ø", 零聲母, MID($L14,O$4,1))) -> ㆲ | P14: =IF($N14="","", IF(MID($L14,P$4,1)="Ø", 零聲母, MID($L14,P$4,1))) -> 6 | Q14: =IF($N14="","", IF(MID($L14,Q$4,1)="Ø", 零聲母, MID($L14,Q$4,1))) -> ㄏ | R14: =IF($N14="","", IF(MID($L14,R$4,1)="Ø", 零聲母, MID($L14,R$4,1))) | S14: =IF($N14="","", IF(MID($L14,S$4,1)="Ø", 零聲母, MID($L14,S$4,1))) | T14: =IF($N14="","", IF(MID($L14,T$4,1)="Ø", 零聲母, MID($L14,T$4,1))) | U14: =IF($N14="","", IF(MID($L14,U$4,1)="Ø", 零聲母, MID($L14,U$4,1))) | V14: =IF($N14="","", IF(MID($L14,V$4,1)="Ø", 零聲母, MID($L14,V$4,1))) | X14: {=IF(O14="","", INDEX(按鍵位置表[方音符號標籤], MATCH(TRUE, EXACT(O14, 按鍵位置表[方音按鍵]), 0)))} -> o [ㆲ] | Y14: {=IF(P14="","", INDEX(按鍵位置表[方音符號標籤], MATCH(TRUE, EXACT(P14, 按鍵位置表[方音按鍵]), 0)))} -> 6 [ˊ] | Z14: {=IF(Q14="","", INDEX(按鍵位置表[方音符號標籤], MATCH(TRUE, EXACT(Q14, 按鍵位置表[方音按鍵]), 0)))} -> c [ㄏ] | AA14: {=IF(R14="","", INDEX(按鍵位置表[方音符號標籤], MATCH(TRUE, EXACT(R14, 按鍵位置表[方音按鍵]), 0)))} | AB14: {=IF(S14="","", INDEX(按鍵位置表[方音符號標籤], MATCH(TRUE, EXACT(S14, 按鍵位置表[方音按鍵]), 0)))} | AC14: {=IF(T14="","", INDEX(按鍵位置表[方音符號標籤], MATCH(TRUE, EXACT(T14, 按鍵位置表[方音按鍵]), 0)))} | AD14: {=IF(U14="","", INDEX(按鍵位置表[方音符號標籤], MATCH(TRUE, EXACT(U14, 按鍵位置表[方音按鍵]), 0)))} | AE14: {=IF(V14="","", INDEX(按鍵位置表[方音符號標籤], MATCH(TRUE, EXACT(V14, 按鍵位置表[方音按鍵]), 0)))}
B15: 河 | C15: 高五喜 | D15: =IF(LEFT($K15)="Ø",SUBSTITUTE($K15, "Ø", ""), $K15) -> ㄏㄜˊ | E15: =IF($C15="", "", IF(OR($G15=4,$G15=8), _xlfn.CONCAT(LEFT($C15),"（促）"), _xlfn.CONCAT(LEFT($C15),"（舒）"))) -> 高（舒） | F15: =IF($C15="", "", _xlfn.XLOOKUP($E15, 十五音韻母表[十五音],十五音韻母表[方音符號]) ) -> ㄜ | G15: =IF($C15="", "", _xlfn.XLOOKUP(MID(C15,2,1), 音調表[八音調號], 音調表[台羅調號]) ) -> 5 | H15: =IF($C15="", "", _xlfn.XLOOKUP($G15, 音調表[台羅調號], 音調表[方音符號聲調符號]) ) -> ˊ | I15: =IF($C15="", "", _xlfn.XLOOKUP(MID($C15,2,1), 音調表[八音調號], 音調表[方音符號聲調按鍵]) ) -> 6 | J15: =IFERROR( _xlfn.XLOOKUP(RIGHT($C15), 十五音聲母表[十八音],十五音聲母表[方音符號]), "" ) -> ㄏ | K15: =IF($C15="","", _xlfn.CONCAT($J15, $F15, IF(OR($H15="一", $H15="四"), "", $H15))) -> ㄏㄜˊ | L15: =IF($C15="","",IF($J15=零聲母,_xlfn.CONCAT(F15,I15,"="),_xlfn.CONCAT(F15,I15,J15))) -> ㄜ6ㄏ | M15: =IF($C15="", "", LEN($K15)) -> 3 | N15: =IF($C15="", "", LEN($F15)+1) -> 2 | O15: =IF($N15="","", IF(MID($L15,O$4,1)="Ø", 零聲母, MID($L15,O$4,1))) -> ㄜ | P15: =IF($N15="","", IF(MID($L15,P$4,1)="Ø", 零聲母, MID($L15,P$4,1))) -> 6 | Q15: =IF($N15="","", IF(MID($L15,Q$4,1)="Ø", 零聲母, MID($L15,Q$4,1))) -> ㄏ | R15: =IF($N15="","", IF(MID($L15,R$4,1)="Ø", 零聲母, MID($L15,R$4,1))) | S15: =IF($N15="","", IF(MID($L15,S$4,1)="Ø", 零聲母, MID($L15,S$4,1))) | T15: =IF($N15="","", IF(MID($L15,T$4,1)="Ø", 零聲母, MID($L15,T$4,1))) | U15: =IF($N15="","", IF(MID($L15,U$4,1)="Ø", 零聲母, MID($L15,U$4,1))) | V15: =IF($N15="","", IF(MID($L15,V$4,1)="Ø", 零聲母, MID($L15,V$4,1))) | X15: {=IF(O15="","", INDEX(按鍵位置表[方音符號標籤], MATCH(TRUE, EXACT(O15, 按鍵位置表[方音按鍵]), 0)))} -> k [ㄜ] | Y15: {=IF(P15="","", INDEX(按鍵位置表[方音符號標籤], MATCH(TRUE, EXACT(P15, 按鍵位置表[方音按鍵]), 0)))} -> 6 [ˊ] | Z15: {=IF(Q15="","", INDEX(按鍵位置表[方音符號標籤], MATCH(TRUE, EXACT(Q15, 按鍵位置表[方音按鍵]), 0)))} -> c [ㄏ] | AA15: {=IF(R15="","", INDEX(按鍵位置表[方音符號標籤], MATCH(TRUE, EXACT(R15, 按鍵位置表[方音按鍵]), 0)))} | AB15: {=IF(S15="","", INDEX(按鍵位置表[方音符號標籤], MATCH(TRUE, EXACT(S15, 按鍵位置表[方音按鍵]), 0)))} | AC15: {=IF(T15="","", INDEX(按鍵位置表[方音符號標籤], MATCH(TRUE, EXACT(T15, 按鍵位置表[方音按鍵]), 0)))} | AD15: {=IF(U15="","", INDEX(按鍵位置表[方音符號標籤], MATCH(TRUE, EXACT(U15, 按鍵位置表[方音按鍵]), 0)))} | AE15: {=IF(V15="","", INDEX(按鍵位置表[方音符號標籤], MATCH(TRUE, EXACT(V15, 按鍵位置表[方音按鍵]), 0)))}
