Workbook

Sheet 打字練習表
B2: 漢字 | C2: 羅馬字母拼音 | D2: 字母 | E2: 鍵盤按鍵
E3: 1 | F3: 2 | G3: 3 | H3: 4 | I3: 5 | J3: 6 | K3: 7 | L3: 8 | M3: 9
B4: 涼 | C4: liang5 | D4: =IF( LEN(C4)>0, LEN(C4), "") -> 6 | E4: {=IF(E$3<>$D4, MID($C4,E$3,1), INDEX(音調表!$D$3:$D$12, MATCH(TRUE, EXACT(MID($C4,E$3,1), 音調表!$B$3:$B$12),0)))} -> l | F4: {=IF(F$3<>$D4, MID($C4,F$3,1), INDEX(音調表!$D$3:$D$12, MATCH(TRUE, EXACT(MID($C4,F$3,1), 音調表!$B$3:$B$12),0)))} -> i | G4: {=IF(G$3<>$D4, MID($C4,G$3,1), INDEX(音調表!$D$3:$D$12, MATCH(TRUE, EXACT(MID($C4,G$3,1), 音調表!$B$3:$B$12),0)))} -> a | H4: {=IF(H$3<>$D4, MID($C4,H$3,1), INDEX(音調表!$D$3:$D$12, MATCH(TRUE, EXACT(MID($C4,H$3,1), 音調表!$B$3:$B$12),0)))} -> n | I4: {=IF(I$3<>$D4, MID($C4,I$3,1), INDEX(音調表!$D$3:$D$12, MATCH(TRUE, EXACT(MID($C4,I$3,1), 音調表!$B$3:$B$12),0)))} -> g | J4: {=IF(J$3<>$D4, MID($C4,J$3,1), INDEX(音調表!$D$3:$D$12, MATCH(TRUE, EXACT(MID($C4,J$3,1), 音調表!$B$3:$B$12),0)))} -> / | K4: {=IF(K$3<>$D4, MID($C4,K$3,1), INDEX(音調表!$D$3:$D$12, MATCH(TRUE, EXACT(MID($C4,K$3,1), 音調表!$B$3:$B$12),0)))} | L4: {=IF(L$3<>$D4, MID($C4,L$3,1), INDEX(音調表!$D$3:$D$12, MATCH(TRUE, EXACT(MID($C4,L$3,1), 音調表!$B$3:$B$12),0)))} | M4: {=IF(M$3<>$D4, MID($C4,M$3,1), INDEX(音調表!$D$3:$D$12, MATCH(TRUE, EXACT(MID($C4,M$3,1), 音調表!$B$3:$B$12),0)))} | Q4: {=IF( ISNUMBER(VALUE(J4)), INDEX(音調表!$D$3:$D$12, MATCH(TRUE, EXACT(J4, 音調表!$B$3:$B$12),0)), "")}
B5: 州 | C5: ziu1 | D5: =IF( LEN(C5)>0, LEN(C5), "") -> 4 | E5: {=IF(E$3<>$D5, MID($C5,E$3,1), INDEX(音調表!$D$3:$D$12, MATCH(TRUE, EXACT(MID($C5,E$3,1), 音調表!$B$3:$B$12),0)))} -> z | F5: {=IF(F$3<>$D5, MID($C5,F$3,1), INDEX(音調表!$D$3:$D$12, MATCH(TRUE, EXACT(MID($C5,F$3,1), 音調表!$B$3:$B$12),0)))} -> i | G5: {=IF(G$3<>$D5, MID($C5,G$3,1), INDEX(音調表!$D$3:$D$12, MATCH(TRUE, EXACT(MID($C5,G$3,1), 音調表!$B$3:$B$12),0)))} -> u | H5: {=IF(H$3<>$D5, MID($C5,H$3,1), INDEX(音調表!$D$3:$D$12, MATCH(TRUE, EXACT(MID($C5,H$3,1), 音調表!$B$3:$B$12),0)))} -> ; | I5: {=IF(I$3<>$D5, MID($C5,I$3,1), INDEX(音調表!$D$3:$D$12, MATCH(TRUE, EXACT(MID($C5,I$3,1), 音調表!$B$3:$B$12),0)))} | J5: {=IF(J$3<>$D5, MID($C5,J$3,1), INDEX(音調表!$D$3:$D$12, MATCH(TRUE, EXACT(MID($C5,J$3,1), 音調表!$B$3:$B$12),0)))} | K5: {=IF(K$3<>$D5, MID($C5,K$3,1), INDEX(音調表!$D$3:$D$12, MATCH(TRUE, EXACT(MID($C5,K$3,1), 音調表!$B$3:$B$12),0)))} | L5: {=IF(L$3<>$D5, MID($C5,L$3,1), INDEX(音調表!$D$3:$D$12, MATCH(TRUE, EXACT(MID($C5,L$3,1), 音調表!$B$3:$B$12),0)))} | M5: {=IF(M$3<>$D5, MID($C5,M$3,1), INDEX(音調表!$D$3:$D$12, MATCH(TRUE, EXACT(MID($C5,M$3,1), 音調表!$B$3:$B$12),0)))}
B6: 詞 | C6: su5 | D6: =IF( LEN(C6)>0, LEN(C6), "") -> 3 | E6: {=IF(E$3<>$D6, MID($C6,E$3,1), INDEX(音調表!$D$3:$D$12, MATCH(TRUE, EXACT(MID($C6,E$3,1), 音調表!$B$3:$B$12),0)))} -> s | F6: {=IF(F$3<>$D6, MID($C6,F$3,1), INDEX(音調表!$D$3:$D$12, MATCH(TRUE, EXACT(MID($C6,F$3,1), 音調表!$B$3:$B$12),0)))} -> u | G6: {=IF(G$3<>$D6, MID($C6,G$3,1), INDEX(音調表!$D$3:$D$12, MATCH(TRUE, EXACT(MID($C6,G$3,1), 音調表!$B$3:$B$12),0)))} -> / | H6: {=IF(H$3<>$D6, MID($C6,H$3,1), INDEX(音調表!$D$3:$D$12, MATCH(TRUE, EXACT(MID($C6,H$3,1), 音調表!$B$3:$B$12),0)))} | I6: {=IF(I$3<>$D6, MID($C6,I$3,1), INDEX(音調表!$D$3:$D$12, MATCH(TRUE, EXACT(MID($C6,I$3,1), 音調表!$B$3:$B$12),0)))} | J6: {=IF(J$3<>$D6, MID($C6,J$3,1), INDEX(音調表!$D$3:$D$12, MATCH(TRUE, EXACT(MID($C6,J$3,1), 音調表!$B$3:$B$12),0)))} | K6: {=IF(K$3<>$D6, MID($C6,K$3,1), INDEX(音調表!$D$3:$D$12, MATCH(TRUE, EXACT(MID($C6,K$3,1), 音調表!$B$3:$B$12),0)))} | L6: {=IF(L$3<>$D6, MID($C6,L$3,1), INDEX(音調表!$D$3:$D$12, MATCH(TRUE, EXACT(MID($C6,L$3,1), 音調表!$B$3:$B$12),0)))} | M6: {=IF(M$3<>$D6, MID($C6,M$3,1), INDEX(音調表!$D$3:$D$12, MATCH(TRUE, EXACT(MID($C6,M$3,1), 音調表!$B$3:$B$12),0)))}
D7: =IF( LEN(C7)>0, LEN(C7), "") | E7: {=IF(E$3<>$D7, MID($C7,E$3,1), INDEX(音調表!$D$3:$D$12, MATCH(TRUE, EXACT(MID($C7,E$3,1), 音調表!$B$3:$B$12),0)))} | F7: {=IF(F$3<>$D7, MID($C7,F$3,1), INDEX(音調表!$D$3:$D$12, MATCH(TRUE, EXACT(MID($C7,F$3,1), 音調表!$B$3:$B$12),0)))} | G7: {=IF(G$3<>$D7, MID($C7,G$3,1), INDEX(音調表!$D$3:$D$12, MATCH(TRUE, EXACT(MID($C7,G$3,1), 音調表!$B$3:$B$12),0)))} | H7: {=IF(H$3<>$D7, MID($C7,H$3,1), INDEX(音調表!$D$3:$D$12, MATCH(TRUE, EXACT(MID($C7,H$3,1), 音調表!$B$3:$B$12),0)))} | I7: {=IF(I$3<>$D7, MID($C7,I$3,1), INDEX(音調表!$D$3:$D$12, MATCH(TRUE, EXACT(MID($C7,I$3,1), 音調表!$B$3:$B$12),0)))} | J7: {=IF(J$3<>$D7, MID($C7,J$3,1), INDEX(音調表!$D$3:$D$12, MATCH(TRUE, EXACT(MID($C7,J$3,1), 音調表!$B$3:$B$12),0)))} | K7: {=IF(K$3<>$D7, MID($C7,K$3,1), INDEX(音調表!$D$3:$D$12, MATCH(TRUE, EXACT(MID($C7,K$3,1), 音調表!$B$3:$B$12),0)))} | L7: {=IF(L$3<>$D7, MID($C7,L$3,1), INDEX(音調表!$D$3:$D$12, MATCH(TRUE, EXACT(MID($C7,L$3,1), 音調表!$B$3:$B$12),0)))} | M7: {=IF(M$3<>$D7, MID($C7,M$3,1), INDEX(音調表!$D$3:$D$12, MATCH(TRUE, EXACT(MID($C7,M$3,1), 音調表!$B$3:$B$12),0)))}
B8: 王 | C8: ong5 | D8: =IF( LEN(C8)>0, LEN(C8), "") -> 4 | E8: {=IF(E$3<>$D8, MID($C8,E$3,1), INDEX(音調表!$D$3:$D$12, MATCH(TRUE, EXACT(MID($C8,E$3,1), 音調表!$B$3:$B$12),0)))} -> o | F8: {=IF(F$3<>$D8, MID($C8,F$3,1), INDEX(音調表!$D$3:$D$12, MATCH(TRUE, EXACT(MID($C8,F$3,1), 音調表!$B$3:$B$12),0)))} -> n | G8: {=IF(G$3<>$D8, MID($C8,G$3,1), INDEX(音調表!$D$3:$D$12, MATCH(TRUE, EXACT(MID($C8,G$3,1), 音調表!$B$3:$B$12),0)))} -> g | H8: {=IF(H$3<>$D8, MID($C8,H$3,1), INDEX(音調表!$D$3:$D$12, MATCH(TRUE, EXACT(MID($C8,H$3,1), 音調表!$B$3:$B$12),0)))} -> / | I8: {=IF(I$3<>$D8, MID($C8,I$3,1), INDEX(音調表!$D$3:$D$12, MATCH(TRUE, EXACT(MID($C8,I$3,1), 音調表!$B$3:$B$12),0)))} | J8: {=IF(J$3<>$D8, MID($C8,J$3,1), INDEX(音調表!$D$3:$D$12, MATCH(TRUE, EXACT(MID($C8,J$3,1), 音調表!$B$3:$B$12),0)))} | K8: {=IF(K$3<>$D8, MID($C8,K$3,1), INDEX(音調表!$D$3:$D$12, MATCH(TRUE, EXACT(MID($C8,K$3,1), 音調表!$B$3:$B$12),0)))} | L8: {=IF(L$3<>$D8, MID($C8,L$3,1), INDEX(音調表!$D$3:$D$12, MATCH(TRUE, EXACT(MID($C8,L$3,1), 音調表!$B$3:$B$12),0)))} | M8: {=IF(M$3<>$D8, MID($C8,M$3,1), INDEX(音調表!$D$3:$D$12, MATCH(TRUE, EXACT(MID($C8,M$3,1), 音調表!$B$3:$B$12),0)))}
B9: 之 | C9: zi1 | D9: =IF( LEN(C9)>0, LEN(C9), "") -> 3 | E9: {=IF(E$3<>$D9, MID($C9,E$3,1), INDEX(音調表!$D$3:$D$12, MATCH(TRUE, EXACT(MID($C9,E$3,1), 音調表!$B$3:$B$12),0)))} -> z | F9: {=IF(F$3<>$D9, MID($C9,F$3,1), INDEX(音調表!$D$3:$D$12, MATCH(TRUE, EXACT(MID($C9,F$3,1), 音調表!$B$3:$B$12),0)))} -> i | G9: {=IF(G$3<>$D9, MID($C9,G$3,1), INDEX(音調表!$D$3:$D$12, MATCH(TRUE, EXACT(MID($C9,G$3,1), 音調表!$B$3:$B$12),0)))} -> ; | H9: {=IF(H$3<>$D9, MID($C9,H$3,1), INDEX(音調表!$D$3:$D$12, MATCH(TRUE, EXACT(MID($C9,H$3,1), 音調表!$B$3:$B$12),0)))} | I9: {=IF(I$3<>$D9, MID($C9,I$3,1), INDEX(音調表!$D$3:$D$12, MATCH(TRUE, EXACT(MID($C9,I$3,1), 音調表!$B$3:$B$12),0)))} | J9: {=IF(J$3<>$D9, MID($C9,J$3,1), INDEX(音調表!$D$3:$D$12, MATCH(TRUE, EXACT(MID($C9,J$3,1), 音調表!$B$3:$B$12),0)))} | K9: {=IF(K$3<>$D9, MID($C9,K$3,1), INDEX(音調表!$D$3:$D$12, MATCH(TRUE, EXACT(MID($C9,K$3,1), 音調表!$B$3:$B$12),0)))} | L9: {=IF(L$3<>$D9, MID($C9,L$3,1), INDEX(音調表!$D$3:$D$12, MATCH(TRUE, EXACT(MID($C9,L$3,1), 音調表!$B$3:$B$12),0)))} | M9: {=IF(M$3<>$D9, MID($C9,M$3,1), INDEX(音調表!$D$3:$D$12, MATCH(TRUE, EXACT(MID($C9,M$3,1), 音調表!$B$3:$B$12),0)))}
B10: 渙 | C10: huan3 | D10: =IF( LEN(C10)>0, LEN(C10), "") -> 5 | E10: {=IF(E$3<>$D10, MID($C10,E$3,1), INDEX(音調表!$D$3:$D$12, MATCH(TRUE, EXACT(MID($C10,E$3,1), 音調表!$B$3:$B$12),0)))} -> h | F10: {=IF(F$3<>$D10, MID($C10,F$3,1), INDEX(音調表!$D$3:$D$12, MATCH(TRUE, EXACT(MID($C10,F$3,1), 音調表!$B$3:$B$12),0)))} -> u | G10: {=IF(G$3<>$D10, MID($C10,G$3,1), INDEX(音調表!$D$3:$D$12, MATCH(TRUE, EXACT(MID($C10,G$3,1), 音調表!$B$3:$B$12),0)))} -> a | H10: {=IF(H$3<>$D10, MID($C10,H$3,1), INDEX(音調表!$D$3:$D$12, MATCH(TRUE, EXACT(MID($C10,H$3,1), 音調表!$B$3:$B$12),0)))} -> n | I10: {=IF(I$3<>$D10, MID($C10,I$3,1), INDEX(音調表!$D$3:$D$12, MATCH(TRUE, EXACT(MID($C10,I$3,1), 音調表!$B$3:$B$12),0)))} -> _ | J10: {=IF(J$3<>$D10, MID($C10,J$3,1), INDEX(音調表!$D$3:$D$12, MATCH(TRUE, EXACT(MID($C10,J$3,1), 音調表!$B$3:$B$12),0)))} | K10: {=IF(K$3<>$D10, MID($C10,K$3,1), INDEX(音調表!$D$3:$D$12, MATCH(TRUE, EXACT(MID($C10,K$3,1), 音調表!$B$3:$B$12),0)))} | L10: {=IF(L$3<>$D10, MID($C10,L$3,1), INDEX(音調表!$D$3:$D$12, MATCH(TRUE, EXACT(MID($C10,L$3,1), 音調表!$B$3:$B$12),0)))} | M10: {=IF(M$3<>$D10, MID($C10,M$3,1), INDEX(音調表!$D$3:$D$12, MATCH(TRUE, EXACT(MID($C10,M$3,1), 音調表!$B$3:$B$12),0)))}
D11: =IF( LEN(C11)>0, LEN(C11), "") | E11: {=IF(E$3<>$D11, MID($C11,E$3,1), INDEX(音調表!$D$3:$D$12, MATCH(TRUE, EXACT(MID($C11,E$3,1), 音調表!$B$3:$B$12),0)))} | F11: {=IF(F$3<>$D11, MID($C11,F$3,1), INDEX(音調表!$D$3:$D$12, MATCH(TRUE, EXACT(MID($C11,F$3,1), 音調表!$B$3:$B$12),0)))} | G11: {=IF(G$3<>$D11, MID($C11,G$3,1), INDEX(音調表!$D$3:$D$12, MATCH(TRUE, EXACT(MID($C11,G$3,1), 音調表!$B$3:$B$12),0)))} | H11: {=IF(H$3<>$D11, MID($C11,H$3,1), INDEX(音調表!$D$3:$D$12, MATCH(TRUE, EXACT(MID($C11,H$3,1), 音調表!$B$3:$B$12),0)))} | I11: {=IF(I$3<>$D11, MID($C11,I$3,1), INDEX(音調表!$D$3:$D$12, MATCH(TRUE, EXACT(MID($C11,I$3,1), 音調表!$B$3:$B$12),0)))} | J11: {=IF(J$3<>$D11, MID($C11,J$3,1), INDEX(音調表!$D$3:$D$12, MATCH(TRUE, EXACT(MID($C11,J$3,1), 音調表!$B$3:$B$12),0)))} | K11: {=IF(K$3<>$D11, MID($C11,K$3,1), INDEX(音調表!$D$3:$D$12, MATCH(TRUE, EXACT(MID($C11,K$3,1), 音調表!$B$3:$B$12),0)))} | L11: {=IF(L$3<>$D11, MID($C11,L$3,1), INDEX(音調表!$D$3:$D$12, MATCH(TRUE, EXACT(MID($C11,L$3,1), 音調表!$B$3:$B$12),0)))} | M11: {=IF(M$3<>$D11, MID($C11,M$3,1), INDEX(音調表!$D$3:$D$12, MATCH(TRUE, EXACT(MID($C11,M$3,1), 音調表!$B$3:$B$12),0)))}
B12: 黄 | C12: hong5 | D12: =IF( LEN(C12)>0, LEN(C12), "") -> 5 | E12: {=IF(E$3<>$D12, MID($C12,E$3,1), INDEX(音調表!$D$3:$D$12, MATCH(TRUE, EXACT(MID($C12,E$3,1), 音調表!$B$3:$B$12),0)))} -> h | F12: {=IF(F$3<>$D12, MID($C12,F$3,1), INDEX(音調表!$D$3:$D$12, MATCH(TRUE, EXACT(MID($C12,F$3,1), 音調表!$B$3:$B$12),0)))} -> o | G12: {=IF(G$3<>$D12, MID($C12,G$3,1), INDEX(音調表!$D$3:$D$12, MATCH(TRUE, EXACT(MID($C12,G$3,1), 音調表!$B$3:$B$12),0)))} -> n | H12: {=IF(H$3<>$D12, MID($C12,H$3,1), INDEX(音調表!$D$3:$D$12, MATCH(TRUE, EXACT(MID($C12,H$3,1), 音調表!$B$3:$B$12),0)))} -> g | I12: {=IF(I$3<>$D12, MID($C12,I$3,1), INDEX(音調表!$D$3:$D$12, MATCH(TRUE, EXACT(MID($C12,I$3,1), 音調表!$B$3:$B$12),0)))} -> / | J12: {=IF(J$3<>$D12, MID($C12,J$3,1), INDEX(音調表!$D$3:$D$12, MATCH(TRUE, EXACT(MID($C12,J$3,1), 音調表!$B$3:$B$12),0)))} | K12: {=IF(K$3<>$D12, MID($C12,K$3,1), INDEX(音調表!$D$3:$D$12, MATCH(TRUE, EXACT(MID($C12,K$3,1), 音調表!$B$3:$B$12),0)))} | L12: {=IF(L$3<>$D12, MID($C12,L$3,1), INDEX(音調表!$D$3:$D$12, MATCH(TRUE, EXACT(MID($C12,L$3,1), 音調表!$B$3:$B$12),0)))} | M12: {=IF(M$3<>$D12, MID($C12,M$3,1), INDEX(音調表!$D$3:$D$12, MATCH(TRUE, EXACT(MID($C12,M$3,1), 音調表!$B$3:$B$12),0)))}
B13: 河 | C13: ho5 | D13: =IF( LEN(C13)>0, LEN(C13), "") -> 3 | E13: {=IF(E$3<>$D13, MID($C13,E$3,1), INDEX(音調表!$D$3:$D$12, MATCH(TRUE, EXACT(MID($C13,E$3,1), 音調表!$B$3:$B$12),0)))} -> h | F13: {=IF(F$3<>$D13, MID($C13,F$3,1), INDEX(音調表!$D$3:$D$12, MATCH(TRUE, EXACT(MID($C13,F$3,1), 音調表!$B$3:$B$12),0)))} -> o | G13: {=IF(G$3<>$D13, MID($C13,G$3,1), INDEX(音調表!$D$3:$D$12, MATCH(TRUE, EXACT(MID($C13,G$3,1), 音調表!$B$3:$B$12),0)))} -> / | H13: {=IF(H$3<>$D13, MID($C13,H$3,1), INDEX(音調表!$D$3:$D$12, MATCH(TRUE, EXACT(MID($C13,H$3,1), 音調表!$B$3:$B$12),0)))} | I13: {=IF(I$3<>$D13, MID($C13,I$3,1), INDEX(音調表!$D$3:$D$12, MATCH(TRUE, EXACT(MID($C13,I$3,1), 音調表!$B$3:$B$12),0)))} | J13: {=IF(J$3<>$D13, MID($C13,J$3,1), INDEX(音調表!$D$3:$D$12, MATCH(TRUE, EXACT(MID($C13,J$3,1), 音調表!$B$3:$B$12),0)))} | K13: {=IF(K$3<>$D13, MID($C13,K$3,1), INDEX(音調表!$D$3:$D$12, MATCH(TRUE, EXACT(MID($C13,K$3,1), 音調表!$B$3:$B$12),0)))} | L13: {=IF(L$3<>$D13, MID($C13,L$3,1), INDEX(音調表!$D$3:$D$12, MATCH(TRUE, EXACT(MID($C13,L$3,1), 音調表!$B$3:$B$12),0)))} | M13: {=IF(M$3<>$D13, MID($C13,M$3,1), INDEX(音調表!$D$3:$D$12, MATCH(TRUE, EXACT(MID($C13,M$3,1), 音調表!$B$3:$B$12),0)))}
B14: 遠 | C14: uan2 | D14: =IF( LEN(C14)>0, LEN(C14), "") -> 4 | E14: {=IF(E$3<>$D14, MID($C14,E$3,1), INDEX(音調表!$D$3:$D$12, MATCH(TRUE, EXACT(MID($C14,E$3,1), 音調表!$B$3:$B$12),0)))} -> u | F14: {=IF(F$3<>$D14, MID($C14,F$3,1), INDEX(音調表!$D$3:$D$12, MATCH(TRUE, EXACT(MID($C14,F$3,1), 音調表!$B$3:$B$12),0)))} -> a | G14: {=IF(G$3<>$D14, MID($C14,G$3,1), INDEX(音調表!$D$3:$D$12, MATCH(TRUE, EXACT(MID($C14,G$3,1), 音調表!$B$3:$B$12),0)))} -> n | H14: {=IF(H$3<>$D14, MID($C14,H$3,1), INDEX(音調表!$D$3:$D$12, MATCH(TRUE, EXACT(MID($C14,H$3,1), 音調表!$B$3:$B$12),0)))} -> \ | I14: {=IF(I$3<>$D14, MID($C14,I$3,1), INDEX(音調表!$D$3:$D$12, MATCH(TRUE, EXACT(MID($C14,I$3,1), 音調表!$B$3:$B$12),0)))} | J14: {=IF(J$3<>$D14, MID($C14,J$3,1), INDEX(音調表!$D$3:$D$12, MATCH(TRUE, EXACT(MID($C14,J$3,1), 音調表!$B$3:$B$12),0)))} | K14: {=IF(K$3<>$D14, MID($C14,K$3,1), INDEX(音調表!$D$3:$D$12, MATCH(TRUE, EXACT(MID($C14,K$3,1), 音調表!$B$3:$B$12),0)))} | L14: {=IF(L$3<>$D14, MID($C14,L$3,1), INDEX(音調表!$D$3:$D$12, MATCH(TRUE, EXACT(MID($C14,L$3,1), 音調表!$B$3:$B$12),0)))} | M14: {=IF(M$3<>$D14, MID($C14,M$3,1), INDEX(音調表!$D$3:$D$12, MATCH(TRUE, EXACT(MID($C14,M$3,1), 音調表!$B$3:$B$12),0)))}
B15: 上 | C15: siong2 | D15: =IF( LEN(C15)>0, LEN(C15), "") -> 6 | E15: {=IF(E$3<>$D15, MID($C15,E$3,1), INDEX(音調表!$D$3:$D$12, MATCH(TRUE, EXACT(MID($C15,E$3,1), 音調表!$B$3:$B$12),0)))} -> s | F15: {=IF(F$3<>$D15, MID($C15,F$3,1), INDEX(音調表!$D$3:$D$12, MATCH(TRUE, EXACT(MID($C15,F$3,1), 音調表!$B$3:$B$12),0)))} -> i | G15: {=IF(G$3<>$D15, MID($C15,G$3,1), INDEX(音調表!$D$3:$D$12, MATCH(TRUE, EXACT(MID($C15,G$3,1), 音調表!$B$3:$B$12),0)))} -> o | H15: {=IF(H$3<>$D15, MID($C15,H$3,1), INDEX(音調表!$D$3:$D$12, MATCH(TRUE, EXACT(MID($C15,H$3,1), 音調表!$B$3:$B$12),0)))} -> n | I15: {=IF(I$3<>$D15, MID($C15,I$3,1), INDEX(音調表!$D$3:$D$12, MATCH(TRUE, EXACT(MID($C15,I$3,1), 音調表!$B$3:$B$12),0)))} -> g | J15: {=IF(J$3<>$D15, MID($C15,J$3,1), INDEX(音調表!$D$3:$D$12, MATCH(TRUE, EXACT(MID($C15,J$3,1), 音調表!$B$3:$B$12),0)))} -> \ | K15: {=IF(K$3<>$D15, MID($C15,K$3,1), INDEX(音調表!$D$3:$D$12, MATCH(TRUE, EXACT(MID($C15,K$3,1), 音調表!$B$3:$B$12),0)))} | L15: {=IF(L$3<>$D15, MID($C15,L$3,1), INDEX(音調表!$D$3:$D$12, MATCH(TRUE, EXACT(MID($C15,L$3,1), 音調表!$B$3:$B$12),0)))} | M15: {=IF(M$3<>$D15, MID($C15,M$3,1), INDEX(音調表!$D$3:$D$12, MATCH(TRUE, EXACT(MID($C15,M$3,1), 音調表!$B$3:$B$12),0)))}
B16: 白 | C16: pik8 | D16: =IF( LEN(C16)>0, LEN(C16), "") -> 4 | E16: {=IF(E$3<>$D16, MID($C16,E$3,1), INDEX(音調表!$D$3:$D$12, MATCH(TRUE, EXACT(MID($C16,E$3,1), 音調表!$B$3:$B$12),0)))} -> p | F16: {=IF(F$3<>$D16, MID($C16,F$3,1), INDEX(音調表!$D$3:$D$12, MATCH(TRUE, EXACT(MID($C16,F$3,1), 音調表!$B$3:$B$12),0)))} -> i | G16: {=IF(G$3<>$D16, MID($C16,G$3,1), INDEX(音調表!$D$3:$D$12, MATCH(TRUE, EXACT(MID($C16,G$3,1), 音調表!$B$3:$B$12),0)))} -> k | H16: {=IF(H$3<>$D16, MID($C16,H$3,1), INDEX(音調表!$D$3:$D$12, MATCH(TRUE, EXACT(MID($C16,H$3,1), 音調表!$B$3:$B$12),0)))} -> ] | I16: {=IF(I$3<>$D16, MID($C16,I$3,1), INDEX(音調表!$D$3:$D$12, MATCH(TRUE, EXACT(MID($C16,I$3,1), 音調表!$B$3:$B$12),0)))} | J16: {=IF(J$3<>$D16, MID($C16,J$3,1), INDEX(音調表!$D$3:$D$12, MATCH(TRUE, EXACT(MID($C16,J$3,1), 音調表!$B$3:$B$12),0)))} | K16: {=IF(K$3<>$D16, MID($C16,K$3,1), INDEX(音調表!$D$3:$D$12, MATCH(TRUE, EXACT(MID($C16,K$3,1), 音調表!$B$3:$B$12),0)))} | L16: {=IF(L$3<>$D16, MID($C16,L$3,1), INDEX(音調表!$D$3:$D$12, MATCH(TRUE, EXACT(MID($C16,L$3,1), 音調表!$B$3:$B$12),0)))} | M16: {=IF(M$3<>$D16, MID($C16,M$3,1), INDEX(音調表!$D$3:$D$12, MATCH(TRUE, EXACT(MID($C16,M$3,1), 音調表!$B$3:$B$12),0)))}
B17: 雲 | C17: hun5 | D17: =IF( LEN(C17)>0, LEN(C17), "") -> 4 | E17: {=IF(E$3<>$D17, MID($C17,E$3,1), INDEX(音調表!$D$3:$D$12, MATCH(TRUE, EXACT(MID($C17,E$3,1), 音調表!$B$3:$B$12),0)))} -> h | F17: {=IF(F$3<>$D17, MID($C17,F$3,1), INDEX(音調表!$D$3:$D$12, MATCH(TRUE, EXACT(MID($C17,F$3,1), 音調表!$B$3:$B$12),0)))} -> u | G17: {=IF(G$3<>$D17, MID($C17,G$3,1), INDEX(音調表!$D$3:$D$12, MATCH(TRUE, EXACT(MID($C17,G$3,1), 音調表!$B$3:$B$12),0)))} -> n | H17: {=IF(H$3<>$D17, MID($C17,H$3,1), INDEX(音調表!$D$3:$D$12, MATCH(TRUE, EXACT(MID($C17,H$3,1), 音調表!$B$3:$B$12),0)))} -> / | I17: {=IF(I$3<>$D17, MID($C17,I$3,1), INDEX(音調表!$D$3:$D$12, MATCH(TRUE, EXACT(MID($C17,I$3,1), 音調表!$B$3:$B$12),0)))} | J17: {=IF(J$3<>$D17, MID($C17,J$3,1), INDEX(音調表!$D$3:$D$12, MATCH(TRUE, EXACT(MID($C17,J$3,1), 音調表!$B$3:$B$12),0)))} | K17: {=IF(K$3<>$D17, MID($C17,K$3,1), INDEX(音調表!$D$3:$D$12, MATCH(TRUE, EXACT(MID($C17,K$3,1), 音調表!$B$3:$B$12),0)))} | L17: {=IF(L$3<>$D17, MID($C17,L$3,1), INDEX(音調表!$D$3:$D$12, MATCH(TRUE, EXACT(MID($C17,L$3,1), 音調表!$B$3:$B$12),0)))} | M17: {=IF(M$3<>$D17, MID($C17,M$3,1), INDEX(音調表!$D$3:$D$12, MATCH(TRUE, EXACT(MID($C17,M$3,1), 音調表!$B$3:$B$12),0)))}
B18: 間 | C18: kan1 | D18: =IF( LEN(C18)>0, LEN(C18), "") -> 4 | E18: {=IF(E$3<>$D18, MID($C18,E$3,1), INDEX(音調表!$D$3:$D$12, MATCH(TRUE, EXACT(MID($C18,E$3,1), 音調表!$B$3:$B$12),0)))} -> k | F18: {=IF(F$3<>$D18, MID($C18,F$3,1), INDEX(音調表!$D$3:$D$12, MATCH(TRUE, EXACT(MID($C18,F$3,1), 音調表!$B$3:$B$12),0)))} -> a | G18: {=IF(G$3<>$D18, MID($C18,G$3,1), INDEX(音調表!$D$3:$D$12, MATCH(TRUE, EXACT(MID($C18,G$3,1), 音調表!$B$3:$B$12),0)))} -> n | H18: {=IF(H$3<>$D18, MID($C18,H$3,1), INDEX(音調表!$D$3:$D$12, MATCH(TRUE, EXACT(MID($C18,H$3,1), 音調表!$B$3:$B$12),0)))} -> ; | I18: {=IF(I$3<>$D18, MID($C18,I$3,1), INDEX(音調表!$D$3:$D$12, MATCH(TRUE, EXACT(MID($C18,I$3,1), 音調表!$B$3:$B$12),0)))} | J18: {=IF(J$3<>$D18, MID($C18,J$3,1), INDEX(音調表!$D$3:$D$12, MATCH(TRUE, EXACT(MID($C18,J$3,1), 音調表!$B$3:$B$12),0)))} | K18: {=IF(K$3<>$D18, MID($C18,K$3,1), INDEX(音調表!$D$3:$D$12, MATCH(TRUE, EXACT(MID($C18,K$3,1), 音調表!$B$3:$B$12),0)))} | L18: {=IF(L$3<>$D18, MID($C18,L$3,1), INDEX(音調表!$D$3:$D$12, MATCH(TRUE, EXACT(MID($C18,L$3,1), 音調表!$B$3:$B$12),0)))} | M18: {=IF(M$3<>$D18, MID($C18,M$3,1), INDEX(音調表!$D$3:$D$12, MATCH(TRUE, EXACT(MID($C18,M$3,1), 音調表!$B$3:$B$12),0)))}
B19: ， | D19: =IF( LEN(C19)>0, LEN(C19), "") | E19: ` | F19: , | G19: {=IF(G$3<>$D19, MID($C19,G$3,1), INDEX(音調表!$D$3:$D$12, MATCH(TRUE, EXACT(MID($C19,G$3,1), 音調表!$B$3:$B$12),0)))} | H19: {=IF(H$3<>$D19, MID($C19,H$3,1), INDEX(音調表!$D$3:$D$12, MATCH(TRUE, EXACT(MID($C19,H$3,1), 音調表!$B$3:$B$12),0)))} | I19: {=IF(I$3<>$D19, MID($C19,I$3,1), INDEX(音調表!$D$3:$D$12, MATCH(TRUE, EXACT(MID($C19,I$3,1), 音調表!$B$3:$B$12),0)))} | J19: {=IF(J$3<>$D19, MID($C19,J$3,1), INDEX(音調表!$D$3:$D$12, MATCH(TRUE, EXACT(MID($C19,J$3,1), 音調表!$B$3:$B$12),0)))} | K19: {=IF(K$3<>$D19, MID($C19,K$3,1), INDEX(音調表!$D$3:$D$12, MATCH(TRUE, EXACT(MID($C19,K$3,1), 音調表!$B$3:$B$12),0)))} | L19: {=IF(L$3<>$D19, MID($C19,L$3,1), INDEX(音調表!$D$3:$D$12, MATCH(TRUE, EXACT(MID($C19,L$3,1), 音調表!$B$3:$B$12),0)))} | M19: {=IF(M$3<>$D19, MID($C19,M$3,1), INDEX(音調表!$D$3:$D$12, MATCH(TRUE, EXACT(MID($C19,M$3,1), 音調表!$B$3:$B$12),0)))}
B20: 一 | C20: it4 | D20: =IF( LEN(C20)>0, LEN(C20), "") -> 3 | E20: {=IF(E$3<>$D20, MID($C20,E$3,1), INDEX(音調表!$D$3:$D$12, MATCH(TRUE, EXACT(MID($C20,E$3,1), 音調表!$B$3:$B$12),0)))} -> i | F20: {=IF(F$3<>$D20, MID($C20,F$3,1), INDEX(音調表!$D$3:$D$12, MATCH(TRUE, EXACT(MID($C20,F$3,1), 音調表!$B$3:$B$12),0)))} -> t | G20: {=IF(G$3<>$D20, MID($C20,G$3,1), INDEX(音調表!$D$3:$D$12, MATCH(TRUE, EXACT(MID($C20,G$3,1), 音調表!$B$3:$B$12),0)))} -> [ | H20: {=IF(H$3<>$D20, MID($C20,H$3,1), INDEX(音調表!$D$3:$D$12, MATCH(TRUE, EXACT(MID($C20,H$3,1), 音調表!$B$3:$B$12),0)))} | I20: {=IF(I$3<>$D20, MID($C20,I$3,1), INDEX(音調表!$D$3:$D$12, MATCH(TRUE, EXACT(MID($C20,I$3,1), 音調表!$B$3:$B$12),0)))} | J20: {=IF(J$3<>$D20, MID($C20,J$3,1), INDEX(音調表!$D$3:$D$12, MATCH(TRUE, EXACT(MID($C20,J$3,1), 音調表!$B$3:$B$12),0)))} | K20: {=IF(K$3<>$D20, MID($C20,K$3,1), INDEX(音調表!$D$3:$D$12, MATCH(TRUE, EXACT(MID($C20,K$3,1), 音調表!$B$3:$B$12),0)))} | L20: {=IF(L$3<>$D20, MID($C20,L$3,1), INDEX(音調表!$D$3:$D$12, MATCH(TRUE, EXACT(MID($C20,L$3,1), 音調表!$B$3:$B$12),0)))} | M20: {=IF(M$3<>$D20, MID($C20,M$3,1), INDEX(音調表!$D$3:$D$12, MATCH(TRUE, EXACT(MID($C20,M$3,1), 音調表!$B$3:$B$12),0)))}
B21: 片 | C21: phian3 | D21: =IF( LEN(C21)>0, LEN(C21), "") -> 6 | E21: {=IF(E$3<>$D21, MID($C21,E$3,1), INDEX(音調表!$D$3:$D$12, MATCH(TRUE, EXACT(MID($C21,E$3,1), 音調表!$B$3:$B$12),0)))} -> p | F21: {=IF(F$3<>$D21, MID($C21,F$3,1), INDEX(音調表!$D$3:$D$12, MATCH(TRUE, EXACT(MID($C21,F$3,1), 音調表!$B$3:$B$12),0)))} -> h | G21: {=IF(G$3<>$D21, MID($C21,G$3,1), INDEX(音調表!$D$3:$D$12, MATCH(TRUE, EXACT(MID($C21,G$3,1), 音調表!$B$3:$B$12),0)))} -> i | H21: {=IF(H$3<>$D21, MID($C21,H$3,1), INDEX(音調表!$D$3:$D$12, MATCH(TRUE, EXACT(MID($C21,H$3,1), 音調表!$B$3:$B$12),0)))} -> a | I21: {=IF(I$3<>$D21, MID($C21,I$3,1), INDEX(音調表!$D$3:$D$12, MATCH(TRUE, EXACT(MID($C21,I$3,1), 音調表!$B$3:$B$12),0)))} -> n | J21: {=IF(J$3<>$D21, MID($C21,J$3,1), INDEX(音調表!$D$3:$D$12, MATCH(TRUE, EXACT(MID($C21,J$3,1), 音調表!$B$3:$B$12),0)))} -> _ | K21: {=IF(K$3<>$D21, MID($C21,K$3,1), INDEX(音調表!$D$3:$D$12, MATCH(TRUE, EXACT(MID($C21,K$3,1), 音調表!$B$3:$B$12),0)))} | L21: {=IF(L$3<>$D21, MID($C21,L$3,1), INDEX(音調表!$D$3:$D$12, MATCH(TRUE, EXACT(MID($C21,L$3,1), 音調表!$B$3:$B$12),0)))} | M21: {=IF(M$3<>$D21, MID($C21,M$3,1), INDEX(音調表!$D$3:$D$12, MATCH(TRUE, EXACT(MID($C21,M$3,1), 音調表!$B$3:$B$12),0)))}
B22: 孤 | C22: koo1 | D22: =IF( LEN(C22)>0, LEN(C22), "") -> 4 | E22: {=IF(E$3<>$D22, MID($C22,E$3,1), INDEX(音調表!$D$3:$D$12, MATCH(TRUE, EXACT(MID($C22,E$3,1), 音調表!$B$3:$B$12),0)))} -> k | F22: {=IF(F$3<>$D22, MID($C22,F$3,1), INDEX(音調表!$D$3:$D$12, MATCH(TRUE, EXACT(MID($C22,F$3,1), 音調表!$B$3:$B$12),0)))} -> o | G22: {=IF(G$3<>$D22, MID($C22,G$3,1), INDEX(音調表!$D$3:$D$12, MATCH(TRUE, EXACT(MID($C22,G$3,1), 音調表!$B$3:$B$12),0)))} -> o | H22: {=IF(H$3<>$D22, MID($C22,H$3,1), INDEX(音調表!$D$3:$D$12, MATCH(TRUE, EXACT(MID($C22,H$3,1), 音調表!$B$3:$B$12),0)))} -> ; | I22: {=IF(I$3<>$D22, MID($C22,I$3,1), INDEX(音調表!$D$3:$D$12, MATCH(TRUE, EXACT(MID($C22,I$3,1), 音調表!$B$3:$B$12),0)))} | J22: {=IF(J$3<>$D22, MID($C22,J$3,1), INDEX(音調表!$D$3:$D$12, MATCH(TRUE, EXACT(MID($C22,J$3,1), 音調表!$B$3:$B$12),0)))} | K22: {=IF(K$3<>$D22, MID($C22,K$3,1), INDEX(音調表!$D$3:$D$12, MATCH(TRUE, EXACT(MID($C22,K$3,1), 音調表!$B$3:$B$12),0)))} | L22: {=IF(L$3<>$D22, MID($C22,L$3,1), INDEX(音調表!$D$3:$D$12, MATCH(TRUE, EXACT(MID($C22,L$3,1), 音調表!$B$3:$B$12),0)))} | M22: {=IF(M$3<>$D22, MID($C22,M$3,1), INDEX(音調表!$D$3:$D$12, MATCH(TRUE, EXACT(MID($C22,M$3,1), 音調表!$B$3:$B$12),0)))}
B23: 城 | C23: sing5 | D23: =IF( LEN(C23)>0, LEN(C23), "") -> 5 | E23: {=IF(E$3<>$D23, MID($C23,E$3,1), INDEX(音調表!$D$3:$D$12, MATCH(TRUE, EXACT(MID($C23,E$3,1), 音調表!$B$3:$B$12),0)))} -> s | F23: {=IF(F$3<>$D23, MID($C23,F$3,1), INDEX(音調表!$D$3:$D$12, MATCH(TRUE, EXACT(MID($C23,F$3,1), 音調表!$B$3:$B$12),0)))} -> i | G23: {=IF(G$3<>$D23, MID($C23,G$3,1), INDEX(音調表!$D$3:$D$12, MATCH(TRUE, EXACT(MID($C23,G$3,1), 音調表!$B$3:$B$12),0)))} -> n | H23: {=IF(H$3<>$D23, MID($C23,H$3,1), INDEX(音調表!$D$3:$D$12, MATCH(TRUE, EXACT(MID($C23,H$3,1), 音調表!$B$3:$B$12),0)))} -> g | I23: {=IF(I$3<>$D23, MID($C23,I$3,1), INDEX(音調表!$D$3:$D$12, MATCH(TRUE, EXACT(MID($C23,I$3,1), 音調表!$B$3:$B$12),0)))} -> / | J23: {=IF(J$3<>$D23, MID($C23,J$3,1), INDEX(音調表!$D$3:$D$12, MATCH(TRUE, EXACT(MID($C23,J$3,1), 音調表!$B$3:$B$12),0)))} | K23: {=IF(K$3<>$D23, MID($C23,K$3,1), INDEX(音調表!$D$3:$D$12, MATCH(TRUE, EXACT(MID($C23,K$3,1), 音調表!$B$3:$B$12),0)))} | L23: {=IF(L$3<>$D23, MID($C23,L$3,1), INDEX(音調表!$D$3:$D$12, MATCH(TRUE, EXACT(MID($C23,L$3,1), 音調表!$B$3:$B$12),0)))} | M23: {=IF(M$3<>$D23, MID($C23,M$3,1), INDEX(音調表!$D$3:$D$12, MATCH(TRUE, EXACT(MID($C23,M$3,1), 音調表!$B$3:$B$12),0)))}
B24: 萬 | C24: ban7 | D24: =IF( LEN(C24)>0, LEN(C24), "") -> 4 | E24: {=IF(E$3<>$D24, MID($C24,E$3,1), INDEX(音調表!$D$3:$D$12, MATCH(TRUE, EXACT(MID($C24,E$3,1), 音調表!$B$3:$B$12),0)))} -> b | F24: {=IF(F$3<>$D24, MID($C24,F$3,1), INDEX(音調表!$D$3:$D$12, MATCH(TRUE, EXACT(MID($C24,F$3,1), 音調表!$B$3:$B$12),0)))} -> a | G24: {=IF(G$3<>$D24, MID($C24,G$3,1), INDEX(音調表!$D$3:$D$12, MATCH(TRUE, EXACT(MID($C24,G$3,1), 音調表!$B$3:$B$12),0)))} -> n | H24: {=IF(H$3<>$D24, MID($C24,H$3,1), INDEX(音調表!$D$3:$D$12, MATCH(TRUE, EXACT(MID($C24,H$3,1), 音調表!$B$3:$B$12),0)))} -> - | I24: {=IF(I$3<>$D24, MID($C24,I$3,1), INDEX(音調表!$D$3:$D$12, MATCH(TRUE, EXACT(MID($C24,I$3,1), 音調表!$B$3:$B$12),0)))} | J24: {=IF(J$3<>$D24, MID($C24,J$3,1), INDEX(音調表!$D$3:$D$12, MATCH(TRUE, EXACT(MID($C24,J$3,1), 音調表!$B$3:$B$12),0)))} | K24: {=IF(K$3<>$D24, MID($C24,K$3,1), INDEX(音調表!$D$3:$D$12, MATCH(TRUE, EXACT(MID($C24,K$3,1), 音調表!$B$3:$B$12),0)))} | L24: {=IF(L$3<>$D24, MID($C24,L$3,1), INDEX(音調表!$D$3:$D$12, MATCH(TRUE, EXACT(MID($C24,L$3,1), 音調表!$B$3:$B$12),0)))} | M24: {=IF(M$3<>$D24, MID($C24,M$3,1), INDEX(音調表!$D$3:$D$12, MATCH(TRUE, EXACT(MID($C24,M$3,1), 音調表!$B$3:$B$12),0)))}
B25: 仞 | C25: jin7 | D25: =IF( LEN(C25)>0, LEN(C25), "") -> 4 | E25: {=IF(E$3<>$D25, MID($C25,E$3,1), INDEX(音調表!$D$3:$D$12, MATCH(TRUE, EXACT(MID($C25,E$3,1), 音調表!$B$3:$B$12),0)))} -> j | F25: {=IF(F$3<>$D25, MID($C25,F$3,1), INDEX(音調表!$D$3:$D$12, MATCH(TRUE, EXACT(MID($C25,F$3,1), 音調表!$B$3:$B$12),0)))} -> i | G25: {=IF(G$3<>$D25, MID($C25,G$3,1), INDEX(音調表!$D$3:$D$12, MATCH(TRUE, EXACT(MID($C25,G$3,1), 音調表!$B$3:$B$12),0)))} -> n | H25: {=IF(H$3<>$D25, MID($C25,H$3,1), INDEX(音調表!$D$3:$D$12, MATCH(TRUE, EXACT(MID($C25,H$3,1), 音調表!$B$3:$B$12),0)))} -> - | I25: {=IF(I$3<>$D25, MID($C25,I$3,1), INDEX(音調表!$D$3:$D$12, MATCH(TRUE, EXACT(MID($C25,I$3,1), 音調表!$B$3:$B$12),0)))} | J25: {=IF(J$3<>$D25, MID($C25,J$3,1), INDEX(音調表!$D$3:$D$12, MATCH(TRUE, EXACT(MID($C25,J$3,1), 音調表!$B$3:$B$12),0)))} | K25: {=IF(K$3<>$D25, MID($C25,K$3,1), INDEX(音調表!$D$3:$D$12, MATCH(TRUE, EXACT(MID($C25,K$3,1), 音調表!$B$3:$B$12),0)))} | L25: {=IF(L$3<>$D25, MID($C25,L$3,1), INDEX(音調表!$D$3:$D$12, MATCH(TRUE, EXACT(MID($C25,L$3,1), 音調表!$B$3:$B$12),0)))} | M25: {=IF(M$3<>$D25, MID($C25,M$3,1), INDEX(音調表!$D$3:$D$12, MATCH(TRUE, EXACT(MID($C25,M$3,1), 音調表!$B$3:$B$12),0)))}
B26: 山 | C26: san1 | D26: =IF( LEN(C26)>0, LEN(C26), "") -> 4 | E26: {=IF(E$3<>$D26, MID($C26,E$3,1), INDEX(音調表!$D$3:$D$12, MATCH(TRUE, EXACT(MID($C26,E$3,1), 音調表!$B$3:$B$12),0)))} -> s | F26: {=IF(F$3<>$D26, MID($C26,F$3,1), INDEX(音調表!$D$3:$D$12, MATCH(TRUE, EXACT(MID($C26,F$3,1), 音調表!$B$3:$B$12),0)))} -> a | G26: {=IF(G$3<>$D26, MID($C26,G$3,1), INDEX(音調表!$D$3:$D$12, MATCH(TRUE, EXACT(MID($C26,G$3,1), 音調表!$B$3:$B$12),0)))} -> n | H26: {=IF(H$3<>$D26, MID($C26,H$3,1), INDEX(音調表!$D$3:$D$12, MATCH(TRUE, EXACT(MID($C26,H$3,1), 音調表!$B$3:$B$12),0)))} -> ; | I26: {=IF(I$3<>$D26, MID($C26,I$3,1), INDEX(音調表!$D$3:$D$12, MATCH(TRUE, EXACT(MID($C26,I$3,1), 音調表!$B$3:$B$12),0)))} | J26: {=IF(J$3<>$D26, MID($C26,J$3,1), INDEX(音調表!$D$3:$D$12, MATCH(TRUE, EXACT(MID($C26,J$3,1), 音調表!$B$3:$B$12),0)))} | K26: {=IF(K$3<>$D26, MID($C26,K$3,1), INDEX(音調表!$D$3:$D$12, MATCH(TRUE, EXACT(MID($C26,K$3,1), 音調表!$B$3:$B$12),0)))} | L26: {=IF(L$3<>$D26, MID($C26,L$3,1), INDEX(音調表!$D$3:$D$12, MATCH(TRUE, EXACT(MID($C26,L$3,1), 音調表!$B$3:$B$12),0)))} | M26: {=IF(M$3<>$D26, MID($C26,M$3,1), INDEX(音調表!$D$3:$D$12, MATCH(TRUE, EXACT(MID($C26,M$3,1), 音調表!$B$3:$B$12),0)))}
B27: 。 | D27: =IF( LEN(C27)>0, LEN(C27), "") | E27: ` | F27: . | G27: {=IF(G$3<>$D27, MID($C27,G$3,1), INDEX(音調表!$D$3:$D$12, MATCH(TRUE, EXACT(MID($C27,G$3,1), 音調表!$B$3:$B$12),0)))} | H27: {=IF(H$3<>$D27, MID($C27,H$3,1), INDEX(音調表!$D$3:$D$12, MATCH(TRUE, EXACT(MID($C27,H$3,1), 音調表!$B$3:$B$12),0)))} | I27: {=IF(I$3<>$D27, MID($C27,I$3,1), INDEX(音調表!$D$3:$D$12, MATCH(TRUE, EXACT(MID($C27,I$3,1), 音調表!$B$3:$B$12),0)))} | J27: {=IF(J$3<>$D27, MID($C27,J$3,1), INDEX(音調表!$D$3:$D$12, MATCH(TRUE, EXACT(MID($C27,J$3,1), 音調表!$B$3:$B$12),0)))} | K27: {=IF(K$3<>$D27, MID($C27,K$3,1), INDEX(音調表!$D$3:$D$12, MATCH(TRUE, EXACT(MID($C27,K$3,1), 音調表!$B$3:$B$12),0)))} | L27: {=IF(L$3<>$D27, MID($C27,L$3,1), INDEX(音調表!$D$3:$D$12, MATCH(TRUE, EXACT(MID($C27,L$3,1), 音調表!$B$3:$B$12),0)))} | M27: {=IF(M$3<>$D27, MID($C27,M$3,1), INDEX(音調表!$D$3:$D$12, MATCH(TRUE, EXACT(MID($C27,M$3,1), 音調表!$B$3:$B$12),0)))}
D28: =IF( LEN(C28)>0, LEN(C28), "") | E28: {=IF(E$3<>$D28, MID($C28,E$3,1), INDEX(音調表!$D$3:$D$12, MATCH(TRUE, EXACT(MID($C28,E$3,1), 音調表!$B$3:$B$12),0)))} | F28: {=IF(F$3<>$D28, MID($C28,F$3,1), INDEX(音調表!$D$3:$D$12, MATCH(TRUE, EXACT(MID($C28,F$3,1), 音調表!$B$3:$B$12),0)))} | G28: {=IF(G$3<>$D28, MID($C28,G$3,1), INDEX(音調表!$D$3:$D$12, MATCH(TRUE, EXACT(MID($C28,G$3,1), 音調表!$B$3:$B$12),0)))} | H28: {=IF(H$3<>$D28, MID($C28,H$3,1), INDEX(音調表!$D$3:$D$12, MATCH(TRUE, EXACT(MID($C28,H$3,1), 音調表!$B$3:$B$12),0)))} | I28: {=IF(I$3<>$D28, MID($C28,I$3,1), INDEX(音調表!$D$3:$D$12, MATCH(TRUE, EXACT(MID($C28,I$3,1), 音調表!$B$3:$B$12),0)))} | J28: {=IF(J$3<>$D28, MID($C28,J$3,1), INDEX(音調表!$D$3:$D$12, MATCH(TRUE, EXACT(MID($C28,J$3,1), 音調表!$B$3:$B$12),0)))} | K28: {=IF(K$3<>$D28, MID($C28,K$3,1), INDEX(音調表!$D$3:$D$12, MATCH(TRUE, EXACT(MID($C28,K$3,1), 音調表!$B$3:$B$12),0)))} | L28: {=IF(L$3<>$D28, MID($C28,L$3,1), INDEX(音調表!$D$3:$D$12, MATCH(TRUE, EXACT(MID($C28,L$3,1), 音調表!$B$3:$B$12),0)))} | M28: {=IF(M$3<>$D28, MID($C28,M$3,1), INDEX(音調表!$D$3:$D$12, MATCH(TRUE, EXACT(MID($C28,M$3,1), 音調表!$B$3:$B$12),0)))}
B29: 羌 | C29: khiang1 | D29: =IF( LEN(C29)>0, LEN(C29), "") -> 7 | E29: {=IF(E$3<>$D29, MID($C29,E$3,1), INDEX(音調表!$D$3:$D$12, MATCH(TRUE, EXACT(MID($C29,E$3,1), 音調表!$B$3:$B$12),0)))} -> k | F29: {=IF(F$3<>$D29, MID($C29,F$3,1), INDEX(音調表!$D$3:$D$12, MATCH(TRUE, EXACT(MID($C29,F$3,1), 音調表!$B$3:$B$12),0)))} -> h | G29: {=IF(G$3<>$D29, MID($C29,G$3,1), INDEX(音調表!$D$3:$D$12, MATCH(TRUE, EXACT(MID($C29,G$3,1), 音調表!$B$3:$B$12),0)))} -> i | H29: {=IF(H$3<>$D29, MID($C29,H$3,1), INDEX(音調表!$D$3:$D$12, MATCH(TRUE, EXACT(MID($C29,H$3,1), 音調表!$B$3:$B$12),0)))} -> a | I29: {=IF(I$3<>$D29, MID($C29,I$3,1), INDEX(音調表!$D$3:$D$12, MATCH(TRUE, EXACT(MID($C29,I$3,1), 音調表!$B$3:$B$12),0)))} -> n | J29: {=IF(J$3<>$D29, MID($C29,J$3,1), INDEX(音調表!$D$3:$D$12, MATCH(TRUE, EXACT(MID($C29,J$3,1), 音調表!$B$3:$B$12),0)))} -> g | K29: {=IF(K$3<>$D29, MID($C29,K$3,1), INDEX(音調表!$D$3:$D$12, MATCH(TRUE, EXACT(MID($C29,K$3,1), 音調表!$B$3:$B$12),0)))} -> ; | L29: {=IF(L$3<>$D29, MID($C29,L$3,1), INDEX(音調表!$D$3:$D$12, MATCH(TRUE, EXACT(MID($C29,L$3,1), 音調表!$B$3:$B$12),0)))} | M29: {=IF(M$3<>$D29, MID($C29,M$3,1), INDEX(音調表!$D$3:$D$12, MATCH(TRUE, EXACT(MID($C29,M$3,1), 音調表!$B$3:$B$12),0)))}
B30: 笛 | C30: tik8 | D30: =IF( LEN(C30)>0, LEN(C30), "") -> 4 | E30: {=IF(E$3<>$D30, MID($C30,E$3,1), INDEX(音調表!$D$3:$D$12, MATCH(TRUE, EXACT(MID($C30,E$3,1), 音調表!$B$3:$B$12),0)))} -> t | F30: {=IF(F$3<>$D30, MID($C30,F$3,1), INDEX(音調表!$D$3:$D$12, MATCH(TRUE, EXACT(MID($C30,F$3,1), 音調表!$B$3:$B$12),0)))} -> i | G30: {=IF(G$3<>$D30, MID($C30,G$3,1), INDEX(音調表!$D$3:$D$12, MATCH(TRUE, EXACT(MID($C30,G$3,1), 音調表!$B$3:$B$12),0)))} -> k | H30: {=IF(H$3<>$D30, MID($C30,H$3,1), INDEX(音調表!$D$3:$D$12, MATCH(TRUE, EXACT(MID($C30,H$3,1), 音調表!$B$3:$B$12),0)))} -> ] | I30: {=IF(I$3<>$D30, MID($C30,I$3,1), INDEX(音調表!$D$3:$D$12, MATCH(TRUE, EXACT(MID($C30,I$3,1), 音調表!$B$3:$B$12),0)))} | J30: {=IF(J$3<>$D30, MID($C30,J$3,1), INDEX(音調表!$D$3:$D$12, MATCH(TRUE, EXACT(MID($C30,J$3,1), 音調表!$B$3:$B$12),0)))} | K30: {=IF(K$3<>$D30, MID($C30,K$3,1), INDEX(音調表!$D$3:$D$12, MATCH(TRUE, EXACT(MID($C30,K$3,1), 音調表!$B$3:$B$12),0)))} | L30: {=IF(L$3<>$D30, MID($C30,L$3,1), INDEX(音調表!$D$3:$D$12, MATCH(TRUE, EXACT(MID($C30,L$3,1), 音調表!$B$3:$B$12),0)))} | M30: {=IF(M$3<>$D30, MID($C30,M$3,1), INDEX(音調表!$D$3:$D$12, MATCH(TRUE, EXACT(MID($C30,M$3,1), 音調表!$B$3:$B$12),0)))}
B31: 何 | C31: ho5 | D31: =IF( LEN(C31)>0, LEN(C31), "") -> 3 | E31: {=IF(E$3<>$D31, MID($C31,E$3,1), INDEX(音調表!$D$3:$D$12, MATCH(TRUE, EXACT(MID($C31,E$3,1), 音調表!$B$3:$B$12),0)))} -> h | F31: {=IF(F$3<>$D31, MID($C31,F$3,1), INDEX(音調表!$D$3:$D$12, MATCH(TRUE, EXACT(MID($C31,F$3,1), 音調表!$B$3:$B$12),0)))} -> o | G31: {=IF(G$3<>$D31, MID($C31,G$3,1), INDEX(音調表!$D$3:$D$12, MATCH(TRUE, EXACT(MID($C31,G$3,1), 音調表!$B$3:$B$12),0)))} -> / | H31: {=IF(H$3<>$D31, MID($C31,H$3,1), INDEX(音調表!$D$3:$D$12, MATCH(TRUE, EXACT(MID($C31,H$3,1), 音調表!$B$3:$B$12),0)))} | I31: {=IF(I$3<>$D31, MID($C31,I$3,1), INDEX(音調表!$D$3:$D$12, MATCH(TRUE, EXACT(MID($C31,I$3,1), 音調表!$B$3:$B$12),0)))} | J31: {=IF(J$3<>$D31, MID($C31,J$3,1), INDEX(音調表!$D$3:$D$12, MATCH(TRUE, EXACT(MID($C31,J$3,1), 音調表!$B$3:$B$12),0)))} | K31: {=IF(K$3<>$D31, MID($C31,K$3,1), INDEX(音調表!$D$3:$D$12, MATCH(TRUE, EXACT(MID($C31,K$3,1), 音調表!$B$3:$B$12),0)))} | L31: {=IF(L$3<>$D31, MID($C31,L$3,1), INDEX(音調表!$D$3:$D$12, MATCH(TRUE, EXACT(MID($C31,L$3,1), 音調表!$B$3:$B$12),0)))} | M31: {=IF(M$3<>$D31, MID($C31,M$3,1), INDEX(音調表!$D$3:$D$12, MATCH(TRUE, EXACT(MID($C31,M$3,1), 音調表!$B$3:$B$12),0)))}
B32: 須 | C32: su1 | D32: =IF( LEN(C32)>0, LEN(C32), "") -> 3 | E32: {=IF(E$3<>$D32, MID($C32,E$3,1), INDEX(音調表!$D$3:$D$12, MATCH(TRUE, EXACT(MID($C32,E$3,1), 音調表!$B$3:$B$12),0)))} -> s | F32: {=IF(F$3<>$D32, MID($C32,F$3,1), INDEX(音調表!$D$3:$D$12, MATCH(TRUE, EXACT(MID($C32,F$3,1), 音調表!$B$3:$B$12),0)))} -> u | G32: {=IF(G$3<>$D32, MID($C32,G$3,1), INDEX(音調表!$D$3:$D$12, MATCH(TRUE, EXACT(MID($C32,G$3,1), 音調表!$B$3:$B$12),0)))} -> ; | H32: {=IF(H$3<>$D32, MID($C32,H$3,1), INDEX(音調表!$D$3:$D$12, MATCH(TRUE, EXACT(MID($C32,H$3,1), 音調表!$B$3:$B$12),0)))} | I32: {=IF(I$3<>$D32, MID($C32,I$3,1), INDEX(音調表!$D$3:$D$12, MATCH(TRUE, EXACT(MID($C32,I$3,1), 音調表!$B$3:$B$12),0)))} | J32: {=IF(J$3<>$D32, MID($C32,J$3,1), INDEX(音調表!$D$3:$D$12, MATCH(TRUE, EXACT(MID($C32,J$3,1), 音調表!$B$3:$B$12),0)))} | K32: {=IF(K$3<>$D32, MID($C32,K$3,1), INDEX(音調表!$D$3:$D$12, MATCH(TRUE, EXACT(MID($C32,K$3,1), 音調表!$B$3:$B$12),0)))} | L32: {=IF(L$3<>$D32, MID($C32,L$3,1), INDEX(音調表!$D$3:$D$12, MATCH(TRUE, EXACT(MID($C32,L$3,1), 音調表!$B$3:$B$12),0)))} | M32: {=IF(M$3<>$D32, MID($C32,M$3,1), INDEX(音調表!$D$3:$D$12, MATCH(TRUE, EXACT(MID($C32,M$3,1), 音調表!$B$3:$B$12),0)))}
B33: 怨 | C33: uan3 | D33: =IF( LEN(C33)>0, LEN(C33), "") -> 4 | E33: {=IF(E$3<>$D33, MID($C33,E$3,1), INDEX(音調表!$D$3:$D$12, MATCH(TRUE, EXACT(MID($C33,E$3,1), 音調表!$B$3:$B$12),0)))} -> u | F33: {=IF(F$3<>$D33, MID($C33,F$3,1), INDEX(音調表!$D$3:$D$12, MATCH(TRUE, EXACT(MID($C33,F$3,1), 音調表!$B$3:$B$12),0)))} -> a | G33: {=IF(G$3<>$D33, MID($C33,G$3,1), INDEX(音調表!$D$3:$D$12, MATCH(TRUE, EXACT(MID($C33,G$3,1), 音調表!$B$3:$B$12),0)))} -> n | H33: {=IF(H$3<>$D33, MID($C33,H$3,1), INDEX(音調表!$D$3:$D$12, MATCH(TRUE, EXACT(MID($C33,H$3,1), 音調表!$B$3:$B$12),0)))} -> _ | I33: {=IF(I$3<>$D33, MID($C33,I$3,1), INDEX(音調表!$D$3:$D$12, MATCH(TRUE, EXACT(MID($C33,I$3,1), 音調表!$B$3:$B$12),0)))} | J33: {=IF(J$3<>$D33, MID($C33,J$3,1), INDEX(音調表!$D$3:$D$12, MATCH(TRUE, EXACT(MID($C33,J$3,1), 音調表!$B$3:$B$12),0)))} | K33: {=IF(K$3<>$D33, MID($C33,K$3,1), INDEX(音調表!$D$3:$D$12, MATCH(TRUE, EXACT(MID($C33,K$3,1), 音調表!$B$3:$B$12),0)))} | L33: {=IF(L$3<>$D33, MID($C33,L$3,1), INDEX(音調表!$D$3:$D$12, MATCH(TRUE, EXACT(MID($C33,L$3,1), 音調表!$B$3:$B$12),0)))} | M33: {=IF(M$3<>$D33, MID($C33,M$3,1), INDEX(音調表!$D$3:$D$12, MATCH(TRUE, EXACT(MID($C33,M$3,1), 音調表!$B$3:$B$12),0)))}
B34: 楊 | C34: iong5 | D34: =IF( LEN(C34)>0, LEN(C34), "") -> 5 | E34: {=IF(E$3<>$D34, MID($C34,E$3,1), INDEX(音調表!$D$3:$D$12, MATCH(TRUE, EXACT(MID($C34,E$3,1), 音調表!$B$3:$B$12),0)))} -> i | F34: {=IF(F$3<>$D34, MID($C34,F$3,1), INDEX(音調表!$D$3:$D$12, MATCH(TRUE, EXACT(MID($C34,F$3,1), 音調表!$B$3:$B$12),0)))} -> o | G34: {=IF(G$3<>$D34, MID($C34,G$3,1), INDEX(音調表!$D$3:$D$12, MATCH(TRUE, EXACT(MID($C34,G$3,1), 音調表!$B$3:$B$12),0)))} -> n | H34: {=IF(H$3<>$D34, MID($C34,H$3,1), INDEX(音調表!$D$3:$D$12, MATCH(TRUE, EXACT(MID($C34,H$3,1), 音調表!$B$3:$B$12),0)))} -> g | I34: {=IF(I$3<>$D34, MID($C34,I$3,1), INDEX(音調表!$D$3:$D$12, MATCH(TRUE, EXACT(MID($C34,I$3,1), 音調表!$B$3:$B$12),0)))} -> / | J34: {=IF(J$3<>$D34, MID($C34,J$3,1), INDEX(音調表!$D$3:$D$12, MATCH(TRUE, EXACT(MID($C34,J$3,1), 音調表!$B$3:$B$12),0)))} | K34: {=IF(K$3<>$D34, MID($C34,K$3,1), INDEX(音調表!$D$3:$D$12, MATCH(TRUE, EXACT(MID($C34,K$3,1), 音調表!$B$3:$B$12),0)))} | L34: {=IF(L$3<>$D34, MID($C34,L$3,1), INDEX(音調表!$D$3:$D$12, MATCH(TRUE, EXACT(MID($C34,L$3,1), 音調表!$B$3:$B$12),0)))} | M34: {=IF(M$3<>$D34, MID($C34,M$3,1), INDEX(音調表!$D$3:$D$12, MATCH(TRUE, EXACT(MID($C34,M$3,1), 音調表!$B$3:$B$12),0)))}
B35: 柳 | C35: liu2 | D35: =IF( LEN(C35)>0, LEN(C35), "") -> 4 | E35: {=IF(E$3<>$D35, MID($C35,E$3,1), INDEX(音調表!$D$3:$D$12, MATCH(TRUE, EXACT(MID($C35,E$3,1), 音調表!$B$3:$B$12),0)))} -> l | F35: {=IF(F$3<>$D35, MID($C35,F$3,1), INDEX(音調表!$D$3:$D$12, MATCH(TRUE, EXACT(MID($C35,F$3,1), 音調表!$B$3:$B$12),0)))} -> i | G35: {=IF(G$3<>$D35, MID($C35,G$3,1), INDEX(音調表!$D$3:$D$12, MATCH(TRUE, EXACT(MID($C35,G$3,1), 音調表!$B$3:$B$12),0)))} -> u | H35: {=IF(H$3<>$D35, MID($C35,H$3,1), INDEX(音調表!$D$3:$D$12, MATCH(TRUE, EXACT(MID($C35,H$3,1), 音調表!$B$3:$B$12),0)))} -> \ | I35: {=IF(I$3<>$D35, MID($C35,I$3,1), INDEX(音調表!$D$3:$D$12, MATCH(TRUE, EXACT(MID($C35,I$3,1), 音調表!$B$3:$B$12),0)))} | J35: {=IF(J$3<>$D35, MID($C35,J$3,1), INDEX(音調表!$D$3:$D$12, MATCH(TRUE, EXACT(MID($C35,J$3,1), 音調表!$B$3:$B$12),0)))} | K35: {=IF(K$3<>$D35, MID($C35,K$3,1), INDEX(音調表!$D$3:$D$12, MATCH(TRUE, EXACT(MID($C35,K$3,1), 音調表!$B$3:$B$12),0)))} | L35: {=IF(L$3<>$D35, MID($C35,L$3,1), INDEX(音調表!$D$3:$D$12, MATCH(TRUE, EXACT(MID($C35,L$3,1), 音調表!$B$3:$B$12),0)))} | M35: {=IF(M$3<>$D35, MID($C35,M$3,1), INDEX(音調表!$D$3:$D$12, MATCH(TRUE, EXACT(MID($C35,M$3,1), 音調表!$B$3:$B$12),0)))}
B36: ， | D36: =IF( LEN(C36)>0, LEN(C36), "") | E36: ` | F36: , | G36: {=IF(G$3<>$D36, MID($C36,G$3,1), INDEX(音調表!$D$3:$D$12, MATCH(TRUE, EXACT(MID($C36,G$3,1), 音調表!$B$3:$B$12),0)))} | H36: {=IF(H$3<>$D36, MID($C36,H$3,1), INDEX(音調表!$D$3:$D$12, MATCH(TRUE, EXACT(MID($C36,H$3,1), 音調表!$B$3:$B$12),0)))} | I36: {=IF(I$3<>$D36, MID($C36,I$3,1), INDEX(音調表!$D$3:$D$12, MATCH(TRUE, EXACT(MID($C36,I$3,1), 音調表!$B$3:$B$12),0)))} | J36: {=IF(J$3<>$D36, MID($C36,J$3,1), INDEX(音調表!$D$3:$D$12, MATCH(TRUE, EXACT(MID($C36,J$3,1), 音調表!$B$3:$B$12),0)))} | K36: {=IF(K$3<>$D36, MID($C36,K$3,1), INDEX(音調表!$D$3:$D$12, MATCH(TRUE, EXACT(MID($C36,K$3,1), 音調表!$B$3:$B$12),0)))} | L36: {=IF(L$3<>$D36, MID($C36,L$3,1), INDEX(音調表!$D$3:$D$12, MATCH(TRUE, EXACT(MID($C36,L$3,1), 音調表!$B$3:$B$12),0)))} | M36: {=IF(M$3<>$D36, MID($C36,M$3,1), INDEX(音調表!$D$3:$D$12, MATCH(TRUE, EXACT(MID($C36,M$3,1), 音調表!$B$3:$B$12),0)))}
B37: 春 | C37: cun1 | D37: =IF( LEN(C37)>0, LEN(C37), "") -> 4 | E37: {=IF(E$3<>$D37, MID($C37,E$3,1), INDEX(音調表!$D$3:$D$12, MATCH(TRUE, EXACT(MID($C37,E$3,1), 音調表!$B$3:$B$12),0)))} -> c | F37: {=IF(F$3<>$D37, MID($C37,F$3,1), INDEX(音調表!$D$3:$D$12, MATCH(TRUE, EXACT(MID($C37,F$3,1), 音調表!$B$3:$B$12),0)))} -> u | G37: {=IF(G$3<>$D37, MID($C37,G$3,1), INDEX(音調表!$D$3:$D$12, MATCH(TRUE, EXACT(MID($C37,G$3,1), 音調表!$B$3:$B$12),0)))} -> n | H37: {=IF(H$3<>$D37, MID($C37,H$3,1), INDEX(音調表!$D$3:$D$12, MATCH(TRUE, EXACT(MID($C37,H$3,1), 音調表!$B$3:$B$12),0)))} -> ; | I37: {=IF(I$3<>$D37, MID($C37,I$3,1), INDEX(音調表!$D$3:$D$12, MATCH(TRUE, EXACT(MID($C37,I$3,1), 音調表!$B$3:$B$12),0)))} | J37: {=IF(J$3<>$D37, MID($C37,J$3,1), INDEX(音調表!$D$3:$D$12, MATCH(TRUE, EXACT(MID($C37,J$3,1), 音調表!$B$3:$B$12),0)))} | K37: {=IF(K$3<>$D37, MID($C37,K$3,1), INDEX(音調表!$D$3:$D$12, MATCH(TRUE, EXACT(MID($C37,K$3,1), 音調表!$B$3:$B$12),0)))} | L37: {=IF(L$3<>$D37, MID($C37,L$3,1), INDEX(音調表!$D$3:$D$12, MATCH(TRUE, EXACT(MID($C37,L$3,1), 音調表!$B$3:$B$12),0)))} | M37: {=IF(M$3<>$D37, MID($C37,M$3,1), INDEX(音調表!$D$3:$D$12, MATCH(TRUE, EXACT(MID($C37,M$3,1), 音調表!$B$3:$B$12),0)))}
B38: 風 | C38: hong1 | D38: =IF( LEN(C38)>0, LEN(C38), "") -> 5 | E38: {=IF(E$3<>$D38, MID($C38,E$3,1), INDEX(音調表!$D$3:$D$12, MATCH(TRUE, EXACT(MID($C38,E$3,1), 音調表!$B$3:$B$12),0)))} -> h | F38: {=IF(F$3<>$D38, MID($C38,F$3,1), INDEX(音調表!$D$3:$D$12, MATCH(TRUE, EXACT(MID($C38,F$3,1), 音調表!$B$3:$B$12),0)))} -> o | G38: {=IF(G$3<>$D38, MID($C38,G$3,1), INDEX(音調表!$D$3:$D$12, MATCH(TRUE, EXACT(MID($C38,G$3,1), 音調表!$B$3:$B$12),0)))} -> n | H38: {=IF(H$3<>$D38, MID($C38,H$3,1), INDEX(音調表!$D$3:$D$12, MATCH(TRUE, EXACT(MID($C38,H$3,1), 音調表!$B$3:$B$12),0)))} -> g | I38: {=IF(I$3<>$D38, MID($C38,I$3,1), INDEX(音調表!$D$3:$D$12, MATCH(TRUE, EXACT(MID($C38,I$3,1), 音調表!$B$3:$B$12),0)))} -> ; | J38: {=IF(J$3<>$D38, MID($C38,J$3,1), INDEX(音調表!$D$3:$D$12, MATCH(TRUE, EXACT(MID($C38,J$3,1), 音調表!$B$3:$B$12),0)))} | K38: {=IF(K$3<>$D38, MID($C38,K$3,1), INDEX(音調表!$D$3:$D$12, MATCH(TRUE, EXACT(MID($C38,K$3,1), 音調表!$B$3:$B$12),0)))} | L38: {=IF(L$3<>$D38, MID($C38,L$3,1), INDEX(音調表!$D$3:$D$12, MATCH(TRUE, EXACT(MID($C38,L$3,1), 音調表!$B$3:$B$12),0)))} | M38: {=IF(M$3<>$D38, MID($C38,M$3,1), INDEX(音調表!$D$3:$D$12, MATCH(TRUE, EXACT(MID($C38,M$3,1), 音調表!$B$3:$B$12),0)))}
B39: 不 | C39: put4 | D39: =IF( LEN(C39)>0, LEN(C39), "") -> 4 | E39: {=IF(E$3<>$D39, MID($C39,E$3,1), INDEX(音調表!$D$3:$D$12, MATCH(TRUE, EXACT(MID($C39,E$3,1), 音調表!$B$3:$B$12),0)))} -> p | F39: {=IF(F$3<>$D39, MID($C39,F$3,1), INDEX(音調表!$D$3:$D$12, MATCH(TRUE, EXACT(MID($C39,F$3,1), 音調表!$B$3:$B$12),0)))} -> u | G39: {=IF(G$3<>$D39, MID($C39,G$3,1), INDEX(音調表!$D$3:$D$12, MATCH(TRUE, EXACT(MID($C39,G$3,1), 音調表!$B$3:$B$12),0)))} -> t | H39: {=IF(H$3<>$D39, MID($C39,H$3,1), INDEX(音調表!$D$3:$D$12, MATCH(TRUE, EXACT(MID($C39,H$3,1), 音調表!$B$3:$B$12),0)))} -> [ | I39: {=IF(I$3<>$D39, MID($C39,I$3,1), INDEX(音調表!$D$3:$D$12, MATCH(TRUE, EXACT(MID($C39,I$3,1), 音調表!$B$3:$B$12),0)))} | J39: {=IF(J$3<>$D39, MID($C39,J$3,1), INDEX(音調表!$D$3:$D$12, MATCH(TRUE, EXACT(MID($C39,J$3,1), 音調表!$B$3:$B$12),0)))} | K39: {=IF(K$3<>$D39, MID($C39,K$3,1), INDEX(音調表!$D$3:$D$12, MATCH(TRUE, EXACT(MID($C39,K$3,1), 音調表!$B$3:$B$12),0)))} | L39: {=IF(L$3<>$D39, MID($C39,L$3,1), INDEX(音調表!$D$3:$D$12, MATCH(TRUE, EXACT(MID($C39,L$3,1), 音調表!$B$3:$B$12),0)))} | M39: {=IF(M$3<>$D39, MID($C39,M$3,1), INDEX(音調表!$D$3:$D$12, MATCH(TRUE, EXACT(MID($C39,M$3,1), 音調表!$B$3:$B$12),0)))}
B40: 度 | C40: too7 | D40: =IF( LEN(C40)>0, LEN(C40), "") -> 4 | E40: {=IF(E$3<>$D40, MID($C40,E$3,1), INDEX(音調表!$D$3:$D$12, MATCH(TRUE, EXACT(MID($C40,E$3,1), 音調表!$B$3:$B$12),0)))} -> t | F40: {=IF(F$3<>$D40, MID($C40,F$3,1), INDEX(音調表!$D$3:$D$12, MATCH(TRUE, EXACT(MID($C40,F$3,1), 音調表!$B$3:$B$12),0)))} -> o | G40: {=IF(G$3<>$D40, MID($C40,G$3,1), INDEX(音調表!$D$3:$D$12, MATCH(TRUE, EXACT(MID($C40,G$3,1), 音調表!$B$3:$B$12),0)))} -> o | H40: {=IF(H$3<>$D40, MID($C40,H$3,1), INDEX(音調表!$D$3:$D$12, MATCH(TRUE, EXACT(MID($C40,H$3,1), 音調表!$B$3:$B$12),0)))} -> - | I40: {=IF(I$3<>$D40, MID($C40,I$3,1), INDEX(音調表!$D$3:$D$12, MATCH(TRUE, EXACT(MID($C40,I$3,1), 音調表!$B$3:$B$12),0)))} | J40: {=IF(J$3<>$D40, MID($C40,J$3,1), INDEX(音調表!$D$3:$D$12, MATCH(TRUE, EXACT(MID($C40,J$3,1), 音調表!$B$3:$B$12),0)))} | K40: {=IF(K$3<>$D40, MID($C40,K$3,1), INDEX(音調表!$D$3:$D$12, MATCH(TRUE, EXACT(MID($C40,K$3,1), 音調表!$B$3:$B$12),0)))} | L40: {=IF(L$3<>$D40, MID($C40,L$3,1), INDEX(音調表!$D$3:$D$12, MATCH(TRUE, EXACT(MID($C40,L$3,1), 音調表!$B$3:$B$12),0)))} | M40: {=IF(M$3<>$D40, MID($C40,M$3,1), INDEX(音調表!$D$3:$D$12, MATCH(TRUE, EXACT(MID($C40,M$3,1), 音調表!$B$3:$B$12),0)))}
B41: 玉 | C41: giok8 | D41: =IF( LEN(C41)>0, LEN(C41), "") -> 5 | E41: {=IF(E$3<>$D41, MID($C41,E$3,1), INDEX(音調表!$D$3:$D$12, MATCH(TRUE, EXACT(MID($C41,E$3,1), 音調表!$B$3:$B$12),0)))} -> g | F41: {=IF(F$3<>$D41, MID($C41,F$3,1), INDEX(音調表!$D$3:$D$12, MATCH(TRUE, EXACT(MID($C41,F$3,1), 音調表!$B$3:$B$12),0)))} -> i | G41: {=IF(G$3<>$D41, MID($C41,G$3,1), INDEX(音調表!$D$3:$D$12, MATCH(TRUE, EXACT(MID($C41,G$3,1), 音調表!$B$3:$B$12),0)))} -> o | H41: {=IF(H$3<>$D41, MID($C41,H$3,1), INDEX(音調表!$D$3:$D$12, MATCH(TRUE, EXACT(MID($C41,H$3,1), 音調表!$B$3:$B$12),0)))} -> k | I41: {=IF(I$3<>$D41, MID($C41,I$3,1), INDEX(音調表!$D$3:$D$12, MATCH(TRUE, EXACT(MID($C41,I$3,1), 音調表!$B$3:$B$12),0)))} -> ] | J41: {=IF(J$3<>$D41, MID($C41,J$3,1), INDEX(音調表!$D$3:$D$12, MATCH(TRUE, EXACT(MID($C41,J$3,1), 音調表!$B$3:$B$12),0)))} | K41: {=IF(K$3<>$D41, MID($C41,K$3,1), INDEX(音調表!$D$3:$D$12, MATCH(TRUE, EXACT(MID($C41,K$3,1), 音調表!$B$3:$B$12),0)))} | L41: {=IF(L$3<>$D41, MID($C41,L$3,1), INDEX(音調表!$D$3:$D$12, MATCH(TRUE, EXACT(MID($C41,L$3,1), 音調表!$B$3:$B$12),0)))} | M41: {=IF(M$3<>$D41, MID($C41,M$3,1), INDEX(音調表!$D$3:$D$12, MATCH(TRUE, EXACT(MID($C41,M$3,1), 音調表!$B$3:$B$12),0)))}
B42: 門 | C42: bun5 | D42: =IF( LEN(C42)>0, LEN(C42), "") -> 4 | E42: {=IF(E$3<>$D42, MID($C42,E$3,1), INDEX(音調表!$D$3:$D$12, MATCH(TRUE, EXACT(MID($C42,E$3,1), 音調表!$B$3:$B$12),0)))} -> b | F42: {=IF(F$3<>$D42, MID($C42,F$3,1), INDEX(音調表!$D$3:$D$12, MATCH(TRUE, EXACT(MID($C42,F$3,1), 音調表!$B$3:$B$12),0)))} -> u | G42: {=IF(G$3<>$D42, MID($C42,G$3,1), INDEX(音調表!$D$3:$D$12, MATCH(TRUE, EXACT(MID($C42,G$3,1), 音調表!$B$3:$B$12),0)))} -> n | H42: {=IF(H$3<>$D42, MID($C42,H$3,1), INDEX(音調表!$D$3:$D$12, MATCH(TRUE, EXACT(MID($C42,H$3,1), 音調表!$B$3:$B$12),0)))} -> / | I42: {=IF(I$3<>$D42, MID($C42,I$3,1), INDEX(音調表!$D$3:$D$12, MATCH(TRUE, EXACT(MID($C42,I$3,1), 音調表!$B$3:$B$12),0)))} | J42: {=IF(J$3<>$D42, MID($C42,J$3,1), INDEX(音調表!$D$3:$D$12, MATCH(TRUE, EXACT(MID($C42,J$3,1), 音調表!$B$3:$B$12),0)))} | K42: {=IF(K$3<>$D42, MID($C42,K$3,1), INDEX(音調表!$D$3:$D$12, MATCH(TRUE, EXACT(MID($C42,K$3,1), 音調表!$B$3:$B$12),0)))} | L42: {=IF(L$3<>$D42, MID($C42,L$3,1), INDEX(音調表!$D$3:$D$12, MATCH(TRUE, EXACT(MID($C42,L$3,1), 音調表!$B$3:$B$12),0)))} | M42: {=IF(M$3<>$D42, MID($C42,M$3,1), INDEX(音調表!$D$3:$D$12, MATCH(TRUE, EXACT(MID($C42,M$3,1), 音調表!$B$3:$B$12),0)))}
B43: 關 | C43: kuan1 | D43: =IF( LEN(C43)>0, LEN(C43), "") -> 5 | E43: {=IF(E$3<>$D43, MID($C43,E$3,1), INDEX(音調表!$D$3:$D$12, MATCH(TRUE, EXACT(MID($C43,E$3,1), 音調表!$B$3:$B$12),0)))} -> k | F43: {=IF(F$3<>$D43, MID($C43,F$3,1), INDEX(音調表!$D$3:$D$12, MATCH(TRUE, EXACT(MID($C43,F$3,1), 音調表!$B$3:$B$12),0)))} -> u | G43: {=IF(G$3<>$D43, MID($C43,G$3,1), INDEX(音調表!$D$3:$D$12, MATCH(TRUE, EXACT(MID($C43,G$3,1), 音調表!$B$3:$B$12),0)))} -> a | H43: {=IF(H$3<>$D43, MID($C43,H$3,1), INDEX(音調表!$D$3:$D$12, MATCH(TRUE, EXACT(MID($C43,H$3,1), 音調表!$B$3:$B$12),0)))} -> n | I43: {=IF(I$3<>$D43, MID($C43,I$3,1), INDEX(音調表!$D$3:$D$12, MATCH(TRUE, EXACT(MID($C43,I$3,1), 音調表!$B$3:$B$12),0)))} -> ; | J43: {=IF(J$3<>$D43, MID($C43,J$3,1), INDEX(音調表!$D$3:$D$12, MATCH(TRUE, EXACT(MID($C43,J$3,1), 音調表!$B$3:$B$12),0)))} | K43: {=IF(K$3<>$D43, MID($C43,K$3,1), INDEX(音調表!$D$3:$D$12, MATCH(TRUE, EXACT(MID($C43,K$3,1), 音調表!$B$3:$B$12),0)))} | L43: {=IF(L$3<>$D43, MID($C43,L$3,1), INDEX(音調表!$D$3:$D$12, MATCH(TRUE, EXACT(MID($C43,L$3,1), 音調表!$B$3:$B$12),0)))} | M43: {=IF(M$3<>$D43, MID($C43,M$3,1), INDEX(音調表!$D$3:$D$12, MATCH(TRUE, EXACT(MID($C43,M$3,1), 音調表!$B$3:$B$12),0)))}
B44: 。 | D44: =IF( LEN(C44)>0, LEN(C44), "") | E44: ` | F44: . | G44: {=IF(G$3<>$D44, MID($C44,G$3,1), INDEX(音調表!$D$3:$D$12, MATCH(TRUE, EXACT(MID($C44,G$3,1), 音調表!$B$3:$B$12),0)))} | H44: {=IF(H$3<>$D44, MID($C44,H$3,1), INDEX(音調表!$D$3:$D$12, MATCH(TRUE, EXACT(MID($C44,H$3,1), 音調表!$B$3:$B$12),0)))} | I44: {=IF(I$3<>$D44, MID($C44,I$3,1), INDEX(音調表!$D$3:$D$12, MATCH(TRUE, EXACT(MID($C44,I$3,1), 音調表!$B$3:$B$12),0)))} | J44: {=IF(J$3<>$D44, MID($C44,J$3,1), INDEX(音調表!$D$3:$D$12, MATCH(TRUE, EXACT(MID($C44,J$3,1), 音調表!$B$3:$B$12),0)))} | K44: {=IF(K$3<>$D44, MID($C44,K$3,1), INDEX(音調表!$D$3:$D$12, MATCH(TRUE, EXACT(MID($C44,K$3,1), 音調表!$B$3:$B$12),0)))} | L44: {=IF(L$3<>$D44, MID($C44,L$3,1), INDEX(音調表!$D$3:$D$12, MATCH(TRUE, EXACT(MID($C44,L$3,1), 音調表!$B$3:$B$12),0)))} | M44: {=IF(M$3<>$D44, MID($C44,M$3,1), INDEX(音調表!$D$3:$D$12, MATCH(TRUE, EXACT(MID($C44,M$3,1), 音調表!$B$3:$B$12),0)))}

Sheet 打字練習表 (十五音)
B2: 漢字 | C2: 十五音 | D2: 羅馬字母拼音 | E2: 字母 | F2: 鍵盤按鍵
F3: 1 | G3: 2 | H3: 3 | I3: 4 | J3: 5 | K3: 6 | L3: 7 | M3: 8 | N3: 9
B4: 涼 | C4: 姜五柳 | D4: liang5 | E4: =IF( LEN(D4)>0, LEN(D4), "") -> 6 | F4: {=IF(F$3<>$E4, MID($D4,F$3,1), INDEX(音調表!$D$3:$D$12, MATCH(TRUE, EXACT(MID($D4,F$3,1), 音調表!$B$3:$B$12),0)))} -> l | G4: {=IF(G$3<>$E4, MID($D4,G$3,1), INDEX(音調表!$D$3:$D$12, MATCH(TRUE, EXACT(MID($D4,G$3,1), 音調表!$B$3:$B$12),0)))} -> i | H4: {=IF(H$3<>$E4, MID($D4,H$3,1), INDEX(音調表!$D$3:$D$12, MATCH(TRUE, EXACT(MID($D4,H$3,1), 音調表!$B$3:$B$12),0)))} -> a | I4: {=IF(I$3<>$E4, MID($D4,I$3,1), INDEX(音調表!$D$3:$D$12, MATCH(TRUE, EXACT(MID($D4,I$3,1), 音調表!$B$3:$B$12),0)))} -> n | J4: {=IF(J$3<>$E4, MID($D4,J$3,1), INDEX(音調表!$D$3:$D$12, MATCH(TRUE, EXACT(MID($D4,J$3,1), 音調表!$B$3:$B$12),0)))} -> g | K4: {=IF(K$3<>$E4, MID($D4,K$3,1), INDEX(音調表!$D$3:$D$12, MATCH(TRUE, EXACT(MID($D4,K$3,1), 音調表!$B$3:$B$12),0)))} -> / | L4: {=IF(L$3<>$E4, MID($D4,L$3,1), INDEX(音調表!$D$3:$D$12, MATCH(TRUE, EXACT(MID($D4,L$3,1), 音調表!$B$3:$B$12),0)))} | M4: {=IF(M$3<>$E4, MID($D4,M$3,1), INDEX(音調表!$D$3:$D$12, MATCH(TRUE, EXACT(MID($D4,M$3,1), 音調表!$B$3:$B$12),0)))} | N4: {=IF(N$3<>$E4, MID($D4,N$3,1), INDEX(音調表!$D$3:$D$12, MATCH(TRUE, EXACT(MID($D4,N$3,1), 音調表!$B$3:$B$12),0)))} | R4: {=IF( ISNUMBER(VALUE(K4)), INDEX(音調表!$D$3:$D$12, MATCH(TRUE, EXACT(K4, 音調表!$B$3:$B$12),0)), "")}
B5: 州 | C5: 丩一曾 | D5: ziu1 | E5: =IF( LEN(D5)>0, LEN(D5), "") -> 4 | F5: {=IF(F$3<>$E5, MID($D5,F$3,1), INDEX(音調表!$D$3:$D$12, MATCH(TRUE, EXACT(MID($D5,F$3,1), 音調表!$B$3:$B$12),0)))} -> z | G5: {=IF(G$3<>$E5, MID($D5,G$3,1), INDEX(音調表!$D$3:$D$12, MATCH(TRUE, EXACT(MID($D5,G$3,1), 音調表!$B$3:$B$12),0)))} -> i | H5: {=IF(H$3<>$E5, MID($D5,H$3,1), INDEX(音調表!$D$3:$D$12, MATCH(TRUE, EXACT(MID($D5,H$3,1), 音調表!$B$3:$B$12),0)))} -> u | I5: {=IF(I$3<>$E5, MID($D5,I$3,1), INDEX(音調表!$D$3:$D$12, MATCH(TRUE, EXACT(MID($D5,I$3,1), 音調表!$B$3:$B$12),0)))} -> ; | J5: {=IF(J$3<>$E5, MID($D5,J$3,1), INDEX(音調表!$D$3:$D$12, MATCH(TRUE, EXACT(MID($D5,J$3,1), 音調表!$B$3:$B$12),0)))} | K5: {=IF(K$3<>$E5, MID($D5,K$3,1), INDEX(音調表!$D$3:$D$12, MATCH(TRUE, EXACT(MID($D5,K$3,1), 音調表!$B$3:$B$12),0)))} | L5: {=IF(L$3<>$E5, MID($D5,L$3,1), INDEX(音調表!$D$3:$D$12, MATCH(TRUE, EXACT(MID($D5,L$3,1), 音調表!$B$3:$B$12),0)))} | M5: {=IF(M$3<>$E5, MID($D5,M$3,1), INDEX(音調表!$D$3:$D$12, MATCH(TRUE, EXACT(MID($D5,M$3,1), 音調表!$B$3:$B$12),0)))} | N5: {=IF(N$3<>$E5, MID($D5,N$3,1), INDEX(音調表!$D$3:$D$12, MATCH(TRUE, EXACT(MID($D5,N$3,1), 音調表!$B$3:$B$12),0)))}
B6: 詞 | C6: 艍五時 | D6: su5 | E6: =IF( LEN(D6)>0, LEN(D6), "") -> 3 | F6: {=IF(F$3<>$E6, MID($D6,F$3,1), INDEX(音調表!$D$3:$D$12, MATCH(TRUE, EXACT(MID($D6,F$3,1), 音調表!$B$3:$B$12),0)))} -> s | G6: {=IF(G$3<>$E6, MID($D6,G$3,1), INDEX(音調表!$D$3:$D$12, MATCH(TRUE, EXACT(MID($D6,G$3,1), 音調表!$B$3:$B$12),0)))} -> u | H6: {=IF(H$3<>$E6, MID($D6,H$3,1), INDEX(音調表!$D$3:$D$12, MATCH(TRUE, EXACT(MID($D6,H$3,1), 音調表!$B$3:$B$12),0)))} -> / | I6: {=IF(I$3<>$E6, MID($D6,I$3,1), INDEX(音調表!$D$3:$D$12, MATCH(TRUE, EXACT(MID($D6,I$3,1), 音調表!$B$3:$B$12),0)))} | J6: {=IF(J$3<>$E6, MID($D6,J$3,1), INDEX(音調表!$D$3:$D$12, MATCH(TRUE, EXACT(MID($D6,J$3,1), 音調表!$B$3:$B$12),0)))} | K6: {=IF(K$3<>$E6, MID($D6,K$3,1), INDEX(音調表!$D$3:$D$12, MATCH(TRUE, EXACT(MID($D6,K$3,1), 音調表!$B$3:$B$12),0)))} | L6: {=IF(L$3<>$E6, MID($D6,L$3,1), INDEX(音調表!$D$3:$D$12, MATCH(TRUE, EXACT(MID($D6,L$3,1), 音調表!$B$3:$B$12),0)))} | M6: {=IF(M$3<>$E6, MID($D6,M$3,1), INDEX(音調表!$D$3:$D$12, MATCH(TRUE, EXACT(MID($D6,M$3,1), 音調表!$B$3:$B$12),0)))} | N6: {=IF(N$3<>$E6, MID($D6,N$3,1), INDEX(音調表!$D$3:$D$12, MATCH(TRUE, EXACT(MID($D6,N$3,1), 音調表!$B$3:$B$12),0)))}
E7: =IF( LEN(D7)>0, LEN(D7), "") | F7: {=IF(F$3<>$E7, MID($D7,F$3,1), INDEX(音調表!$D$3:$D$12, MATCH(TRUE, EXACT(MID($D7,F$3,1), 音調表!$B$3:$B$12),0)))} | G7: {=IF(G$3<>$E7, MID($D7,G$3,1), INDEX(音調表!$D$3:$D$12, MATCH(TRUE, EXACT(MID($D7,G$3,1), 音調表!$B$3:$B$12),0)))} | H7: {=IF(H$3<>$E7, MID($D7,H$3,1), INDEX(音調表!$D$3:$D$12, MATCH(TRUE, EXACT(MID($D7,H$3,1), 音調表!$B$3:$B$12),0)))} | I7: {=IF(I$3<>$E7, MID($D7,I$3,1), INDEX(音調表!$D$3:$D$12, MATCH(TRUE, EXACT(MID($D7,I$3,1), 音調表!$B$3:$B$12),0)))} | J7: {=IF(J$3<>$E7, MID($D7,J$3,1), INDEX(音調表!$D$3:$D$12, MATCH(TRUE, EXACT(MID($D7,J$3,1), 音調表!$B$3:$B$12),0)))} | K7: {=IF(K$3<>$E7, MID($D7,K$3,1), INDEX(音調表!$D$3:$D$12, MATCH(TRUE, EXACT(MID($D7,K$3,1), 音調表!$B$3:$B$12),0)))} | L7: {=IF(L$3<>$E7, MID($D7,L$3,1), INDEX(音調表!$D$3:$D$12, MATCH(TRUE, EXACT(MID($D7,L$3,1), 音調表!$B$3:$B$12),0)))} | M7: {=IF(M$3<>$E7, MID($D7,M$3,1), INDEX(音調表!$D$3:$D$12, MATCH(TRUE, EXACT(MID($D7,M$3,1), 音調表!$B$3:$B$12),0)))} | N7: {=IF(N$3<>$E7, MID($D7,N$3,1), INDEX(音調表!$D$3:$D$12, MATCH(TRUE, EXACT(MID($D7,N$3,1), 音調表!$B$3:$B$12),0)))}
B8: 王 | C8: 公五英 | D8: ong5 | E8: =IF( LEN(D8)>0, LEN(D8), "") -> 4 | F8: {=IF(F$3<>$E8, MID($D8,F$3,1), INDEX(音調表!$D$3:$D$12, MATCH(TRUE, EXACT(MID($D8,F$3,1), 音調表!$B$3:$B$12),0)))} -> o | G8: {=IF(G$3<>$E8, MID($D8,G$3,1), INDEX(音調表!$D$3:$D$12, MATCH(TRUE, EXACT(MID($D8,G$3,1), 音調表!$B$3:$B$12),0)))} -> n | H8: {=IF(H$3<>$E8, MID($D8,H$3,1), INDEX(音調表!$D$3:$D$12, MATCH(TRUE, EXACT(MID($D8,H$3,1), 音調表!$B$3:$B$12),0)))} -> g | I8: {=IF(I$3<>$E8, MID($D8,I$3,1), INDEX(音調表!$D$3:$D$12, MATCH(TRUE, EXACT(MID($D8,I$3,1), 音調表!$B$3:$B$12),0)))} -> / | J8: {=IF(J$3<>$E8, MID($D8,J$3,1), INDEX(音調表!$D$3:$D$12, MATCH(TRUE, EXACT(MID($D8,J$3,1), 音調表!$B$3:$B$12),0)))} | K8: {=IF(K$3<>$E8, MID($D8,K$3,1), INDEX(音調表!$D$3:$D$12, MATCH(TRUE, EXACT(MID($D8,K$3,1), 音調表!$B$3:$B$12),0)))} | L8: {=IF(L$3<>$E8, MID($D8,L$3,1), INDEX(音調表!$D$3:$D$12, MATCH(TRUE, EXACT(MID($D8,L$3,1), 音調表!$B$3:$B$12),0)))} | M8: {=IF(M$3<>$E8, MID($D8,M$3,1), INDEX(音調表!$D$3:$D$12, MATCH(TRUE, EXACT(MID($D8,M$3,1), 音調表!$B$3:$B$12),0)))} | N8: {=IF(N$3<>$E8, MID($D8,N$3,1), INDEX(音調表!$D$3:$D$12, MATCH(TRUE, EXACT(MID($D8,N$3,1), 音調表!$B$3:$B$12),0)))}
B9: 之 | C9: 居一曾 | D9: zi1 | E9: =IF( LEN(D9)>0, LEN(D9), "") -> 3 | F9: {=IF(F$3<>$E9, MID($D9,F$3,1), INDEX(音調表!$D$3:$D$12, MATCH(TRUE, EXACT(MID($D9,F$3,1), 音調表!$B$3:$B$12),0)))} -> z | G9: {=IF(G$3<>$E9, MID($D9,G$3,1), INDEX(音調表!$D$3:$D$12, MATCH(TRUE, EXACT(MID($D9,G$3,1), 音調表!$B$3:$B$12),0)))} -> i | H9: {=IF(H$3<>$E9, MID($D9,H$3,1), INDEX(音調表!$D$3:$D$12, MATCH(TRUE, EXACT(MID($D9,H$3,1), 音調表!$B$3:$B$12),0)))} -> ; | I9: {=IF(I$3<>$E9, MID($D9,I$3,1), INDEX(音調表!$D$3:$D$12, MATCH(TRUE, EXACT(MID($D9,I$3,1), 音調表!$B$3:$B$12),0)))} | J9: {=IF(J$3<>$E9, MID($D9,J$3,1), INDEX(音調表!$D$3:$D$12, MATCH(TRUE, EXACT(MID($D9,J$3,1), 音調表!$B$3:$B$12),0)))} | K9: {=IF(K$3<>$E9, MID($D9,K$3,1), INDEX(音調表!$D$3:$D$12, MATCH(TRUE, EXACT(MID($D9,K$3,1), 音調表!$B$3:$B$12),0)))} | L9: {=IF(L$3<>$E9, MID($D9,L$3,1), INDEX(音調表!$D$3:$D$12, MATCH(TRUE, EXACT(MID($D9,L$3,1), 音調表!$B$3:$B$12),0)))} | M9: {=IF(M$3<>$E9, MID($D9,M$3,1), INDEX(音調表!$D$3:$D$12, MATCH(TRUE, EXACT(MID($D9,M$3,1), 音調表!$B$3:$B$12),0)))} | N9: {=IF(N$3<>$E9, MID($D9,N$3,1), INDEX(音調表!$D$3:$D$12, MATCH(TRUE, EXACT(MID($D9,N$3,1), 音調表!$B$3:$B$12),0)))}
B10: 渙 | C10: 觀三喜 | D10: huan3 | E10: =IF( LEN(D10)>0, LEN(D10), "") -> 5 | F10: {=IF(F$3<>$E10, MID($D10,F$3,1), INDEX(音調表!$D$3:$D$12, MATCH(TRUE, EXACT(MID($D10,F$3,1), 音調表!$B$3:$B$12),0)))} -> h | G10: {=IF(G$3<>$E10, MID($D10,G$3,1), INDEX(音調表!$D$3:$D$12, MATCH(TRUE, EXACT(MID($D10,G$3,1), 音調表!$B$3:$B$12),0)))} -> u | H10: {=IF(H$3<>$E10, MID($D10,H$3,1), INDEX(音調表!$D$3:$D$12, MATCH(TRUE, EXACT(MID($D10,H$3,1), 音調表!$B$3:$B$12),0)))} -> a | I10: {=IF(I$3<>$E10, MID($D10,I$3,1), INDEX(音調表!$D$3:$D$12, MATCH(TRUE, EXACT(MID($D10,I$3,1), 音調表!$B$3:$B$12),0)))} -> n | J10: {=IF(J$3<>$E10, MID($D10,J$3,1), INDEX(音調表!$D$3:$D$12, MATCH(TRUE, EXACT(MID($D10,J$3,1), 音調表!$B$3:$B$12),0)))} -> _ | K10: {=IF(K$3<>$E10, MID($D10,K$3,1), INDEX(音調表!$D$3:$D$12, MATCH(TRUE, EXACT(MID($D10,K$3,1), 音調表!$B$3:$B$12),0)))} | L10: {=IF(L$3<>$E10, MID($D10,L$3,1), INDEX(音調表!$D$3:$D$12, MATCH(TRUE, EXACT(MID($D10,L$3,1), 音調表!$B$3:$B$12),0)))} | M10: {=IF(M$3<>$E10, MID($D10,M$3,1), INDEX(音調表!$D$3:$D$12, MATCH(TRUE, EXACT(MID($D10,M$3,1), 音調表!$B$3:$B$12),0)))} | N10: {=IF(N$3<>$E10, MID($D10,N$3,1), INDEX(音調表!$D$3:$D$12, MATCH(TRUE, EXACT(MID($D10,N$3,1), 音調表!$B$3:$B$12),0)))}
E11: =IF( LEN(D11)>0, LEN(D11), "") | F11: {=IF(F$3<>$E11, MID($D11,F$3,1), INDEX(音調表!$D$3:$D$12, MATCH(TRUE, EXACT(MID($D11,F$3,1), 音調表!$B$3:$B$12),0)))} | G11: {=IF(G$3<>$E11, MID($D11,G$3,1), INDEX(音調表!$D$3:$D$12, MATCH(TRUE, EXACT(MID($D11,G$3,1), 音調表!$B$3:$B$12),0)))} | H11: {=IF(H$3<>$E11, MID($D11,H$3,1), INDEX(音調表!$D$3:$D$12, MATCH(TRUE, EXACT(MID($D11,H$3,1), 音調表!$B$3:$B$12),0)))} | I11: {=IF(I$3<>$E11, MID($D11,I$3,1), INDEX(音調表!$D$3:$D$12, MATCH(TRUE, EXACT(MID($D11,I$3,1), 音調表!$B$3:$B$12),0)))} | J11: {=IF(J$3<>$E11, MID($D11,J$3,1), INDEX(音調表!$D$3:$D$12, MATCH(TRUE, EXACT(MID($D11,J$3,1), 音調表!$B$3:$B$12),0)))} | K11: {=IF(K$3<>$E11, MID($D11,K$3,1), INDEX(音調表!$D$3:$D$12, MATCH(TRUE, EXACT(MID($D11,K$3,1), 音調表!$B$3:$B$12),0)))} | L11: {=IF(L$3<>$E11, MID($D11,L$3,1), INDEX(音調表!$D$3:$D$12, MATCH(TRUE, EXACT(MID($D11,L$3,1), 音調表!$B$3:$B$12),0)))} | M11: {=IF(M$3<>$E11, MID($D11,M$3,1), INDEX(音調表!$D$3:$D$12, MATCH(TRUE, EXACT(MID($D11,M$3,1), 音調表!$B$3:$B$12),0)))} | N11: {=IF(N$3<>$E11, MID($D11,N$3,1), INDEX(音調表!$D$3:$D$12, MATCH(TRUE, EXACT(MID($D11,N$3,1), 音調表!$B$3:$B$12),0)))}
B12: 黄 | C12: 公五喜 | D12: hong5 | E12: =IF( LEN(D12)>0, LEN(D12), "") -> 5 | F12: {=IF(F$3<>$E12, MID($D12,F$3,1), INDEX(音調表!$D$3:$D$12, MATCH(TRUE, EXACT(MID($D12,F$3,1), 音調表!$B$3:$B$12),0)))} -> h | G12: {=IF(G$3<>$E12, MID($D12,G$3,1), INDEX(音調表!$D$3:$D$12, MATCH(TRUE, EXACT(MID($D12,G$3,1), 音調表!$B$3:$B$12),0)))} -> o | H12: {=IF(H$3<>$E12, MID($D12,H$3,1), INDEX(音調表!$D$3:$D$12, MATCH(TRUE, EXACT(MID($D12,H$3,1), 音調表!$B$3:$B$12),0)))} -> n | I12: {=IF(I$3<>$E12, MID($D12,I$3,1), INDEX(音調表!$D$3:$D$12, MATCH(TRUE, EXACT(MID($D12,I$3,1), 音調表!$B$3:$B$12),0)))} -> g | J12: {=IF(J$3<>$E12, MID($D12,J$3,1), INDEX(音調表!$D$3:$D$12, MATCH(TRUE, EXACT(MID($D12,J$3,1), 音調表!$B$3:$B$12),0)))} -> / | K12: {=IF(K$3<>$E12, MID($D12,K$3,1), INDEX(音調表!$D$3:$D$12, MATCH(TRUE, EXACT(MID($D12,K$3,1), 音調表!$B$3:$B$12),0)))} | L12: {=IF(L$3<>$E12, MID($D12,L$3,1), INDEX(音調表!$D$3:$D$12, MATCH(TRUE, EXACT(MID($D12,L$3,1), 音調表!$B$3:$B$12),0)))} | M12: {=IF(M$3<>$E12, MID($D12,M$3,1), INDEX(音調表!$D$3:$D$12, MATCH(TRUE, EXACT(MID($D12,M$3,1), 音調表!$B$3:$B$12),0)))} | N12: {=IF(N$3<>$E12, MID($D12,N$3,1), INDEX(音調表!$D$3:$D$12, MATCH(TRUE, EXACT(MID($D12,N$3,1), 音調表!$B$3:$B$12),0)))}
B13: 河 | C13: 高五喜 | D13: ho5 | E13: =IF( LEN(D13)>0, LEN(D13), "") -> 3 | F13: {=IF(F$3<>$E13, MID($D13,F$3,1), INDEX(音調表!$D$3:$D$12, MATCH(TRUE, EXACT(MID($D13,F$3,1), 音調表!$B$3:$B$12),0)))} -> h | G13: {=IF(G$3<>$E13, MID($D13,G$3,1), INDEX(音調表!$D$3:$D$12, MATCH(TRUE, EXACT(MID($D13,G$3,1), 音調表!$B$3:$B$12),0)))} -> o | H13: {=IF(H$3<>$E13, MID($D13,H$3,1), INDEX(音調表!$D$3:$D$12, MATCH(TRUE, EXACT(MID($D13,H$3,1), 音調表!$B$3:$B$12),0)))} -> / | I13: {=IF(I$3<>$E13, MID($D13,I$3,1), INDEX(音調表!$D$3:$D$12, MATCH(TRUE, EXACT(MID($D13,I$3,1), 音調表!$B$3:$B$12),0)))} | J13: {=IF(J$3<>$E13, MID($D13,J$3,1), INDEX(音調表!$D$3:$D$12, MATCH(TRUE, EXACT(MID($D13,J$3,1), 音調表!$B$3:$B$12),0)))} | K13: {=IF(K$3<>$E13, MID($D13,K$3,1), INDEX(音調表!$D$3:$D$12, MATCH(TRUE, EXACT(MID($D13,K$3,1), 音調表!$B$3:$B$12),0)))} | L13: {=IF(L$3<>$E13, MID($D13,L$3,1), INDEX(音調表!$D$3:$D$12, MATCH(TRUE, EXACT(MID($D13,L$3,1), 音調表!$B$3:$B$12),0)))} | M13: {=IF(M$3<>$E13, MID($D13,M$3,1), INDEX(音調表!$D$3:$D$12, MATCH(TRUE, EXACT(MID($D13,M$3,1), 音調表!$B$3:$B$12),0)))} | N13: {=IF(N$3<>$E13, MID($D13,N$3,1), INDEX(音調表!$D$3:$D$12, MATCH(TRUE, EXACT(MID($D13,N$3,1), 音調表!$B$3:$B$12),0)))}
B14: 遠 | C14: 觀二英 | D14: uan2 | E14: =IF( LEN(D14)>0, LEN(D14), "") -> 4 | F14: {=IF(F$3<>$E14, MID($D14,F$3,1), INDEX(音調表!$D$3:$D$12, MATCH(TRUE, EXACT(MID($D14,F$3,1), 音調表!$B$3:$B$12),0)))} -> u | G14: {=IF(G$3<>$E14, MID($D14,G$3,1), INDEX(音調表!$D$3:$D$12, MATCH(TRUE, EXACT(MID($D14,G$3,1), 音調表!$B$3:$B$12),0)))} -> a | H14: {=IF(H$3<>$E14, MID($D14,H$3,1), INDEX(音調表!$D$3:$D$12, MATCH(TRUE, EXACT(MID($D14,H$3,1), 音調表!$B$3:$B$12),0)))} -> n | I14: {=IF(I$3<>$E14, MID($D14,I$3,1), INDEX(音調表!$D$3:$D$12, MATCH(TRUE, EXACT(MID($D14,I$3,1), 音調表!$B$3:$B$12),0)))} -> \ | J14: {=IF(J$3<>$E14, MID($D14,J$3,1), INDEX(音調表!$D$3:$D$12, MATCH(TRUE, EXACT(MID($D14,J$3,1), 音調表!$B$3:$B$12),0)))} | K14: {=IF(K$3<>$E14, MID($D14,K$3,1), INDEX(音調表!$D$3:$D$12, MATCH(TRUE, EXACT(MID($D14,K$3,1), 音調表!$B$3:$B$12),0)))} | L14: {=IF(L$3<>$E14, MID($D14,L$3,1), INDEX(音調表!$D$3:$D$12, MATCH(TRUE, EXACT(MID($D14,L$3,1), 音調表!$B$3:$B$12),0)))} | M14: {=IF(M$3<>$E14, MID($D14,M$3,1), INDEX(音調表!$D$3:$D$12, MATCH(TRUE, EXACT(MID($D14,M$3,1), 音調表!$B$3:$B$12),0)))} | N14: {=IF(N$3<>$E14, MID($D14,N$3,1), INDEX(音調表!$D$3:$D$12, MATCH(TRUE, EXACT(MID($D14,N$3,1), 音調表!$B$3:$B$12),0)))}
B15: 上 | C15: 恭二時 | D15: siong2 | E15: =IF( LEN(D15)>0, LEN(D15), "") -> 6 | F15: {=IF(F$3<>$E15, MID($D15,F$3,1), INDEX(音調表!$D$3:$D$12, MATCH(TRUE, EXACT(MID($D15,F$3,1), 音調表!$B$3:$B$12),0)))} -> s | G15: {=IF(G$3<>$E15, MID($D15,G$3,1), INDEX(音調表!$D$3:$D$12, MATCH(TRUE, EXACT(MID($D15,G$3,1), 音調表!$B$3:$B$12),0)))} -> i | H15: {=IF(H$3<>$E15, MID($D15,H$3,1), INDEX(音調表!$D$3:$D$12, MATCH(TRUE, EXACT(MID($D15,H$3,1), 音調表!$B$3:$B$12),0)))} -> o | I15: {=IF(I$3<>$E15, MID($D15,I$3,1), INDEX(音調表!$D$3:$D$12, MATCH(TRUE, EXACT(MID($D15,I$3,1), 音調表!$B$3:$B$12),0)))} -> n | J15: {=IF(J$3<>$E15, MID($D15,J$3,1), INDEX(音調表!$D$3:$D$12, MATCH(TRUE, EXACT(MID($D15,J$3,1), 音調表!$B$3:$B$12),0)))} -> g | K15: {=IF(K$3<>$E15, MID($D15,K$3,1), INDEX(音調表!$D$3:$D$12, MATCH(TRUE, EXACT(MID($D15,K$3,1), 音調表!$B$3:$B$12),0)))} -> \ | L15: {=IF(L$3<>$E15, MID($D15,L$3,1), INDEX(音調表!$D$3:$D$12, MATCH(TRUE, EXACT(MID($D15,L$3,1), 音調表!$B$3:$B$12),0)))} | M15: {=IF(M$3<>$E15, MID($D15,M$3,1), INDEX(音調表!$D$3:$D$12, MATCH(TRUE, EXACT(MID($D15,M$3,1), 音調表!$B$3:$B$12),0)))} | N15: {=IF(N$3<>$E15, MID($D15,N$3,1), INDEX(音調表!$D$3:$D$12, MATCH(TRUE, EXACT(MID($D15,N$3,1), 音調表!$B$3:$B$12),0)))}
B16: 白 | C16: 經八邊 | D16: pik8 | E16: =IF( LEN(D16)>0, LEN(D16), "") -> 4 | F16: {=IF(F$3<>$E16, MID($D16,F$3,1), INDEX(音調表!$D$3:$D$12, MATCH(TRUE, EXACT(MID($D16,F$3,1), 音調表!$B$3:$B$12),0)))} -> p | G16: {=IF(G$3<>$E16, MID($D16,G$3,1), INDEX(音調表!$D$3:$D$12, MATCH(TRUE, EXACT(MID($D16,G$3,1), 音調表!$B$3:$B$12),0)))} -> i | H16: {=IF(H$3<>$E16, MID($D16,H$3,1), INDEX(音調表!$D$3:$D$12, MATCH(TRUE, EXACT(MID($D16,H$3,1), 音調表!$B$3:$B$12),0)))} -> k | I16: {=IF(I$3<>$E16, MID($D16,I$3,1), INDEX(音調表!$D$3:$D$12, MATCH(TRUE, EXACT(MID($D16,I$3,1), 音調表!$B$3:$B$12),0)))} -> ] | J16: {=IF(J$3<>$E16, MID($D16,J$3,1), INDEX(音調表!$D$3:$D$12, MATCH(TRUE, EXACT(MID($D16,J$3,1), 音調表!$B$3:$B$12),0)))} | K16: {=IF(K$3<>$E16, MID($D16,K$3,1), INDEX(音調表!$D$3:$D$12, MATCH(TRUE, EXACT(MID($D16,K$3,1), 音調表!$B$3:$B$12),0)))} | L16: {=IF(L$3<>$E16, MID($D16,L$3,1), INDEX(音調表!$D$3:$D$12, MATCH(TRUE, EXACT(MID($D16,L$3,1), 音調表!$B$3:$B$12),0)))} | M16: {=IF(M$3<>$E16, MID($D16,M$3,1), INDEX(音調表!$D$3:$D$12, MATCH(TRUE, EXACT(MID($D16,M$3,1), 音調表!$B$3:$B$12),0)))} | N16: {=IF(N$3<>$E16, MID($D16,N$3,1), INDEX(音調表!$D$3:$D$12, MATCH(TRUE, EXACT(MID($D16,N$3,1), 音調表!$B$3:$B$12),0)))}
B17: 雲 | C17: 君五喜 | D17: hun5 | E17: =IF( LEN(D17)>0, LEN(D17), "") -> 4 | F17: {=IF(F$3<>$E17, MID($D17,F$3,1), INDEX(音調表!$D$3:$D$12, MATCH(TRUE, EXACT(MID($D17,F$3,1), 音調表!$B$3:$B$12),0)))} -> h | G17: {=IF(G$3<>$E17, MID($D17,G$3,1), INDEX(音調表!$D$3:$D$12, MATCH(TRUE, EXACT(MID($D17,G$3,1), 音調表!$B$3:$B$12),0)))} -> u | H17: {=IF(H$3<>$E17, MID($D17,H$3,1), INDEX(音調表!$D$3:$D$12, MATCH(TRUE, EXACT(MID($D17,H$3,1), 音調表!$B$3:$B$12),0)))} -> n | I17: {=IF(I$3<>$E17, MID($D17,I$3,1), INDEX(音調表!$D$3:$D$12, MATCH(TRUE, EXACT(MID($D17,I$3,1), 音調表!$B$3:$B$12),0)))} -> / | J17: {=IF(J$3<>$E17, MID($D17,J$3,1), INDEX(音調表!$D$3:$D$12, MATCH(TRUE, EXACT(MID($D17,J$3,1), 音調表!$B$3:$B$12),0)))} | K17: {=IF(K$3<>$E17, MID($D17,K$3,1), INDEX(音調表!$D$3:$D$12, MATCH(TRUE, EXACT(MID($D17,K$3,1), 音調表!$B$3:$B$12),0)))} | L17: {=IF(L$3<>$E17, MID($D17,L$3,1), INDEX(音調表!$D$3:$D$12, MATCH(TRUE, EXACT(MID($D17,L$3,1), 音調表!$B$3:$B$12),0)))} | M17: {=IF(M$3<>$E17, MID($D17,M$3,1), INDEX(音調表!$D$3:$D$12, MATCH(TRUE, EXACT(MID($D17,M$3,1), 音調表!$B$3:$B$12),0)))} | N17: {=IF(N$3<>$E17, MID($D17,N$3,1), INDEX(音調表!$D$3:$D$12, MATCH(TRUE, EXACT(MID($D17,N$3,1), 音調表!$B$3:$B$12),0)))}
B18: 間 | C18: 干一求 | D18: kan1 | E18: =IF( LEN(D18)>0, LEN(D18), "") -> 4 | F18: {=IF(F$3<>$E18, MID($D18,F$3,1), INDEX(音調表!$D$3:$D$12, MATCH(TRUE, EXACT(MID($D18,F$3,1), 音調表!$B$3:$B$12),0)))} -> k | G18: {=IF(G$3<>$E18, MID($D18,G$3,1), INDEX(音調表!$D$3:$D$12, MATCH(TRUE, EXACT(MID($D18,G$3,1), 音調表!$B$3:$B$12),0)))} -> a | H18: {=IF(H$3<>$E18, MID($D18,H$3,1), INDEX(音調表!$D$3:$D$12, MATCH(TRUE, EXACT(MID($D18,H$3,1), 音調表!$B$3:$B$12),0)))} -> n | I18: {=IF(I$3<>$E18, MID($D18,I$3,1), INDEX(音調表!$D$3:$D$12, MATCH(TRUE, EXACT(MID($D18,I$3,1), 音調表!$B$3:$B$12),0)))} -> ; | J18: {=IF(J$3<>$E18, MID($D18,J$3,1), INDEX(音調表!$D$3:$D$12, MATCH(TRUE, EXACT(MID($D18,J$3,1), 音調表!$B$3:$B$12),0)))} | K18: {=IF(K$3<>$E18, MID($D18,K$3,1), INDEX(音調表!$D$3:$D$12, MATCH(TRUE, EXACT(MID($D18,K$3,1), 音調表!$B$3:$B$12),0)))} | L18: {=IF(L$3<>$E18, MID($D18,L$3,1), INDEX(音調表!$D$3:$D$12, MATCH(TRUE, EXACT(MID($D18,L$3,1), 音調表!$B$3:$B$12),0)))} | M18: {=IF(M$3<>$E18, MID($D18,M$3,1), INDEX(音調表!$D$3:$D$12, MATCH(TRUE, EXACT(MID($D18,M$3,1), 音調表!$B$3:$B$12),0)))} | N18: {=IF(N$3<>$E18, MID($D18,N$3,1), INDEX(音調表!$D$3:$D$12, MATCH(TRUE, EXACT(MID($D18,N$3,1), 音調表!$B$3:$B$12),0)))}
B19: ， | E19: =IF( LEN(D19)>0, LEN(D19), "") | F19: ` | G19: , | H19: {=IF(H$3<>$E19, MID($D19,H$3,1), INDEX(音調表!$D$3:$D$12, MATCH(TRUE, EXACT(MID($D19,H$3,1), 音調表!$B$3:$B$12),0)))} | I19: {=IF(I$3<>$E19, MID($D19,I$3,1), INDEX(音調表!$D$3:$D$12, MATCH(TRUE, EXACT(MID($D19,I$3,1), 音調表!$B$3:$B$12),0)))} | J19: {=IF(J$3<>$E19, MID($D19,J$3,1), INDEX(音調表!$D$3:$D$12, MATCH(TRUE, EXACT(MID($D19,J$3,1), 音調表!$B$3:$B$12),0)))} | K19: {=IF(K$3<>$E19, MID($D19,K$3,1), INDEX(音調表!$D$3:$D$12, MATCH(TRUE, EXACT(MID($D19,K$3,1), 音調表!$B$3:$B$12),0)))} | L19: {=IF(L$3<>$E19, MID($D19,L$3,1), INDEX(音調表!$D$3:$D$12, MATCH(TRUE, EXACT(MID($D19,L$3,1), 音調表!$B$3:$B$12),0)))} | M19: {=IF(M$3<>$E19, MID($D19,M$3,1), INDEX(音調表!$D$3:$D$12, MATCH(TRUE, EXACT(MID($D19,M$3,1), 音調表!$B$3:$B$12),0)))} | N19: {=IF(N$3<>$E19, MID($D19,N$3,1), INDEX(音調表!$D$3:$D$12, MATCH(TRUE, EXACT(MID($D19,N$3,1), 音調表!$B$3:$B$12),0)))}
B20: 一 | C20: 巾四英 | D20: it4 | E20: =IF( LEN(D20)>0, LEN(D20), "") -> 3 | F20: {=IF(F$3<>$E20, MID($D20,F$3,1), INDEX(音調表!$D$3:$D$12, MATCH(TRUE, EXACT(MID($D20,F$3,1), 音調表!$B$3:$B$12),0)))} -> i | G20: {=IF(G$3<>$E20, MID($D20,G$3,1), INDEX(音調表!$D$3:$D$12, MATCH(TRUE, EXACT(MID($D20,G$3,1), 音調表!$B$3:$B$12),0)))} -> t | H20: {=IF(H$3<>$E20, MID($D20,H$3,1), INDEX(音調表!$D$3:$D$12, MATCH(TRUE, EXACT(MID($D20,H$3,1), 音調表!$B$3:$B$12),0)))} -> [ | I20: {=IF(I$3<>$E20, MID($D20,I$3,1), INDEX(音調表!$D$3:$D$12, MATCH(TRUE, EXACT(MID($D20,I$3,1), 音調表!$B$3:$B$12),0)))} | J20: {=IF(J$3<>$E20, MID($D20,J$3,1), INDEX(音調表!$D$3:$D$12, MATCH(TRUE, EXACT(MID($D20,J$3,1), 音調表!$B$3:$B$12),0)))} | K20: {=IF(K$3<>$E20, MID($D20,K$3,1), INDEX(音調表!$D$3:$D$12, MATCH(TRUE, EXACT(MID($D20,K$3,1), 音調表!$B$3:$B$12),0)))} | L20: {=IF(L$3<>$E20, MID($D20,L$3,1), INDEX(音調表!$D$3:$D$12, MATCH(TRUE, EXACT(MID($D20,L$3,1), 音調表!$B$3:$B$12),0)))} | M20: {=IF(M$3<>$E20, MID($D20,M$3,1), INDEX(音調表!$D$3:$D$12, MATCH(TRUE, EXACT(MID($D20,M$3,1), 音調表!$B$3:$B$12),0)))} | N20: {=IF(N$3<>$E20, MID($D20,N$3,1), INDEX(音調表!$D$3:$D$12, MATCH(TRUE, EXACT(MID($D20,N$3,1), 音調表!$B$3:$B$12),0)))}
B21: 片 | C21: 堅三頗 | D21: phian3 | E21: =IF( LEN(D21)>0, LEN(D21), "") -> 6 | F21: {=IF(F$3<>$E21, MID($D21,F$3,1), INDEX(音調表!$D$3:$D$12, MATCH(TRUE, EXACT(MID($D21,F$3,1), 音調表!$B$3:$B$12),0)))} -> p | G21: {=IF(G$3<>$E21, MID($D21,G$3,1), INDEX(音調表!$D$3:$D$12, MATCH(TRUE, EXACT(MID($D21,G$3,1), 音調表!$B$3:$B$12),0)))} -> h | H21: {=IF(H$3<>$E21, MID($D21,H$3,1), INDEX(音調表!$D$3:$D$12, MATCH(TRUE, EXACT(MID($D21,H$3,1), 音調表!$B$3:$B$12),0)))} -> i | I21: {=IF(I$3<>$E21, MID($D21,I$3,1), INDEX(音調表!$D$3:$D$12, MATCH(TRUE, EXACT(MID($D21,I$3,1), 音調表!$B$3:$B$12),0)))} -> a | J21: {=IF(J$3<>$E21, MID($D21,J$3,1), INDEX(音調表!$D$3:$D$12, MATCH(TRUE, EXACT(MID($D21,J$3,1), 音調表!$B$3:$B$12),0)))} -> n | K21: {=IF(K$3<>$E21, MID($D21,K$3,1), INDEX(音調表!$D$3:$D$12, MATCH(TRUE, EXACT(MID($D21,K$3,1), 音調表!$B$3:$B$12),0)))} -> _ | L21: {=IF(L$3<>$E21, MID($D21,L$3,1), INDEX(音調表!$D$3:$D$12, MATCH(TRUE, EXACT(MID($D21,L$3,1), 音調表!$B$3:$B$12),0)))} | M21: {=IF(M$3<>$E21, MID($D21,M$3,1), INDEX(音調表!$D$3:$D$12, MATCH(TRUE, EXACT(MID($D21,M$3,1), 音調表!$B$3:$B$12),0)))} | N21: {=IF(N$3<>$E21, MID($D21,N$3,1), INDEX(音調表!$D$3:$D$12, MATCH(TRUE, EXACT(MID($D21,N$3,1), 音調表!$B$3:$B$12),0)))}
B22: 孤 | C22: 沽一求 | D22: koo1 | E22: =IF( LEN(D22)>0, LEN(D22), "") -> 4 | F22: {=IF(F$3<>$E22, MID($D22,F$3,1), INDEX(音調表!$D$3:$D$12, MATCH(TRUE, EXACT(MID($D22,F$3,1), 音調表!$B$3:$B$12),0)))} -> k | G22: {=IF(G$3<>$E22, MID($D22,G$3,1), INDEX(音調表!$D$3:$D$12, MATCH(TRUE, EXACT(MID($D22,G$3,1), 音調表!$B$3:$B$12),0)))} -> o | H22: {=IF(H$3<>$E22, MID($D22,H$3,1), INDEX(音調表!$D$3:$D$12, MATCH(TRUE, EXACT(MID($D22,H$3,1), 音調表!$B$3:$B$12),0)))} -> o | I22: {=IF(I$3<>$E22, MID($D22,I$3,1), INDEX(音調表!$D$3:$D$12, MATCH(TRUE, EXACT(MID($D22,I$3,1), 音調表!$B$3:$B$12),0)))} -> ; | J22: {=IF(J$3<>$E22, MID($D22,J$3,1), INDEX(音調表!$D$3:$D$12, MATCH(TRUE, EXACT(MID($D22,J$3,1), 音調表!$B$3:$B$12),0)))} | K22: {=IF(K$3<>$E22, MID($D22,K$3,1), INDEX(音調表!$D$3:$D$12, MATCH(TRUE, EXACT(MID($D22,K$3,1), 音調表!$B$3:$B$12),0)))} | L22: {=IF(L$3<>$E22, MID($D22,L$3,1), INDEX(音調表!$D$3:$D$12, MATCH(TRUE, EXACT(MID($D22,L$3,1), 音調表!$B$3:$B$12),0)))} | M22: {=IF(M$3<>$E22, MID($D22,M$3,1), INDEX(音調表!$D$3:$D$12, MATCH(TRUE, EXACT(MID($D22,M$3,1), 音調表!$B$3:$B$12),0)))} | N22: {=IF(N$3<>$E22, MID($D22,N$3,1), INDEX(音調表!$D$3:$D$12, MATCH(TRUE, EXACT(MID($D22,N$3,1), 音調表!$B$3:$B$12),0)))}
B23: 城 | C23: 經五時 | D23: sing5 | E23: =IF( LEN(D23)>0, LEN(D23), "") -> 5 | F23: {=IF(F$3<>$E23, MID($D23,F$3,1), INDEX(音調表!$D$3:$D$12, MATCH(TRUE, EXACT(MID($D23,F$3,1), 音調表!$B$3:$B$12),0)))} -> s | G23: {=IF(G$3<>$E23, MID($D23,G$3,1), INDEX(音調表!$D$3:$D$12, MATCH(TRUE, EXACT(MID($D23,G$3,1), 音調表!$B$3:$B$12),0)))} -> i | H23: {=IF(H$3<>$E23, MID($D23,H$3,1), INDEX(音調表!$D$3:$D$12, MATCH(TRUE, EXACT(MID($D23,H$3,1), 音調表!$B$3:$B$12),0)))} -> n | I23: {=IF(I$3<>$E23, MID($D23,I$3,1), INDEX(音調表!$D$3:$D$12, MATCH(TRUE, EXACT(MID($D23,I$3,1), 音調表!$B$3:$B$12),0)))} -> g | J23: {=IF(J$3<>$E23, MID($D23,J$3,1), INDEX(音調表!$D$3:$D$12, MATCH(TRUE, EXACT(MID($D23,J$3,1), 音調表!$B$3:$B$12),0)))} -> / | K23: {=IF(K$3<>$E23, MID($D23,K$3,1), INDEX(音調表!$D$3:$D$12, MATCH(TRUE, EXACT(MID($D23,K$3,1), 音調表!$B$3:$B$12),0)))} | L23: {=IF(L$3<>$E23, MID($D23,L$3,1), INDEX(音調表!$D$3:$D$12, MATCH(TRUE, EXACT(MID($D23,L$3,1), 音調表!$B$3:$B$12),0)))} | M23: {=IF(M$3<>$E23, MID($D23,M$3,1), INDEX(音調表!$D$3:$D$12, MATCH(TRUE, EXACT(MID($D23,M$3,1), 音調表!$B$3:$B$12),0)))} | N23: {=IF(N$3<>$E23, MID($D23,N$3,1), INDEX(音調表!$D$3:$D$12, MATCH(TRUE, EXACT(MID($D23,N$3,1), 音調表!$B$3:$B$12),0)))}
B24: 萬 | C24: 干七門 | D24: ban7 | E24: =IF( LEN(D24)>0, LEN(D24), "") -> 4 | F24: {=IF(F$3<>$E24, MID($D24,F$3,1), INDEX(音調表!$D$3:$D$12, MATCH(TRUE, EXACT(MID($D24,F$3,1), 音調表!$B$3:$B$12),0)))} -> b | G24: {=IF(G$3<>$E24, MID($D24,G$3,1), INDEX(音調表!$D$3:$D$12, MATCH(TRUE, EXACT(MID($D24,G$3,1), 音調表!$B$3:$B$12),0)))} -> a | H24: {=IF(H$3<>$E24, MID($D24,H$3,1), INDEX(音調表!$D$3:$D$12, MATCH(TRUE, EXACT(MID($D24,H$3,1), 音調表!$B$3:$B$12),0)))} -> n | I24: {=IF(I$3<>$E24, MID($D24,I$3,1), INDEX(音調表!$D$3:$D$12, MATCH(TRUE, EXACT(MID($D24,I$3,1), 音調表!$B$3:$B$12),0)))} -> - | J24: {=IF(J$3<>$E24, MID($D24,J$3,1), INDEX(音調表!$D$3:$D$12, MATCH(TRUE, EXACT(MID($D24,J$3,1), 音調表!$B$3:$B$12),0)))} | K24: {=IF(K$3<>$E24, MID($D24,K$3,1), INDEX(音調表!$D$3:$D$12, MATCH(TRUE, EXACT(MID($D24,K$3,1), 音調表!$B$3:$B$12),0)))} | L24: {=IF(L$3<>$E24, MID($D24,L$3,1), INDEX(音調表!$D$3:$D$12, MATCH(TRUE, EXACT(MID($D24,L$3,1), 音調表!$B$3:$B$12),0)))} | M24: {=IF(M$3<>$E24, MID($D24,M$3,1), INDEX(音調表!$D$3:$D$12, MATCH(TRUE, EXACT(MID($D24,M$3,1), 音調表!$B$3:$B$12),0)))} | N24: {=IF(N$3<>$E24, MID($D24,N$3,1), INDEX(音調表!$D$3:$D$12, MATCH(TRUE, EXACT(MID($D24,N$3,1), 音調表!$B$3:$B$12),0)))}
B25: 仞 | C25: 金七入 | D25: jin7 | E25: =IF( LEN(D25)>0, LEN(D25), "") -> 4 | F25: {=IF(F$3<>$E25, MID($D25,F$3,1), INDEX(音調表!$D$3:$D$12, MATCH(TRUE, EXACT(MID($D25,F$3,1), 音調表!$B$3:$B$12),0)))} -> j | G25: {=IF(G$3<>$E25, MID($D25,G$3,1), INDEX(音調表!$D$3:$D$12, MATCH(TRUE, EXACT(MID($D25,G$3,1), 音調表!$B$3:$B$12),0)))} -> i | H25: {=IF(H$3<>$E25, MID($D25,H$3,1), INDEX(音調表!$D$3:$D$12, MATCH(TRUE, EXACT(MID($D25,H$3,1), 音調表!$B$3:$B$12),0)))} -> n | I25: {=IF(I$3<>$E25, MID($D25,I$3,1), INDEX(音調表!$D$3:$D$12, MATCH(TRUE, EXACT(MID($D25,I$3,1), 音調表!$B$3:$B$12),0)))} -> - | J25: {=IF(J$3<>$E25, MID($D25,J$3,1), INDEX(音調表!$D$3:$D$12, MATCH(TRUE, EXACT(MID($D25,J$3,1), 音調表!$B$3:$B$12),0)))} | K25: {=IF(K$3<>$E25, MID($D25,K$3,1), INDEX(音調表!$D$3:$D$12, MATCH(TRUE, EXACT(MID($D25,K$3,1), 音調表!$B$3:$B$12),0)))} | L25: {=IF(L$3<>$E25, MID($D25,L$3,1), INDEX(音調表!$D$3:$D$12, MATCH(TRUE, EXACT(MID($D25,L$3,1), 音調表!$B$3:$B$12),0)))} | M25: {=IF(M$3<>$E25, MID($D25,M$3,1), INDEX(音調表!$D$3:$D$12, MATCH(TRUE, EXACT(MID($D25,M$3,1), 音調表!$B$3:$B$12),0)))} | N25: {=IF(N$3<>$E25, MID($D25,N$3,1), INDEX(音調表!$D$3:$D$12, MATCH(TRUE, EXACT(MID($D25,N$3,1), 音調表!$B$3:$B$12),0)))}
B26: 山 | C26: 干一時 | D26: san1 | E26: =IF( LEN(D26)>0, LEN(D26), "") -> 4 | F26: {=IF(F$3<>$E26, MID($D26,F$3,1), INDEX(音調表!$D$3:$D$12, MATCH(TRUE, EXACT(MID($D26,F$3,1), 音調表!$B$3:$B$12),0)))} -> s | G26: {=IF(G$3<>$E26, MID($D26,G$3,1), INDEX(音調表!$D$3:$D$12, MATCH(TRUE, EXACT(MID($D26,G$3,1), 音調表!$B$3:$B$12),0)))} -> a | H26: {=IF(H$3<>$E26, MID($D26,H$3,1), INDEX(音調表!$D$3:$D$12, MATCH(TRUE, EXACT(MID($D26,H$3,1), 音調表!$B$3:$B$12),0)))} -> n | I26: {=IF(I$3<>$E26, MID($D26,I$3,1), INDEX(音調表!$D$3:$D$12, MATCH(TRUE, EXACT(MID($D26,I$3,1), 音調表!$B$3:$B$12),0)))} -> ; | J26: {=IF(J$3<>$E26, MID($D26,J$3,1), INDEX(音調表!$D$3:$D$12, MATCH(TRUE, EXACT(MID($D26,J$3,1), 音調表!$B$3:$B$12),0)))} | K26: {=IF(K$3<>$E26, MID($D26,K$3,1), INDEX(音調表!$D$3:$D$12, MATCH(TRUE, EXACT(MID($D26,K$3,1), 音調表!$B$3:$B$12),0)))} | L26: {=IF(L$3<>$E26, MID($D26,L$3,1), INDEX(音調表!$D$3:$D$12, MATCH(TRUE, EXACT(MID($D26,L$3,1), 音調表!$B$3:$B$12),0)))} | M26: {=IF(M$3<>$E26, MID($D26,M$3,1), INDEX(音調表!$D$3:$D$12, MATCH(TRUE, EXACT(MID($D26,M$3,1), 音調表!$B$3:$B$12),0)))} | N26: {=IF(N$3<>$E26, MID($D26,N$3,1), INDEX(音調表!$D$3:$D$12, MATCH(TRUE, EXACT(MID($D26,N$3,1), 音調表!$B$3:$B$12),0)))}
B27: 。 | E27: =IF( LEN(D27)>0, LEN(D27), "") | F27: ` | G27: . | H27: {=IF(H$3<>$E27, MID($D27,H$3,1), INDEX(音調表!$D$3:$D$12, MATCH(TRUE, EXACT(MID($D27,H$3,1), 音調表!$B$3:$B$12),0)))} | I27: {=IF(I$3<>$E27, MID($D27,I$3,1), INDEX(音調表!$D$3:$D$12, MATCH(TRUE, EXACT(MID($D27,I$3,1), 音調表!$B$3:$B$12),0)))} | J27: {=IF(J$3<>$E27, MID($D27,J$3,1), INDEX(音調表!$D$3:$D$12, MATCH(TRUE, EXACT(MID($D27,J$3,1), 音調表!$B$3:$B$12),0)))} | K27: {=IF(K$3<>$E27, MID($D27,K$3,1), INDEX(音調表!$D$3:$D$12, MATCH(TRUE, EXACT(MID($D27,K$3,1), 音調表!$B$3:$B$12),0)))} | L27: {=IF(L$3<>$E27, MID($D27,L$3,1), INDEX(音調表!$D$3:$D$12, MATCH(TRUE, EXACT(MID($D27,L$3,1), 音調表!$B$3:$B$12),0)))} | M27: {=IF(M$3<>$E27, MID($D27,M$3,1), INDEX(音調表!$D$3:$D$12, MATCH(TRUE, EXACT(MID($D27,M$3,1), 音調表!$B$3:$B$12),0)))} | N27: {=IF(N$3<>$E27, MID($D27,N$3,1), INDEX(音調表!$D$3:$D$12, MATCH(TRUE, EXACT(MID($D27,N$3,1), 音調表!$B$3:$B$12),0)))}
E28: =IF( LEN(D28)>0, LEN(D28), "") | F28: {=IF(F$3<>$E28, MID($D28,F$3,1), INDEX(音調表!$D$3:$D$12, MATCH(TRUE, EXACT(MID($D28,F$3,1), 音調表!$B$3:$B$12),0)))} | G28: {=IF(G$3<>$E28, MID($D28,G$3,1), INDEX(音調表!$D$3:$D$12, MATCH(TRUE, EXACT(MID($D28,G$3,1), 音調表!$B$3:$B$12),0)))} | H28: {=IF(H$3<>$E28, MID($D28,H$3,1), INDEX(音調表!$D$3:$D$12, MATCH(TRUE, EXACT(MID($D28,H$3,1), 音調表!$B$3:$B$12),0)))} | I28: {=IF(I$3<>$E28, MID($D28,I$3,1), INDEX(音調表!$D$3:$D$12, MATCH(TRUE, EXACT(MID($D28,I$3,1), 音調表!$B$3:$B$12),0)))} | J28: {=IF(J$3<>$E28, MID($D28,J$3,1), INDEX(音調表!$D$3:$D$12, MATCH(TRUE, EXACT(MID($D28,J$3,1), 音調表!$B$3:$B$12),0)))} | K28: {=IF(K$3<>$E28, MID($D28,K$3,1), INDEX(音調表!$D$3:$D$12, MATCH(TRUE, EXACT(MID($D28,K$3,1), 音調表!$B$3:$B$12),0)))} | L28: {=IF(L$3<>$E28, MID($D28,L$3,1), INDEX(音調表!$D$3:$D$12, MATCH(TRUE, EXACT(MID($D28,L$3,1), 音調表!$B$3:$B$12),0)))} | M28: {=IF(M$3<>$E28, MID($D28,M$3,1), INDEX(音調表!$D$3:$D$12, MATCH(TRUE, EXACT(MID($D28,M$3,1), 音調表!$B$3:$B$12),0)))} | N28: {=IF(N$3<>$E28, MID($D28,N$3,1), INDEX(音調表!$D$3:$D$12, MATCH(TRUE, EXACT(MID($D28,N$3,1), 音調表!$B$3:$B$12),0)))}
B29: 羌 | C29: 姜一去 | D29: khiang1 | E29: =IF( LEN(D29)>0, LEN(D29), "") -> 7 | F29: {=IF(F$3<>$E29, MID($D29,F$3,1), INDEX(音調表!$D$3:$D$12, MATCH(TRUE, EXACT(MID($D29,F$3,1), 音調表!$B$3:$B$12),0)))} -> k | G29: {=IF(G$3<>$E29, MID($D29,G$3,1), INDEX(音調表!$D$3:$D$12, MATCH(TRUE, EXACT(MID($D29,G$3,1), 音調表!$B$3:$B$12),0)))} -> h | H29: {=IF(H$3<>$E29, MID($D29,H$3,1), INDEX(音調表!$D$3:$D$12, MATCH(TRUE, EXACT(MID($D29,H$3,1), 音調表!$B$3:$B$12),0)))} -> i | I29: {=IF(I$3<>$E29, MID($D29,I$3,1), INDEX(音調表!$D$3:$D$12, MATCH(TRUE, EXACT(MID($D29,I$3,1), 音調表!$B$3:$B$12),0)))} -> a | J29: {=IF(J$3<>$E29, MID($D29,J$3,1), INDEX(音調表!$D$3:$D$12, MATCH(TRUE, EXACT(MID($D29,J$3,1), 音調表!$B$3:$B$12),0)))} -> n | K29: {=IF(K$3<>$E29, MID($D29,K$3,1), INDEX(音調表!$D$3:$D$12, MATCH(TRUE, EXACT(MID($D29,K$3,1), 音調表!$B$3:$B$12),0)))} -> g | L29: {=IF(L$3<>$E29, MID($D29,L$3,1), INDEX(音調表!$D$3:$D$12, MATCH(TRUE, EXACT(MID($D29,L$3,1), 音調表!$B$3:$B$12),0)))} -> ; | M29: {=IF(M$3<>$E29, MID($D29,M$3,1), INDEX(音調表!$D$3:$D$12, MATCH(TRUE, EXACT(MID($D29,M$3,1), 音調表!$B$3:$B$12),0)))} | N29: {=IF(N$3<>$E29, MID($D29,N$3,1), INDEX(音調表!$D$3:$D$12, MATCH(TRUE, EXACT(MID($D29,N$3,1), 音調表!$B$3:$B$12),0)))}
B30: 笛 | C30: 經八地 | D30: tik8 | E30: =IF( LEN(D30)>0, LEN(D30), "") -> 4 | F30: {=IF(F$3<>$E30, MID($D30,F$3,1), INDEX(音調表!$D$3:$D$12, MATCH(TRUE, EXACT(MID($D30,F$3,1), 音調表!$B$3:$B$12),0)))} -> t | G30: {=IF(G$3<>$E30, MID($D30,G$3,1), INDEX(音調表!$D$3:$D$12, MATCH(TRUE, EXACT(MID($D30,G$3,1), 音調表!$B$3:$B$12),0)))} -> i | H30: {=IF(H$3<>$E30, MID($D30,H$3,1), INDEX(音調表!$D$3:$D$12, MATCH(TRUE, EXACT(MID($D30,H$3,1), 音調表!$B$3:$B$12),0)))} -> k | I30: {=IF(I$3<>$E30, MID($D30,I$3,1), INDEX(音調表!$D$3:$D$12, MATCH(TRUE, EXACT(MID($D30,I$3,1), 音調表!$B$3:$B$12),0)))} -> ] | J30: {=IF(J$3<>$E30, MID($D30,J$3,1), INDEX(音調表!$D$3:$D$12, MATCH(TRUE, EXACT(MID($D30,J$3,1), 音調表!$B$3:$B$12),0)))} | K30: {=IF(K$3<>$E30, MID($D30,K$3,1), INDEX(音調表!$D$3:$D$12, MATCH(TRUE, EXACT(MID($D30,K$3,1), 音調表!$B$3:$B$12),0)))} | L30: {=IF(L$3<>$E30, MID($D30,L$3,1), INDEX(音調表!$D$3:$D$12, MATCH(TRUE, EXACT(MID($D30,L$3,1), 音調表!$B$3:$B$12),0)))} | M30: {=IF(M$3<>$E30, MID($D30,M$3,1), INDEX(音調表!$D$3:$D$12, MATCH(TRUE, EXACT(MID($D30,M$3,1), 音調表!$B$3:$B$12),0)))} | N30: {=IF(N$3<>$E30, MID($D30,N$3,1), INDEX(音調表!$D$3:$D$12, MATCH(TRUE, EXACT(MID($D30,N$3,1), 音調表!$B$3:$B$12),0)))}
B31: 何 | C31: 高五喜 | D31: ho5 | E31: =IF( LEN(D31)>0, LEN(D31), "") -> 3 | F31: {=IF(F$3<>$E31, MID($D31,F$3,1), INDEX(音調表!$D$3:$D$12, MATCH(TRUE, EXACT(MID($D31,F$3,1), 音調表!$B$3:$B$12),0)))} -> h | G31: {=IF(G$3<>$E31, MID($D31,G$3,1), INDEX(音調表!$D$3:$D$12, MATCH(TRUE, EXACT(MID($D31,G$3,1), 音調表!$B$3:$B$12),0)))} -> o | H31: {=IF(H$3<>$E31, MID($D31,H$3,1), INDEX(音調表!$D$3:$D$12, MATCH(TRUE, EXACT(MID($D31,H$3,1), 音調表!$B$3:$B$12),0)))} -> / | I31: {=IF(I$3<>$E31, MID($D31,I$3,1), INDEX(音調表!$D$3:$D$12, MATCH(TRUE, EXACT(MID($D31,I$3,1), 音調表!$B$3:$B$12),0)))} | J31: {=IF(J$3<>$E31, MID($D31,J$3,1), INDEX(音調表!$D$3:$D$12, MATCH(TRUE, EXACT(MID($D31,J$3,1), 音調表!$B$3:$B$12),0)))} | K31: {=IF(K$3<>$E31, MID($D31,K$3,1), INDEX(音調表!$D$3:$D$12, MATCH(TRUE, EXACT(MID($D31,K$3,1), 音調表!$B$3:$B$12),0)))} | L31: {=IF(L$3<>$E31, MID($D31,L$3,1), INDEX(音調表!$D$3:$D$12, MATCH(TRUE, EXACT(MID($D31,L$3,1), 音調表!$B$3:$B$12),0)))} | M31: {=IF(M$3<>$E31, MID($D31,M$3,1), INDEX(音調表!$D$3:$D$12, MATCH(TRUE, EXACT(MID($D31,M$3,1), 音調表!$B$3:$B$12),0)))} | N31: {=IF(N$3<>$E31, MID($D31,N$3,1), INDEX(音調表!$D$3:$D$12, MATCH(TRUE, EXACT(MID($D31,N$3,1), 音調表!$B$3:$B$12),0)))}
B32: 須 | C32: 艍一時 | D32: su1 | E32: =IF( LEN(D32)>0, LEN(D32), "") -> 3 | F32: {=IF(F$3<>$E32, MID($D32,F$3,1), INDEX(音調表!$D$3:$D$12, MATCH(TRUE, EXACT(MID($D32,F$3,1), 音調表!$B$3:$B$12),0)))} -> s | G32: {=IF(G$3<>$E32, MID($D32,G$3,1), INDEX(音調表!$D$3:$D$12, MATCH(TRUE, EXACT(MID($D32,G$3,1), 音調表!$B$3:$B$12),0)))} -> u | H32: {=IF(H$3<>$E32, MID($D32,H$3,1), INDEX(音調表!$D$3:$D$12, MATCH(TRUE, EXACT(MID($D32,H$3,1), 音調表!$B$3:$B$12),0)))} -> ; | I32: {=IF(I$3<>$E32, MID($D32,I$3,1), INDEX(音調表!$D$3:$D$12, MATCH(TRUE, EXACT(MID($D32,I$3,1), 音調表!$B$3:$B$12),0)))} | J32: {=IF(J$3<>$E32, MID($D32,J$3,1), INDEX(音調表!$D$3:$D$12, MATCH(TRUE, EXACT(MID($D32,J$3,1), 音調表!$B$3:$B$12),0)))} | K32: {=IF(K$3<>$E32, MID($D32,K$3,1), INDEX(音調表!$D$3:$D$12, MATCH(TRUE, EXACT(MID($D32,K$3,1), 音調表!$B$3:$B$12),0)))} | L32: {=IF(L$3<>$E32, MID($D32,L$3,1), INDEX(音調表!$D$3:$D$12, MATCH(TRUE, EXACT(MID($D32,L$3,1), 音調表!$B$3:$B$12),0)))} | M32: {=IF(M$3<>$E32, MID($D32,M$3,1), INDEX(音調表!$D$3:$D$12, MATCH(TRUE, EXACT(MID($D32,M$3,1), 音調表!$B$3:$B$12),0)))} | N32: {=IF(N$3<>$E32, MID($D32,N$3,1), INDEX(音調表!$D$3:$D$12, MATCH(TRUE, EXACT(MID($D32,N$3,1), 音調表!$B$3:$B$12),0)))}
B33: 怨 | C33: 觀三英 | D33: uan3 | E33: =IF( LEN(D33)>0, LEN(D33), "") -> 4 | F33: {=IF(F$3<>$E33, MID($D33,F$3,1), INDEX(音調表!$D$3:$D$12, MATCH(TRUE, EXACT(MID($D33,F$3,1), 音調表!$B$3:$B$12),0)))} -> u | G33: {=IF(G$3<>$E33, MID($D33,G$3,1), INDEX(音調表!$D$3:$D$12, MATCH(TRUE, EXACT(MID($D33,G$3,1), 音調表!$B$3:$B$12),0)))} -> a | H33: {=IF(H$3<>$E33, MID($D33,H$3,1), INDEX(音調表!$D$3:$D$12, MATCH(TRUE, EXACT(MID($D33,H$3,1), 音調表!$B$3:$B$12),0)))} -> n | I33: {=IF(I$3<>$E33, MID($D33,I$3,1), INDEX(音調表!$D$3:$D$12, MATCH(TRUE, EXACT(MID($D33,I$3,1), 音調表!$B$3:$B$12),0)))} -> _ | J33: {=IF(J$3<>$E33, MID($D33,J$3,1), INDEX(音調表!$D$3:$D$12, MATCH(TRUE, EXACT(MID($D33,J$3,1), 音調表!$B$3:$B$12),0)))} | K33: {=IF(K$3<>$E33, MID($D33,K$3,1), INDEX(音調表!$D$3:$D$12, MATCH(TRUE, EXACT(MID($D33,K$3,1), 音調表!$B$3:$B$12),0)))} | L33: {=IF(L$3<>$E33, MID($D33,L$3,1), INDEX(音調表!$D$3:$D$12, MATCH(TRUE, EXACT(MID($D33,L$3,1), 音調表!$B$3:$B$12),0)))} | M33: {=IF(M$3<>$E33, MID($D33,M$3,1), INDEX(音調表!$D$3:$D$12, MATCH(TRUE, EXACT(MID($D33,M$3,1), 音調表!$B$3:$B$12),0)))} | N33: {=IF(N$3<>$E33, MID($D33,N$3,1), INDEX(音調表!$D$3:$D$12, MATCH(TRUE, EXACT(MID($D33,N$3,1), 音調表!$B$3:$B$12),0)))}
B34: 楊 | C34: 恭五英 | D34: iong5 | E34: =IF( LEN(D34)>0, LEN(D34), "") -> 5 | F34: {=IF(F$3<>$E34, MID($D34,F$3,1), INDEX(音調表!$D$3:$D$12, MATCH(TRUE, EXACT(MID($D34,F$3,1), 音調表!$B$3:$B$12),0)))} -> i | G34: {=IF(G$3<>$E34, MID($D34,G$3,1), INDEX(音調表!$D$3:$D$12, MATCH(TRUE, EXACT(MID($D34,G$3,1), 音調表!$B$3:$B$12),0)))} -> o | H34: {=IF(H$3<>$E34, MID($D34,H$3,1), INDEX(音調表!$D$3:$D$12, MATCH(TRUE, EXACT(MID($D34,H$3,1), 音調表!$B$3:$B$12),0)))} -> n | I34: {=IF(I$3<>$E34, MID($D34,I$3,1), INDEX(音調表!$D$3:$D$12, MATCH(TRUE, EXACT(MID($D34,I$3,1), 音調表!$B$3:$B$12),0)))} -> g | J34: {=IF(J$3<>$E34, MID($D34,J$3,1), INDEX(音調表!$D$3:$D$12, MATCH(TRUE, EXACT(MID($D34,J$3,1), 音調表!$B$3:$B$12),0)))} -> / | K34: {=IF(K$3<>$E34, MID($D34,K$3,1), INDEX(音調表!$D$3:$D$12, MATCH(TRUE, EXACT(MID($D34,K$3,1), 音調表!$B$3:$B$12),0)))} | L34: {=IF(L$3<>$E34, MID($D34,L$3,1), INDEX(音調表!$D$3:$D$12, MATCH(TRUE, EXACT(MID($D34,L$3,1), 音調表!$B$3:$B$12),0)))} | M34: {=IF(M$3<>$E34, MID($D34,M$3,1), INDEX(音調表!$D$3:$D$12, MATCH(TRUE, EXACT(MID($D34,M$3,1), 音調表!$B$3:$B$12),0)))} | N34: {=IF(N$3<>$E34, MID($D34,N$3,1), INDEX(音調表!$D$3:$D$12, MATCH(TRUE, EXACT(MID($D34,N$3,1), 音調表!$B$3:$B$12),0)))}
B35: 柳 | C35: 丩二柳 | D35: liu2 | E35: =IF( LEN(D35)>0, LEN(D35), "") -> 4 | F35: {=IF(F$3<>$E35, MID($D35,F$3,1), INDEX(音調表!$D$3:$D$12, MATCH(TRUE, EXACT(MID($D35,F$3,1), 音調表!$B$3:$B$12),0)))} -> l | G35: {=IF(G$3<>$E35, MID($D35,G$3,1), INDEX(音調表!$D$3:$D$12, MATCH(TRUE, EXACT(MID($D35,G$3,1), 音調表!$B$3:$B$12),0)))} -> i | H35: {=IF(H$3<>$E35, MID($D35,H$3,1), INDEX(音調表!$D$3:$D$12, MATCH(TRUE, EXACT(MID($D35,H$3,1), 音調表!$B$3:$B$12),0)))} -> u | I35: {=IF(I$3<>$E35, MID($D35,I$3,1), INDEX(音調表!$D$3:$D$12, MATCH(TRUE, EXACT(MID($D35,I$3,1), 音調表!$B$3:$B$12),0)))} -> \ | J35: {=IF(J$3<>$E35, MID($D35,J$3,1), INDEX(音調表!$D$3:$D$12, MATCH(TRUE, EXACT(MID($D35,J$3,1), 音調表!$B$3:$B$12),0)))} | K35: {=IF(K$3<>$E35, MID($D35,K$3,1), INDEX(音調表!$D$3:$D$12, MATCH(TRUE, EXACT(MID($D35,K$3,1), 音調表!$B$3:$B$12),0)))} | L35: {=IF(L$3<>$E35, MID($D35,L$3,1), INDEX(音調表!$D$3:$D$12, MATCH(TRUE, EXACT(MID($D35,L$3,1), 音調表!$B$3:$B$12),0)))} | M35: {=IF(M$3<>$E35, MID($D35,M$3,1), INDEX(音調表!$D$3:$D$12, MATCH(TRUE, EXACT(MID($D35,M$3,1), 音調表!$B$3:$B$12),0)))} | N35: {=IF(N$3<>$E35, MID($D35,N$3,1), INDEX(音調表!$D$3:$D$12, MATCH(TRUE, EXACT(MID($D35,N$3,1), 音調表!$B$3:$B$12),0)))}
B36: ， | E36: =IF( LEN(D36)>0, LEN(D36), "") | F36: ` | G36: , | H36: {=IF(H$3<>$E36, MID($D36,H$3,1), INDEX(音調表!$D$3:$D$12, MATCH(TRUE, EXACT(MID($D36,H$3,1), 音調表!$B$3:$B$12),0)))} | I36: {=IF(I$3<>$E36, MID($D36,I$3,1), INDEX(音調表!$D$3:$D$12, MATCH(TRUE, EXACT(MID($D36,I$3,1), 音調表!$B$3:$B$12),0)))} | J36: {=IF(J$3<>$E36, MID($D36,J$3,1), INDEX(音調表!$D$3:$D$12, MATCH(TRUE, EXACT(MID($D36,J$3,1), 音調表!$B$3:$B$12),0)))} | K36: {=IF(K$3<>$E36, MID($D36,K$3,1), INDEX(音調表!$D$3:$D$12, MATCH(TRUE, EXACT(MID($D36,K$3,1), 音調表!$B$3:$B$12),0)))} | L36: {=IF(L$3<>$E36, MID($D36,L$3,1), INDEX(音調表!$D$3:$D$12, MATCH(TRUE, EXACT(MID($D36,L$3,1), 音調表!$B$3:$B$12),0)))} | M36: {=IF(M$3<>$E36, MID($D36,M$3,1), INDEX(音調表!$D$3:$D$12, MATCH(TRUE, EXACT(MID($D36,M$3,1), 音調表!$B$3:$B$12),0)))} | N36: {=IF(N$3<>$E36, MID($D36,N$3,1), INDEX(音調表!$D$3:$D$12, MATCH(TRUE, EXACT(MID($D36,N$3,1), 音調表!$B$3:$B$12),0)))}
B37: 春 | C37: 君一出 | D37: cun1 | E37: =IF( LEN(D37)>0, LEN(D37), "") -> 4 | F37: {=IF(F$3<>$E37, MID($D37,F$3,1), INDEX(音調表!$D$3:$D$12, MATCH(TRUE, EXACT(MID($D37,F$3,1), 音調表!$B$3:$B$12),0)))} -> c | G37: {=IF(G$3<>$E37, MID($D37,G$3,1), INDEX(音調表!$D$3:$D$12, MATCH(TRUE, EXACT(MID($D37,G$3,1), 音調表!$B$3:$B$12),0)))} -> u | H37: {=IF(H$3<>$E37, MID($D37,H$3,1), INDEX(音調表!$D$3:$D$12, MATCH(TRUE, EXACT(MID($D37,H$3,1), 音調表!$B$3:$B$12),0)))} -> n | I37: {=IF(I$3<>$E37, MID($D37,I$3,1), INDEX(音調表!$D$3:$D$12, MATCH(TRUE, EXACT(MID($D37,I$3,1), 音調表!$B$3:$B$12),0)))} -> ; | J37: {=IF(J$3<>$E37, MID($D37,J$3,1), INDEX(音調表!$D$3:$D$12, MATCH(TRUE, EXACT(MID($D37,J$3,1), 音調表!$B$3:$B$12),0)))} | K37: {=IF(K$3<>$E37, MID($D37,K$3,1), INDEX(音調表!$D$3:$D$12, MATCH(TRUE, EXACT(MID($D37,K$3,1), 音調表!$B$3:$B$12),0)))} | L37: {=IF(L$3<>$E37, MID($D37,L$3,1), INDEX(音調表!$D$3:$D$12, MATCH(TRUE, EXACT(MID($D37,L$3,1), 音調表!$B$3:$B$12),0)))} | M37: {=IF(M$3<>$E37, MID($D37,M$3,1), INDEX(音調表!$D$3:$D$12, MATCH(TRUE, EXACT(MID($D37,M$3,1), 音調表!$B$3:$B$12),0)))} | N37: {=IF(N$3<>$E37, MID($D37,N$3,1), INDEX(音調表!$D$3:$D$12, MATCH(TRUE, EXACT(MID($D37,N$3,1), 音調表!$B$3:$B$12),0)))}
B38: 風 | C38: 公一喜 | D38: hong1 | E38: =IF( LEN(D38)>0, LEN(D38), "") -> 5 | F38: {=IF(F$3<>$E38, MID($D38,F$3,1), INDEX(音調表!$D$3:$D$12, MATCH(TRUE, EXACT(MID($D38,F$3,1), 音調表!$B$3:$B$12),0)))} -> h | G38: {=IF(G$3<>$E38, MID($D38,G$3,1), INDEX(音調表!$D$3:$D$12, MATCH(TRUE, EXACT(MID($D38,G$3,1), 音調表!$B$3:$B$12),0)))} -> o | H38: {=IF(H$3<>$E38, MID($D38,H$3,1), INDEX(音調表!$D$3:$D$12, MATCH(TRUE, EXACT(MID($D38,H$3,1), 音調表!$B$3:$B$12),0)))} -> n | I38: {=IF(I$3<>$E38, MID($D38,I$3,1), INDEX(音調表!$D$3:$D$12, MATCH(TRUE, EXACT(MID($D38,I$3,1), 音調表!$B$3:$B$12),0)))} -> g | J38: {=IF(J$3<>$E38, MID($D38,J$3,1), INDEX(音調表!$D$3:$D$12, MATCH(TRUE, EXACT(MID($D38,J$3,1), 音調表!$B$3:$B$12),0)))} -> ; | K38: {=IF(K$3<>$E38, MID($D38,K$3,1), INDEX(音調表!$D$3:$D$12, MATCH(TRUE, EXACT(MID($D38,K$3,1), 音調表!$B$3:$B$12),0)))} | L38: {=IF(L$3<>$E38, MID($D38,L$3,1), INDEX(音調表!$D$3:$D$12, MATCH(TRUE, EXACT(MID($D38,L$3,1), 音調表!$B$3:$B$12),0)))} | M38: {=IF(M$3<>$E38, MID($D38,M$3,1), INDEX(音調表!$D$3:$D$12, MATCH(TRUE, EXACT(MID($D38,M$3,1), 音調表!$B$3:$B$12),0)))} | N38: {=IF(N$3<>$E38, MID($D38,N$3,1), INDEX(音調表!$D$3:$D$12, MATCH(TRUE, EXACT(MID($D38,N$3,1), 音調表!$B$3:$B$12),0)))}
B39: 不 | C39: 君四邊 | D39: put4 | E39: =IF( LEN(D39)>0, LEN(D39), "") -> 4 | F39: {=IF(F$3<>$E39, MID($D39,F$3,1), INDEX(音調表!$D$3:$D$12, MATCH(TRUE, EXACT(MID($D39,F$3,1), 音調表!$B$3:$B$12),0)))} -> p | G39: {=IF(G$3<>$E39, MID($D39,G$3,1), INDEX(音調表!$D$3:$D$12, MATCH(TRUE, EXACT(MID($D39,G$3,1), 音調表!$B$3:$B$12),0)))} -> u | H39: {=IF(H$3<>$E39, MID($D39,H$3,1), INDEX(音調表!$D$3:$D$12, MATCH(TRUE, EXACT(MID($D39,H$3,1), 音調表!$B$3:$B$12),0)))} -> t | I39: {=IF(I$3<>$E39, MID($D39,I$3,1), INDEX(音調表!$D$3:$D$12, MATCH(TRUE, EXACT(MID($D39,I$3,1), 音調表!$B$3:$B$12),0)))} -> [ | J39: {=IF(J$3<>$E39, MID($D39,J$3,1), INDEX(音調表!$D$3:$D$12, MATCH(TRUE, EXACT(MID($D39,J$3,1), 音調表!$B$3:$B$12),0)))} | K39: {=IF(K$3<>$E39, MID($D39,K$3,1), INDEX(音調表!$D$3:$D$12, MATCH(TRUE, EXACT(MID($D39,K$3,1), 音調表!$B$3:$B$12),0)))} | L39: {=IF(L$3<>$E39, MID($D39,L$3,1), INDEX(音調表!$D$3:$D$12, MATCH(TRUE, EXACT(MID($D39,L$3,1), 音調表!$B$3:$B$12),0)))} | M39: {=IF(M$3<>$E39, MID($D39,M$3,1), INDEX(音調表!$D$3:$D$12, MATCH(TRUE, EXACT(MID($D39,M$3,1), 音調表!$B$3:$B$12),0)))} | N39: {=IF(N$3<>$E39, MID($D39,N$3,1), INDEX(音調表!$D$3:$D$12, MATCH(TRUE, EXACT(MID($D39,N$3,1), 音調表!$B$3:$B$12),0)))}
B40: 度 | C40: 沽七地 | D40: too7 | E40: =IF( LEN(D40)>0, LEN(D40), "") -> 4 | F40: {=IF(F$3<>$E40, MID($D40,F$3,1), INDEX(音調表!$D$3:$D$12, MATCH(TRUE, EXACT(MID($D40,F$3,1), 音調表!$B$3:$B$12),0)))} -> t | G40: {=IF(G$3<>$E40, MID($D40,G$3,1), INDEX(音調表!$D$3:$D$12, MATCH(TRUE, EXACT(MID($D40,G$3,1), 音調表!$B$3:$B$12),0)))} -> o | H40: {=IF(H$3<>$E40, MID($D40,H$3,1), INDEX(音調表!$D$3:$D$12, MATCH(TRUE, EXACT(MID($D40,H$3,1), 音調表!$B$3:$B$12),0)))} -> o | I40: {=IF(I$3<>$E40, MID($D40,I$3,1), INDEX(音調表!$D$3:$D$12, MATCH(TRUE, EXACT(MID($D40,I$3,1), 音調表!$B$3:$B$12),0)))} -> - | J40: {=IF(J$3<>$E40, MID($D40,J$3,1), INDEX(音調表!$D$3:$D$12, MATCH(TRUE, EXACT(MID($D40,J$3,1), 音調表!$B$3:$B$12),0)))} | K40: {=IF(K$3<>$E40, MID($D40,K$3,1), INDEX(音調表!$D$3:$D$12, MATCH(TRUE, EXACT(MID($D40,K$3,1), 音調表!$B$3:$B$12),0)))} | L40: {=IF(L$3<>$E40, MID($D40,L$3,1), INDEX(音調表!$D$3:$D$12, MATCH(TRUE, EXACT(MID($D40,L$3,1), 音調表!$B$3:$B$12),0)))} | M40: {=IF(M$3<>$E40, MID($D40,M$3,1), INDEX(音調表!$D$3:$D$12, MATCH(TRUE, EXACT(MID($D40,M$3,1), 音調表!$B$3:$B$12),0)))} | N40: {=IF(N$3<>$E40, MID($D40,N$3,1), INDEX(音調表!$D$3:$D$12, MATCH(TRUE, EXACT(MID($D40,N$3,1), 音調表!$B$3:$B$12),0)))}
B41: 玉 | C41: 恭八語 | D41: giok8 | E41: =IF( LEN(D41)>0, LEN(D41), "") -> 5 | F41: {=IF(F$3<>$E41, MID($D41,F$3,1), INDEX(音調表!$D$3:$D$12, MATCH(TRUE, EXACT(MID($D41,F$3,1), 音調表!$B$3:$B$12),0)))} -> g | G41: {=IF(G$3<>$E41, MID($D41,G$3,1), INDEX(音調表!$D$3:$D$12, MATCH(TRUE, EXACT(MID($D41,G$3,1), 音調表!$B$3:$B$12),0)))} -> i | H41: {=IF(H$3<>$E41, MID($D41,H$3,1), INDEX(音調表!$D$3:$D$12, MATCH(TRUE, EXACT(MID($D41,H$3,1), 音調表!$B$3:$B$12),0)))} -> o | I41: {=IF(I$3<>$E41, MID($D41,I$3,1), INDEX(音調表!$D$3:$D$12, MATCH(TRUE, EXACT(MID($D41,I$3,1), 音調表!$B$3:$B$12),0)))} -> k | J41: {=IF(J$3<>$E41, MID($D41,J$3,1), INDEX(音調表!$D$3:$D$12, MATCH(TRUE, EXACT(MID($D41,J$3,1), 音調表!$B$3:$B$12),0)))} -> ] | K41: {=IF(K$3<>$E41, MID($D41,K$3,1), INDEX(音調表!$D$3:$D$12, MATCH(TRUE, EXACT(MID($D41,K$3,1), 音調表!$B$3:$B$12),0)))} | L41: {=IF(L$3<>$E41, MID($D41,L$3,1), INDEX(音調表!$D$3:$D$12, MATCH(TRUE, EXACT(MID($D41,L$3,1), 音調表!$B$3:$B$12),0)))} | M41: {=IF(M$3<>$E41, MID($D41,M$3,1), INDEX(音調表!$D$3:$D$12, MATCH(TRUE, EXACT(MID($D41,M$3,1), 音調表!$B$3:$B$12),0)))} | N41: {=IF(N$3<>$E41, MID($D41,N$3,1), INDEX(音調表!$D$3:$D$12, MATCH(TRUE, EXACT(MID($D41,N$3,1), 音調表!$B$3:$B$12),0)))}
B42: 門 | C42: 君五門 | D42: bun5 | E42: =IF( LEN(D42)>0, LEN(D42), "") -> 4 | F42: {=IF(F$3<>$E42, MID($D42,F$3,1), INDEX(音調表!$D$3:$D$12, MATCH(TRUE, EXACT(MID($D42,F$3,1), 音調表!$B$3:$B$12),0)))} -> b | G42: {=IF(G$3<>$E42, MID($D42,G$3,1), INDEX(音調表!$D$3:$D$12, MATCH(TRUE, EXACT(MID($D42,G$3,1), 音調表!$B$3:$B$12),0)))} -> u | H42: {=IF(H$3<>$E42, MID($D42,H$3,1), INDEX(音調表!$D$3:$D$12, MATCH(TRUE, EXACT(MID($D42,H$3,1), 音調表!$B$3:$B$12),0)))} -> n | I42: {=IF(I$3<>$E42, MID($D42,I$3,1), INDEX(音調表!$D$3:$D$12, MATCH(TRUE, EXACT(MID($D42,I$3,1), 音調表!$B$3:$B$12),0)))} -> / | J42: {=IF(J$3<>$E42, MID($D42,J$3,1), INDEX(音調表!$D$3:$D$12, MATCH(TRUE, EXACT(MID($D42,J$3,1), 音調表!$B$3:$B$12),0)))} | K42: {=IF(K$3<>$E42, MID($D42,K$3,1), INDEX(音調表!$D$3:$D$12, MATCH(TRUE, EXACT(MID($D42,K$3,1), 音調表!$B$3:$B$12),0)))} | L42: {=IF(L$3<>$E42, MID($D42,L$3,1), INDEX(音調表!$D$3:$D$12, MATCH(TRUE, EXACT(MID($D42,L$3,1), 音調表!$B$3:$B$12),0)))} | M42: {=IF(M$3<>$E42, MID($D42,M$3,1), INDEX(音調表!$D$3:$D$12, MATCH(TRUE, EXACT(MID($D42,M$3,1), 音調表!$B$3:$B$12),0)))} | N42: {=IF(N$3<>$E42, MID($D42,N$3,1), INDEX(音調表!$D$3:$D$12, MATCH(TRUE, EXACT(MID($D42,N$3,1), 音調表!$B$3:$B$12),0)))}
B43: 關 | C43: 觀一求 | D43: kuan1 | E43: =IF( LEN(D43)>0, LEN(D43), "") -> 5 | F43: {=IF(F$3<>$E43, MID($D43,F$3,1), INDEX(音調表!$D$3:$D$12, MATCH(TRUE, EXACT(MID($D43,F$3,1), 音調表!$B$3:$B$12),0)))} -> k | G43: {=IF(G$3<>$E43, MID($D43,G$3,1), INDEX(音調表!$D$3:$D$12, MATCH(TRUE, EXACT(MID($D43,G$3,1), 音調表!$B$3:$B$12),0)))} -> u | H43: {=IF(H$3<>$E43, MID($D43,H$3,1), INDEX(音調表!$D$3:$D$12, MATCH(TRUE, EXACT(MID($D43,H$3,1), 音調表!$B$3:$B$12),0)))} -> a | I43: {=IF(I$3<>$E43, MID($D43,I$3,1), INDEX(音調表!$D$3:$D$12, MATCH(TRUE, EXACT(MID($D43,I$3,1), 音調表!$B$3:$B$12),0)))} -> n | J43: {=IF(J$3<>$E43, MID($D43,J$3,1), INDEX(音調表!$D$3:$D$12, MATCH(TRUE, EXACT(MID($D43,J$3,1), 音調表!$B$3:$B$12),0)))} -> ; | K43: {=IF(K$3<>$E43, MID($D43,K$3,1), INDEX(音調表!$D$3:$D$12, MATCH(TRUE, EXACT(MID($D43,K$3,1), 音調表!$B$3:$B$12),0)))} | L43: {=IF(L$3<>$E43, MID($D43,L$3,1), INDEX(音調表!$D$3:$D$12, MATCH(TRUE, EXACT(MID($D43,L$3,1), 音調表!$B$3:$B$12),0)))} | M43: {=IF(M$3<>$E43, MID($D43,M$3,1), INDEX(音調表!$D$3:$D$12, MATCH(TRUE, EXACT(MID($D43,M$3,1), 音調表!$B$3:$B$12),0)))} | N43: {=IF(N$3<>$E43, MID($D43,N$3,1), INDEX(音調表!$D$3:$D$12, MATCH(TRUE, EXACT(MID($D43,N$3,1), 音調表!$B$3:$B$12),0)))}
B44: 。 | E44: =IF( LEN(D44)>0, LEN(D44), "") | F44: ` | G44: . | H44: {=IF(H$3<>$E44, MID($D44,H$3,1), INDEX(音調表!$D$3:$D$12, MATCH(TRUE, EXACT(MID($D44,H$3,1), 音調表!$B$3:$B$12),0)))} | I44: {=IF(I$3<>$E44, MID($D44,I$3,1), INDEX(音調表!$D$3:$D$12, MATCH(TRUE, EXACT(MID($D44,I$3,1), 音調表!$B$3:$B$12),0)))} | J44: {=IF(J$3<>$E44, MID($D44,J$3,1), INDEX(音調表!$D$3:$D$12, MATCH(TRUE, EXACT(MID($D44,J$3,1), 音調表!$B$3:$B$12),0)))} | K44: {=IF(K$3<>$E44, MID($D44,K$3,1), INDEX(音調表!$D$3:$D$12, MATCH(TRUE, EXACT(MID($D44,K$3,1), 音調表!$B$3:$B$12),0)))} | L44: {=IF(L$3<>$E44, MID($D44,L$3,1), INDEX(音調表!$D$3:$D$12, MATCH(TRUE, EXACT(MID($D44,L$3,1), 音調表!$B$3:$B$12),0)))} | M44: {=IF(M$3<>$E44, MID($D44,M$3,1), INDEX(音調表!$D$3:$D$12, MATCH(TRUE, EXACT(MID($D44,M$3,1), 音調表!$B$3:$B$12),0)))} | N44: {=IF(N$3<>$E44, MID($D44,N$3,1), INDEX(音調表!$D$3:$D$12, MATCH(TRUE, EXACT(MID($D44,N$3,1), 音調表!$B$3:$B$12),0)))}

Sheet 打字練習表 (按鍵)
B1: URL: | D1: https://alanjui.github.io/Blogger/assets/images/keys/key_
B3: 漢字 | C3: 十五音 | D3: 注音/拼音 | E3: 字母 | F3: 鍵盤按鍵 | P3: 鍵盤按鍵
F4: 1 | G4: 2 | H4: 3 | I4: 4 | J4: 5 | K4: 6 | L4: 7 | M4: 8 | N4: 9 | P4: 1 | Q4: 2 | R4: 3 | S4: 4 | T4: 5 | U4: 6 | V4: 7 | W4: 8 | X4: 9
B5: 涼 | C5: 姜五柳 | D5: liang5 | E5: =IF( LEN(D5)>0, LEN(D5), "") -> 6 | F5: {=IF(F$4<>$E5, MID($D5,F$4,1), INDEX(音調表[Key], MATCH(TRUE, EXACT(MID($D5,F$4,1), 音調表!$B$3:$B$12),0)))} -> l | G5: {=IF(G$4<>$E5, MID($D5,G$4,1), INDEX(音調表[Key], MATCH(TRUE, EXACT(MID($D5,G$4,1), 音調表!$B$3:$B$12),0)))} -> i | H5: {=IF(H$4<>$E5, MID($D5,H$4,1), INDEX(音調表[Key], MATCH(TRUE, EXACT(MID($D5,H$4,1), 音調表!$B$3:$B$12),0)))} -> a | I5: {=IF(I$4<>$E5, MID($D5,I$4,1), INDEX(音調表[Key], MATCH(TRUE, EXACT(MID($D5,I$4,1), 音調表!$B$3:$B$12),0)))} -> n | J5: {=IF(J$4<>$E5, MID($D5,J$4,1), INDEX(音調表[Key], MATCH(TRUE, EXACT(MID($D5,J$4,1), 音調表!$B$3:$B$12),0)))} -> g | K5: {=IF(K$4<>$E5, MID($D5,K$4,1), INDEX(音調表[Key], MATCH(TRUE, EXACT(MID($D5,K$4,1), 音調表!$B$3:$B$12),0)))} -> slash | L5: {=IF(L$4<>$E5, MID($D5,L$4,1), INDEX(音調表[Key], MATCH(TRUE, EXACT(MID($D5,L$4,1), 音調表!$B$3:$B$12),0)))} | M5: {=IF(M$4<>$E5, MID($D5,M$4,1), INDEX(音調表[Key], MATCH(TRUE, EXACT(MID($D5,M$4,1), 音調表!$B$3:$B$12),0)))} | N5: {=IF(N$4<>$E5, MID($D5,N$4,1), INDEX(音調表[Key], MATCH(TRUE, EXACT(MID($D5,N$4,1), 音調表!$B$3:$B$12),0)))} | P5: =IFERROR( _xlfn.IMAGE(_xlfn.CONCAT($D$1,F5,".png")), "") -> #VALUE! | Q5: =IFERROR( _xlfn.IMAGE(_xlfn.CONCAT($D$1,G5,".png")), "") -> #VALUE! | R5: =IFERROR( _xlfn.IMAGE(_xlfn.CONCAT($D$1,H5,".png")), "") -> #VALUE! | S5: =IFERROR( _xlfn.IMAGE(_xlfn.CONCAT($D$1,I5,".png")), "") -> #VALUE! | T5: =IFERROR( _xlfn.IMAGE(_xlfn.CONCAT($D$1,J5,".png")), "") -> #VALUE! | U5: =IFERROR( _xlfn.IMAGE(_xlfn.CONCAT($D$1,K5,".png")), "") -> #VALUE! | V5: =IFERROR( _xlfn.IMAGE(_xlfn.CONCAT($D$1,L5,".png")), "") | W5: =IFERROR( _xlfn.IMAGE(_xlfn.CONCAT($D$1,M5,".png")), "") | ... Y5: =IFERROR( _xlfn.IMAGE(_xlfn.CONCAT($D$1,O5,".png")), "") | Z5: =IFERROR( _xlfn.IMAGE(_xlfn.CONCAT($D$1,#REF!,".png")), "")
B6: 州 | C6: 丩一曾 | D6: tsiu1 | E6: =IF( LEN(D6)>0, LEN(D6), "") -> 5 | F6: {=IF(F$4<>$E6, MID($D6,F$4,1), INDEX(音調表[Key], MATCH(TRUE, EXACT(MID($D6,F$4,1), 音調表!$B$3:$B$12),0)))} -> t | G6: {=IF(G$4<>$E6, MID($D6,G$4,1), INDEX(音調表[Key], MATCH(TRUE, EXACT(MID($D6,G$4,1), 音調表!$B$3:$B$12),0)))} -> s | H6: {=IF(H$4<>$E6, MID($D6,H$4,1), INDEX(音調表[Key], MATCH(TRUE, EXACT(MID($D6,H$4,1), 音調表!$B$3:$B$12),0)))} -> i | I6: {=IF(I$4<>$E6, MID($D6,I$4,1), INDEX(音調表[Key], MATCH(TRUE, EXACT(MID($D6,I$4,1), 音調表!$B$3:$B$12),0)))} -> u | J6: {=IF(J$4<>$E6, MID($D6,J$4,1), INDEX(音調表[Key], MATCH(TRUE, EXACT(MID($D6,J$4,1), 音調表!$B$3:$B$12),0)))} -> semicolon | K6: {=IF(K$4<>$E6, MID($D6,K$4,1), INDEX(音調表[Key], MATCH(TRUE, EXACT(MID($D6,K$4,1), 音調表!$B$3:$B$12),0)))} | L6: {=IF(L$4<>$E6, MID($D6,L$4,1), INDEX(音調表[Key], MATCH(TRUE, EXACT(MID($D6,L$4,1), 音調表!$B$3:$B$12),0)))} | M6: {=IF(M$4<>$E6, MID($D6,M$4,1), INDEX(音調表[Key], MATCH(TRUE, EXACT(MID($D6,M$4,1), 音調表!$B$3:$B$12),0)))} | N6: {=IF(N$4<>$E6, MID($D6,N$4,1), INDEX(音調表[Key], MATCH(TRUE, EXACT(MID($D6,N$4,1), 音調表!$B$3:$B$12),0)))} | P6: =IFERROR( _xlfn.IMAGE(_xlfn.CONCAT($D$1,F6,".png")), "") -> #VALUE! | Q6: =IFERROR( _xlfn.IMAGE(_xlfn.CONCAT($D$1,G6,".png")), "") -> #VALUE! | R6: =IFERROR( _xlfn.IMAGE(_xlfn.CONCAT($D$1,H6,".png")), "") -> #VALUE! | S6: =IFERROR( _xlfn.IMAGE(_xlfn.CONCAT($D$1,I6,".png")), "") -> #VALUE! | T6: =IFERROR( _xlfn.IMAGE(_xlfn.CONCAT($D$1,J6,".png")), "") -> #VALUE! | U6: =IFERROR( _xlfn.IMAGE(_xlfn.CONCAT($D$1,K6,".png")), "") | V6: =IFERROR( _xlfn.IMAGE(_xlfn.CONCAT($D$1,L6,".png")), "") | W6: =IFERROR( _xlfn.IMAGE(_xlfn.CONCAT($D$1,M6,".png")), "") | X6: =IFERROR( _xlfn.IMAGE(_xlfn.CONCAT($D$1,N6,".png")), "")
B7: 詞 | C7: 艍五時 | D7: su5 | E7: =IF( LEN(D7)>0, LEN(D7), "") -> 3 | F7: {=IF(F$4<>$E7, MID($D7,F$4,1), INDEX(音調表[Key], MATCH(TRUE, EXACT(MID($D7,F$4,1), 音調表!$B$3:$B$12),0)))} -> s | G7: {=IF(G$4<>$E7, MID($D7,G$4,1), INDEX(音調表[Key], MATCH(TRUE, EXACT(MID($D7,G$4,1), 音調表!$B$3:$B$12),0)))} -> u | H7: {=IF(H$4<>$E7, MID($D7,H$4,1), INDEX(音調表[Key], MATCH(TRUE, EXACT(MID($D7,H$4,1), 音調表!$B$3:$B$12),0)))} -> slash | I7: {=IF(I$4<>$E7, MID($D7,I$4,1), INDEX(音調表[Key], MATCH(TRUE, EXACT(MID($D7,I$4,1), 音調表!$B$3:$B$12),0)))} | J7: {=IF(J$4<>$E7, MID($D7,J$4,1), INDEX(音調表[Key], MATCH(TRUE, EXACT(MID($D7,J$4,1), 音調表!$B$3:$B$12),0)))} | K7: {=IF(K$4<>$E7, MID($D7,K$4,1), INDEX(音調表[Key], MATCH(TRUE, EXACT(MID($D7,K$4,1), 音調表!$B$3:$B$12),0)))} | L7: {=IF(L$4<>$E7, MID($D7,L$4,1), INDEX(音調表[Key], MATCH(TRUE, EXACT(MID($D7,L$4,1), 音調表!$B$3:$B$12),0)))} | M7: {=IF(M$4<>$E7, MID($D7,M$4,1), INDEX(音調表[Key], MATCH(TRUE, EXACT(MID($D7,M$4,1), 音調表!$B$3:$B$12),0)))} | N7: {=IF(N$4<>$E7, MID($D7,N$4,1), INDEX(音調表[Key], MATCH(TRUE, EXACT(MID($D7,N$4,1), 音調表!$B$3:$B$12),0)))} | P7: =IFERROR( _xlfn.IMAGE(_xlfn.CONCAT($D$1,F7,".png")), "") -> #VALUE! | Q7: =IFERROR( _xlfn.IMAGE(_xlfn.CONCAT($D$1,G7,".png")), "") -> #VALUE! | R7: =IFERROR( _xlfn.IMAGE(_xlfn.CONCAT($D$1,H7,".png")), "") -> #VALUE! | S7: =IFERROR( _xlfn.IMAGE(_xlfn.CONCAT($D$1,I7,".png")), "") | T7: =IFERROR( _xlfn.IMAGE(_xlfn.CONCAT($D$1,J7,".png")), "") | U7: =IFERROR( _xlfn.IMAGE(_xlfn.CONCAT($D$1,K7,".png")), "") | V7: =IFERROR( _xlfn.IMAGE(_xlfn.CONCAT($D$1,L7,".png")), "") | W7: =IFERROR( _xlfn.IMAGE(_xlfn.CONCAT($D$1,M7,".png")), "") | X7: =IFERROR( _xlfn.IMAGE(_xlfn.CONCAT($D$1,N7,".png")), "")
E8: =IF( LEN(D8)>0, LEN(D8), "") | F8: {=IF(F$4<>$E8, MID($D8,F$4,1), INDEX(音調表[Key], MATCH(TRUE, EXACT(MID($D8,F$4,1), 音調表!$B$3:$B$12),0)))} | G8: {=IF(G$4<>$E8, MID($D8,G$4,1), INDEX(音調表[Key], MATCH(TRUE, EXACT(MID($D8,G$4,1), 音調表!$B$3:$B$12),0)))} | H8: {=IF(H$4<>$E8, MID($D8,H$4,1), INDEX(音調表[Key], MATCH(TRUE, EXACT(MID($D8,H$4,1), 音調表!$B$3:$B$12),0)))} | I8: {=IF(I$4<>$E8, MID($D8,I$4,1), INDEX(音調表[Key], MATCH(TRUE, EXACT(MID($D8,I$4,1), 音調表!$B$3:$B$12),0)))} | J8: {=IF(J$4<>$E8, MID($D8,J$4,1), INDEX(音調表[Key], MATCH(TRUE, EXACT(MID($D8,J$4,1), 音調表!$B$3:$B$12),0)))} | K8: {=IF(K$4<>$E8, MID($D8,K$4,1), INDEX(音調表[Key], MATCH(TRUE, EXACT(MID($D8,K$4,1), 音調表!$B$3:$B$12),0)))} | L8: {=IF(L$4<>$E8, MID($D8,L$4,1), INDEX(音調表[Key], MATCH(TRUE, EXACT(MID($D8,L$4,1), 音調表!$B$3:$B$12),0)))} | M8: {=IF(M$4<>$E8, MID($D8,M$4,1), INDEX(音調表[Key], MATCH(TRUE, EXACT(MID($D8,M$4,1), 音調表!$B$3:$B$12),0)))} | N8: {=IF(N$4<>$E8, MID($D8,N$4,1), INDEX(音調表[Key], MATCH(TRUE, EXACT(MID($D8,N$4,1), 音調表!$B$3:$B$12),0)))} | P8: =IFERROR( _xlfn.IMAGE(_xlfn.CONCAT($D$1,F8,".png")), "") | Q8: =IFERROR( _xlfn.IMAGE(_xlfn.CONCAT($D$1,G8,".png")), "") | R8: =IFERROR( _xlfn.IMAGE(_xlfn.CONCAT($D$1,H8,".png")), "") | S8: =IFERROR( _xlfn.IMAGE(_xlfn.CONCAT($D$1,I8,".png")), "") | T8: =IFERROR( _xlfn.IMAGE(_xlfn.CONCAT($D$1,J8,".png")), "") | U8: =IFERROR( _xlfn.IMAGE(_xlfn.CONCAT($D$1,K8,".png")), "") | V8: =IFERROR( _xlfn.IMAGE(_xlfn.CONCAT($D$1,L8,".png")), "") | W8: =IFERROR( _xlfn.IMAGE(_xlfn.CONCAT($D$1,M8,".png")), "") | X8: =IFERROR( _xlfn.IMAGE(_xlfn.CONCAT($D$1,N8,".png")), "")
B9: 王 | C9: 公五英 | D9: ong5 | E9: =IF( LEN(D9)>0, LEN(D9), "") -> 4 | F9: {=IF(F$4<>$E9, MID($D9,F$4,1), INDEX(音調表[Key], MATCH(TRUE, EXACT(MID($D9,F$4,1), 音調表!$B$3:$B$12),0)))} -> o | G9: {=IF(G$4<>$E9, MID($D9,G$4,1), INDEX(音調表[Key], MATCH(TRUE, EXACT(MID($D9,G$4,1), 音調表!$B$3:$B$12),0)))} -> n | H9: {=IF(H$4<>$E9, MID($D9,H$4,1), INDEX(音調表[Key], MATCH(TRUE, EXACT(MID($D9,H$4,1), 音調表!$B$3:$B$12),0)))} -> g | I9: {=IF(I$4<>$E9, MID($D9,I$4,1), INDEX(音調表[Key], MATCH(TRUE, EXACT(MID($D9,I$4,1), 音調表!$B$3:$B$12),0)))} -> slash | J9: {=IF(J$4<>$E9, MID($D9,J$4,1), INDEX(音調表[Key], MATCH(TRUE, EXACT(MID($D9,J$4,1), 音調表!$B$3:$B$12),0)))} | K9: {=IF(K$4<>$E9, MID($D9,K$4,1), INDEX(音調表[Key], MATCH(TRUE, EXACT(MID($D9,K$4,1), 音調表!$B$3:$B$12),0)))} | L9: {=IF(L$4<>$E9, MID($D9,L$4,1), INDEX(音調表[Key], MATCH(TRUE, EXACT(MID($D9,L$4,1), 音調表!$B$3:$B$12),0)))} | M9: {=IF(M$4<>$E9, MID($D9,M$4,1), INDEX(音調表[Key], MATCH(TRUE, EXACT(MID($D9,M$4,1), 音調表!$B$3:$B$12),0)))} | N9: {=IF(N$4<>$E9, MID($D9,N$4,1), INDEX(音調表[Key], MATCH(TRUE, EXACT(MID($D9,N$4,1), 音調表!$B$3:$B$12),0)))} | P9: =IFERROR( _xlfn.IMAGE(_xlfn.CONCAT($D$1,F9,".png")), "") -> #VALUE! | Q9: =IFERROR( _xlfn.IMAGE(_xlfn.CONCAT($D$1,G9,".png")), "") -> #VALUE! | R9: =IFERROR( _xlfn.IMAGE(_xlfn.CONCAT($D$1,H9,".png")), "") -> #VALUE! | S9: =IFERROR( _xlfn.IMAGE(_xlfn.CONCAT($D$1,I9,".png")), "") -> #VALUE! | T9: =IFERROR( _xlfn.IMAGE(_xlfn.CONCAT($D$1,J9,".png")), "") | U9: =IFERROR( _xlfn.IMAGE(_xlfn.CONCAT($D$1,K9,".png")), "") | V9: =IFERROR( _xlfn.IMAGE(_xlfn.CONCAT($D$1,L9,".png")), "") | W9: =IFERROR( _xlfn.IMAGE(_xlfn.CONCAT($D$1,M9,".png")), "") | X9: =IFERROR( _xlfn.IMAGE(_xlfn.CONCAT($D$1,N9,".png")), "")
B10: 之 | C10: 居一曾 | D10: tsi1 | E10: =IF( LEN(D10)>0, LEN(D10), "") -> 4 | F10: {=IF(F$4<>$E10, MID($D10,F$4,1), INDEX(音調表[Key], MATCH(TRUE, EXACT(MID($D10,F$4,1), 音調表!$B$3:$B$12),0)))} -> t | G10: {=IF(G$4<>$E10, MID($D10,G$4,1), INDEX(音調表[Key], MATCH(TRUE, EXACT(MID($D10,G$4,1), 音調表!$B$3:$B$12),0)))} -> s | H10: {=IF(H$4<>$E10, MID($D10,H$4,1), INDEX(音調表[Key], MATCH(TRUE, EXACT(MID($D10,H$4,1), 音調表!$B$3:$B$12),0)))} -> i | I10: {=IF(I$4<>$E10, MID($D10,I$4,1), INDEX(音調表[Key], MATCH(TRUE, EXACT(MID($D10,I$4,1), 音調表!$B$3:$B$12),0)))} -> semicolon | J10: {=IF(J$4<>$E10, MID($D10,J$4,1), INDEX(音調表[Key], MATCH(TRUE, EXACT(MID($D10,J$4,1), 音調表!$B$3:$B$12),0)))} | K10: {=IF(K$4<>$E10, MID($D10,K$4,1), INDEX(音調表[Key], MATCH(TRUE, EXACT(MID($D10,K$4,1), 音調表!$B$3:$B$12),0)))} | L10: {=IF(L$4<>$E10, MID($D10,L$4,1), INDEX(音調表[Key], MATCH(TRUE, EXACT(MID($D10,L$4,1), 音調表!$B$3:$B$12),0)))} | M10: {=IF(M$4<>$E10, MID($D10,M$4,1), INDEX(音調表[Key], MATCH(TRUE, EXACT(MID($D10,M$4,1), 音調表!$B$3:$B$12),0)))} | N10: {=IF(N$4<>$E10, MID($D10,N$4,1), INDEX(音調表[Key], MATCH(TRUE, EXACT(MID($D10,N$4,1), 音調表!$B$3:$B$12),0)))} | P10: =IFERROR( _xlfn.IMAGE(_xlfn.CONCAT($D$1,F10,".png")), "") -> #VALUE! | Q10: =IFERROR( _xlfn.IMAGE(_xlfn.CONCAT($D$1,G10,".png")), "") -> #VALUE! | R10: =IFERROR( _xlfn.IMAGE(_xlfn.CONCAT($D$1,H10,".png")), "") -> #VALUE! | S10: =IFERROR( _xlfn.IMAGE(_xlfn.CONCAT($D$1,I10,".png")), "") -> #VALUE! | T10: =IFERROR( _xlfn.IMAGE(_xlfn.CONCAT($D$1,J10,".png")), "") | U10: =IFERROR( _xlfn.IMAGE(_xlfn.CONCAT($D$1,K10,".png")), "") | V10: =IFERROR( _xlfn.IMAGE(_xlfn.CONCAT($D$1,L10,".png")), "") | W10: =IFERROR( _xlfn.IMAGE(_xlfn.CONCAT($D$1,M10,".png")), "") | X10: =IFERROR( _xlfn.IMAGE(_xlfn.CONCAT($D$1,N10,".png")), "")
B11: 渙 | C11: 觀三喜 | D11: huan3 | E11: =IF( LEN(D11)>0, LEN(D11), "") -> 5 | F11: {=IF(F$4<>$E11, MID($D11,F$4,1), INDEX(音調表[Key], MATCH(TRUE, EXACT(MID($D11,F$4,1), 音調表!$B$3:$B$12),0)))} -> h | G11: {=IF(G$4<>$E11, MID($D11,G$4,1), INDEX(音調表[Key], MATCH(TRUE, EXACT(MID($D11,G$4,1), 音調表!$B$3:$B$12),0)))} -> u | H11: {=IF(H$4<>$E11, MID($D11,H$4,1), INDEX(音調表[Key], MATCH(TRUE, EXACT(MID($D11,H$4,1), 音調表!$B$3:$B$12),0)))} -> a | I11: {=IF(I$4<>$E11, MID($D11,I$4,1), INDEX(音調表[Key], MATCH(TRUE, EXACT(MID($D11,I$4,1), 音調表!$B$3:$B$12),0)))} -> n | J11: {=IF(J$4<>$E11, MID($D11,J$4,1), INDEX(音調表[Key], MATCH(TRUE, EXACT(MID($D11,J$4,1), 音調表!$B$3:$B$12),0)))} -> minus | K11: {=IF(K$4<>$E11, MID($D11,K$4,1), INDEX(音調表[Key], MATCH(TRUE, EXACT(MID($D11,K$4,1), 音調表!$B$3:$B$12),0)))} | L11: {=IF(L$4<>$E11, MID($D11,L$4,1), INDEX(音調表[Key], MATCH(TRUE, EXACT(MID($D11,L$4,1), 音調表!$B$3:$B$12),0)))} | M11: {=IF(M$4<>$E11, MID($D11,M$4,1), INDEX(音調表[Key], MATCH(TRUE, EXACT(MID($D11,M$4,1), 音調表!$B$3:$B$12),0)))} | N11: {=IF(N$4<>$E11, MID($D11,N$4,1), INDEX(音調表[Key], MATCH(TRUE, EXACT(MID($D11,N$4,1), 音調表!$B$3:$B$12),0)))} | P11: =IFERROR( _xlfn.IMAGE(_xlfn.CONCAT($D$1,F11,".png")), "") -> #VALUE! | Q11: =IFERROR( _xlfn.IMAGE(_xlfn.CONCAT($D$1,G11,".png")), "") -> #VALUE! | R11: =IFERROR( _xlfn.IMAGE(_xlfn.CONCAT($D$1,H11,".png")), "") -> #VALUE! | S11: =IFERROR( _xlfn.IMAGE(_xlfn.CONCAT($D$1,I11,".png")), "") -> #VALUE! | T11: =IFERROR( _xlfn.IMAGE(_xlfn.CONCAT($D$1,J11,".png")), "") -> #VALUE! | U11: =IFERROR( _xlfn.IMAGE(_xlfn.CONCAT($D$1,K11,".png")), "") | V11: =IFERROR( _xlfn.IMAGE(_xlfn.CONCAT($D$1,L11,".png")), "") | W11: =IFERROR( _xlfn.IMAGE(_xlfn.CONCAT($D$1,M11,".png")), "") | X11: =IFERROR( _xlfn.IMAGE(_xlfn.CONCAT($D$1,N11,".png")), "")
E12: =IF( LEN(D12)>0, LEN(D12), "") | F12: {=IF(F$4<>$E12, MID($D12,F$4,1), INDEX(音調表[Key], MATCH(TRUE, EXACT(MID($D12,F$4,1), 音調表!$B$3:$B$12),0)))} | G12: {=IF(G$4<>$E12, MID($D12,G$4,1), INDEX(音調表[Key], MATCH(TRUE, EXACT(MID($D12,G$4,1), 音調表!$B$3:$B$12),0)))} | H12: {=IF(H$4<>$E12, MID($D12,H$4,1), INDEX(音調表[Key], MATCH(TRUE, EXACT(MID($D12,H$4,1), 音調表!$B$3:$B$12),0)))} | I12: {=IF(I$4<>$E12, MID($D12,I$4,1), INDEX(音調表[Key], MATCH(TRUE, EXACT(MID($D12,I$4,1), 音調表!$B$3:$B$12),0)))} | J12: {=IF(J$4<>$E12, MID($D12,J$4,1), INDEX(音調表[Key], MATCH(TRUE, EXACT(MID($D12,J$4,1), 音調表!$B$3:$B$12),0)))} | K12: {=IF(K$4<>$E12, MID($D12,K$4,1), INDEX(音調表[Key], MATCH(TRUE, EXACT(MID($D12,K$4,1), 音調表!$B$3:$B$12),0)))} | L12: {=IF(L$4<>$E12, MID($D12,L$4,1), INDEX(音調表[Key], MATCH(TRUE, EXACT(MID($D12,L$4,1), 音調表!$B$3:$B$12),0)))} | M12: {=IF(M$4<>$E12, MID($D12,M$4,1), INDEX(音調表[Key], MATCH(TRUE, EXACT(MID($D12,M$4,1), 音調表!$B$3:$B$12),0)))} | N12: {=IF(N$4<>$E12, MID($D12,N$4,1), INDEX(音調表[Key], MATCH(TRUE, EXACT(MID($D12,N$4,1), 音調表!$B$3:$B$12),0)))} | P12: =IFERROR( _xlfn.IMAGE(_xlfn.CONCAT($D$1,F12,".png")), "") | Q12: =IFERROR( _xlfn.IMAGE(_xlfn.CONCAT($D$1,G12,".png")), "") | R12: =IFERROR( _xlfn.IMAGE(_xlfn.CONCAT($D$1,H12,".png")), "") | S12: =IFERROR( _xlfn.IMAGE(_xlfn.CONCAT($D$1,I12,".png")), "") | T12: =IFERROR( _xlfn.IMAGE(_xlfn.CONCAT($D$1,J12,".png")), "") | U12: =IFERROR( _xlfn.IMAGE(_xlfn.CONCAT($D$1,K12,".png")), "") | V12: =IFERROR( _xlfn.IMAGE(_xlfn.CONCAT($D$1,L12,".png")), "") | W12: =IFERROR( _xlfn.IMAGE(_xlfn.CONCAT($D$1,M12,".png")), "") | X12: =IFERROR( _xlfn.IMAGE(_xlfn.CONCAT($D$1,N12,".png")), "")
B13: 黄 | C13: 公五喜 | D13: hong5 | E13: =IF( LEN(D13)>0, LEN(D13), "") -> 5 | F13: {=IF(F$4<>$E13, MID($D13,F$4,1), INDEX(音調表[Key], MATCH(TRUE, EXACT(MID($D13,F$4,1), 音調表!$B$3:$B$12),0)))} -> h | G13: {=IF(G$4<>$E13, MID($D13,G$4,1), INDEX(音調表[Key], MATCH(TRUE, EXACT(MID($D13,G$4,1), 音調表!$B$3:$B$12),0)))} -> o | H13: {=IF(H$4<>$E13, MID($D13,H$4,1), INDEX(音調表[Key], MATCH(TRUE, EXACT(MID($D13,H$4,1), 音調表!$B$3:$B$12),0)))} -> n | I13: {=IF(I$4<>$E13, MID($D13,I$4,1), INDEX(音調表[Key], MATCH(TRUE, EXACT(MID($D13,I$4,1), 音調表!$B$3:$B$12),0)))} -> g | J13: {=IF(J$4<>$E13, MID($D13,J$4,1), INDEX(音調表[Key], MATCH(TRUE, EXACT(MID($D13,J$4,1), 音調表!$B$3:$B$12),0)))} -> slash | K13: {=IF(K$4<>$E13, MID($D13,K$4,1), INDEX(音調表[Key], MATCH(TRUE, EXACT(MID($D13,K$4,1), 音調表!$B$3:$B$12),0)))} | L13: {=IF(L$4<>$E13, MID($D13,L$4,1), INDEX(音調表[Key], MATCH(TRUE, EXACT(MID($D13,L$4,1), 音調表!$B$3:$B$12),0)))} | M13: {=IF(M$4<>$E13, MID($D13,M$4,1), INDEX(音調表[Key], MATCH(TRUE, EXACT(MID($D13,M$4,1), 音調表!$B$3:$B$12),0)))} | N13: {=IF(N$4<>$E13, MID($D13,N$4,1), INDEX(音調表[Key], MATCH(TRUE, EXACT(MID($D13,N$4,1), 音調表!$B$3:$B$12),0)))} | P13: =IFERROR( _xlfn.IMAGE(_xlfn.CONCAT($D$1,F13,".png")), "") -> #VALUE! | Q13: =IFERROR( _xlfn.IMAGE(_xlfn.CONCAT($D$1,G13,".png")), "") -> #VALUE! | R13: =IFERROR( _xlfn.IMAGE(_xlfn.CONCAT($D$1,H13,".png")), "") -> #VALUE! | S13: =IFERROR( _xlfn.IMAGE(_xlfn.CONCAT($D$1,I13,".png")), "") -> #VALUE! | T13: =IFERROR( _xlfn.IMAGE(_xlfn.CONCAT($D$1,J13,".png")), "") -> #VALUE! | U13: =IFERROR( _xlfn.IMAGE(_xlfn.CONCAT($D$1,K13,".png")), "") | V13: =IFERROR( _xlfn.IMAGE(_xlfn.CONCAT($D$1,L13,".png")), "") | W13: =IFERROR( _xlfn.IMAGE(_xlfn.CONCAT($D$1,M13,".png")), "") | X13: =IFERROR( _xlfn.IMAGE(_xlfn.CONCAT($D$1,N13,".png")), "")
B14: 河 | C14: 高五喜 | D14: ho5 | E14: =IF( LEN(D14)>0, LEN(D14), "") -> 3 | F14: {=IF(F$4<>$E14, MID($D14,F$4,1), INDEX(音調表[Key], MATCH(TRUE, EXACT(MID($D14,F$4,1), 音調表!$B$3:$B$12),0)))} -> h | G14: {=IF(G$4<>$E14, MID($D14,G$4,1), INDEX(音調表[Key], MATCH(TRUE, EXACT(MID($D14,G$4,1), 音調表!$B$3:$B$12),0)))} -> o | H14: {=IF(H$4<>$E14, MID($D14,H$4,1), INDEX(音調表[Key], MATCH(TRUE, EXACT(MID($D14,H$4,1), 音調表!$B$3:$B$12),0)))} -> slash | I14: {=IF(I$4<>$E14, MID($D14,I$4,1), INDEX(音調表[Key], MATCH(TRUE, EXACT(MID($D14,I$4,1), 音調表!$B$3:$B$12),0)))} | J14: {=IF(J$4<>$E14, MID($D14,J$4,1), INDEX(音調表[Key], MATCH(TRUE, EXACT(MID($D14,J$4,1), 音調表!$B$3:$B$12),0)))} | K14: {=IF(K$4<>$E14, MID($D14,K$4,1), INDEX(音調表[Key], MATCH(TRUE, EXACT(MID($D14,K$4,1), 音調表!$B$3:$B$12),0)))} | L14: {=IF(L$4<>$E14, MID($D14,L$4,1), INDEX(音調表[Key], MATCH(TRUE, EXACT(MID($D14,L$4,1), 音調表!$B$3:$B$12),0)))} | M14: {=IF(M$4<>$E14, MID($D14,M$4,1), INDEX(音調表[Key], MATCH(TRUE, EXACT(MID($D14,M$4,1), 音調表!$B$3:$B$12),0)))} | N14: {=IF(N$4<>$E14, MID($D14,N$4,1), INDEX(音調表[Key], MATCH(TRUE, EXACT(MID($D14,N$4,1), 音調表!$B$3:$B$12),0)))} | P14: =IFERROR( _xlfn.IMAGE(_xlfn.CONCAT($D$1,F14,".png")), "") -> #VALUE! | Q14: =IFERROR( _xlfn.IMAGE(_xlfn.CONCAT($D$1,G14,".png")), "") -> #VALUE! | R14: =IFERROR( _xlfn.IMAGE(_xlfn.CONCAT($D$1,H14,".png")), "") -> #VALUE! | S14: =IFERROR( _xlfn.IMAGE(_xlfn.CONCAT($D$1,I14,".png")), "") | T14: =IFERROR( _xlfn.IMAGE(_xlfn.CONCAT($D$1,J14,".png")), "") | U14: =IFERROR( _xlfn.IMAGE(_xlfn.CONCAT($D$1,K14,".png")), "") | V14: =IFERROR( _xlfn.IMAGE(_xlfn.CONCAT($D$1,L14,".png")), "") | W14: =IFERROR( _xlfn.IMAGE(_xlfn.CONCAT($D$1,M14,".png")), "") | X14: =IFERROR( _xlfn.IMAGE(_xlfn.CONCAT($D$1,N14,".png")), "")
B15: 遠 | C15: 觀二英 | D15: uan2 | E15: =IF( LEN(D15)>0, LEN(D15), "") -> 4 | F15: {=IF(F$4<>$E15, MID($D15,F$4,1), INDEX(音調表[Key], MATCH(TRUE, EXACT(MID($D15,F$4,1), 音調表!$B$3:$B$12),0)))} -> u | G15: {=IF(G$4<>$E15, MID($D15,G$4,1), INDEX(音調表[Key], MATCH(TRUE, EXACT(MID($D15,G$4,1), 音調表!$B$3:$B$12),0)))} -> a | H15: {=IF(H$4<>$E15, MID($D15,H$4,1), INDEX(音調表[Key], MATCH(TRUE, EXACT(MID($D15,H$4,1), 音調表!$B$3:$B$12),0)))} -> n | I15: {=IF(I$4<>$E15, MID($D15,I$4,1), INDEX(音調表[Key], MATCH(TRUE, EXACT(MID($D15,I$4,1), 音調表!$B$3:$B$12),0)))} -> backslash | J15: {=IF(J$4<>$E15, MID($D15,J$4,1), INDEX(音調表[Key], MATCH(TRUE, EXACT(MID($D15,J$4,1), 音調表!$B$3:$B$12),0)))} | K15: {=IF(K$4<>$E15, MID($D15,K$4,1), INDEX(音調表[Key], MATCH(TRUE, EXACT(MID($D15,K$4,1), 音調表!$B$3:$B$12),0)))} | L15: {=IF(L$4<>$E15, MID($D15,L$4,1), INDEX(音調表[Key], MATCH(TRUE, EXACT(MID($D15,L$4,1), 音調表!$B$3:$B$12),0)))} | M15: {=IF(M$4<>$E15, MID($D15,M$4,1), INDEX(音調表[Key], MATCH(TRUE, EXACT(MID($D15,M$4,1), 音調表!$B$3:$B$12),0)))} | N15: {=IF(N$4<>$E15, MID($D15,N$4,1), INDEX(音調表[Key], MATCH(TRUE, EXACT(MID($D15,N$4,1), 音調表!$B$3:$B$12),0)))} | P15: =IFERROR( _xlfn.IMAGE(_xlfn.CONCAT($D$1,F15,".png")), "") -> #VALUE! | Q15: =IFERROR( _xlfn.IMAGE(_xlfn.CONCAT($D$1,G15,".png")), "") -> #VALUE! | R15: =IFERROR( _xlfn.IMAGE(_xlfn.CONCAT($D$1,H15,".png")), "") -> #VALUE! | S15: =IFERROR( _xlfn.IMAGE(_xlfn.CONCAT($D$1,I15,".png")), "") -> #VALUE! | T15: =IFERROR( _xlfn.IMAGE(_xlfn.CONCAT($D$1,J15,".png")), "") | U15: =IFERROR( _xlfn.IMAGE(_xlfn.CONCAT($D$1,K15,".png")), "") | V15: =IFERROR( _xlfn.IMAGE(_xlfn.CONCAT($D$1,L15,".png")), "") | W15: =IFERROR( _xlfn.IMAGE(_xlfn.CONCAT($D$1,M15,".png")), "") | X15: =IFERROR( _xlfn.IMAGE(_xlfn.CONCAT($D$1,N15,".png")), "")
B16: 上 | C16: 恭二時 | D16: siong2 | E16: =IF( LEN(D16)>0, LEN(D16), "") -> 6 | F16: {=IF(F$4<>$E16, MID($D16,F$4,1), INDEX(音調表[Key], MATCH(TRUE, EXACT(MID($D16,F$4,1), 音調表!$B$3:$B$12),0)))} -> s | G16: {=IF(G$4<>$E16, MID($D16,G$4,1), INDEX(音調表[Key], MATCH(TRUE, EXACT(MID($D16,G$4,1), 音調表!$B$3:$B$12),0)))} -> i | H16: {=IF(H$4<>$E16, MID($D16,H$4,1), INDEX(音調表[Key], MATCH(TRUE, EXACT(MID($D16,H$4,1), 音調表!$B$3:$B$12),0)))} -> o | I16: {=IF(I$4<>$E16, MID($D16,I$4,1), INDEX(音調表[Key], MATCH(TRUE, EXACT(MID($D16,I$4,1), 音調表!$B$3:$B$12),0)))} -> n | J16: {=IF(J$4<>$E16, MID($D16,J$4,1), INDEX(音調表[Key], MATCH(TRUE, EXACT(MID($D16,J$4,1), 音調表!$B$3:$B$12),0)))} -> g | K16: {=IF(K$4<>$E16, MID($D16,K$4,1), INDEX(音調表[Key], MATCH(TRUE, EXACT(MID($D16,K$4,1), 音調表!$B$3:$B$12),0)))} -> backslash | L16: {=IF(L$4<>$E16, MID($D16,L$4,1), INDEX(音調表[Key], MATCH(TRUE, EXACT(MID($D16,L$4,1), 音調表!$B$3:$B$12),0)))} | M16: {=IF(M$4<>$E16, MID($D16,M$4,1), INDEX(音調表[Key], MATCH(TRUE, EXACT(MID($D16,M$4,1), 音調表!$B$3:$B$12),0)))} | N16: {=IF(N$4<>$E16, MID($D16,N$4,1), INDEX(音調表[Key], MATCH(TRUE, EXACT(MID($D16,N$4,1), 音調表!$B$3:$B$12),0)))} | P16: =IFERROR( _xlfn.IMAGE(_xlfn.CONCAT($D$1,F16,".png")), "") -> #VALUE! | Q16: =IFERROR( _xlfn.IMAGE(_xlfn.CONCAT($D$1,G16,".png")), "") -> #VALUE! | R16: =IFERROR( _xlfn.IMAGE(_xlfn.CONCAT($D$1,H16,".png")), "") -> #VALUE! | S16: =IFERROR( _xlfn.IMAGE(_xlfn.CONCAT($D$1,I16,".png")), "") -> #VALUE! | T16: =IFERROR( _xlfn.IMAGE(_xlfn.CONCAT($D$1,J16,".png")), "") -> #VALUE! | U16: =IFERROR( _xlfn.IMAGE(_xlfn.CONCAT($D$1,K16,".png")), "") -> #VALUE! | V16: =IFERROR( _xlfn.IMAGE(_xlfn.CONCAT($D$1,L16,".png")), "") | W16: =IFERROR( _xlfn.IMAGE(_xlfn.CONCAT($D$1,M16,".png")), "") | X16: =IFERROR( _xlfn.IMAGE(_xlfn.CONCAT($D$1,N16,".png")), "")
B17: 白 | C17: 經八邊 | D17: pik8 | E17: =IF( LEN(D17)>0, LEN(D17), "") -> 4 | F17: {=IF(F$4<>$E17, MID($D17,F$4,1), INDEX(音調表[Key], MATCH(TRUE, EXACT(MID($D17,F$4,1), 音調表!$B$3:$B$12),0)))} -> p | G17: {=IF(G$4<>$E17, MID($D17,G$4,1), INDEX(音調表[Key], MATCH(TRUE, EXACT(MID($D17,G$4,1), 音調表!$B$3:$B$12),0)))} -> i | H17: {=IF(H$4<>$E17, MID($D17,H$4,1), INDEX(音調表[Key], MATCH(TRUE, EXACT(MID($D17,H$4,1), 音調表!$B$3:$B$12),0)))} -> k | I17: {=IF(I$4<>$E17, MID($D17,I$4,1), INDEX(音調表[Key], MATCH(TRUE, EXACT(MID($D17,I$4,1), 音調表!$B$3:$B$12),0)))} -> rbracket | J17: {=IF(J$4<>$E17, MID($D17,J$4,1), INDEX(音調表[Key], MATCH(TRUE, EXACT(MID($D17,J$4,1), 音調表!$B$3:$B$12),0)))} | K17: {=IF(K$4<>$E17, MID($D17,K$4,1), INDEX(音調表[Key], MATCH(TRUE, EXACT(MID($D17,K$4,1), 音調表!$B$3:$B$12),0)))} | L17: {=IF(L$4<>$E17, MID($D17,L$4,1), INDEX(音調表[Key], MATCH(TRUE, EXACT(MID($D17,L$4,1), 音調表!$B$3:$B$12),0)))} | M17: {=IF(M$4<>$E17, MID($D17,M$4,1), INDEX(音調表[Key], MATCH(TRUE, EXACT(MID($D17,M$4,1), 音調表!$B$3:$B$12),0)))} | N17: {=IF(N$4<>$E17, MID($D17,N$4,1), INDEX(音調表[Key], MATCH(TRUE, EXACT(MID($D17,N$4,1), 音調表!$B$3:$B$12),0)))} | P17: =IFERROR( _xlfn.IMAGE(_xlfn.CONCAT($D$1,F17,".png")), "") -> #VALUE! | Q17: =IFERROR( _xlfn.IMAGE(_xlfn.CONCAT($D$1,G17,".png")), "") -> #VALUE! | R17: =IFERROR( _xlfn.IMAGE(_xlfn.CONCAT($D$1,H17,".png")), "") -> #VALUE! | S17: =IFERROR( _xlfn.IMAGE(_xlfn.CONCAT($D$1,I17,".png")), "") -> #VALUE! | T17: =IFERROR( _xlfn.IMAGE(_xlfn.CONCAT($D$1,J17,".png")), "") | U17: =IFERROR( _xlfn.IMAGE(_xlfn.CONCAT($D$1,K17,".png")), "") | V17: =IFERROR( _xlfn.IMAGE(_xlfn.CONCAT($D$1,L17,".png")), "") | W17: =IFERROR( _xlfn.IMAGE(_xlfn.CONCAT($D$1,M17,".png")), "") | X17: =IFERROR( _xlfn.IMAGE(_xlfn.CONCAT($D$1,N17,".png")), "")
B18: 雲 | C18: 君五喜 | D18: hun5 | E18: =IF( LEN(D18)>0, LEN(D18), "") -> 4 | F18: {=IF(F$4<>$E18, MID($D18,F$4,1), INDEX(音調表[Key], MATCH(TRUE, EXACT(MID($D18,F$4,1), 音調表!$B$3:$B$12),0)))} -> h | G18: {=IF(G$4<>$E18, MID($D18,G$4,1), INDEX(音調表[Key], MATCH(TRUE, EXACT(MID($D18,G$4,1), 音調表!$B$3:$B$12),0)))} -> u | H18: {=IF(H$4<>$E18, MID($D18,H$4,1), INDEX(音調表[Key], MATCH(TRUE, EXACT(MID($D18,H$4,1), 音調表!$B$3:$B$12),0)))} -> n | I18: {=IF(I$4<>$E18, MID($D18,I$4,1), INDEX(音調表[Key], MATCH(TRUE, EXACT(MID($D18,I$4,1), 音調表!$B$3:$B$12),0)))} -> slash | J18: {=IF(J$4<>$E18, MID($D18,J$4,1), INDEX(音調表[Key], MATCH(TRUE, EXACT(MID($D18,J$4,1), 音調表!$B$3:$B$12),0)))} | K18: {=IF(K$4<>$E18, MID($D18,K$4,1), INDEX(音調表[Key], MATCH(TRUE, EXACT(MID($D18,K$4,1), 音調表!$B$3:$B$12),0)))} | L18: {=IF(L$4<>$E18, MID($D18,L$4,1), INDEX(音調表[Key], MATCH(TRUE, EXACT(MID($D18,L$4,1), 音調表!$B$3:$B$12),0)))} | M18: {=IF(M$4<>$E18, MID($D18,M$4,1), INDEX(音調表[Key], MATCH(TRUE, EXACT(MID($D18,M$4,1), 音調表!$B$3:$B$12),0)))} | N18: {=IF(N$4<>$E18, MID($D18,N$4,1), INDEX(音調表[Key], MATCH(TRUE, EXACT(MID($D18,N$4,1), 音調表!$B$3:$B$12),0)))} | P18: =IFERROR( _xlfn.IMAGE(_xlfn.CONCAT($D$1,F18,".png")), "") -> #VALUE! | Q18: =IFERROR( _xlfn.IMAGE(_xlfn.CONCAT($D$1,G18,".png")), "") -> #VALUE! | R18: =IFERROR( _xlfn.IMAGE(_xlfn.CONCAT($D$1,H18,".png")), "") -> #VALUE! | S18: =IFERROR( _xlfn.IMAGE(_xlfn.CONCAT($D$1,I18,".png")), "") -> #VALUE! | T18: =IFERROR( _xlfn.IMAGE(_xlfn.CONCAT($D$1,J18,".png")), "") | U18: =IFERROR( _xlfn.IMAGE(_xlfn.CONCAT($D$1,K18,".png")), "") | V18: =IFERROR( _xlfn.IMAGE(_xlfn.CONCAT($D$1,L18,".png")), "") | W18: =IFERROR( _xlfn.IMAGE(_xlfn.CONCAT($D$1,M18,".png")), "") | X18: =IFERROR( _xlfn.IMAGE(_xlfn.CONCAT($D$1,N18,".png")), "")
B19: 間 | C19: 干一求 | D19: kan1 | E19: =IF( LEN(D19)>0, LEN(D19), "") -> 4 | F19: {=IF(F$4<>$E19, MID($D19,F$4,1), INDEX(音調表[Key], MATCH(TRUE, EXACT(MID($D19,F$4,1), 音調表!$B$3:$B$12),0)))} -> k | G19: {=IF(G$4<>$E19, MID($D19,G$4,1), INDEX(音調表[Key], MATCH(TRUE, EXACT(MID($D19,G$4,1), 音調表!$B$3:$B$12),0)))} -> a | H19: {=IF(H$4<>$E19, MID($D19,H$4,1), INDEX(音調表[Key], MATCH(TRUE, EXACT(MID($D19,H$4,1), 音調表!$B$3:$B$12),0)))} -> n | I19: {=IF(I$4<>$E19, MID($D19,I$4,1), INDEX(音調表[Key], MATCH(TRUE, EXACT(MID($D19,I$4,1), 音調表!$B$3:$B$12),0)))} -> semicolon | J19: {=IF(J$4<>$E19, MID($D19,J$4,1), INDEX(音調表[Key], MATCH(TRUE, EXACT(MID($D19,J$4,1), 音調表!$B$3:$B$12),0)))} | K19: {=IF(K$4<>$E19, MID($D19,K$4,1), INDEX(音調表[Key], MATCH(TRUE, EXACT(MID($D19,K$4,1), 音調表!$B$3:$B$12),0)))} | L19: {=IF(L$4<>$E19, MID($D19,L$4,1), INDEX(音調表[Key], MATCH(TRUE, EXACT(MID($D19,L$4,1), 音調表!$B$3:$B$12),0)))} | M19: {=IF(M$4<>$E19, MID($D19,M$4,1), INDEX(音調表[Key], MATCH(TRUE, EXACT(MID($D19,M$4,1), 音調表!$B$3:$B$12),0)))} | N19: {=IF(N$4<>$E19, MID($D19,N$4,1), INDEX(音調表[Key], MATCH(TRUE, EXACT(MID($D19,N$4,1), 音調表!$B$3:$B$12),0)))} | P19: =IFERROR( _xlfn.IMAGE(_xlfn.CONCAT($D$1,F19,".png")), "") -> #VALUE! | Q19: =IFERROR( _xlfn.IMAGE(_xlfn.CONCAT($D$1,G19,".png")), "") -> #VALUE! | R19: =IFERROR( _xlfn.IMAGE(_xlfn.CONCAT($D$1,H19,".png")), "") -> #VALUE! | S19: =IFERROR( _xlfn.IMAGE(_xlfn.CONCAT($D$1,I19,".png")), "") -> #VALUE! | T19: =IFERROR( _xlfn.IMAGE(_xlfn.CONCAT($D$1,J19,".png")), "") | U19: =IFERROR( _xlfn.IMAGE(_xlfn.CONCAT($D$1,K19,".png")), "") | V19: =IFERROR( _xlfn.IMAGE(_xlfn.CONCAT($D$1,L19,".png")), "") | W19: =IFERROR( _xlfn.IMAGE(_xlfn.CONCAT($D$1,M19,".png")), "") | X19: =IFERROR( _xlfn.IMAGE(_xlfn.CONCAT($D$1,N19,".png")), "")
B20: ， | E20: =IF( LEN(D20)>0, LEN(D20), "") | F20: {=IF(F$4<>$E20, MID($D20,F$4,1), INDEX(音調表[Key], MATCH(TRUE, EXACT(MID($D20,F$4,1), 音調表!$B$3:$B$12),0)))} | G20: {=IF(G$4<>$E20, MID($D20,G$4,1), INDEX(音調表[Key], MATCH(TRUE, EXACT(MID($D20,G$4,1), 音調表!$B$3:$B$12),0)))} | H20: {=IF(H$4<>$E20, MID($D20,H$4,1), INDEX(音調表[Key], MATCH(TRUE, EXACT(MID($D20,H$4,1), 音調表!$B$3:$B$12),0)))} | I20: {=IF(I$4<>$E20, MID($D20,I$4,1), INDEX(音調表[Key], MATCH(TRUE, EXACT(MID($D20,I$4,1), 音調表!$B$3:$B$12),0)))} | J20: {=IF(J$4<>$E20, MID($D20,J$4,1), INDEX(音調表[Key], MATCH(TRUE, EXACT(MID($D20,J$4,1), 音調表!$B$3:$B$12),0)))} | K20: {=IF(K$4<>$E20, MID($D20,K$4,1), INDEX(音調表[Key], MATCH(TRUE, EXACT(MID($D20,K$4,1), 音調表!$B$3:$B$12),0)))} | L20: {=IF(L$4<>$E20, MID($D20,L$4,1), INDEX(音調表[Key], MATCH(TRUE, EXACT(MID($D20,L$4,1), 音調表!$B$3:$B$12),0)))} | M20: {=IF(M$4<>$E20, MID($D20,M$4,1), INDEX(音調表[Key], MATCH(TRUE, EXACT(MID($D20,M$4,1), 音調表!$B$3:$B$12),0)))} | N20: {=IF(N$4<>$E20, MID($D20,N$4,1), INDEX(音調表[Key], MATCH(TRUE, EXACT(MID($D20,N$4,1), 音調表!$B$3:$B$12),0)))} | P20: =IFERROR( _xlfn.IMAGE(_xlfn.CONCAT($D$1,F20,".png")), "") | Q20: =IFERROR( _xlfn.IMAGE(_xlfn.CONCAT($D$1,G20,".png")), "") | R20: =IFERROR( _xlfn.IMAGE(_xlfn.CONCAT($D$1,H20,".png")), "") | S20: =IFERROR( _xlfn.IMAGE(_xlfn.CONCAT($D$1,I20,".png")), "") | T20: =IFERROR( _xlfn.IMAGE(_xlfn.CONCAT($D$1,J20,".png")), "") | U20: =IFERROR( _xlfn.IMAGE(_xlfn.CONCAT($D$1,K20,".png")), "") | V20: =IFERROR( _xlfn.IMAGE(_xlfn.CONCAT($D$1,L20,".png")), "") | W20: =IFERROR( _xlfn.IMAGE(_xlfn.CONCAT($D$1,M20,".png")), "") | X20: =IFERROR( _xlfn.IMAGE(_xlfn.CONCAT($D$1,N20,".png")), "")
B21: 一 | C21: 巾四英 | D21: it4 | E21: =IF( LEN(D21)>0, LEN(D21), "") -> 3 | F21: {=IF(F$4<>$E21, MID($D21,F$4,1), INDEX(音調表[Key], MATCH(TRUE, EXACT(MID($D21,F$4,1), 音調表!$B$3:$B$12),0)))} -> i | G21: {=IF(G$4<>$E21, MID($D21,G$4,1), INDEX(音調表[Key], MATCH(TRUE, EXACT(MID($D21,G$4,1), 音調表!$B$3:$B$12),0)))} -> t | H21: {=IF(H$4<>$E21, MID($D21,H$4,1), INDEX(音調表[Key], MATCH(TRUE, EXACT(MID($D21,H$4,1), 音調表!$B$3:$B$12),0)))} -> lbracket | I21: {=IF(I$4<>$E21, MID($D21,I$4,1), INDEX(音調表[Key], MATCH(TRUE, EXACT(MID($D21,I$4,1), 音調表!$B$3:$B$12),0)))} | J21: {=IF(J$4<>$E21, MID($D21,J$4,1), INDEX(音調表[Key], MATCH(TRUE, EXACT(MID($D21,J$4,1), 音調表!$B$3:$B$12),0)))} | K21: {=IF(K$4<>$E21, MID($D21,K$4,1), INDEX(音調表[Key], MATCH(TRUE, EXACT(MID($D21,K$4,1), 音調表!$B$3:$B$12),0)))} | L21: {=IF(L$4<>$E21, MID($D21,L$4,1), INDEX(音調表[Key], MATCH(TRUE, EXACT(MID($D21,L$4,1), 音調表!$B$3:$B$12),0)))} | M21: {=IF(M$4<>$E21, MID($D21,M$4,1), INDEX(音調表[Key], MATCH(TRUE, EXACT(MID($D21,M$4,1), 音調表!$B$3:$B$12),0)))} | N21: {=IF(N$4<>$E21, MID($D21,N$4,1), INDEX(音調表[Key], MATCH(TRUE, EXACT(MID($D21,N$4,1), 音調表!$B$3:$B$12),0)))} | P21: =IFERROR( _xlfn.IMAGE(_xlfn.CONCAT($D$1,F21,".png")), "") -> #VALUE! | Q21: =IFERROR( _xlfn.IMAGE(_xlfn.CONCAT($D$1,G21,".png")), "") -> #VALUE! | R21: =IFERROR( _xlfn.IMAGE(_xlfn.CONCAT($D$1,H21,".png")), "") -> #VALUE! | S21: =IFERROR( _xlfn.IMAGE(_xlfn.CONCAT($D$1,I21,".png")), "") | T21: =IFERROR( _xlfn.IMAGE(_xlfn.CONCAT($D$1,J21,".png")), "") | U21: =IFERROR( _xlfn.IMAGE(_xlfn.CONCAT($D$1,K21,".png")), "") | V21: =IFERROR( _xlfn.IMAGE(_xlfn.CONCAT($D$1,L21,".png")), "") | W21: =IFERROR( _xlfn.IMAGE(_xlfn.CONCAT($D$1,M21,".png")), "") | X21: =IFERROR( _xlfn.IMAGE(_xlfn.CONCAT($D$1,N21,".png")), "")
B22: 片 | C22: 堅三頗 | D22: phian3 | E22: =IF( LEN(D22)>0, LEN(D22), "") -> 6 | F22: {=IF(F$4<>$E22, MID($D22,F$4,1), INDEX(音調表[Key], MATCH(TRUE, EXACT(MID($D22,F$4,1), 音調表!$B$3:$B$12),0)))} -> p | G22: {=IF(G$4<>$E22, MID($D22,G$4,1), INDEX(音調表[Key], MATCH(TRUE, EXACT(MID($D22,G$4,1), 音調表!$B$3:$B$12),0)))} -> h | H22: {=IF(H$4<>$E22, MID($D22,H$4,1), INDEX(音調表[Key], MATCH(TRUE, EXACT(MID($D22,H$4,1), 音調表!$B$3:$B$12),0)))} -> i | I22: {=IF(I$4<>$E22, MID($D22,I$4,1), INDEX(音調表[Key], MATCH(TRUE, EXACT(MID($D22,I$4,1), 音調表!$B$3:$B$12),0)))} -> a | J22: {=IF(J$4<>$E22, MID($D22,J$4,1), INDEX(音調表[Key], MATCH(TRUE, EXACT(MID($D22,J$4,1), 音調表!$B$3:$B$12),0)))} -> n | K22: {=IF(K$4<>$E22, MID($D22,K$4,1), INDEX(音調表[Key], MATCH(TRUE, EXACT(MID($D22,K$4,1), 音調表!$B$3:$B$12),0)))} -> minus | L22: {=IF(L$4<>$E22, MID($D22,L$4,1), INDEX(音調表[Key], MATCH(TRUE, EXACT(MID($D22,L$4,1), 音調表!$B$3:$B$12),0)))} | M22: {=IF(M$4<>$E22, MID($D22,M$4,1), INDEX(音調表[Key], MATCH(TRUE, EXACT(MID($D22,M$4,1), 音調表!$B$3:$B$12),0)))} | N22: {=IF(N$4<>$E22, MID($D22,N$4,1), INDEX(音調表[Key], MATCH(TRUE, EXACT(MID($D22,N$4,1), 音調表!$B$3:$B$12),0)))} | P22: =IFERROR( _xlfn.IMAGE(_xlfn.CONCAT($D$1,F22,".png")), "") -> #VALUE! | Q22: =IFERROR( _xlfn.IMAGE(_xlfn.CONCAT($D$1,G22,".png")), "") -> #VALUE! | R22: =IFERROR( _xlfn.IMAGE(_xlfn.CONCAT($D$1,H22,".png")), "") -> #VALUE! | S22: =IFERROR( _xlfn.IMAGE(_xlfn.CONCAT($D$1,I22,".png")), "") -> #VALUE! | T22: =IFERROR( _xlfn.IMAGE(_xlfn.CONCAT($D$1,J22,".png")), "") -> #VALUE! | U22: =IFERROR( _xlfn.IMAGE(_xlfn.CONCAT($D$1,K22,".png")), "") -> #VALUE! | V22: =IFERROR( _xlfn.IMAGE(_xlfn.CONCAT($D$1,L22,".png")), "") | W22: =IFERROR( _xlfn.IMAGE(_xlfn.CONCAT($D$1,M22,".png")), "") | X22: =IFERROR( _xlfn.IMAGE(_xlfn.CONCAT($D$1,N22,".png")), "")
B23: 孤 | C23: 沽一求 | D23: koo1 | E23: =IF( LEN(D23)>0, LEN(D23), "") -> 4 | F23: {=IF(F$4<>$E23, MID($D23,F$4,1), INDEX(音調表[Key], MATCH(TRUE, EXACT(MID($D23,F$4,1), 音調表!$B$3:$B$12),0)))} -> k | G23: {=IF(G$4<>$E23, MID($D23,G$4,1), INDEX(音調表[Key], MATCH(TRUE, EXACT(MID($D23,G$4,1), 音調表!$B$3:$B$12),0)))} -> o | H23: {=IF(H$4<>$E23, MID($D23,H$4,1), INDEX(音調表[Key], MATCH(TRUE, EXACT(MID($D23,H$4,1), 音調表!$B$3:$B$12),0)))} -> o | I23: {=IF(I$4<>$E23, MID($D23,I$4,1), INDEX(音調表[Key], MATCH(TRUE, EXACT(MID($D23,I$4,1), 音調表!$B$3:$B$12),0)))} -> semicolon | J23: {=IF(J$4<>$E23, MID($D23,J$4,1), INDEX(音調表[Key], MATCH(TRUE, EXACT(MID($D23,J$4,1), 音調表!$B$3:$B$12),0)))} | K23: {=IF(K$4<>$E23, MID($D23,K$4,1), INDEX(音調表[Key], MATCH(TRUE, EXACT(MID($D23,K$4,1), 音調表!$B$3:$B$12),0)))} | L23: {=IF(L$4<>$E23, MID($D23,L$4,1), INDEX(音調表[Key], MATCH(TRUE, EXACT(MID($D23,L$4,1), 音調表!$B$3:$B$12),0)))} | M23: {=IF(M$4<>$E23, MID($D23,M$4,1), INDEX(音調表[Key], MATCH(TRUE, EXACT(MID($D23,M$4,1), 音調表!$B$3:$B$12),0)))} | N23: {=IF(N$4<>$E23, MID($D23,N$4,1), INDEX(音調表[Key], MATCH(TRUE, EXACT(MID($D23,N$4,1), 音調表!$B$3:$B$12),0)))} | P23: =IFERROR( _xlfn.IMAGE(_xlfn.CONCAT($D$1,F23,".png")), "") -> #VALUE! | Q23: =IFERROR( _xlfn.IMAGE(_xlfn.CONCAT($D$1,G23,".png")), "") -> #VALUE! | R23: =IFERROR( _xlfn.IMAGE(_xlfn.CONCAT($D$1,H23,".png")), "") -> #VALUE! | S23: =IFERROR( _xlfn.IMAGE(_xlfn.CONCAT($D$1,I23,".png")), "") -> #VALUE! | T23: =IFERROR( _xlfn.IMAGE(_xlfn.CONCAT($D$1,J23,".png")), "") | U23: =IFERROR( _xlfn.IMAGE(_xlfn.CONCAT($D$1,K23,".png")), "") | V23: =IFERROR( _xlfn.IMAGE(_xlfn.CONCAT($D$1,L23,".png")), "") | W23: =IFERROR( _xlfn.IMAGE(_xlfn.CONCAT($D$1,M23,".png")), "") | X23: =IFERROR( _xlfn.IMAGE(_xlfn.CONCAT($D$1,N23,".png")), "")
B24: 城 | C24: 經五時 | D24: sing5 | E24: =IF( LEN(D24)>0, LEN(D24), "") -> 5 | F24: {=IF(F$4<>$E24, MID($D24,F$4,1), INDEX(音調表[Key], MATCH(TRUE, EXACT(MID($D24,F$4,1), 音調表!$B$3:$B$12),0)))} -> s | G24: {=IF(G$4<>$E24, MID($D24,G$4,1), INDEX(音調表[Key], MATCH(TRUE, EXACT(MID($D24,G$4,1), 音調表!$B$3:$B$12),0)))} -> i | H24: {=IF(H$4<>$E24, MID($D24,H$4,1), INDEX(音調表[Key], MATCH(TRUE, EXACT(MID($D24,H$4,1), 音調表!$B$3:$B$12),0)))} -> n | I24: {=IF(I$4<>$E24, MID($D24,I$4,1), INDEX(音調表[Key], MATCH(TRUE, EXACT(MID($D24,I$4,1), 音調表!$B$3:$B$12),0)))} -> g | J24: {=IF(J$4<>$E24, MID($D24,J$4,1), INDEX(音調表[Key], MATCH(TRUE, EXACT(MID($D24,J$4,1), 音調表!$B$3:$B$12),0)))} -> slash | K24: {=IF(K$4<>$E24, MID($D24,K$4,1), INDEX(音調表[Key], MATCH(TRUE, EXACT(MID($D24,K$4,1), 音調表!$B$3:$B$12),0)))} | L24: {=IF(L$4<>$E24, MID($D24,L$4,1), INDEX(音調表[Key], MATCH(TRUE, EXACT(MID($D24,L$4,1), 音調表!$B$3:$B$12),0)))} | M24: {=IF(M$4<>$E24, MID($D24,M$4,1), INDEX(音調表[Key], MATCH(TRUE, EXACT(MID($D24,M$4,1), 音調表!$B$3:$B$12),0)))} | N24: {=IF(N$4<>$E24, MID($D24,N$4,1), INDEX(音調表[Key], MATCH(TRUE, EXACT(MID($D24,N$4,1), 音調表!$B$3:$B$12),0)))} | P24: =IFERROR( _xlfn.IMAGE(_xlfn.CONCAT($D$1,F24,".png")), "") -> #VALUE! | Q24: =IFERROR( _xlfn.IMAGE(_xlfn.CONCAT($D$1,G24,".png")), "") -> #VALUE! | R24: =IFERROR( _xlfn.IMAGE(_xlfn.CONCAT($D$1,H24,".png")), "") -> #VALUE! | S24: =IFERROR( _xlfn.IMAGE(_xlfn.CONCAT($D$1,I24,".png")), "") -> #VALUE! | T24: =IFERROR( _xlfn.IMAGE(_xlfn.CONCAT($D$1,J24,".png")), "") -> #VALUE! | U24: =IFERROR( _xlfn.IMAGE(_xlfn.CONCAT($D$1,K24,".png")), "") | V24: =IFERROR( _xlfn.IMAGE(_xlfn.CONCAT($D$1,L24,".png")), "") | W24: =IFERROR( _xlfn.IMAGE(_xlfn.CONCAT($D$1,M24,".png")), "") | X24: =IFERROR( _xlfn.IMAGE(_xlfn.CONCAT($D$1,N24,".png")), "")
B25: 萬 | C25: 干七門 | D25: ban7 | E25: =IF( LEN(D25)>0, LEN(D25), "") -> 4 | F25: {=IF(F$4<>$E25, MID($D25,F$4,1), INDEX(音調表[Key], MATCH(TRUE, EXACT(MID($D25,F$4,1), 音調表!$B$3:$B$12),0)))} -> b | G25: {=IF(G$4<>$E25, MID($D25,G$4,1), INDEX(音調表[Key], MATCH(TRUE, EXACT(MID($D25,G$4,1), 音調表!$B$3:$B$12),0)))} -> a | H25: {=IF(H$4<>$E25, MID($D25,H$4,1), INDEX(音調表[Key], MATCH(TRUE, EXACT(MID($D25,H$4,1), 音調表!$B$3:$B$12),0)))} -> n | I25: {=IF(I$4<>$E25, MID($D25,I$4,1), INDEX(音調表[Key], MATCH(TRUE, EXACT(MID($D25,I$4,1), 音調表!$B$3:$B$12),0)))} -> minus | J25: {=IF(J$4<>$E25, MID($D25,J$4,1), INDEX(音調表[Key], MATCH(TRUE, EXACT(MID($D25,J$4,1), 音調表!$B$3:$B$12),0)))} | K25: {=IF(K$4<>$E25, MID($D25,K$4,1), INDEX(音調表[Key], MATCH(TRUE, EXACT(MID($D25,K$4,1), 音調表!$B$3:$B$12),0)))} | L25: {=IF(L$4<>$E25, MID($D25,L$4,1), INDEX(音調表[Key], MATCH(TRUE, EXACT(MID($D25,L$4,1), 音調表!$B$3:$B$12),0)))} | M25: {=IF(M$4<>$E25, MID($D25,M$4,1), INDEX(音調表[Key], MATCH(TRUE, EXACT(MID($D25,M$4,1), 音調表!$B$3:$B$12),0)))} | N25: {=IF(N$4<>$E25, MID($D25,N$4,1), INDEX(音調表[Key], MATCH(TRUE, EXACT(MID($D25,N$4,1), 音調表!$B$3:$B$12),0)))} | P25: =IFERROR( _xlfn.IMAGE(_xlfn.CONCAT($D$1,F25,".png")), "") -> #VALUE! | Q25: =IFERROR( _xlfn.IMAGE(_xlfn.CONCAT($D$1,G25,".png")), "") -> #VALUE! | R25: =IFERROR( _xlfn.IMAGE(_xlfn.CONCAT($D$1,H25,".png")), "") -> #VALUE! | S25: =IFERROR( _xlfn.IMAGE(_xlfn.CONCAT($D$1,I25,".png")), "") -> #VALUE! | T25: =IFERROR( _xlfn.IMAGE(_xlfn.CONCAT($D$1,J25,".png")), "") | U25: =IFERROR( _xlfn.IMAGE(_xlfn.CONCAT($D$1,K25,".png")), "") | V25: =IFERROR( _xlfn.IMAGE(_xlfn.CONCAT($D$1,L25,".png")), "") | W25: =IFERROR( _xlfn.IMAGE(_xlfn.CONCAT($D$1,M25,".png")), "") | X25: =IFERROR( _xlfn.IMAGE(_xlfn.CONCAT($D$1,N25,".png")), "")
B26: 仞 | C26: 金七入 | D26: jim7 | E26: =IF( LEN(D26)>0, LEN(D26), "") -> 4 | F26: {=IF(F$4<>$E26, MID($D26,F$4,1), INDEX(音調表[Key], MATCH(TRUE, EXACT(MID($D26,F$4,1), 音調表!$B$3:$B$12),0)))} -> j | G26: {=IF(G$4<>$E26, MID($D26,G$4,1), INDEX(音調表[Key], MATCH(TRUE, EXACT(MID($D26,G$4,1), 音調表!$B$3:$B$12),0)))} -> i | H26: {=IF(H$4<>$E26, MID($D26,H$4,1), INDEX(音調表[Key], MATCH(TRUE, EXACT(MID($D26,H$4,1), 音調表!$B$3:$B$12),0)))} -> m | I26: {=IF(I$4<>$E26, MID($D26,I$4,1), INDEX(音調表[Key], MATCH(TRUE, EXACT(MID($D26,I$4,1), 音調表!$B$3:$B$12),0)))} -> minus | J26: {=IF(J$4<>$E26, MID($D26,J$4,1), INDEX(音調表[Key], MATCH(TRUE, EXACT(MID($D26,J$4,1), 音調表!$B$3:$B$12),0)))} | K26: {=IF(K$4<>$E26, MID($D26,K$4,1), INDEX(音調表[Key], MATCH(TRUE, EXACT(MID($D26,K$4,1), 音調表!$B$3:$B$12),0)))} | L26: {=IF(L$4<>$E26, MID($D26,L$4,1), INDEX(音調表[Key], MATCH(TRUE, EXACT(MID($D26,L$4,1), 音調表!$B$3:$B$12),0)))} | M26: {=IF(M$4<>$E26, MID($D26,M$4,1), INDEX(音調表[Key], MATCH(TRUE, EXACT(MID($D26,M$4,1), 音調表!$B$3:$B$12),0)))} | N26: {=IF(N$4<>$E26, MID($D26,N$4,1), INDEX(音調表[Key], MATCH(TRUE, EXACT(MID($D26,N$4,1), 音調表!$B$3:$B$12),0)))} | P26: =IFERROR( _xlfn.IMAGE(_xlfn.CONCAT($D$1,F26,".png")), "") -> #VALUE! | Q26: =IFERROR( _xlfn.IMAGE(_xlfn.CONCAT($D$1,G26,".png")), "") -> #VALUE! | R26: =IFERROR( _xlfn.IMAGE(_xlfn.CONCAT($D$1,H26,".png")), "") -> #VALUE! | S26: =IFERROR( _xlfn.IMAGE(_xlfn.CONCAT($D$1,I26,".png")), "") -> #VALUE! | T26: =IFERROR( _xlfn.IMAGE(_xlfn.CONCAT($D$1,J26,".png")), "") | U26: =IFERROR( _xlfn.IMAGE(_xlfn.CONCAT($D$1,K26,".png")), "") | V26: =IFERROR( _xlfn.IMAGE(_xlfn.CONCAT($D$1,L26,".png")), "") | W26: =IFERROR( _xlfn.IMAGE(_xlfn.CONCAT($D$1,M26,".png")), "") | X26: =IFERROR( _xlfn.IMAGE(_xlfn.CONCAT($D$1,N26,".png")), "")
B27: 山 | C27: 干一時 | D27: san1 | E27: =IF( LEN(D27)>0, LEN(D27), "") -> 4 | F27: {=IF(F$4<>$E27, MID($D27,F$4,1), INDEX(音調表[Key], MATCH(TRUE, EXACT(MID($D27,F$4,1), 音調表!$B$3:$B$12),0)))} -> s | G27: {=IF(G$4<>$E27, MID($D27,G$4,1), INDEX(音調表[Key], MATCH(TRUE, EXACT(MID($D27,G$4,1), 音調表!$B$3:$B$12),0)))} -> a | H27: {=IF(H$4<>$E27, MID($D27,H$4,1), INDEX(音調表[Key], MATCH(TRUE, EXACT(MID($D27,H$4,1), 音調表!$B$3:$B$12),0)))} -> n | I27: {=IF(I$4<>$E27, MID($D27,I$4,1), INDEX(音調表[Key], MATCH(TRUE, EXACT(MID($D27,I$4,1), 音調表!$B$3:$B$12),0)))} -> semicolon | J27: {=IF(J$4<>$E27, MID($D27,J$4,1), INDEX(音調表[Key], MATCH(TRUE, EXACT(MID($D27,J$4,1), 音調表!$B$3:$B$12),0)))} | K27: {=IF(K$4<>$E27, MID($D27,K$4,1), INDEX(音調表[Key], MATCH(TRUE, EXACT(MID($D27,K$4,1), 音調表!$B$3:$B$12),0)))} | L27: {=IF(L$4<>$E27, MID($D27,L$4,1), INDEX(音調表[Key], MATCH(TRUE, EXACT(MID($D27,L$4,1), 音調表!$B$3:$B$12),0)))} | M27: {=IF(M$4<>$E27, MID($D27,M$4,1), INDEX(音調表[Key], MATCH(TRUE, EXACT(MID($D27,M$4,1), 音調表!$B$3:$B$12),0)))} | N27: {=IF(N$4<>$E27, MID($D27,N$4,1), INDEX(音調表[Key], MATCH(TRUE, EXACT(MID($D27,N$4,1), 音調表!$B$3:$B$12),0)))} | P27: =IFERROR( _xlfn.IMAGE(_xlfn.CONCAT($D$1,F27,".png")), "") -> #VALUE! | Q27: =IFERROR( _xlfn.IMAGE(_xlfn.CONCAT($D$1,G27,".png")), "") -> #VALUE! | R27: =IFERROR( _xlfn.IMAGE(_xlfn.CONCAT($D$1,H27,".png")), "") -> #VALUE! | S27: =IFERROR( _xlfn.IMAGE(_xlfn.CONCAT($D$1,I27,".png")), "") -> #VALUE! | T27: =IFERROR( _xlfn.IMAGE(_xlfn.CONCAT($D$1,J27,".png")), "") | U27: =IFERROR( _xlfn.IMAGE(_xlfn.CONCAT($D$1,K27,".png")), "") | V27: =IFERROR( _xlfn.IMAGE(_xlfn.CONCAT($D$1,L27,".png")), "") | W27: =IFERROR( _xlfn.IMAGE(_xlfn.CONCAT($D$1,M27,".png")), "") | X27: =IFERROR( _xlfn.IMAGE(_xlfn.CONCAT($D$1,N27,".png")), "")
B28: 。 | E28: =IF( LEN(D28)>0, LEN(D28), "") | F28: {=IF(F$4<>$E28, MID($D28,F$4,1), INDEX(音調表[Key], MATCH(TRUE, EXACT(MID($D28,F$4,1), 音調表!$B$3:$B$12),0)))} | G28: {=IF(G$4<>$E28, MID($D28,G$4,1), INDEX(音調表[Key], MATCH(TRUE, EXACT(MID($D28,G$4,1), 音調表!$B$3:$B$12),0)))} | H28: {=IF(H$4<>$E28, MID($D28,H$4,1), INDEX(音調表[Key], MATCH(TRUE, EXACT(MID($D28,H$4,1), 音調表!$B$3:$B$12),0)))} | I28: {=IF(I$4<>$E28, MID($D28,I$4,1), INDEX(音調表[Key], MATCH(TRUE, EXACT(MID($D28,I$4,1), 音調表!$B$3:$B$12),0)))} | J28: {=IF(J$4<>$E28, MID($D28,J$4,1), INDEX(音調表[Key], MATCH(TRUE, EXACT(MID($D28,J$4,1), 音調表!$B$3:$B$12),0)))} | K28: {=IF(K$4<>$E28, MID($D28,K$4,1), INDEX(音調表[Key], MATCH(TRUE, EXACT(MID($D28,K$4,1), 音調表!$B$3:$B$12),0)))} | L28: {=IF(L$4<>$E28, MID($D28,L$4,1), INDEX(音調表[Key], MATCH(TRUE, EXACT(MID($D28,L$4,1), 音調表!$B$3:$B$12),0)))} | M28: {=IF(M$4<>$E28, MID($D28,M$4,1), INDEX(音調表[Key], MATCH(TRUE, EXACT(MID($D28,M$4,1), 音調表!$B$3:$B$12),0)))} | N28: {=IF(N$4<>$E28, MID($D28,N$4,1), INDEX(音調表[Key], MATCH(TRUE, EXACT(MID($D28,N$4,1), 音調表!$B$3:$B$12),0)))} | P28: =IFERROR( _xlfn.IMAGE(_xlfn.CONCAT($D$1,F28,".png")), "") | Q28: =IFERROR( _xlfn.IMAGE(_xlfn.CONCAT($D$1,G28,".png")), "") | R28: =IFERROR( _xlfn.IMAGE(_xlfn.CONCAT($D$1,H28,".png")), "") | S28: =IFERROR( _xlfn.IMAGE(_xlfn.CONCAT($D$1,I28,".png")), "") | T28: =IFERROR( _xlfn.IMAGE(_xlfn.CONCAT($D$1,J28,".png")), "") | U28: =IFERROR( _xlfn.IMAGE(_xlfn.CONCAT($D$1,K28,".png")), "") | V28: =IFERROR( _xlfn.IMAGE(_xlfn.CONCAT($D$1,L28,".png")), "") | W28: =IFERROR( _xlfn.IMAGE(_xlfn.CONCAT($D$1,M28,".png")), "") | X28: =IFERROR( _xlfn.IMAGE(_xlfn.CONCAT($D$1,N28,".png")), "")
E29: =IF( LEN(D29)>0, LEN(D29), "") | F29: {=IF(F$4<>$E29, MID($D29,F$4,1), INDEX(音調表[Key], MATCH(TRUE, EXACT(MID($D29,F$4,1), 音調表!$B$3:$B$12),0)))} | G29: {=IF(G$4<>$E29, MID($D29,G$4,1), INDEX(音調表[Key], MATCH(TRUE, EXACT(MID($D29,G$4,1), 音調表!$B$3:$B$12),0)))} | H29: {=IF(H$4<>$E29, MID($D29,H$4,1), INDEX(音調表[Key], MATCH(TRUE, EXACT(MID($D29,H$4,1), 音調表!$B$3:$B$12),0)))} | I29: {=IF(I$4<>$E29, MID($D29,I$4,1), INDEX(音調表[Key], MATCH(TRUE, EXACT(MID($D29,I$4,1), 音調表!$B$3:$B$12),0)))} | J29: {=IF(J$4<>$E29, MID($D29,J$4,1), INDEX(音調表[Key], MATCH(TRUE, EXACT(MID($D29,J$4,1), 音調表!$B$3:$B$12),0)))} | K29: {=IF(K$4<>$E29, MID($D29,K$4,1), INDEX(音調表[Key], MATCH(TRUE, EXACT(MID($D29,K$4,1), 音調表!$B$3:$B$12),0)))} | L29: {=IF(L$4<>$E29, MID($D29,L$4,1), INDEX(音調表[Key], MATCH(TRUE, EXACT(MID($D29,L$4,1), 音調表!$B$3:$B$12),0)))} | M29: {=IF(M$4<>$E29, MID($D29,M$4,1), INDEX(音調表[Key], MATCH(TRUE, EXACT(MID($D29,M$4,1), 音調表!$B$3:$B$12),0)))} | N29: {=IF(N$4<>$E29, MID($D29,N$4,1), INDEX(音調表[Key], MATCH(TRUE, EXACT(MID($D29,N$4,1), 音調表!$B$3:$B$12),0)))} | P29: =IFERROR( _xlfn.IMAGE(_xlfn.CONCAT($D$1,F29,".png")), "") | Q29: =IFERROR( _xlfn.IMAGE(_xlfn.CONCAT($D$1,G29,".png")), "") | R29: =IFERROR( _xlfn.IMAGE(_xlfn.CONCAT($D$1,H29,".png")), "") | S29: =IFERROR( _xlfn.IMAGE(_xlfn.CONCAT($D$1,I29,".png")), "") | T29: =IFERROR( _xlfn.IMAGE(_xlfn.CONCAT($D$1,J29,".png")), "") | U29: =IFERROR( _xlfn.IMAGE(_xlfn.CONCAT($D$1,K29,".png")), "") | V29: =IFERROR( _xlfn.IMAGE(_xlfn.CONCAT($D$1,L29,".png")), "") | W29: =IFERROR( _xlfn.IMAGE(_xlfn.CONCAT($D$1,M29,".png")), "") | X29: =IFERROR( _xlfn.IMAGE(_xlfn.CONCAT($D$1,N29,".png")), "")
B30: 羌 | C30: 姜一去 | D30: khiang1 | E30: =IF( LEN(D30)>0, LEN(D30), "") -> 7 | F30: {=IF(F$4<>$E30, MID($D30,F$4,1), INDEX(音調表[Key], MATCH(TRUE, EXACT(MID($D30,F$4,1), 音調表!$B$3:$B$12),0)))} -> k | G30: {=IF(G$4<>$E30, MID($D30,G$4,1), INDEX(音調表[Key], MATCH(TRUE, EXACT(MID($D30,G$4,1), 音調表!$B$3:$B$12),0)))} -> h | H30: {=IF(H$4<>$E30, MID($D30,H$4,1), INDEX(音調表[Key], MATCH(TRUE, EXACT(MID($D30,H$4,1), 音調表!$B$3:$B$12),0)))} -> i | I30: {=IF(I$4<>$E30, MID($D30,I$4,1), INDEX(音調表[Key], MATCH(TRUE, EXACT(MID($D30,I$4,1), 音調表!$B$3:$B$12),0)))} -> a | J30: {=IF(J$4<>$E30, MID($D30,J$4,1), INDEX(音調表[Key], MATCH(TRUE, EXACT(MID($D30,J$4,1), 音調表!$B$3:$B$12),0)))} -> n | K30: {=IF(K$4<>$E30, MID($D30,K$4,1), INDEX(音調表[Key], MATCH(TRUE, EXACT(MID($D30,K$4,1), 音調表!$B$3:$B$12),0)))} -> g | L30: {=IF(L$4<>$E30, MID($D30,L$4,1), INDEX(音調表[Key], MATCH(TRUE, EXACT(MID($D30,L$4,1), 音調表!$B$3:$B$12),0)))} -> semicolon | M30: {=IF(M$4<>$E30, MID($D30,M$4,1), INDEX(音調表[Key], MATCH(TRUE, EXACT(MID($D30,M$4,1), 音調表!$B$3:$B$12),0)))} | N30: {=IF(N$4<>$E30, MID($D30,N$4,1), INDEX(音調表[Key], MATCH(TRUE, EXACT(MID($D30,N$4,1), 音調表!$B$3:$B$12),0)))} | P30: =IFERROR( _xlfn.IMAGE(_xlfn.CONCAT($D$1,F30,".png")), "") -> #VALUE! | Q30: =IFERROR( _xlfn.IMAGE(_xlfn.CONCAT($D$1,G30,".png")), "") -> #VALUE! | R30: =IFERROR( _xlfn.IMAGE(_xlfn.CONCAT($D$1,H30,".png")), "") -> #VALUE! | S30: =IFERROR( _xlfn.IMAGE(_xlfn.CONCAT($D$1,I30,".png")), "") -> #VALUE! | T30: =IFERROR( _xlfn.IMAGE(_xlfn.CONCAT($D$1,J30,".png")), "") -> #VALUE! | U30: =IFERROR( _xlfn.IMAGE(_xlfn.CONCAT($D$1,K30,".png")), "") -> #VALUE! | V30: =IFERROR( _xlfn.IMAGE(_xlfn.CONCAT($D$1,L30,".png")), "") -> #VALUE! | W30: =IFERROR( _xlfn.IMAGE(_xlfn.CONCAT($D$1,M30,".png")), "") | X30: =IFERROR( _xlfn.IMAGE(_xlfn.CONCAT($D$1,N30,".png")), "")
B31: 笛 | C31: 經八地 | D31: tik8 | E31: =IF( LEN(D31)>0, LEN(D31), "") -> 4 | F31: {=IF(F$4<>$E31, MID($D31,F$4,1), INDEX(音調表[Key], MATCH(TRUE, EXACT(MID($D31,F$4,1), 音調表!$B$3:$B$12),0)))} -> t | G31: {=IF(G$4<>$E31, MID($D31,G$4,1), INDEX(音調表[Key], MATCH(TRUE, EXACT(MID($D31,G$4,1), 音調表!$B$3:$B$12),0)))} -> i | H31: {=IF(H$4<>$E31, MID($D31,H$4,1), INDEX(音調表[Key], MATCH(TRUE, EXACT(MID($D31,H$4,1), 音調表!$B$3:$B$12),0)))} -> k | I31: {=IF(I$4<>$E31, MID($D31,I$4,1), INDEX(音調表[Key], MATCH(TRUE, EXACT(MID($D31,I$4,1), 音調表!$B$3:$B$12),0)))} -> rbracket | J31: {=IF(J$4<>$E31, MID($D31,J$4,1), INDEX(音調表[Key], MATCH(TRUE, EXACT(MID($D31,J$4,1), 音調表!$B$3:$B$12),0)))} | K31: {=IF(K$4<>$E31, MID($D31,K$4,1), INDEX(音調表[Key], MATCH(TRUE, EXACT(MID($D31,K$4,1), 音調表!$B$3:$B$12),0)))} | L31: {=IF(L$4<>$E31, MID($D31,L$4,1), INDEX(音調表[Key], MATCH(TRUE, EXACT(MID($D31,L$4,1), 音調表!$B$3:$B$12),0)))} | M31: {=IF(M$4<>$E31, MID($D31,M$4,1), INDEX(音調表[Key], MATCH(TRUE, EXACT(MID($D31,M$4,1), 音調表!$B$3:$B$12),0)))} | N31: {=IF(N$4<>$E31, MID($D31,N$4,1), INDEX(音調表[Key], MATCH(TRUE, EXACT(MID($D31,N$4,1), 音調表!$B$3:$B$12),0)))} | P31: =IFERROR( _xlfn.IMAGE(_xlfn.CONCAT($D$1,F31,".png")), "") -> #VALUE! | Q31: =IFERROR( _xlfn.IMAGE(_xlfn.CONCAT($D$1,G31,".png")), "") -> #VALUE! | R31: =IFERROR( _xlfn.IMAGE(_xlfn.CONCAT($D$1,H31,".png")), "") -> #VALUE! | S31: =IFERROR( _xlfn.IMAGE(_xlfn.CONCAT($D$1,I31,".png")), "") -> #VALUE! | T31: =IFERROR( _xlfn.IMAGE(_xlfn.CONCAT($D$1,J31,".png")), "") | U31: =IFERROR( _xlfn.IMAGE(_xlfn.CONCAT($D$1,K31,".png")), "") | V31: =IFERROR( _xlfn.IMAGE(_xlfn.CONCAT($D$1,L31,".png")), "") | W31: =IFERROR( _xlfn.IMAGE(_xlfn.CONCAT($D$1,M31,".png")), "") | X31: =IFERROR( _xlfn.IMAGE(_xlfn.CONCAT($D$1,N31,".png")), "")
B32: 何 | C32: 高五喜 | D32: ho5 | E32: =IF( LEN(D32)>0, LEN(D32), "") -> 3 | F32: {=IF(F$4<>$E32, MID($D32,F$4,1), INDEX(音調表[Key], MATCH(TRUE, EXACT(MID($D32,F$4,1), 音調表!$B$3:$B$12),0)))} -> h | G32: {=IF(G$4<>$E32, MID($D32,G$4,1), INDEX(音調表[Key], MATCH(TRUE, EXACT(MID($D32,G$4,1), 音調表!$B$3:$B$12),0)))} -> o | H32: {=IF(H$4<>$E32, MID($D32,H$4,1), INDEX(音調表[Key], MATCH(TRUE, EXACT(MID($D32,H$4,1), 音調表!$B$3:$B$12),0)))} -> slash | I32: {=IF(I$4<>$E32, MID($D32,I$4,1), INDEX(音調表[Key], MATCH(TRUE, EXACT(MID($D32,I$4,1), 音調表!$B$3:$B$12),0)))} | J32: {=IF(J$4<>$E32, MID($D32,J$4,1), INDEX(音調表[Key], MATCH(TRUE, EXACT(MID($D32,J$4,1), 音調表!$B$3:$B$12),0)))} | K32: {=IF(K$4<>$E32, MID($D32,K$4,1), INDEX(音調表[Key], MATCH(TRUE, EXACT(MID($D32,K$4,1), 音調表!$B$3:$B$12),0)))} | L32: {=IF(L$4<>$E32, MID($D32,L$4,1), INDEX(音調表[Key], MATCH(TRUE, EXACT(MID($D32,L$4,1), 音調表!$B$3:$B$12),0)))} | M32: {=IF(M$4<>$E32, MID($D32,M$4,1), INDEX(音調表[Key], MATCH(TRUE, EXACT(MID($D32,M$4,1), 音調表!$B$3:$B$12),0)))} | N32: {=IF(N$4<>$E32, MID($D32,N$4,1), INDEX(音調表[Key], MATCH(TRUE, EXACT(MID($D32,N$4,1), 音調表!$B$3:$B$12),0)))} | P32: =IFERROR( _xlfn.IMAGE(_xlfn.CONCAT($D$1,F32,".png")), "") -> #VALUE! | Q32: =IFERROR( _xlfn.IMAGE(_xlfn.CONCAT($D$1,G32,".png")), "") -> #VALUE! | R32: =IFERROR( _xlfn.IMAGE(_xlfn.CONCAT($D$1,H32,".png")), "") -> #VALUE! | S32: =IFERROR( _xlfn.IMAGE(_xlfn.CONCAT($D$1,I32,".png")), "") | T32: =IFERROR( _xlfn.IMAGE(_xlfn.CONCAT($D$1,J32,".png")), "") | U32: =IFERROR( _xlfn.IMAGE(_xlfn.CONCAT($D$1,K32,".png")), "") | V32: =IFERROR( _xlfn.IMAGE(_xlfn.CONCAT($D$1,L32,".png")), "") | W32: =IFERROR( _xlfn.IMAGE(_xlfn.CONCAT($D$1,M32,".png")), "") | X32: =IFERROR( _xlfn.IMAGE(_xlfn.CONCAT($D$1,N32,".png")), "")
B33: 須 | C33: 艍一時 | D33: su1 | E33: =IF( LEN(D33)>0, LEN(D33), "") -> 3 | F33: {=IF(F$4<>$E33, MID($D33,F$4,1), INDEX(音調表[Key], MATCH(TRUE, EXACT(MID($D33,F$4,1), 音調表!$B$3:$B$12),0)))} -> s | G33: {=IF(G$4<>$E33, MID($D33,G$4,1), INDEX(音調表[Key], MATCH(TRUE, EXACT(MID($D33,G$4,1), 音調表!$B$3:$B$12),0)))} -> u | H33: {=IF(H$4<>$E33, MID($D33,H$4,1), INDEX(音調表[Key], MATCH(TRUE, EXACT(MID($D33,H$4,1), 音調表!$B$3:$B$12),0)))} -> semicolon | I33: {=IF(I$4<>$E33, MID($D33,I$4,1), INDEX(音調表[Key], MATCH(TRUE, EXACT(MID($D33,I$4,1), 音調表!$B$3:$B$12),0)))} | J33: {=IF(J$4<>$E33, MID($D33,J$4,1), INDEX(音調表[Key], MATCH(TRUE, EXACT(MID($D33,J$4,1), 音調表!$B$3:$B$12),0)))} | K33: {=IF(K$4<>$E33, MID($D33,K$4,1), INDEX(音調表[Key], MATCH(TRUE, EXACT(MID($D33,K$4,1), 音調表!$B$3:$B$12),0)))} | L33: {=IF(L$4<>$E33, MID($D33,L$4,1), INDEX(音調表[Key], MATCH(TRUE, EXACT(MID($D33,L$4,1), 音調表!$B$3:$B$12),0)))} | M33: {=IF(M$4<>$E33, MID($D33,M$4,1), INDEX(音調表[Key], MATCH(TRUE, EXACT(MID($D33,M$4,1), 音調表!$B$3:$B$12),0)))} | N33: {=IF(N$4<>$E33, MID($D33,N$4,1), INDEX(音調表[Key], MATCH(TRUE, EXACT(MID($D33,N$4,1), 音調表!$B$3:$B$12),0)))} | P33: =IFERROR( _xlfn.IMAGE(_xlfn.CONCAT($D$1,F33,".png")), "") -> #VALUE! | Q33: =IFERROR( _xlfn.IMAGE(_xlfn.CONCAT($D$1,G33,".png")), "") -> #VALUE! | R33: =IFERROR( _xlfn.IMAGE(_xlfn.CONCAT($D$1,H33,".png")), "") -> #VALUE! | S33: =IFERROR( _xlfn.IMAGE(_xlfn.CONCAT($D$1,I33,".png")), "") | T33: =IFERROR( _xlfn.IMAGE(_xlfn.CONCAT($D$1,J33,".png")), "") | U33: =IFERROR( _xlfn.IMAGE(_xlfn.CONCAT($D$1,K33,".png")), "") | V33: =IFERROR( _xlfn.IMAGE(_xlfn.CONCAT($D$1,L33,".png")), "") | W33: =IFERROR( _xlfn.IMAGE(_xlfn.CONCAT($D$1,M33,".png")), "") | X33: =IFERROR( _xlfn.IMAGE(_xlfn.CONCAT($D$1,N33,".png")), "")
B34: 怨 | C34: 觀三英 | D34: uan3 | E34: =IF( LEN(D34)>0, LEN(D34), "") -> 4 | F34: {=IF(F$4<>$E34, MID($D34,F$4,1), INDEX(音調表[Key], MATCH(TRUE, EXACT(MID($D34,F$4,1), 音調表!$B$3:$B$12),0)))} -> u | G34: {=IF(G$4<>$E34, MID($D34,G$4,1), INDEX(音調表[Key], MATCH(TRUE, EXACT(MID($D34,G$4,1), 音調表!$B$3:$B$12),0)))} -> a | H34: {=IF(H$4<>$E34, MID($D34,H$4,1), INDEX(音調表[Key], MATCH(TRUE, EXACT(MID($D34,H$4,1), 音調表!$B$3:$B$12),0)))} -> n | I34: {=IF(I$4<>$E34, MID($D34,I$4,1), INDEX(音調表[Key], MATCH(TRUE, EXACT(MID($D34,I$4,1), 音調表!$B$3:$B$12),0)))} -> minus | J34: {=IF(J$4<>$E34, MID($D34,J$4,1), INDEX(音調表[Key], MATCH(TRUE, EXACT(MID($D34,J$4,1), 音調表!$B$3:$B$12),0)))} | K34: {=IF(K$4<>$E34, MID($D34,K$4,1), INDEX(音調表[Key], MATCH(TRUE, EXACT(MID($D34,K$4,1), 音調表!$B$3:$B$12),0)))} | L34: {=IF(L$4<>$E34, MID($D34,L$4,1), INDEX(音調表[Key], MATCH(TRUE, EXACT(MID($D34,L$4,1), 音調表!$B$3:$B$12),0)))} | M34: {=IF(M$4<>$E34, MID($D34,M$4,1), INDEX(音調表[Key], MATCH(TRUE, EXACT(MID($D34,M$4,1), 音調表!$B$3:$B$12),0)))} | N34: {=IF(N$4<>$E34, MID($D34,N$4,1), INDEX(音調表[Key], MATCH(TRUE, EXACT(MID($D34,N$4,1), 音調表!$B$3:$B$12),0)))} | P34: =IFERROR( _xlfn.IMAGE(_xlfn.CONCAT($D$1,F34,".png")), "") -> #VALUE! | Q34: =IFERROR( _xlfn.IMAGE(_xlfn.CONCAT($D$1,G34,".png")), "") -> #VALUE! | R34: =IFERROR( _xlfn.IMAGE(_xlfn.CONCAT($D$1,H34,".png")), "") -> #VALUE! | S34: =IFERROR( _xlfn.IMAGE(_xlfn.CONCAT($D$1,I34,".png")), "") -> #VALUE! | T34: =IFERROR( _xlfn.IMAGE(_xlfn.CONCAT($D$1,J34,".png")), "") | U34: =IFERROR( _xlfn.IMAGE(_xlfn.CONCAT($D$1,K34,".png")), "") | V34: =IFERROR( _xlfn.IMAGE(_xlfn.CONCAT($D$1,L34,".png")), "") | W34: =IFERROR( _xlfn.IMAGE(_xlfn.CONCAT($D$1,M34,".png")), "") | X34: =IFERROR( _xlfn.IMAGE(_xlfn.CONCAT($D$1,N34,".png")), "")
B35: 楊 | C35: 恭五英 | D35: iong5 | E35: =IF( LEN(D35)>0, LEN(D35), "") -> 5 | F35: {=IF(F$4<>$E35, MID($D35,F$4,1), INDEX(音調表[Key], MATCH(TRUE, EXACT(MID($D35,F$4,1), 音調表!$B$3:$B$12),0)))} -> i | G35: {=IF(G$4<>$E35, MID($D35,G$4,1), INDEX(音調表[Key], MATCH(TRUE, EXACT(MID($D35,G$4,1), 音調表!$B$3:$B$12),0)))} -> o | H35: {=IF(H$4<>$E35, MID($D35,H$4,1), INDEX(音調表[Key], MATCH(TRUE, EXACT(MID($D35,H$4,1), 音調表!$B$3:$B$12),0)))} -> n | I35: {=IF(I$4<>$E35, MID($D35,I$4,1), INDEX(音調表[Key], MATCH(TRUE, EXACT(MID($D35,I$4,1), 音調表!$B$3:$B$12),0)))} -> g | J35: {=IF(J$4<>$E35, MID($D35,J$4,1), INDEX(音調表[Key], MATCH(TRUE, EXACT(MID($D35,J$4,1), 音調表!$B$3:$B$12),0)))} -> slash | K35: {=IF(K$4<>$E35, MID($D35,K$4,1), INDEX(音調表[Key], MATCH(TRUE, EXACT(MID($D35,K$4,1), 音調表!$B$3:$B$12),0)))} | L35: {=IF(L$4<>$E35, MID($D35,L$4,1), INDEX(音調表[Key], MATCH(TRUE, EXACT(MID($D35,L$4,1), 音調表!$B$3:$B$12),0)))} | M35: {=IF(M$4<>$E35, MID($D35,M$4,1), INDEX(音調表[Key], MATCH(TRUE, EXACT(MID($D35,M$4,1), 音調表!$B$3:$B$12),0)))} | N35: {=IF(N$4<>$E35, MID($D35,N$4,1), INDEX(音調表[Key], MATCH(TRUE, EXACT(MID($D35,N$4,1), 音調表!$B$3:$B$12),0)))} | P35: =IFERROR( _xlfn.IMAGE(_xlfn.CONCAT($D$1,F35,".png")), "") -> #VALUE! | Q35: =IFERROR( _xlfn.IMAGE(_xlfn.CONCAT($D$1,G35,".png")), "") -> #VALUE! | R35: =IFERROR( _xlfn.IMAGE(_xlfn.CONCAT($D$1,H35,".png")), "") -> #VALUE! | S35: =IFERROR( _xlfn.IMAGE(_xlfn.CONCAT($D$1,I35,".png")), "") -> #VALUE! | T35: =IFERROR( _xlfn.IMAGE(_xlfn.CONCAT($D$1,J35,".png")), "") -> #VALUE! | U35: =IFERROR( _xlfn.IMAGE(_xlfn.CONCAT($D$1,K35,".png")), "") | V35: =IFERROR( _xlfn.IMAGE(_xlfn.CONCAT($D$1,L35,".png")), "") | W35: =IFERROR( _xlfn.IMAGE(_xlfn.CONCAT($D$1,M35,".png")), "") | X35: =IFERROR( _xlfn.IMAGE(_xlfn.CONCAT($D$1,N35,".png")), "")
B36: 柳 | C36: 丩二柳 | D36: liu2 | E36: =IF( LEN(D36)>0, LEN(D36), "") -> 4 | F36: {=IF(F$4<>$E36, MID($D36,F$4,1), INDEX(音調表[Key], MATCH(TRUE, EXACT(MID($D36,F$4,1), 音調表!$B$3:$B$12),0)))} -> l | G36: {=IF(G$4<>$E36, MID($D36,G$4,1), INDEX(音調表[Key], MATCH(TRUE, EXACT(MID($D36,G$4,1), 音調表!$B$3:$B$12),0)))} -> i | H36: {=IF(H$4<>$E36, MID($D36,H$4,1), INDEX(音調表[Key], MATCH(TRUE, EXACT(MID($D36,H$4,1), 音調表!$B$3:$B$12),0)))} -> u | I36: {=IF(I$4<>$E36, MID($D36,I$4,1), INDEX(音調表[Key], MATCH(TRUE, EXACT(MID($D36,I$4,1), 音調表!$B$3:$B$12),0)))} -> backslash | J36: {=IF(J$4<>$E36, MID($D36,J$4,1), INDEX(音調表[Key], MATCH(TRUE, EXACT(MID($D36,J$4,1), 音調表!$B$3:$B$12),0)))} | K36: {=IF(K$4<>$E36, MID($D36,K$4,1), INDEX(音調表[Key], MATCH(TRUE, EXACT(MID($D36,K$4,1), 音調表!$B$3:$B$12),0)))} | L36: {=IF(L$4<>$E36, MID($D36,L$4,1), INDEX(音調表[Key], MATCH(TRUE, EXACT(MID($D36,L$4,1), 音調表!$B$3:$B$12),0)))} | M36: {=IF(M$4<>$E36, MID($D36,M$4,1), INDEX(音調表[Key], MATCH(TRUE, EXACT(MID($D36,M$4,1), 音調表!$B$3:$B$12),0)))} | N36: {=IF(N$4<>$E36, MID($D36,N$4,1), INDEX(音調表[Key], MATCH(TRUE, EXACT(MID($D36,N$4,1), 音調表!$B$3:$B$12),0)))} | P36: =IFERROR( _xlfn.IMAGE(_xlfn.CONCAT($D$1,F36,".png")), "") -> #VALUE! | Q36: =IFERROR( _xlfn.IMAGE(_xlfn.CONCAT($D$1,G36,".png")), "") -> #VALUE! | R36: =IFERROR( _xlfn.IMAGE(_xlfn.CONCAT($D$1,H36,".png")), "") -> #VALUE! | S36: =IFERROR( _xlfn.IMAGE(_xlfn.CONCAT($D$1,I36,".png")), "") -> #VALUE! | T36: =IFERROR( _xlfn.IMAGE(_xlfn.CONCAT($D$1,J36,".png")), "") | U36: =IFERROR( _xlfn.IMAGE(_xlfn.CONCAT($D$1,K36,".png")), "") | V36: =IFERROR( _xlfn.IMAGE(_xlfn.CONCAT($D$1,L36,".png")), "") | W36: =IFERROR( _xlfn.IMAGE(_xlfn.CONCAT($D$1,M36,".png")), "") | X36: =IFERROR( _xlfn.IMAGE(_xlfn.CONCAT($D$1,N36,".png")), "")
B37: ， | E37: =IF( LEN(D37)>0, LEN(D37), "") | F37: {=IF(F$4<>$E37, MID($D37,F$4,1), INDEX(音調表[Key], MATCH(TRUE, EXACT(MID($D37,F$4,1), 音調表!$B$3:$B$12),0)))} | G37: {=IF(G$4<>$E37, MID($D37,G$4,1), INDEX(音調表[Key], MATCH(TRUE, EXACT(MID($D37,G$4,1), 音調表!$B$3:$B$12),0)))} | H37: {=IF(H$4<>$E37, MID($D37,H$4,1), INDEX(音調表[Key], MATCH(TRUE, EXACT(MID($D37,H$4,1), 音調表!$B$3:$B$12),0)))} | I37: {=IF(I$4<>$E37, MID($D37,I$4,1), INDEX(音調表[Key], MATCH(TRUE, EXACT(MID($D37,I$4,1), 音調表!$B$3:$B$12),0)))} | J37: {=IF(J$4<>$E37, MID($D37,J$4,1), INDEX(音調表[Key], MATCH(TRUE, EXACT(MID($D37,J$4,1), 音調表!$B$3:$B$12),0)))} | K37: {=IF(K$4<>$E37, MID($D37,K$4,1), INDEX(音調表[Key], MATCH(TRUE, EXACT(MID($D37,K$4,1), 音調表!$B$3:$B$12),0)))} | L37: {=IF(L$4<>$E37, MID($D37,L$4,1), INDEX(音調表[Key], MATCH(TRUE, EXACT(MID($D37,L$4,1), 音調表!$B$3:$B$12),0)))} | M37: {=IF(M$4<>$E37, MID($D37,M$4,1), INDEX(音調表[Key], MATCH(TRUE, EXACT(MID($D37,M$4,1), 音調表!$B$3:$B$12),0)))} | N37: {=IF(N$4<>$E37, MID($D37,N$4,1), INDEX(音調表[Key], MATCH(TRUE, EXACT(MID($D37,N$4,1), 音調表!$B$3:$B$12),0)))} | P37: =IFERROR( _xlfn.IMAGE(_xlfn.CONCAT($D$1,F37,".png")), "") | Q37: =IFERROR( _xlfn.IMAGE(_xlfn.CONCAT($D$1,G37,".png")), "") | R37: =IFERROR( _xlfn.IMAGE(_xlfn.CONCAT($D$1,H37,".png")), "") | S37: =IFERROR( _xlfn.IMAGE(_xlfn.CONCAT($D$1,I37,".png")), "") | T37: =IFERROR( _xlfn.IMAGE(_xlfn.CONCAT($D$1,J37,".png")), "") | U37: =IFERROR( _xlfn.IMAGE(_xlfn.CONCAT($D$1,K37,".png")), "") | V37: =IFERROR( _xlfn.IMAGE(_xlfn.CONCAT($D$1,L37,".png")), "") | W37: =IFERROR( _xlfn.IMAGE(_xlfn.CONCAT($D$1,M37,".png")), "") | X37: =IFERROR( _xlfn.IMAGE(_xlfn.CONCAT($D$1,N37,".png")), "")
B38: 春 | C38: 君一出 | D38: tshun1 | E38: =IF( LEN(D38)>0, LEN(D38), "") -> 6 | F38: {=IF(F$4<>$E38, MID($D38,F$4,1), INDEX(音調表[Key], MATCH(TRUE, EXACT(MID($D38,F$4,1), 音調表!$B$3:$B$12),0)))} -> t | G38: {=IF(G$4<>$E38, MID($D38,G$4,1), INDEX(音調表[Key], MATCH(TRUE, EXACT(MID($D38,G$4,1), 音調表!$B$3:$B$12),0)))} -> s | H38: {=IF(H$4<>$E38, MID($D38,H$4,1), INDEX(音調表[Key], MATCH(TRUE, EXACT(MID($D38,H$4,1), 音調表!$B$3:$B$12),0)))} -> h | I38: {=IF(I$4<>$E38, MID($D38,I$4,1), INDEX(音調表[Key], MATCH(TRUE, EXACT(MID($D38,I$4,1), 音調表!$B$3:$B$12),0)))} -> u | J38: {=IF(J$4<>$E38, MID($D38,J$4,1), INDEX(音調表[Key], MATCH(TRUE, EXACT(MID($D38,J$4,1), 音調表!$B$3:$B$12),0)))} -> n | K38: {=IF(K$4<>$E38, MID($D38,K$4,1), INDEX(音調表[Key], MATCH(TRUE, EXACT(MID($D38,K$4,1), 音調表!$B$3:$B$12),0)))} -> semicolon | L38: {=IF(L$4<>$E38, MID($D38,L$4,1), INDEX(音調表[Key], MATCH(TRUE, EXACT(MID($D38,L$4,1), 音調表!$B$3:$B$12),0)))} | M38: {=IF(M$4<>$E38, MID($D38,M$4,1), INDEX(音調表[Key], MATCH(TRUE, EXACT(MID($D38,M$4,1), 音調表!$B$3:$B$12),0)))} | N38: {=IF(N$4<>$E38, MID($D38,N$4,1), INDEX(音調表[Key], MATCH(TRUE, EXACT(MID($D38,N$4,1), 音調表!$B$3:$B$12),0)))} | P38: =IFERROR( _xlfn.IMAGE(_xlfn.CONCAT($D$1,F38,".png")), "") -> #VALUE! | Q38: =IFERROR( _xlfn.IMAGE(_xlfn.CONCAT($D$1,G38,".png")), "") -> #VALUE! | R38: =IFERROR( _xlfn.IMAGE(_xlfn.CONCAT($D$1,H38,".png")), "") -> #VALUE! | S38: =IFERROR( _xlfn.IMAGE(_xlfn.CONCAT($D$1,I38,".png")), "") -> #VALUE! | T38: =IFERROR( _xlfn.IMAGE(_xlfn.CONCAT($D$1,J38,".png")), "") -> #VALUE! | U38: =IFERROR( _xlfn.IMAGE(_xlfn.CONCAT($D$1,K38,".png")), "") -> #VALUE! | V38: =IFERROR( _xlfn.IMAGE(_xlfn.CONCAT($D$1,L38,".png")), "") | W38: =IFERROR( _xlfn.IMAGE(_xlfn.CONCAT($D$1,M38,".png")), "") | X38: =IFERROR( _xlfn.IMAGE(_xlfn.CONCAT($D$1,N38,".png")), "")
B39: 風 | C39: 公一喜 | D39: hong1 | E39: =IF( LEN(D39)>0, LEN(D39), "") -> 5 | F39: {=IF(F$4<>$E39, MID($D39,F$4,1), INDEX(音調表[Key], MATCH(TRUE, EXACT(MID($D39,F$4,1), 音調表!$B$3:$B$12),0)))} -> h | G39: {=IF(G$4<>$E39, MID($D39,G$4,1), INDEX(音調表[Key], MATCH(TRUE, EXACT(MID($D39,G$4,1), 音調表!$B$3:$B$12),0)))} -> o | H39: {=IF(H$4<>$E39, MID($D39,H$4,1), INDEX(音調表[Key], MATCH(TRUE, EXACT(MID($D39,H$4,1), 音調表!$B$3:$B$12),0)))} -> n | I39: {=IF(I$4<>$E39, MID($D39,I$4,1), INDEX(音調表[Key], MATCH(TRUE, EXACT(MID($D39,I$4,1), 音調表!$B$3:$B$12),0)))} -> g | J39: {=IF(J$4<>$E39, MID($D39,J$4,1), INDEX(音調表[Key], MATCH(TRUE, EXACT(MID($D39,J$4,1), 音調表!$B$3:$B$12),0)))} -> semicolon | K39: {=IF(K$4<>$E39, MID($D39,K$4,1), INDEX(音調表[Key], MATCH(TRUE, EXACT(MID($D39,K$4,1), 音調表!$B$3:$B$12),0)))} | L39: {=IF(L$4<>$E39, MID($D39,L$4,1), INDEX(音調表[Key], MATCH(TRUE, EXACT(MID($D39,L$4,1), 音調表!$B$3:$B$12),0)))} | M39: {=IF(M$4<>$E39, MID($D39,M$4,1), INDEX(音調表[Key], MATCH(TRUE, EXACT(MID($D39,M$4,1), 音調表!$B$3:$B$12),0)))} | N39: {=IF(N$4<>$E39, MID($D39,N$4,1), INDEX(音調表[Key], MATCH(TRUE, EXACT(MID($D39,N$4,1), 音調表!$B$3:$B$12),0)))} | P39: =IFERROR( _xlfn.IMAGE(_xlfn.CONCAT($D$1,F39,".png")), "") -> #VALUE! | Q39: =IFERROR( _xlfn.IMAGE(_xlfn.CONCAT($D$1,G39,".png")), "") -> #VALUE! | R39: =IFERROR( _xlfn.IMAGE(_xlfn.CONCAT($D$1,H39,".png")), "") -> #VALUE! | S39: =IFERROR( _xlfn.IMAGE(_xlfn.CONCAT($D$1,I39,".png")), "") -> #VALUE! | T39: =IFERROR( _xlfn.IMAGE(_xlfn.CONCAT($D$1,J39,".png")), "") -> #VALUE! | U39: =IFERROR( _xlfn.IMAGE(_xlfn.CONCAT($D$1,K39,".png")), "") | V39: =IFERROR( _xlfn.IMAGE(_xlfn.CONCAT($D$1,L39,".png")), "") | W39: =IFERROR( _xlfn.IMAGE(_xlfn.CONCAT($D$1,M39,".png")), "") | X39: =IFERROR( _xlfn.IMAGE(_xlfn.CONCAT($D$1,N39,".png")), "")
B40: 不 | C40: 君四邊 | D40: put4 | E40: =IF( LEN(D40)>0, LEN(D40), "") -> 4 | F40: {=IF(F$4<>$E40, MID($D40,F$4,1), INDEX(音調表[Key], MATCH(TRUE, EXACT(MID($D40,F$4,1), 音調表!$B$3:$B$12),0)))} -> p | G40: {=IF(G$4<>$E40, MID($D40,G$4,1), INDEX(音調表[Key], MATCH(TRUE, EXACT(MID($D40,G$4,1), 音調表!$B$3:$B$12),0)))} -> u | H40: {=IF(H$4<>$E40, MID($D40,H$4,1), INDEX(音調表[Key], MATCH(TRUE, EXACT(MID($D40,H$4,1), 音調表!$B$3:$B$12),0)))} -> t | I40: {=IF(I$4<>$E40, MID($D40,I$4,1), INDEX(音調表[Key], MATCH(TRUE, EXACT(MID($D40,I$4,1), 音調表!$B$3:$B$12),0)))} -> lbracket | J40: {=IF(J$4<>$E40, MID($D40,J$4,1), INDEX(音調表[Key], MATCH(TRUE, EXACT(MID($D40,J$4,1), 音調表!$B$3:$B$12),0)))} | K40: {=IF(K$4<>$E40, MID($D40,K$4,1), INDEX(音調表[Key], MATCH(TRUE, EXACT(MID($D40,K$4,1), 音調表!$B$3:$B$12),0)))} | L40: {=IF(L$4<>$E40, MID($D40,L$4,1), INDEX(音調表[Key], MATCH(TRUE, EXACT(MID($D40,L$4,1), 音調表!$B$3:$B$12),0)))} | M40: {=IF(M$4<>$E40, MID($D40,M$4,1), INDEX(音調表[Key], MATCH(TRUE, EXACT(MID($D40,M$4,1), 音調表!$B$3:$B$12),0)))} | N40: {=IF(N$4<>$E40, MID($D40,N$4,1), INDEX(音調表[Key], MATCH(TRUE, EXACT(MID($D40,N$4,1), 音調表!$B$3:$B$12),0)))} | P40: =IFERROR( _xlfn.IMAGE(_xlfn.CONCAT($D$1,F40,".png")), "") -> #VALUE! | Q40: =IFERROR( _xlfn.IMAGE(_xlfn.CONCAT($D$1,G40,".png")), "") -> #VALUE! | R40: =IFERROR( _xlfn.IMAGE(_xlfn.CONCAT($D$1,H40,".png")), "") -> #VALUE! | S40: =IFERROR( _xlfn.IMAGE(_xlfn.CONCAT($D$1,I40,".png")), "") -> #VALUE! | T40: =IFERROR( _xlfn.IMAGE(_xlfn.CONCAT($D$1,J40,".png")), "") | U40: =IFERROR( _xlfn.IMAGE(_xlfn.CONCAT($D$1,K40,".png")), "") | V40: =IFERROR( _xlfn.IMAGE(_xlfn.CONCAT($D$1,L40,".png")), "") | W40: =IFERROR( _xlfn.IMAGE(_xlfn.CONCAT($D$1,M40,".png")), "") | X40: =IFERROR( _xlfn.IMAGE(_xlfn.CONCAT($D$1,N40,".png")), "")
B41: 度 | C41: 沽七地 | D41: too7 | E41: =IF( LEN(D41)>0, LEN(D41), "") -> 4 | F41: {=IF(F$4<>$E41, MID($D41,F$4,1), INDEX(音調表[Key], MATCH(TRUE, EXACT(MID($D41,F$4,1), 音調表!$B$3:$B$12),0)))} -> t | G41: {=IF(G$4<>$E41, MID($D41,G$4,1), INDEX(音調表[Key], MATCH(TRUE, EXACT(MID($D41,G$4,1), 音調表!$B$3:$B$12),0)))} -> o | H41: {=IF(H$4<>$E41, MID($D41,H$4,1), INDEX(音調表[Key], MATCH(TRUE, EXACT(MID($D41,H$4,1), 音調表!$B$3:$B$12),0)))} -> o | I41: {=IF(I$4<>$E41, MID($D41,I$4,1), INDEX(音調表[Key], MATCH(TRUE, EXACT(MID($D41,I$4,1), 音調表!$B$3:$B$12),0)))} -> minus | J41: {=IF(J$4<>$E41, MID($D41,J$4,1), INDEX(音調表[Key], MATCH(TRUE, EXACT(MID($D41,J$4,1), 音調表!$B$3:$B$12),0)))} | K41: {=IF(K$4<>$E41, MID($D41,K$4,1), INDEX(音調表[Key], MATCH(TRUE, EXACT(MID($D41,K$4,1), 音調表!$B$3:$B$12),0)))} | L41: {=IF(L$4<>$E41, MID($D41,L$4,1), INDEX(音調表[Key], MATCH(TRUE, EXACT(MID($D41,L$4,1), 音調表!$B$3:$B$12),0)))} | M41: {=IF(M$4<>$E41, MID($D41,M$4,1), INDEX(音調表[Key], MATCH(TRUE, EXACT(MID($D41,M$4,1), 音調表!$B$3:$B$12),0)))} | N41: {=IF(N$4<>$E41, MID($D41,N$4,1), INDEX(音調表[Key], MATCH(TRUE, EXACT(MID($D41,N$4,1), 音調表!$B$3:$B$12),0)))} | P41: =IFERROR( _xlfn.IMAGE(_xlfn.CONCAT($D$1,F41,".png")), "") -> #VALUE! | Q41: =IFERROR( _xlfn.IMAGE(_xlfn.CONCAT($D$1,G41,".png")), "") -> #VALUE! | R41: =IFERROR( _xlfn.IMAGE(_xlfn.CONCAT($D$1,H41,".png")), "") -> #VALUE! | S41: =IFERROR( _xlfn.IMAGE(_xlfn.CONCAT($D$1,I41,".png")), "") -> #VALUE! | T41: =IFERROR( _xlfn.IMAGE(_xlfn.CONCAT($D$1,J41,".png")), "") | U41: =IFERROR( _xlfn.IMAGE(_xlfn.CONCAT($D$1,K41,".png")), "") | V41: =IFERROR( _xlfn.IMAGE(_xlfn.CONCAT($D$1,L41,".png")), "") | W41: =IFERROR( _xlfn.IMAGE(_xlfn.CONCAT($D$1,M41,".png")), "") | X41: =IFERROR( _xlfn.IMAGE(_xlfn.CONCAT($D$1,N41,".png")), "")
B42: 玉 | C42: 恭八語 | D42: giok8 | E42: =IF( LEN(D42)>0, LEN(D42), "") -> 5 | F42: {=IF(F$4<>$E42, MID($D42,F$4,1), INDEX(音調表[Key], MATCH(TRUE, EXACT(MID($D42,F$4,1), 音調表!$B$3:$B$12),0)))} -> g | G42: {=IF(G$4<>$E42, MID($D42,G$4,1), INDEX(音調表[Key], MATCH(TRUE, EXACT(MID($D42,G$4,1), 音調表!$B$3:$B$12),0)))} -> i | H42: {=IF(H$4<>$E42, MID($D42,H$4,1), INDEX(音調表[Key], MATCH(TRUE, EXACT(MID($D42,H$4,1), 音調表!$B$3:$B$12),0)))} -> o | I42: {=IF(I$4<>$E42, MID($D42,I$4,1), INDEX(音調表[Key], MATCH(TRUE, EXACT(MID($D42,I$4,1), 音調表!$B$3:$B$12),0)))} -> k | J42: {=IF(J$4<>$E42, MID($D42,J$4,1), INDEX(音調表[Key], MATCH(TRUE, EXACT(MID($D42,J$4,1), 音調表!$B$3:$B$12),0)))} -> rbracket | K42: {=IF(K$4<>$E42, MID($D42,K$4,1), INDEX(音調表[Key], MATCH(TRUE, EXACT(MID($D42,K$4,1), 音調表!$B$3:$B$12),0)))} | L42: {=IF(L$4<>$E42, MID($D42,L$4,1), INDEX(音調表[Key], MATCH(TRUE, EXACT(MID($D42,L$4,1), 音調表!$B$3:$B$12),0)))} | M42: {=IF(M$4<>$E42, MID($D42,M$4,1), INDEX(音調表[Key], MATCH(TRUE, EXACT(MID($D42,M$4,1), 音調表!$B$3:$B$12),0)))} | N42: {=IF(N$4<>$E42, MID($D42,N$4,1), INDEX(音調表[Key], MATCH(TRUE, EXACT(MID($D42,N$4,1), 音調表!$B$3:$B$12),0)))} | P42: =IFERROR( _xlfn.IMAGE(_xlfn.CONCAT($D$1,F42,".png")), "") -> #VALUE! | Q42: =IFERROR( _xlfn.IMAGE(_xlfn.CONCAT($D$1,G42,".png")), "") -> #VALUE! | R42: =IFERROR( _xlfn.IMAGE(_xlfn.CONCAT($D$1,H42,".png")), "") -> #VALUE! | S42: =IFERROR( _xlfn.IMAGE(_xlfn.CONCAT($D$1,I42,".png")), "") -> #VALUE! | T42: =IFERROR( _xlfn.IMAGE(_xlfn.CONCAT($D$1,J42,".png")), "") -> #VALUE! | U42: =IFERROR( _xlfn.IMAGE(_xlfn.CONCAT($D$1,K42,".png")), "") | V42: =IFERROR( _xlfn.IMAGE(_xlfn.CONCAT($D$1,L42,".png")), "") | W42: =IFERROR( _xlfn.IMAGE(_xlfn.CONCAT($D$1,M42,".png")), "") | X42: =IFERROR( _xlfn.IMAGE(_xlfn.CONCAT($D$1,N42,".png")), "")
B43: 門 | C43: 君五門 | D43: bun5 | E43: =IF( LEN(D43)>0, LEN(D43), "") -> 4 | F43: {=IF(F$4<>$E43, MID($D43,F$4,1), INDEX(音調表[Key], MATCH(TRUE, EXACT(MID($D43,F$4,1), 音調表!$B$3:$B$12),0)))} -> b | G43: {=IF(G$4<>$E43, MID($D43,G$4,1), INDEX(音調表[Key], MATCH(TRUE, EXACT(MID($D43,G$4,1), 音調表!$B$3:$B$12),0)))} -> u | H43: {=IF(H$4<>$E43, MID($D43,H$4,1), INDEX(音調表[Key], MATCH(TRUE, EXACT(MID($D43,H$4,1), 音調表!$B$3:$B$12),0)))} -> n | I43: {=IF(I$4<>$E43, MID($D43,I$4,1), INDEX(音調表[Key], MATCH(TRUE, EXACT(MID($D43,I$4,1), 音調表!$B$3:$B$12),0)))} -> slash | J43: {=IF(J$4<>$E43, MID($D43,J$4,1), INDEX(音調表[Key], MATCH(TRUE, EXACT(MID($D43,J$4,1), 音調表!$B$3:$B$12),0)))} | K43: {=IF(K$4<>$E43, MID($D43,K$4,1), INDEX(音調表[Key], MATCH(TRUE, EXACT(MID($D43,K$4,1), 音調表!$B$3:$B$12),0)))} | L43: {=IF(L$4<>$E43, MID($D43,L$4,1), INDEX(音調表[Key], MATCH(TRUE, EXACT(MID($D43,L$4,1), 音調表!$B$3:$B$12),0)))} | M43: {=IF(M$4<>$E43, MID($D43,M$4,1), INDEX(音調表[Key], MATCH(TRUE, EXACT(MID($D43,M$4,1), 音調表!$B$3:$B$12),0)))} | N43: {=IF(N$4<>$E43, MID($D43,N$4,1), INDEX(音調表[Key], MATCH(TRUE, EXACT(MID($D43,N$4,1), 音調表!$B$3:$B$12),0)))} | P43: =IFERROR( _xlfn.IMAGE(_xlfn.CONCAT($D$1,F43,".png")), "") -> #VALUE! | Q43: =IFERROR( _xlfn.IMAGE(_xlfn.CONCAT($D$1,G43,".png")), "") -> #VALUE! | R43: =IFERROR( _xlfn.IMAGE(_xlfn.CONCAT($D$1,H43,".png")), "") -> #VALUE! | S43: =IFERROR( _xlfn.IMAGE(_xlfn.CONCAT($D$1,I43,".png")), "") -> #VALUE! | T43: =IFERROR( _xlfn.IMAGE(_xlfn.CONCAT($D$1,J43,".png")), "") | U43: =IFERROR( _xlfn.IMAGE(_xlfn.CONCAT($D$1,K43,".png")), "") | V43: =IFERROR( _xlfn.IMAGE(_xlfn.CONCAT($D$1,L43,".png")), "") | W43: =IFERROR( _xlfn.IMAGE(_xlfn.CONCAT($D$1,M43,".png")), "") | X43: =IFERROR( _xlfn.IMAGE(_xlfn.CONCAT($D$1,N43,".png")), "")
B44: 關 | C44: 觀一求 | D44: kuan1 | E44: =IF( LEN(D44)>0, LEN(D44), "") -> 5 | F44: {=IF(F$4<>$E44, MID($D44,F$4,1), INDEX(音調表[Key], MATCH(TRUE, EXACT(MID($D44,F$4,1), 音調表!$B$3:$B$12),0)))} -> k | G44: {=IF(G$4<>$E44, MID($D44,G$4,1), INDEX(音調表[Key], MATCH(TRUE, EXACT(MID($D44,G$4,1), 音調表!$B$3:$B$12),0)))} -> u | H44: {=IF(H$4<>$E44, MID($D44,H$4,1), INDEX(音調表[Key], MATCH(TRUE, EXACT(MID($D44,H$4,1), 音調表!$B$3:$B$12),0)))} -> a | I44: {=IF(I$4<>$E44, MID($D44,I$4,1), INDEX(音調表[Key], MATCH(TRUE, EXACT(MID($D44,I$4,1), 音調表!$B$3:$B$12),0)))} -> n | J44: {=IF(J$4<>$E44, MID($D44,J$4,1), INDEX(音調表[Key], MATCH(TRUE, EXACT(MID($D44,J$4,1), 音調表!$B$3:$B$12),0)))} -> semicolon | K44: {=IF(K$4<>$E44, MID($D44,K$4,1), INDEX(音調表[Key], MATCH(TRUE, EXACT(MID($D44,K$4,1), 音調表!$B$3:$B$12),0)))} | L44: {=IF(L$4<>$E44, MID($D44,L$4,1), INDEX(音調表[Key], MATCH(TRUE, EXACT(MID($D44,L$4,1), 音調表!$B$3:$B$12),0)))} | M44: {=IF(M$4<>$E44, MID($D44,M$4,1), INDEX(音調表[Key], MATCH(TRUE, EXACT(MID($D44,M$4,1), 音調表!$B$3:$B$12),0)))} | N44: {=IF(N$4<>$E44, MID($D44,N$4,1), INDEX(音調表[Key], MATCH(TRUE, EXACT(MID($D44,N$4,1), 音調表!$B$3:$B$12),0)))} | P44: =IFERROR( _xlfn.IMAGE(_xlfn.CONCAT($D$1,F44,".png")), "") -> #VALUE! | Q44: =IFERROR( _xlfn.IMAGE(_xlfn.CONCAT($D$1,G44,".png")), "") -> #VALUE! | R44: =IFERROR( _xlfn.IMAGE(_xlfn.CONCAT($D$1,H44,".png")), "") -> #VALUE! | S44: =IFERROR( _xlfn.IMAGE(_xlfn.CONCAT($D$1,I44,".png")), "") -> #VALUE! | T44: =IFERROR( _xlfn.IMAGE(_xlfn.CONCAT($D$1,J44,".png")), "") -> #VALUE! | U44: =IFERROR( _xlfn.IMAGE(_xlfn.CONCAT($D$1,K44,".png")), "") | V44: =IFERROR( _xlfn.IMAGE(_xlfn.CONCAT($D$1,L44,".png")), "") | W44: =IFERROR( _xlfn.IMAGE(_xlfn.CONCAT($D$1,M44,".png")), "") | X44: =IFERROR( _xlfn.IMAGE(_xlfn.CONCAT($D$1,N44,".png")), "")
B45: 。 | E45: =IF( LEN(D45)>0, LEN(D45), "") | F45: {=IF(F$4<>$E45, MID($D45,F$4,1), INDEX(音調表[Key], MATCH(TRUE, EXACT(MID($D45,F$4,1), 音調表!$B$3:$B$12),0)))} | G45: {=IF(G$4<>$E45, MID($D45,G$4,1), INDEX(音調表[Key], MATCH(TRUE, EXACT(MID($D45,G$4,1), 音調表!$B$3:$B$12),0)))} | H45: {=IF(H$4<>$E45, MID($D45,H$4,1), INDEX(音調表[Key], MATCH(TRUE, EXACT(MID($D45,H$4,1), 音調表!$B$3:$B$12),0)))} | I45: {=IF(I$4<>$E45, MID($D45,I$4,1), INDEX(音調表[Key], MATCH(TRUE, EXACT(MID($D45,I$4,1), 音調表!$B$3:$B$12),0)))} | J45: {=IF(J$4<>$E45, MID($D45,J$4,1), INDEX(音調表[Key], MATCH(TRUE, EXACT(MID($D45,J$4,1), 音調表!$B$3:$B$12),0)))} | K45: {=IF(K$4<>$E45, MID($D45,K$4,1), INDEX(音調表[Key], MATCH(TRUE, EXACT(MID($D45,K$4,1), 音調表!$B$3:$B$12),0)))} | L45: {=IF(L$4<>$E45, MID($D45,L$4,1), INDEX(音調表[Key], MATCH(TRUE, EXACT(MID($D45,L$4,1), 音調表!$B$3:$B$12),0)))} | M45: {=IF(M$4<>$E45, MID($D45,M$4,1), INDEX(音調表[Key], MATCH(TRUE, EXACT(MID($D45,M$4,1), 音調表!$B$3:$B$12),0)))} | N45: {=IF(N$4<>$E45, MID($D45,N$4,1), INDEX(音調表[Key], MATCH(TRUE, EXACT(MID($D45,N$4,1), 音調表!$B$3:$B$12),0)))} | P45: =IFERROR( _xlfn.IMAGE(_xlfn.CONCAT($D$1,F45,".png")), "") | Q45: =IFERROR( _xlfn.IMAGE(_xlfn.CONCAT($D$1,G45,".png")), "") | R45: =IFERROR( _xlfn.IMAGE(_xlfn.CONCAT($D$1,H45,".png")), "") | S45: =IFERROR( _xlfn.IMAGE(_xlfn.CONCAT($D$1,I45,".png")), "") | T45: =IFERROR( _xlfn.IMAGE(_xlfn.CONCAT($D$1,J45,".png")), "") | U45: =IFERROR( _xlfn.IMAGE(_xlfn.CONCAT($D$1,K45,".png")), "") | V45: =IFERROR( _xlfn.IMAGE(_xlfn.CONCAT($D$1,L45,".png")), "") | W45: =IFERROR( _xlfn.IMAGE(_xlfn.CONCAT($D$1,M45,".png")), "") | X45: =IFERROR( _xlfn.IMAGE(_xlfn.CONCAT($D$1,N45,".png")), "")

Sheet 音調表
B2: 調號 | C2: 四聲八調 | D2: 聲調按鍵 | E2: Key | F2: 漢字 | G2: 台語音標 | H2: 按鍵輸入
B3: 1 | C3: 陰平(a) | D3: ; | E3: semicolon | F3: 東 | G3: tong1 | H3: tong;
B4: 2 | C4: 陰上(á) | D4: \ | E4: backslash | F4: 黨 | G4: tong2 | H4: tong\
B5: 3 | C5: 陰去(à) | D5: _ | E5: minus | F5: 棟 | G5: tong3 | H5: tong_
B6: 4 | C6: 陰入(ah) | D6: [ | E6: lbracket | F6: 督 | G6: tok4 | H6: tok[
B7: 5 | C7: 陽平(â) | D7: / | E7: slash | F7: 同 | G7: tong5 | H7: tong/
B8: 6 | C8: 陽上(ǎ) | D8: \ | E8: backslash | F8: 動 | G8: tong6 | H8: tong\
B9: 7 | C9: 陽去(ā) 陽去(ā) | D9: - | E9: minus | F9: 洞 | G9: tong7 | H9: tong-
B10: 8 | C10: 陽入(a̍h) | D10: ] | E10: rbracket | F10: 毒 | G10: tok8 | H10: tok]
B11: 0 | C11: 陰入 | D11: . | F11: 督 | G11: tok0 | H11: tok.
B12: 0 | C12: 陽入 | D12: . | F12: 毒 | G12: tok0 | H12: tok.
