Workbook
Name URL: 打字練習表!$S$1
Name 覩9: 漢字注音!$A$5

Sheet 漢字注音
A1: =COLUMN() -> 1 | B1: =COLUMN() -> 2 | C1: =COLUMN() -> 3
V2: =LEN(V3) -> 45
V3: 《涼州詞》王之渙 黃河遠上白雲間， 一片孤城萬仞山。 羌笛何須怨楊柳， 春風不度玉門關。
E4: liang5 | F4: ziu1 | G4: su5 | I4: ong5 | J4: zi1 | K4: huan3
B5: 1 | D5: 《 | E5: 涼 | F5: 州 | G5: 詞 | H5: 》 | I5: 王 | J5: 之 | K5: 渙 | L5: =CHAR(10)
E6: ㄌㄧㄤˊ | F6: ㄐㄧㄨ | G6: ㄙㄨˊ | I6: ㆲˊ | J6: ㄐㄧ | K6: ㄏㄨㄢ˪
D8: hong5 | E8: ho5 | F8: uan2 | G8: siong2 | H8: pik8 | I8: hun5 | J8: kan1
B9: =B5+1 -> 2 | D9: 黃 | E9: 河 | F9: 遠 | G9: 上 | H9: 白 | I9: 雲 | J9: 間 | K9: ， | L9: =CHAR(10)
D10: ㄏㆲˊ | E10: ㄏㄜˊ | F10: ㄨㄢˋ | G10: ㄒㄧㆲˋ | H10: ㄅㄧㆻ˙ | I10: ㄏㄨㄣˊ | J10: ㄍㄢ
D12: it4 | E12: phian3 | F12: koo1 | G12: sing5 | H12: ban7 | I12: jin7 | J12: san1
B13: =B9+1 -> 3 | D13: 一 | E13: 片 | F13: 孤 | G13: 城 | H13: 萬 | I13: 仞 | J13: 山 | K13: 。 | L13: =CHAR(10)
D14: ㄧㆵ | E14: ㄆㄧㄢ˪ | F14: ㄍㆦ | G14: ㄒㄧㄥˊ | H14: ㆠㄢ˫ | I14: ㆢㄧㄣ˫ | J14: ㄙㄢ
E15: tik8
D16: khiang1 | E16: tik8 | F16: ho5 | G16: su1 | H16: uan3 | I16: iong5 | J16: liu2
B17: =B13+1 -> 4 | D17: 羌 | E17: 笛 | F17: 何 | G17: 須 | H17: 怨 | I17: 楊 | J17: 柳 | K17: ， | L17: =CHAR(10)
D18: ㄎㄧㄤ | E18: ㄉㄧㆻ˙ | F18: ㄏㄜˊ | G18: ㄙㄨ | H18: ㄨㄢ˪ | I18: ㄧㆲˊ | J18: ㄌㄧㄨˋ
D20: cun1 | E20: hong1 | F20: put4 | G20: too7 | H20: giok8 | I20: bun5 | J20: kuan1
B21: =B17+1 -> 5 | D21: 春 | E21: 風 | F21: 不 | G21: 度 | H21: 玉 | I21: 門 | J21: 關 | K21: 。 | L21: =CHAR(10)
D22: ㄘㄨㄣ | E22: ㄏㆲ | F22: ㄅㄨㆵ | G22: ㄉㆦ˫ | H22: ㆣㄧㆦㆻ˙ | I22: ㆠㄨㄣˊ | J22: ㄍㄨㄢ
B25: =B21+1 -> 6 | D25: φ
B29: =B25+1 -> 7
B33: =B29+1 -> 8
B37: =B33+1 -> 9
B41: =B37+1 -> 10
B45: =B41+1 -> 11
B49: =B45+1 -> 12
B53: =B49+1 -> 13
B57: =B53+1 -> 14
B61: =B57+1 -> 15
B65: =B61+1 -> 16
B69: =B65+1 -> 17
B73: =B69+1 -> 18
... B2001: =B1997+1 -> 500

Sheet 按鍵位置表
B2: 序號 | C2: 方音符號 | D2: 台羅拼音 | E2: 鍵盤按鍵 | F2: 按鍵位置 | G2: Note | H2: Pict URL | I2: Pict
B3: 1 | C3: ㄅ | D3: p | E3: 1 | F3: 1 | H3: =_xlfn.CONCAT(URL, F3, ".png") -> https://alanjui.github.io/Blogger/assets/images/keys/key_1.png | I3: =IFERROR( _xlfn.IMAGE(按鍵位置表[[#This Row],[Pict URL]]), "") -> #VALUE!
B4: 2 | C4: ㆠ | D4: b | E4: ! | F4: 1 | H4: =_xlfn.CONCAT(URL, F4, ".png") -> https://alanjui.github.io/Blogger/assets/images/keys/key_1.png | I4: =IFERROR( _xlfn.IMAGE(按鍵位置表[[#This Row],[Pict URL]]), "") -> #VALUE!
B5: 3 | C5: ㄆ | D5: ph | E5: q | F5: q | H5: =_xlfn.CONCAT(URL, F5, ".png") -> https://alanjui.github.io/Blogger/assets/images/keys/key_q.png | I5: =IFERROR( _xlfn.IMAGE(按鍵位置表[[#This Row],[Pict URL]]), "") -> #VALUE!
B6: 4 | C6: ㄇ | D6: m | E6: a | F6: a | H6: =_xlfn.CONCAT(URL, F6, ".png") -> https://alanjui.github.io/Blogger/assets/images/keys/key_a.png | I6: =IFERROR( _xlfn.IMAGE(按鍵位置表[[#This Row],[Pict URL]]), "") -> #VALUE!
B7: 5 | C7: ㄉ | D7: t | E7: 2 | F7: 2 | H7: =_xlfn.CONCAT(URL, F7, ".png") -> https://alanjui.github.io/Blogger/assets/images/keys/key_2.png | I7: =IFERROR( _xlfn.IMAGE(按鍵位置表[[#This Row],[Pict URL]]), "") -> #VALUE!
B8: 6 | C8: ㄊ | D8: th | E8: w | F8: w | H8: =_xlfn.CONCAT(URL, F8, ".png") -> https://alanjui.github.io/Blogger/assets/images/keys/key_w.png | I8: =IFERROR( _xlfn.IMAGE(按鍵位置表[[#This Row],[Pict URL]]), "") -> #VALUE!
B9: 7 | C9: ㄋ | D9: n | E9: s | F9: s | H9: =_xlfn.CONCAT(URL, F9, ".png") -> https://alanjui.github.io/Blogger/assets/images/keys/key_s.png | I9: =IFERROR( _xlfn.IMAGE(按鍵位置表[[#This Row],[Pict URL]]), "") -> #VALUE!
B10: 8 | C10: ㄌ | D10: l | E10: x | F10: x | H10: =_xlfn.CONCAT(URL, F10, ".png") -> https://alanjui.github.io/Blogger/assets/images/keys/key_x.png | I10: =IFERROR( _xlfn.IMAGE(按鍵位置表[[#This Row],[Pict URL]]), "") -> #VALUE!
B11: 9 | C11: ㄍ | D11: k | E11: e | F11: e | H11: =_xlfn.CONCAT(URL, F11, ".png") -> https://alanjui.github.io/Blogger/assets/images/keys/key_e.png | I11: =IFERROR( _xlfn.IMAGE(按鍵位置表[[#This Row],[Pict URL]]), "") -> #VALUE!
B12: 10 | C12: ㆣ | D12: g | E12: E | F12: e | H12: =_xlfn.CONCAT(URL, F12, ".png") -> https://alanjui.github.io/Blogger/assets/images/keys/key_e.png | I12: =IFERROR( _xlfn.IMAGE(按鍵位置表[[#This Row],[Pict URL]]), "") -> #VALUE!
B13: 11 | C13: ㄎ | D13: kh | E13: d | F13: d | H13: =_xlfn.CONCAT(URL, F13, ".png") -> https://alanjui.github.io/Blogger/assets/images/keys/key_d.png | I13: =IFERROR( _xlfn.IMAGE(按鍵位置表[[#This Row],[Pict URL]]), "") -> #VALUE!
B14: 12 | C14: ㄏ | D14: h | E14: c | F14: c | H14: =_xlfn.CONCAT(URL, F14, ".png") -> https://alanjui.github.io/Blogger/assets/images/keys/key_c.png | I14: =IFERROR( _xlfn.IMAGE(按鍵位置表[[#This Row],[Pict URL]]), "") -> #VALUE!
B15: 13 | C15: ㄐ | D15: z(i) | E15: r | F15: r | H15: =_xlfn.CONCAT(URL, F15, ".png") -> https://alanjui.github.io/Blogger/assets/images/keys/key_r.png | I15: =IFERROR( _xlfn.IMAGE(按鍵位置表[[#This Row],[Pict URL]]), "") -> #VALUE!
B16: 14 | C16: ㆢ | D16: j(i) | E16: R | F16: r | H16: =_xlfn.CONCAT(URL, F16, ".png") -> https://alanjui.github.io/Blogger/assets/images/keys/key_r.png | I16: =IFERROR( _xlfn.IMAGE(按鍵位置表[[#This Row],[Pict URL]]), "") -> #VALUE!
... B24: 22 | C24: ㄚ | D24: a | E24: 8 | F24: 8 | H24: =_xlfn.CONCAT(URL, F24, ".png") -> https://alanjui.github.io/Blogger/assets/images/keys/key_8.png | I24: =IFERROR( _xlfn.IMAGE(按鍵位置表[[#This Row],[Pict URL]]), "") -> #VALUE!
B25: 23 | C25: ㆩ | D25: aⁿ | E25: * | F25: 8 | H25: =_xlfn.CONCAT(URL, F25, ".png") -> https://alanjui.github.io/Blogger/assets/images/keys/key_8.png | I25: =IFERROR( _xlfn.IMAGE(按鍵位置表[[#This Row],[Pict URL]]), "") -> #VALUE!
B26: 24 | C26: ㄧ | D26: i | E26: u | F26: u | H26: =_xlfn.CONCAT(URL, F26, ".png") -> https://alanjui.github.io/Blogger/assets/images/keys/key_u.png | I26: =IFERROR( _xlfn.IMAGE(按鍵位置表[[#This Row],[Pict URL]]), "") -> #VALUE!
B27: 25 | C27: ㆪ | D27: iⁿ | E27: U | F27: u | H27: =_xlfn.CONCAT(URL, F27, ".png") -> https://alanjui.github.io/Blogger/assets/images/keys/key_u.png | I27: =IFERROR( _xlfn.IMAGE(按鍵位置表[[#This Row],[Pict URL]]), "") -> #VALUE!
B28: 26 | C28: ㄨ | D28: u | E28: j | F28: j | H28: =_xlfn.CONCAT(URL, F28, ".png") -> https://alanjui.github.io/Blogger/assets/images/keys/key_j.png | I28: =IFERROR( _xlfn.IMAGE(按鍵位置表[[#This Row],[Pict URL]]), "") -> #VALUE!
B29: 27 | C29: ㆫ | D29: uⁿ | E29: J | F29: j | H29: =_xlfn.CONCAT(URL, F29, ".png") -> https://alanjui.github.io/Blogger/assets/images/keys/key_j.png | I29: =IFERROR( _xlfn.IMAGE(按鍵位置表[[#This Row],[Pict URL]]), "") -> #VALUE!
B30: 28 | C30: ㆤ | D30: e | E30: , | F30: comma | H30: =_xlfn.CONCAT(URL, F30, ".png") -> https://alanjui.github.io/Blogger/assets/images/keys/key_comma.png | I30: =IFERROR( _xlfn.IMAGE(按鍵位置表[[#This Row],[Pict URL]]), "") -> #VALUE!
B31: 29 | C31: ㆥ | D31: eⁿ | E31: < | F31: comma | H31: =_xlfn.CONCAT(URL, F31, ".png") -> https://alanjui.github.io/Blogger/assets/images/keys/key_comma.png | I31: =IFERROR( _xlfn.IMAGE(按鍵位置表[[#This Row],[Pict URL]]), "") -> #VALUE!
B32: 30 | C32: ㆦ | D32: oo | E32: i | F32: i | H32: =_xlfn.CONCAT(URL, F32, ".png") -> https://alanjui.github.io/Blogger/assets/images/keys/key_i.png | I32: =IFERROR( _xlfn.IMAGE(按鍵位置表[[#This Row],[Pict URL]]), "") -> #VALUE!
B33: 31 | C33: ㆧ | D33: oⁿ | E33: I | F33: i | H33: =_xlfn.CONCAT(URL, F33, ".png") -> https://alanjui.github.io/Blogger/assets/images/keys/key_i.png | I33: =IFERROR( _xlfn.IMAGE(按鍵位置表[[#This Row],[Pict URL]]), "") -> #VALUE!
B34: 32 | C34: ㄜ | D34: o | E34: k | F34: k | H34: =_xlfn.CONCAT(URL, F34, ".png") -> https://alanjui.github.io/Blogger/assets/images/keys/key_k.png | I34: =IFERROR( _xlfn.IMAGE(按鍵位置表[[#This Row],[Pict URL]]), "") -> #VALUE!
B35: 33 | C35: ㆨ | D35: ir | E35: K | F35: k | H35: =_xlfn.CONCAT(URL, F35, ".png") -> https://alanjui.github.io/Blogger/assets/images/keys/key_k.png | I35: =IFERROR( _xlfn.IMAGE(按鍵位置表[[#This Row],[Pict URL]]), "") -> #VALUE!
B36: 34 | C36: ㄞ | D36: ai | E36: 9 | F36: 9 | H36: =_xlfn.CONCAT(URL, F36, ".png") -> https://alanjui.github.io/Blogger/assets/images/keys/key_9.png | I36: =IFERROR( _xlfn.IMAGE(按鍵位置表[[#This Row],[Pict URL]]), "") -> #VALUE!
B37: 35 | C37: ㆮ | D37: aiⁿ | E37: ( | F37: 9 | H37: =_xlfn.CONCAT(URL, F37, ".png") -> https://alanjui.github.io/Blogger/assets/images/keys/key_9.png | I37: =IFERROR( _xlfn.IMAGE(按鍵位置表[[#This Row],[Pict URL]]), "") -> #VALUE!
B38: 36 | C38: ㄠ | D38: au | E38: l | F38: l | H38: =_xlfn.CONCAT(URL, F38, ".png") -> https://alanjui.github.io/Blogger/assets/images/keys/key_l.png | I38: =IFERROR( _xlfn.IMAGE(按鍵位置表[[#This Row],[Pict URL]]), "") -> #VALUE!
B39: 37 | C39: ㆯ | D39: auⁿ | E39: L | F39: l | H39: =_xlfn.CONCAT(URL, F39, ".png") -> https://alanjui.github.io/Blogger/assets/images/keys/key_l.png | I39: =IFERROR( _xlfn.IMAGE(按鍵位置表[[#This Row],[Pict URL]]), "") -> #VALUE!
B40: 38 | C40: ㄢ | D40: an | E40: 0 | F40: 0 | H40: =_xlfn.CONCAT(URL, F40, ".png") -> https://alanjui.github.io/Blogger/assets/images/keys/key_0.png | I40: =IFERROR( _xlfn.IMAGE(按鍵位置表[[#This Row],[Pict URL]]), "") -> #VALUE!
B41: 39 | C41: ㄣ | D41: -n | E41: p | F41: p | H41: =_xlfn.CONCAT(URL, F41, ".png") -> https://alanjui.github.io/Blogger/assets/images/keys/key_p.png | I41: =IFERROR( _xlfn.IMAGE(按鍵位置表[[#This Row],[Pict URL]]), "") -> #VALUE!
B42: 40 | C42: ㄤ | D42: ang | E42: ; | F42: semicolon | H42: =_xlfn.CONCAT(URL, F42, ".png") -> https://alanjui.github.io/Blogger/assets/images/keys/key_semicolon.png | I42: =IFERROR( _xlfn.IMAGE(按鍵位置表[[#This Row],[Pict URL]]), "") -> #VALUE!
B43: 41 | C43: ㆭ | D43: -ng | E43: / | F43: slash | H43: =_xlfn.CONCAT(URL, F43, ".png") -> https://alanjui.github.io/Blogger/assets/images/keys/key_slash.png | I43: =IFERROR( _xlfn.IMAGE(按鍵位置表[[#This Row],[Pict URL]]), "") -> #VALUE!
B44: 42 | C44: ㆬ | D44: -m | E44: m | F44: m | H44: =_xlfn.CONCAT(URL, F44, ".png") -> https://alanjui.github.io/Blogger/assets/images/keys/key_m.png | I44: =IFERROR( _xlfn.IMAGE(按鍵位置表[[#This Row],[Pict URL]]), "") -> #VALUE!
B45: 43 | C45: ㆰ | D45: am | E45: M | F45: m | H45: =_xlfn.CONCAT(URL, F45, ".png") -> https://alanjui.github.io/Blogger/assets/images/keys/key_m.png | I45: =IFERROR( _xlfn.IMAGE(按鍵位置表[[#This Row],[Pict URL]]), "") -> #VALUE!
B46: 44 | C46: ㆲ | D46: ong | E46: o | F46: o | H46: =_xlfn.CONCAT(URL, F46, ".png") -> https://alanjui.github.io/Blogger/assets/images/keys/key_o.png | I46: =IFERROR( _xlfn.IMAGE(按鍵位置表[[#This Row],[Pict URL]]), "") -> #VALUE!
B47: 45 | C47: ㆱ | D47: om | E47: O | F47: o | H47: =_xlfn.CONCAT(URL, F47, ".png") -> https://alanjui.github.io/Blogger/assets/images/keys/key_o.png | I47: =IFERROR( _xlfn.IMAGE(按鍵位置表[[#This Row],[Pict URL]]), "") -> #VALUE!
B48: 46 | C48: ㆵ | D48: -t | E48: t | F48: t | H48: =_xlfn.CONCAT(URL, F48, ".png") -> https://alanjui.github.io/Blogger/assets/images/keys/key_t.png | I48: =IFERROR( _xlfn.IMAGE(按鍵位置表[[#This Row],[Pict URL]]), "") -> #VALUE!
B49: 47 | C49: ㆻ | D49: -k | E49: g | F49: g | H49: =_xlfn.CONCAT(URL, F49, ".png") -> https://alanjui.github.io/Blogger/assets/images/keys/key_g.png | I49: =IFERROR( _xlfn.IMAGE(按鍵位置表[[#This Row],[Pict URL]]), "") -> #VALUE!
... B51: 49 | C51: ㆷ | D51: -h | E51: z | F51: z | H51: =_xlfn.CONCAT(URL, F51, ".png") -> https://alanjui.github.io/Blogger/assets/images/keys/key_z.png | I51: =IFERROR( _xlfn.IMAGE(按鍵位置表[[#This Row],[Pict URL]]), "") -> #VALUE!
B52: 50 | C52: " | D52: 1 | E52: " | F52: quote | G52: 一 | H52: =_xlfn.CONCAT(URL, F52, ".png") -> https://alanjui.github.io/Blogger/assets/images/keys/key_quote.png | I52: =IFERROR( _xlfn.IMAGE(按鍵位置表[[#This Row],[Pict URL]]), "") -> #VALUE! | M52: ˊ
B53: 51 | C53: ˫ | D53: 7 | E53: 5 | F53: 5 | G53: 七 | H53: =_xlfn.CONCAT(URL, F53, ".png") -> https://alanjui.github.io/Blogger/assets/images/keys/key_5.png | I53: =IFERROR( _xlfn.IMAGE(按鍵位置表[[#This Row],[Pict URL]]), "") -> #VALUE!
B54: 52 | C54: ˪ | D54: 3 | E54: 3 | F54: 3 | G54: 三 | H54: =_xlfn.CONCAT(URL, F54, ".png") -> https://alanjui.github.io/Blogger/assets/images/keys/key_3.png | I54: =IFERROR( _xlfn.IMAGE(按鍵位置表[[#This Row],[Pict URL]]), "") -> #VALUE!
B55: 53 | C55: ˋ | D55: 2 | E55: 4 | F55: 4 | G55: 二 | H55: =_xlfn.CONCAT(URL, F55, ".png") -> https://alanjui.github.io/Blogger/assets/images/keys/key_4.png | I55: =IFERROR( _xlfn.IMAGE(按鍵位置表[[#This Row],[Pict URL]]), "") -> #VALUE!
B56: 54 | C56: ˊ | D56: 5 | E56: 6 | F56: 6 | G56: 五 | H56: =_xlfn.CONCAT(URL, F56, ".png") -> https://alanjui.github.io/Blogger/assets/images/keys/key_6.png | I56: =IFERROR( _xlfn.IMAGE(按鍵位置表[[#This Row],[Pict URL]]), "") -> #VALUE!
B57: 55 | C57: [ | D57: 4 | E57: [ | F57: lbracket | G57: 四 | H57: =_xlfn.CONCAT(URL, F57, ".png") -> https://alanjui.github.io/Blogger/assets/images/keys/key_lbracket.png | I57: =IFERROR( _xlfn.IMAGE(按鍵位置表[[#This Row],[Pict URL]]), "") -> #VALUE!
B58: 56 | C58: ˙ | D58: 8 | E58: ] | F58: rbracket | G58: 八 | H58: =_xlfn.CONCAT(URL, F58, ".png") -> https://alanjui.github.io/Blogger/assets/images/keys/key_rbracket.png | I58: =IFERROR( _xlfn.IMAGE(按鍵位置表[[#This Row],[Pict URL]]), "") -> #VALUE!
B59: 57 | C59: 入 | D59: 0 | E59: 7 | F59: 7 | H59: =_xlfn.CONCAT(URL, F59, ".png") -> https://alanjui.github.io/Blogger/assets/images/keys/key_7.png | I59: =IFERROR( _xlfn.IMAGE(按鍵位置表[[#This Row],[Pict URL]]), "") -> #VALUE!
B60: 58 | C60: = | D60: Ø | E60: = | F60: equal | H60: =_xlfn.CONCAT(URL, F60, ".png") -> https://alanjui.github.io/Blogger/assets/images/keys/key_equal.png | I60: =IFERROR( _xlfn.IMAGE(按鍵位置表[[#This Row],[Pict URL]]), "") -> #VALUE!
B61: 59 | C61: ㄥ | D61: ⁿ | E61: - | F61: minus | G61: ⁿ | H61: =_xlfn.CONCAT(URL, F61, ".png") -> https://alanjui.github.io/Blogger/assets/images/keys/key_minus.png | I61: =IFERROR( _xlfn.IMAGE(按鍵位置表[[#This Row],[Pict URL]]), "") -> #VALUE! | L61: =_xlfn.CONCAT("a",按鍵位置表[[#This Row],[Note]]) -> aⁿ
B62: 60 | C62: =_xlfn.UNICHAR(HEX2DEC(RIGHT("U+207F",4))) -> ⁿ | D62: -nn | E62: - | F62: minus | H62: =_xlfn.CONCAT(URL, F62, ".png") -> https://alanjui.github.io/Blogger/assets/images/keys/key_minus.png | I62: =IFERROR( _xlfn.IMAGE(按鍵位置表[[#This Row],[Pict URL]]), "") -> #VALUE!

Sheet 打字練習表
B1: 聲母 | C1: 零ㄅㄆㄇㆠㄉㄊㄋㄌㄍㄎㆣㄏㄗㄘㆡㄙㄐㄑㆢㄒ | R1: URL | S1: https://alanjui.github.io/Blogger/assets/images/keys/key_ | Y1: https://alanjui.github.io/Blogger/assets/images/keys/key_
B3: 漢字 | C3: 十五音 | D3: 注音符號/ 拼音字母 | E3: 補零聲母 | F3: 補省略調號 | G3: 字母 | H3: 聲母序 | I3: 鍵盤按鍵 | R3: 鍵盤按鍵
I4: 1 | J4: 2 | K4: 3 | L4: 4 | M4: 5 | N4: 6 | O4: 7 | P4: 8 | R4: 1 | S4: 2 | T4: 3 | U4: 4 | V4: 5 | W4: 6 | X4: 7 | Y4: 8
B5: 《 | E5: =IF($D5="", "", IF(RIGHT($C5,1)="英",_xlfn.CONCAT("零", $D5),$D5)) | F5: =IF(MID($C5,2,1)="一",_xlfn.CONCAT($D5,"1"),IF(MID($C5,2,1)="四",_xlfn.CONCAT($D5,"4"), IF($D5="","",$E5))) | G5: =IF(LEN($F5)=0, "", LEN($F5)) | H5: =IF($D5="", "", SEARCH(LEFT($F5), $C$1)) | I5: =IF(AND($H5>0, I$4<$G5), IF(MID($F5,I$4+1,1)="1", """", IF(MID($F5,I$4+1,1)="4", "[", MID($F5,I$4+1,1))), IF(I$4<=$G5, IF(LEFT($F5,1)="零", "Ø", LEFT($F5,1)), "")) | J5: =IF(AND($H5>0, J$4<$G5), IF(MID($F5,J$4+1,1)="1", """", IF(MID($F5,J$4+1,1)="4", "[", MID($F5,J$4+1,1))), IF(J$4<=$G5, IF(LEFT($F5,1)="零", "Ø", LEFT($F5,1)), "")) | K5: =IF(AND($H5>0, K$4<$G5), IF(MID($F5,K$4+1,1)="1", """", IF(MID($F5,K$4+1,1)="4", "[", MID($F5,K$4+1,1))), IF(K$4<=$G5, IF(LEFT($F5,1)="零", "Ø", LEFT($F5,1)), "")) | L5: =IF(AND($H5>0, L$4<$G5), IF(MID($F5,L$4+1,1)="1", """", IF(MID($F5,L$4+1,1)="4", "[", MID($F5,L$4+1,1))), IF(L$4<=$G5, IF(LEFT($F5,1)="零", "Ø", LEFT($F5,1)), "")) | M5: =IF(AND($H5>0, M$4<$G5), IF(MID($F5,M$4+1,1)="1", """", IF(MID($F5,M$4+1,1)="4", "[", MID($F5,M$4+1,1))), IF(M$4<=$G5, IF(LEFT($F5,1)="零", "Ø", LEFT($F5,1)), "")) | N5: =IF(AND($H5>0, N$4<$G5), IF(MID($F5,N$4+1,1)="1", """", IF(MID($F5,N$4+1,1)="4", "[", MID($F5,N$4+1,1))), IF(N$4<=$G5, IF(LEFT($F5,1)="零", "Ø", LEFT($F5,1)), "")) | O5: =IF(AND($H5>0, O$4<$G5), IF(MID($F5,O$4+1,1)="1", """", IF(MID($F5,O$4+1,1)="4", "[", MID($F5,O$4+1,1))), IF(O$4<=$G5, IF(LEFT($F5,1)="零", "Ø", LEFT($F5,1)), "")) | P5: =IF(AND($H5>0, P$4<$G5), IF(MID($F5,P$4+1,1)="1", """", IF(MID($F5,P$4+1,1)="4", "[", MID($F5,P$4+1,1))), IF(P$4<=$G5, IF(LEFT($F5,1)="零", "Ø", LEFT($F5,1)), "")) | R5: =IFERROR( _xlfn.IMAGE(_xlfn.XLOOKUP(I5,按鍵位置表[方音符號], 按鍵位置表[Pict URL])), "") | S5: =IFERROR( _xlfn.IMAGE(_xlfn.XLOOKUP(J5,按鍵位置表[方音符號], 按鍵位置表[Pict URL])), "") | T5: =IFERROR( _xlfn.IMAGE(_xlfn.XLOOKUP(K5,按鍵位置表[方音符號], 按鍵位置表[Pict URL])), "") | U5: =IFERROR( _xlfn.IMAGE(_xlfn.XLOOKUP(L5,按鍵位置表[方音符號], 按鍵位置表[Pict URL])), "") | V5: =IFERROR( _xlfn.IMAGE(_xlfn.XLOOKUP(M5,按鍵位置表[方音符號], 按鍵位置表[Pict URL])), "") | W5: =IFERROR( _xlfn.IMAGE(_xlfn.XLOOKUP(N5,按鍵位置表[方音符號], 按鍵位置表[Pict URL])), "") | X5: =IFERROR( _xlfn.IMAGE(_xlfn.XLOOKUP(O5,按鍵位置表[方音符號], 按鍵位置表[Pict URL])), "") | Y5: =IFERROR( _xlfn.IMAGE(_xlfn.XLOOKUP(P5,按鍵位置表[方音符號], 按鍵位置表[Pict URL])), "")
B6: 涼 | C6: 姜五柳 | D6: ㄌㄧㄤˊ | E6: =IF($D6="", "", IF(RIGHT($C6,1)="英",_xlfn.CONCAT("零", $D6),$D6)) -> ㄌㄧㄤˊ | F6: =IF(MID($C6,2,1)="一",_xlfn.CONCAT($D6,"1"),IF(MID($C6,2,1)="四",_xlfn.CONCAT($D6,"4"), IF($D6="","",$E6))) -> ㄌㄧㄤˊ | G6: =IF(LEN($F6)=0, "", LEN($F6)) -> 4 | H6: =IF($D6="", "", SEARCH(LEFT($F6), $C$1)) -> 9 | I6: =IF(AND($H6>0, I$4<$G6), IF(MID($F6,I$4+1,1)="1", """", IF(MID($F6,I$4+1,1)="4", "[", MID($F6,I$4+1,1))), IF(I$4<=$G6, IF(LEFT($F6,1)="零", "=", LEFT($F6,1)), "")) -> ㄧ | J6: =IF(AND($H6>0, J$4<$G6), IF(MID($F6,J$4+1,1)="1", """", IF(MID($F6,J$4+1,1)="4", "[", MID($F6,J$4+1,1))), IF(J$4<=$G6, IF(LEFT($F6,1)="零", "=", LEFT($F6,1)), "")) -> ㄤ | K6: =IF(AND($H6>0, K$4<$G6), IF(MID($F6,K$4+1,1)="1", """", IF(MID($F6,K$4+1,1)="4", "[", MID($F6,K$4+1,1))), IF(K$4<=$G6, IF(LEFT($F6,1)="零", "=", LEFT($F6,1)), "")) -> ˊ | L6: =IF(AND($H6>0, L$4<$G6), IF(MID($F6,L$4+1,1)="1", """", IF(MID($F6,L$4+1,1)="4", "[", MID($F6,L$4+1,1))), IF(L$4<=$G6, IF(LEFT($F6,1)="零", "=", LEFT($F6,1)), "")) -> ㄌ | M6: =IF(AND($H6>0, M$4<$G6), IF(MID($F6,M$4+1,1)="1", """", IF(MID($F6,M$4+1,1)="4", "[", MID($F6,M$4+1,1))), IF(M$4<=$G6, IF(LEFT($F6,1)="零", "=", LEFT($F6,1)), "")) | N6: =IF(AND($H6>0, N$4<$G6), IF(MID($F6,N$4+1,1)="1", """", IF(MID($F6,N$4+1,1)="4", "[", MID($F6,N$4+1,1))), IF(N$4<=$G6, IF(LEFT($F6,1)="零", "=", LEFT($F6,1)), "")) | O6: =IF(AND($H6>0, O$4<$G6), IF(MID($F6,O$4+1,1)="1", """", IF(MID($F6,O$4+1,1)="4", "[", MID($F6,O$4+1,1))), IF(O$4<=$G6, IF(LEFT($F6,1)="零", "=", LEFT($F6,1)), "")) | P6: =IF(AND($H6>0, P$4<$G6), IF(MID($F6,P$4+1,1)="1", """", IF(MID($F6,P$4+1,1)="4", "[", MID($F6,P$4+1,1))), IF(P$4<=$G6, IF(LEFT($F6,1)="零", "=", LEFT($F6,1)), "")) | R6: =IFERROR( _xlfn.IMAGE(_xlfn.XLOOKUP(I6,按鍵位置表[方音符號], 按鍵位置表[Pict URL])), "") -> #VALUE! | S6: =IFERROR( _xlfn.IMAGE(_xlfn.XLOOKUP(J6,按鍵位置表[方音符號], 按鍵位置表[Pict URL])), "") -> #VALUE! | T6: =IFERROR( _xlfn.IMAGE(_xlfn.XLOOKUP(K6,按鍵位置表[方音符號], 按鍵位置表[Pict URL])), "") -> #VALUE! | U6: =IFERROR( _xlfn.IMAGE(_xlfn.XLOOKUP(L6,按鍵位置表[方音符號], 按鍵位置表[Pict URL])), "") -> #VALUE! | V6: =IFERROR( _xlfn.IMAGE(_xlfn.XLOOKUP(M6,按鍵位置表[方音符號], 按鍵位置表[Pict URL])), "") | W6: =IFERROR( _xlfn.IMAGE(_xlfn.XLOOKUP(N6,按鍵位置表[方音符號], 按鍵位置表[Pict URL])), "") | X6: =IFERROR( _xlfn.IMAGE(_xlfn.XLOOKUP(O6,按鍵位置表[方音符號], 按鍵位置表[Pict URL])), "") | Y6: =IFERROR( _xlfn.IMAGE(_xlfn.XLOOKUP(P6,按鍵位置表[方音符號], 按鍵位置表[Pict URL])), "")
B7: 州 | C7: 丩一曾 | D7: ㄐㄧㄨ | E7: =IF($D7="", "", IF(RIGHT($C7,1)="英",_xlfn.CONCAT("零", $D7),$D7)) -> ㄐㄧㄨ | F7: =IF(MID($C7,2,1)="一",_xlfn.CONCAT($D7,"1"),IF(MID($C7,2,1)="四",_xlfn.CONCAT($D7,"4"), IF($D7="","",$E7))) -> ㄐㄧㄨ1 | G7: =IF(LEN($F7)=0, "", LEN($F7)) -> 4 | H7: =IF($D7="", "", SEARCH(LEFT($F7), $C$1)) -> 18 | I7: =IF(AND($H7>0, I$4<$G7), IF(MID($F7,I$4+1,1)="1", """", IF(MID($F7,I$4+1,1)="4", "[", MID($F7,I$4+1,1))), IF(I$4<=$G7, IF(LEFT($F7,1)="零", "=", LEFT($F7,1)), "")) -> ㄧ | J7: =IF(AND($H7>0, J$4<$G7), IF(MID($F7,J$4+1,1)="1", """", IF(MID($F7,J$4+1,1)="4", "[", MID($F7,J$4+1,1))), IF(J$4<=$G7, IF(LEFT($F7,1)="零", "=", LEFT($F7,1)), "")) -> ㄨ | K7: =IF(AND($H7>0, K$4<$G7), IF(MID($F7,K$4+1,1)="1", """", IF(MID($F7,K$4+1,1)="4", "[", MID($F7,K$4+1,1))), IF(K$4<=$G7, IF(LEFT($F7,1)="零", "=", LEFT($F7,1)), "")) -> " | L7: =IF(AND($H7>0, L$4<$G7), IF(MID($F7,L$4+1,1)="1", """", IF(MID($F7,L$4+1,1)="4", "[", MID($F7,L$4+1,1))), IF(L$4<=$G7, IF(LEFT($F7,1)="零", "=", LEFT($F7,1)), "")) -> ㄐ | M7: =IF(AND($H7>0, M$4<$G7), IF(MID($F7,M$4+1,1)="1", """", IF(MID($F7,M$4+1,1)="4", "[", MID($F7,M$4+1,1))), IF(M$4<=$G7, IF(LEFT($F7,1)="零", "=", LEFT($F7,1)), "")) | N7: =IF(AND($H7>0, N$4<$G7), IF(MID($F7,N$4+1,1)="1", """", IF(MID($F7,N$4+1,1)="4", "[", MID($F7,N$4+1,1))), IF(N$4<=$G7, IF(LEFT($F7,1)="零", "=", LEFT($F7,1)), "")) | O7: =IF(AND($H7>0, O$4<$G7), IF(MID($F7,O$4+1,1)="1", """", IF(MID($F7,O$4+1,1)="4", "[", MID($F7,O$4+1,1))), IF(O$4<=$G7, IF(LEFT($F7,1)="零", "=", LEFT($F7,1)), "")) | P7: =IF(AND($H7>0, P$4<$G7), IF(MID($F7,P$4+1,1)="1", """", IF(MID($F7,P$4+1,1)="4", "[", MID($F7,P$4+1,1))), IF(P$4<=$G7, IF(LEFT($F7,1)="零", "=", LEFT($F7,1)), "")) | R7: =IFERROR( _xlfn.IMAGE(_xlfn.XLOOKUP(I7,按鍵位置表[方音符號], 按鍵位置表[Pict URL])), "") -> #VALUE! | S7: =IFERROR( _xlfn.IMAGE(_xlfn.XLOOKUP(J7,按鍵位置表[方音符號], 按鍵位置表[Pict URL])), "") -> #VALUE! | T7: =IFERROR( _xlfn.IMAGE(_xlfn.XLOOKUP(K7,按鍵位置表[方音符號], 按鍵位置表[Pict URL])), "") -> #VALUE! | U7: =IFERROR( _xlfn.IMAGE(_xlfn.XLOOKUP(L7,按鍵位置表[方音符號], 按鍵位置表[Pict URL])), "") -> #VALUE! | V7: =IFERROR( _xlfn.IMAGE(_xlfn.XLOOKUP(M7,按鍵位置表[方音符號], 按鍵位置表[Pict URL])), "") | W7: =IFERROR( _xlfn.IMAGE(_xlfn.XLOOKUP(N7,按鍵位置表[方音符號], 按鍵位置表[Pict URL])), "") | X7: =IFERROR( _xlfn.IMAGE(_xlfn.XLOOKUP(O7,按鍵位置表[方音符號], 按鍵位置表[Pict URL])), "") | Y7: =IFERROR( _xlfn.IMAGE(_xlfn.XLOOKUP(P7,按鍵位置表[方音符號], 按鍵位置表[Pict URL])), "")
B8: 詞 | C8: 艍五時 | D8: ㄙㄨˊ | E8: =IF($D8="", "", IF(RIGHT($C8,1)="英",_xlfn.CONCAT("零", $D8),$D8)) -> ㄙㄨˊ | F8: =IF(MID($C8,2,1)="一",_xlfn.CONCAT($D8,"1"),IF(MID($C8,2,1)="四",_xlfn.CONCAT($D8,"4"), IF($D8="","",$E8))) -> ㄙㄨˊ | G8: =IF(LEN($F8)=0, "", LEN($F8)) -> 3 | H8: =IF($D8="", "", SEARCH(LEFT($F8), $C$1)) -> 17 | I8: =IF(AND($H8>0, I$4<$G8), IF(MID($F8,I$4+1,1)="1", """", IF(MID($F8,I$4+1,1)="4", "[", MID($F8,I$4+1,1))), IF(I$4<=$G8, IF(LEFT($F8,1)="零", "=", LEFT($F8,1)), "")) -> ㄨ | J8: =IF(AND($H8>0, J$4<$G8), IF(MID($F8,J$4+1,1)="1", """", IF(MID($F8,J$4+1,1)="4", "[", MID($F8,J$4+1,1))), IF(J$4<=$G8, IF(LEFT($F8,1)="零", "=", LEFT($F8,1)), "")) -> ˊ | K8: =IF(AND($H8>0, K$4<$G8), IF(MID($F8,K$4+1,1)="1", """", IF(MID($F8,K$4+1,1)="4", "[", MID($F8,K$4+1,1))), IF(K$4<=$G8, IF(LEFT($F8,1)="零", "=", LEFT($F8,1)), "")) -> ㄙ | L8: =IF(AND($H8>0, L$4<$G8), IF(MID($F8,L$4+1,1)="1", """", IF(MID($F8,L$4+1,1)="4", "[", MID($F8,L$4+1,1))), IF(L$4<=$G8, IF(LEFT($F8,1)="零", "=", LEFT($F8,1)), "")) | M8: =IF(AND($H8>0, M$4<$G8), IF(MID($F8,M$4+1,1)="1", """", IF(MID($F8,M$4+1,1)="4", "[", MID($F8,M$4+1,1))), IF(M$4<=$G8, IF(LEFT($F8,1)="零", "=", LEFT($F8,1)), "")) | N8: =IF(AND($H8>0, N$4<$G8), IF(MID($F8,N$4+1,1)="1", """", IF(MID($F8,N$4+1,1)="4", "[", MID($F8,N$4+1,1))), IF(N$4<=$G8, IF(LEFT($F8,1)="零", "=", LEFT($F8,1)), "")) | O8: =IF(AND($H8>0, O$4<$G8), IF(MID($F8,O$4+1,1)="1", """", IF(MID($F8,O$4+1,1)="4", "[", MID($F8,O$4+1,1))), IF(O$4<=$G8, IF(LEFT($F8,1)="零", "=", LEFT($F8,1)), "")) | P8: =IF(AND($H8>0, P$4<$G8), IF(MID($F8,P$4+1,1)="1", """", IF(MID($F8,P$4+1,1)="4", "[", MID($F8,P$4+1,1))), IF(P$4<=$G8, IF(LEFT($F8,1)="零", "=", LEFT($F8,1)), "")) | R8: =IFERROR( _xlfn.IMAGE(_xlfn.XLOOKUP(I8,按鍵位置表[方音符號], 按鍵位置表[Pict URL])), "") -> #VALUE! | S8: =IFERROR( _xlfn.IMAGE(_xlfn.XLOOKUP(J8,按鍵位置表[方音符號], 按鍵位置表[Pict URL])), "") -> #VALUE! | T8: =IFERROR( _xlfn.IMAGE(_xlfn.XLOOKUP(K8,按鍵位置表[方音符號], 按鍵位置表[Pict URL])), "") -> #VALUE! | U8: =IFERROR( _xlfn.IMAGE(_xlfn.XLOOKUP(L8,按鍵位置表[方音符號], 按鍵位置表[Pict URL])), "") | V8: =IFERROR( _xlfn.IMAGE(_xlfn.XLOOKUP(M8,按鍵位置表[方音符號], 按鍵位置表[Pict URL])), "") | W8: =IFERROR( _xlfn.IMAGE(_xlfn.XLOOKUP(N8,按鍵位置表[方音符號], 按鍵位置表[Pict URL])), "") | X8: =IFERROR( _xlfn.IMAGE(_xlfn.XLOOKUP(O8,按鍵位置表[方音符號], 按鍵位置表[Pict URL])), "") | Y8: =IFERROR( _xlfn.IMAGE(_xlfn.XLOOKUP(P8,按鍵位置表[方音符號], 按鍵位置表[Pict URL])), "")
B9: 》 | E9: =IF($D9="", "", IF(RIGHT($C9,1)="英",_xlfn.CONCAT("零", $D9),$D9)) | F9: =IF(MID($C9,2,1)="一",_xlfn.CONCAT($D9,"1"),IF(MID($C9,2,1)="四",_xlfn.CONCAT($D9,"4"), IF($D9="","",$E9))) | G9: =IF(LEN($F9)=0, "", LEN($F9)) | H9: =IF($D9="", "", SEARCH(LEFT($F9), $C$1)) | I9: =IF(AND($H9>0, I$4<$G9), IF(MID($F9,I$4+1,1)="1", """", IF(MID($F9,I$4+1,1)="4", "[", MID($F9,I$4+1,1))), IF(I$4<=$G9, IF(LEFT($F9,1)="零", "=", LEFT($F9,1)), "")) | J9: =IF(AND($H9>0, J$4<$G9), IF(MID($F9,J$4+1,1)="1", """", IF(MID($F9,J$4+1,1)="4", "[", MID($F9,J$4+1,1))), IF(J$4<=$G9, IF(LEFT($F9,1)="零", "=", LEFT($F9,1)), "")) | K9: =IF(AND($H9>0, K$4<$G9), IF(MID($F9,K$4+1,1)="1", """", IF(MID($F9,K$4+1,1)="4", "[", MID($F9,K$4+1,1))), IF(K$4<=$G9, IF(LEFT($F9,1)="零", "=", LEFT($F9,1)), "")) | L9: =IF(AND($H9>0, L$4<$G9), IF(MID($F9,L$4+1,1)="1", """", IF(MID($F9,L$4+1,1)="4", "[", MID($F9,L$4+1,1))), IF(L$4<=$G9, IF(LEFT($F9,1)="零", "=", LEFT($F9,1)), "")) | M9: =IF(AND($H9>0, M$4<$G9), IF(MID($F9,M$4+1,1)="1", """", IF(MID($F9,M$4+1,1)="4", "[", MID($F9,M$4+1,1))), IF(M$4<=$G9, IF(LEFT($F9,1)="零", "=", LEFT($F9,1)), "")) | N9: =IF(AND($H9>0, N$4<$G9), IF(MID($F9,N$4+1,1)="1", """", IF(MID($F9,N$4+1,1)="4", "[", MID($F9,N$4+1,1))), IF(N$4<=$G9, IF(LEFT($F9,1)="零", "=", LEFT($F9,1)), "")) | O9: =IF(AND($H9>0, O$4<$G9), IF(MID($F9,O$4+1,1)="1", """", IF(MID($F9,O$4+1,1)="4", "[", MID($F9,O$4+1,1))), IF(O$4<=$G9, IF(LEFT($F9,1)="零", "=", LEFT($F9,1)), "")) | P9: =IF(AND($H9>0, P$4<$G9), IF(MID($F9,P$4+1,1)="1", """", IF(MID($F9,P$4+1,1)="4", "[", MID($F9,P$4+1,1))), IF(P$4<=$G9, IF(LEFT($F9,1)="零", "=", LEFT($F9,1)), "")) | R9: =IFERROR( _xlfn.IMAGE(_xlfn.XLOOKUP(I9,按鍵位置表[方音符號], 按鍵位置表[Pict URL])), "") | S9: =IFERROR( _xlfn.IMAGE(_xlfn.XLOOKUP(J9,按鍵位置表[方音符號], 按鍵位置表[Pict URL])), "") | T9: =IFERROR( _xlfn.IMAGE(_xlfn.XLOOKUP(K9,按鍵位置表[方音符號], 按鍵位置表[Pict URL])), "") | U9: =IFERROR( _xlfn.IMAGE(_xlfn.XLOOKUP(L9,按鍵位置表[方音符號], 按鍵位置表[Pict URL])), "") | V9: =IFERROR( _xlfn.IMAGE(_xlfn.XLOOKUP(M9,按鍵位置表[方音符號], 按鍵位置表[Pict URL])), "") | W9: =IFERROR( _xlfn.IMAGE(_xlfn.XLOOKUP(N9,按鍵位置表[方音符號], 按鍵位置表[Pict URL])), "") | X9: =IFERROR( _xlfn.IMAGE(_xlfn.XLOOKUP(O9,按鍵位置表[方音符號], 按鍵位置表[Pict URL])), "") | Y9: =IFERROR( _xlfn.IMAGE(_xlfn.XLOOKUP(P9,按鍵位置表[方音符號], 按鍵位置表[Pict URL])), "")
B10: 王 | C10: 公五英 | D10: ㆲˊ | E10: =IF($D10="", "", IF(RIGHT($C10,1)="英",_xlfn.CONCAT("零", $D10),$D10)) -> 零ㆲˊ | F10: =IF(MID($C10,2,1)="一",_xlfn.CONCAT($D10,"1"),IF(MID($C10,2,1)="四",_xlfn.CONCAT($D10,"4"), IF($D10="","",$E10))) -> 零ㆲˊ | G10: =IF(LEN($F10)=0, "", LEN($F10)) -> 3 | H10: =IF($D10="", "", SEARCH(LEFT($F10), $C$1)) -> 1 | I10: =IF(AND($H10>0, I$4<$G10), IF(MID($F10,I$4+1,1)="1", """", IF(MID($F10,I$4+1,1)="4", "[", MID($F10,I$4+1,1))), IF(I$4<=$G10, IF(LEFT($F10,1)="零", "=", LEFT($F10,1)), "")) -> ㆲ | J10: =IF(AND($H10>0, J$4<$G10), IF(MID($F10,J$4+1,1)="1", """", IF(MID($F10,J$4+1,1)="4", "[", MID($F10,J$4+1,1))), IF(J$4<=$G10, IF(LEFT($F10,1)="零", "=", LEFT($F10,1)), "")) -> ˊ | K10: =IF(AND($H10>0, K$4<$G10), IF(MID($F10,K$4+1,1)="1", """", IF(MID($F10,K$4+1,1)="4", "[", MID($F10,K$4+1,1))), IF(K$4<=$G10, IF(LEFT($F10,1)="零", "=", LEFT($F10,1)), "")) -> = | L10: =IF(AND($H10>0, L$4<$G10), IF(MID($F10,L$4+1,1)="1", """", IF(MID($F10,L$4+1,1)="4", "[", MID($F10,L$4+1,1))), IF(L$4<=$G10, IF(LEFT($F10,1)="零", "=", LEFT($F10,1)), "")) | M10: =IF(AND($H10>0, M$4<$G10), IF(MID($F10,M$4+1,1)="1", """", IF(MID($F10,M$4+1,1)="4", "[", MID($F10,M$4+1,1))), IF(M$4<=$G10, IF(LEFT($F10,1)="零", "=", LEFT($F10,1)), "")) | N10: =IF(AND($H10>0, N$4<$G10), IF(MID($F10,N$4+1,1)="1", """", IF(MID($F10,N$4+1,1)="4", "[", MID($F10,N$4+1,1))), IF(N$4<=$G10, IF(LEFT($F10,1)="零", "=", LEFT($F10,1)), "")) | O10: =IF(AND($H10>0, O$4<$G10), IF(MID($F10,O$4+1,1)="1", """", IF(MID($F10,O$4+1,1)="4", "[", MID($F10,O$4+1,1))), IF(O$4<=$G10, IF(LEFT($F10,1)="零", "=", LEFT($F10,1)), "")) | P10: =IF(AND($H10>0, P$4<$G10), IF(MID($F10,P$4+1,1)="1", """", IF(MID($F10,P$4+1,1)="4", "[", MID($F10,P$4+1,1))), IF(P$4<=$G10, IF(LEFT($F10,1)="零", "=", LEFT($F10,1)), "")) | R10: =IFERROR( _xlfn.IMAGE(_xlfn.XLOOKUP(I10,按鍵位置表[方音符號], 按鍵位置表[Pict URL])), "") -> #VALUE! | S10: =IFERROR( _xlfn.IMAGE(_xlfn.XLOOKUP(J10,按鍵位置表[方音符號], 按鍵位置表[Pict URL])), "") -> #VALUE! | T10: =IFERROR( _xlfn.IMAGE(_xlfn.XLOOKUP(K10,按鍵位置表[方音符號], 按鍵位置表[Pict URL])), "") -> #VALUE! | U10: =IFERROR( _xlfn.IMAGE(_xlfn.XLOOKUP(L10,按鍵位置表[方音符號], 按鍵位置表[Pict URL])), "") | V10: =IFERROR( _xlfn.IMAGE(_xlfn.XLOOKUP(M10,按鍵位置表[方音符號], 按鍵位置表[Pict URL])), "") | W10: =IFERROR( _xlfn.IMAGE(_xlfn.XLOOKUP(N10,按鍵位置表[方音符號], 按鍵位置表[Pict URL])), "") | X10: =IFERROR( _xlfn.IMAGE(_xlfn.XLOOKUP(O10,按鍵位置表[方音符號], 按鍵位置表[Pict URL])), "") | Y10: =IFERROR( _xlfn.IMAGE(_xlfn.XLOOKUP(P10,按鍵位置表[方音符號], 按鍵位置表[Pict URL])), "")
B11: 之 | C11: 居一曾 | D11: ㄐㄧ | E11: =IF($D11="", "", IF(RIGHT($C11,1)="英",_xlfn.CONCAT("零", $D11),$D11)) -> ㄐㄧ | F11: =IF(MID($C11,2,1)="一",_xlfn.CONCAT($D11,"1"),IF(MID($C11,2,1)="四",_xlfn.CONCAT($D11,"4"), IF($D11="","",$E11))) -> ㄐㄧ1 | G11: =IF(LEN($F11)=0, "", LEN($F11)) -> 3 | H11: =IF($D11="", "", SEARCH(LEFT($F11), $C$1)) -> 18 | I11: =IF(AND($H11>0, I$4<$G11), IF(MID($F11,I$4+1,1)="1", """", IF(MID($F11,I$4+1,1)="4", "[", MID($F11,I$4+1,1))), IF(I$4<=$G11, IF(LEFT($F11,1)="零", "=", LEFT($F11,1)), "")) -> ㄧ | J11: =IF(AND($H11>0, J$4<$G11), IF(MID($F11,J$4+1,1)="1", """", IF(MID($F11,J$4+1,1)="4", "[", MID($F11,J$4+1,1))), IF(J$4<=$G11, IF(LEFT($F11,1)="零", "=", LEFT($F11,1)), "")) -> " | K11: =IF(AND($H11>0, K$4<$G11), IF(MID($F11,K$4+1,1)="1", """", IF(MID($F11,K$4+1,1)="4", "[", MID($F11,K$4+1,1))), IF(K$4<=$G11, IF(LEFT($F11,1)="零", "=", LEFT($F11,1)), "")) -> ㄐ | L11: =IF(AND($H11>0, L$4<$G11), IF(MID($F11,L$4+1,1)="1", """", IF(MID($F11,L$4+1,1)="4", "[", MID($F11,L$4+1,1))), IF(L$4<=$G11, IF(LEFT($F11,1)="零", "=", LEFT($F11,1)), "")) | M11: =IF(AND($H11>0, M$4<$G11), IF(MID($F11,M$4+1,1)="1", """", IF(MID($F11,M$4+1,1)="4", "[", MID($F11,M$4+1,1))), IF(M$4<=$G11, IF(LEFT($F11,1)="零", "=", LEFT($F11,1)), "")) | N11: =IF(AND($H11>0, N$4<$G11), IF(MID($F11,N$4+1,1)="1", """", IF(MID($F11,N$4+1,1)="4", "[", MID($F11,N$4+1,1))), IF(N$4<=$G11, IF(LEFT($F11,1)="零", "=", LEFT($F11,1)), "")) | O11: =IF(AND($H11>0, O$4<$G11), IF(MID($F11,O$4+1,1)="1", """", IF(MID($F11,O$4+1,1)="4", "[", MID($F11,O$4+1,1))), IF(O$4<=$G11, IF(LEFT($F11,1)="零", "=", LEFT($F11,1)), "")) | P11: =IF(AND($H11>0, P$4<$G11), IF(MID($F11,P$4+1,1)="1", """", IF(MID($F11,P$4+1,1)="4", "[", MID($F11,P$4+1,1))), IF(P$4<=$G11, IF(LEFT($F11,1)="零", "=", LEFT($F11,1)), "")) | R11: =IFERROR( _xlfn.IMAGE(_xlfn.XLOOKUP(I11,按鍵位置表[方音符號], 按鍵位置表[Pict URL])), "") -> #VALUE! | S11: =IFERROR( _xlfn.IMAGE(_xlfn.XLOOKUP(J11,按鍵位置表[方音符號], 按鍵位置表[Pict URL])), "") -> #VALUE! | T11: =IFERROR( _xlfn.IMAGE(_xlfn.XLOOKUP(K11,按鍵位置表[方音符號], 按鍵位置表[Pict URL])), "") -> #VALUE! | U11: =IFERROR( _xlfn.IMAGE(_xlfn.XLOOKUP(L11,按鍵位置表[方音符號], 按鍵位置表[Pict URL])), "") | V11: =IFERROR( _xlfn.IMAGE(_xlfn.XLOOKUP(M11,按鍵位置表[方音符號], 按鍵位置表[Pict URL])), "") | W11: =IFERROR( _xlfn.IMAGE(_xlfn.XLOOKUP(N11,按鍵位置表[方音符號], 按鍵位置表[Pict URL])), "") | X11: =IFERROR( _xlfn.IMAGE(_xlfn.XLOOKUP(O11,按鍵位置表[方音符號], 按鍵位置表[Pict URL])), "") | Y11: =IFERROR( _xlfn.IMAGE(_xlfn.XLOOKUP(P11,按鍵位置表[方音符號], 按鍵位置表[Pict URL])), "")
B12: 渙 | C12: 觀三喜 | D12: ㄏㄨㄢ˪ | E12: =IF($D12="", "", IF(RIGHT($C12,1)="英",_xlfn.CONCAT("零", $D12),$D12)) -> ㄏㄨㄢ˪ | F12: =IF(MID($C12,2,1)="一",_xlfn.CONCAT($D12,"1"),IF(MID($C12,2,1)="四",_xlfn.CONCAT($D12,"4"), IF($D12="","",$E12))) -> ㄏㄨㄢ˪ | G12: =IF(LEN($F12)=0, "", LEN($F12)) -> 4 | H12: =IF($D12="", "", SEARCH(LEFT($F12), $C$1)) -> 13 | I12: =IF(AND($H12>0, I$4<$G12), IF(MID($F12,I$4+1,1)="1", """", IF(MID($F12,I$4+1,1)="4", "[", MID($F12,I$4+1,1))), IF(I$4<=$G12, IF(LEFT($F12,1)="零", "=", LEFT($F12,1)), "")) -> ㄨ | J12: =IF(AND($H12>0, J$4<$G12), IF(MID($F12,J$4+1,1)="1", """", IF(MID($F12,J$4+1,1)="4", "[", MID($F12,J$4+1,1))), IF(J$4<=$G12, IF(LEFT($F12,1)="零", "=", LEFT($F12,1)), "")) -> ㄢ | K12: =IF(AND($H12>0, K$4<$G12), IF(MID($F12,K$4+1,1)="1", """", IF(MID($F12,K$4+1,1)="4", "[", MID($F12,K$4+1,1))), IF(K$4<=$G12, IF(LEFT($F12,1)="零", "=", LEFT($F12,1)), "")) -> ˪ | L12: =IF(AND($H12>0, L$4<$G12), IF(MID($F12,L$4+1,1)="1", """", IF(MID($F12,L$4+1,1)="4", "[", MID($F12,L$4+1,1))), IF(L$4<=$G12, IF(LEFT($F12,1)="零", "=", LEFT($F12,1)), "")) -> ㄏ | M12: =IF(AND($H12>0, M$4<$G12), IF(MID($F12,M$4+1,1)="1", """", IF(MID($F12,M$4+1,1)="4", "[", MID($F12,M$4+1,1))), IF(M$4<=$G12, IF(LEFT($F12,1)="零", "=", LEFT($F12,1)), "")) | N12: =IF(AND($H12>0, N$4<$G12), IF(MID($F12,N$4+1,1)="1", """", IF(MID($F12,N$4+1,1)="4", "[", MID($F12,N$4+1,1))), IF(N$4<=$G12, IF(LEFT($F12,1)="零", "=", LEFT($F12,1)), "")) | O12: =IF(AND($H12>0, O$4<$G12), IF(MID($F12,O$4+1,1)="1", """", IF(MID($F12,O$4+1,1)="4", "[", MID($F12,O$4+1,1))), IF(O$4<=$G12, IF(LEFT($F12,1)="零", "=", LEFT($F12,1)), "")) | P12: =IF(AND($H12>0, P$4<$G12), IF(MID($F12,P$4+1,1)="1", """", IF(MID($F12,P$4+1,1)="4", "[", MID($F12,P$4+1,1))), IF(P$4<=$G12, IF(LEFT($F12,1)="零", "=", LEFT($F12,1)), "")) | R12: =IFERROR( _xlfn.IMAGE(_xlfn.XLOOKUP(I12,按鍵位置表[方音符號], 按鍵位置表[Pict URL])), "") -> #VALUE! | S12: =IFERROR( _xlfn.IMAGE(_xlfn.XLOOKUP(J12,按鍵位置表[方音符號], 按鍵位置表[Pict URL])), "") -> #VALUE! | T12: =IFERROR( _xlfn.IMAGE(_xlfn.XLOOKUP(K12,按鍵位置表[方音符號], 按鍵位置表[Pict URL])), "") -> #VALUE! | U12: =IFERROR( _xlfn.IMAGE(_xlfn.XLOOKUP(L12,按鍵位置表[方音符號], 按鍵位置表[Pict URL])), "") -> #VALUE! | V12: =IFERROR( _xlfn.IMAGE(_xlfn.XLOOKUP(M12,按鍵位置表[方音符號], 按鍵位置表[Pict URL])), "") | W12: =IFERROR( _xlfn.IMAGE(_xlfn.XLOOKUP(N12,按鍵位置表[方音符號], 按鍵位置表[Pict URL])), "") | X12: =IFERROR( _xlfn.IMAGE(_xlfn.XLOOKUP(O12,按鍵位置表[方音符號], 按鍵位置表[Pict URL])), "") | Y12: =IFERROR( _xlfn.IMAGE(_xlfn.XLOOKUP(P12,按鍵位置表[方音符號], 按鍵位置表[Pict URL])), "")
E13: =IF($D13="", "", IF(RIGHT($C13,1)="英",_xlfn.CONCAT("零", $D13),$D13)) | F13: =IF(MID($C13,2,1)="一",_xlfn.CONCAT($D13,"1"),IF(MID($C13,2,1)="四",_xlfn.CONCAT($D13,"4"), IF($D13="","",$E13))) | G13: =IF(LEN($F13)=0, "", LEN($F13)) | H13: =IF($D13="", "", SEARCH(LEFT($F13), $C$1)) | I13: =IF(AND($H13>0, I$4<$G13), IF(MID($F13,I$4+1,1)="1", """", IF(MID($F13,I$4+1,1)="4", "[", MID($F13,I$4+1,1))), IF(I$4<=$G13, IF(LEFT($F13,1)="零", "=", LEFT($F13,1)), "")) | J13: =IF(AND($H13>0, J$4<$G13), IF(MID($F13,J$4+1,1)="1", """", IF(MID($F13,J$4+1,1)="4", "[", MID($F13,J$4+1,1))), IF(J$4<=$G13, IF(LEFT($F13,1)="零", "=", LEFT($F13,1)), "")) | K13: =IF(AND($H13>0, K$4<$G13), IF(MID($F13,K$4+1,1)="1", """", IF(MID($F13,K$4+1,1)="4", "[", MID($F13,K$4+1,1))), IF(K$4<=$G13, IF(LEFT($F13,1)="零", "=", LEFT($F13,1)), "")) | L13: =IF(AND($H13>0, L$4<$G13), IF(MID($F13,L$4+1,1)="1", """", IF(MID($F13,L$4+1,1)="4", "[", MID($F13,L$4+1,1))), IF(L$4<=$G13, IF(LEFT($F13,1)="零", "=", LEFT($F13,1)), "")) | M13: =IF(AND($H13>0, M$4<$G13), IF(MID($F13,M$4+1,1)="1", """", IF(MID($F13,M$4+1,1)="4", "[", MID($F13,M$4+1,1))), IF(M$4<=$G13, IF(LEFT($F13,1)="零", "=", LEFT($F13,1)), "")) | N13: =IF(AND($H13>0, N$4<$G13), IF(MID($F13,N$4+1,1)="1", """", IF(MID($F13,N$4+1,1)="4", "[", MID($F13,N$4+1,1))), IF(N$4<=$G13, IF(LEFT($F13,1)="零", "=", LEFT($F13,1)), "")) | O13: =IF(AND($H13>0, O$4<$G13), IF(MID($F13,O$4+1,1)="1", """", IF(MID($F13,O$4+1,1)="4", "[", MID($F13,O$4+1,1))), IF(O$4<=$G13, IF(LEFT($F13,1)="零", "=", LEFT($F13,1)), "")) | P13: =IF(AND($H13>0, P$4<$G13), IF(MID($F13,P$4+1,1)="1", """", IF(MID($F13,P$4+1,1)="4", "[", MID($F13,P$4+1,1))), IF(P$4<=$G13, IF(LEFT($F13,1)="零", "=", LEFT($F13,1)), "")) | R13: =IFERROR( _xlfn.IMAGE(_xlfn.XLOOKUP(I13,按鍵位置表[方音符號], 按鍵位置表[Pict URL])), "") | S13: =IFERROR( _xlfn.IMAGE(_xlfn.XLOOKUP(J13,按鍵位置表[方音符號], 按鍵位置表[Pict URL])), "") | T13: =IFERROR( _xlfn.IMAGE(_xlfn.XLOOKUP(K13,按鍵位置表[方音符號], 按鍵位置表[Pict URL])), "") | U13: =IFERROR( _xlfn.IMAGE(_xlfn.XLOOKUP(L13,按鍵位置表[方音符號], 按鍵位置表[Pict URL])), "") | V13: =IFERROR( _xlfn.IMAGE(_xlfn.XLOOKUP(M13,按鍵位置表[方音符號], 按鍵位置表[Pict URL])), "") | W13: =IFERROR( _xlfn.IMAGE(_xlfn.XLOOKUP(N13,按鍵位置表[方音符號], 按鍵位置表[Pict URL])), "") | X13: =IFERROR( _xlfn.IMAGE(_xlfn.XLOOKUP(O13,按鍵位置表[方音符號], 按鍵位置表[Pict URL])), "") | Y13: =IFERROR( _xlfn.IMAGE(_xlfn.XLOOKUP(P13,按鍵位置表[方音符號], 按鍵位置表[Pict URL])), "")
B14: 黃 | C14: 公五喜 | D14: ㄏㆲˊ | E14: =IF($D14="", "", IF(RIGHT($C14,1)="英",_xlfn.CONCAT("零", $D14),$D14)) -> ㄏㆲˊ | F14: =IF(MID($C14,2,1)="一",_xlfn.CONCAT($D14,"1"),IF(MID($C14,2,1)="四",_xlfn.CONCAT($D14,"4"), IF($D14="","",$E14))) -> ㄏㆲˊ | G14: =IF(LEN($F14)=0, "", LEN($F14)) -> 3 | H14: =IF($D14="", "", SEARCH(LEFT($F14), $C$1)) -> 13 | I14: =IF(AND($H14>0, I$4<$G14), IF(MID($F14,I$4+1,1)="1", """", IF(MID($F14,I$4+1,1)="4", "[", MID($F14,I$4+1,1))), IF(I$4<=$G14, IF(LEFT($F14,1)="零", "=", LEFT($F14,1)), "")) -> ㆲ | J14: =IF(AND($H14>0, J$4<$G14), IF(MID($F14,J$4+1,1)="1", """", IF(MID($F14,J$4+1,1)="4", "[", MID($F14,J$4+1,1))), IF(J$4<=$G14, IF(LEFT($F14,1)="零", "=", LEFT($F14,1)), "")) -> ˊ | K14: =IF(AND($H14>0, K$4<$G14), IF(MID($F14,K$4+1,1)="1", """", IF(MID($F14,K$4+1,1)="4", "[", MID($F14,K$4+1,1))), IF(K$4<=$G14, IF(LEFT($F14,1)="零", "=", LEFT($F14,1)), "")) -> ㄏ | L14: =IF(AND($H14>0, L$4<$G14), IF(MID($F14,L$4+1,1)="1", """", IF(MID($F14,L$4+1,1)="4", "[", MID($F14,L$4+1,1))), IF(L$4<=$G14, IF(LEFT($F14,1)="零", "=", LEFT($F14,1)), "")) | M14: =IF(AND($H14>0, M$4<$G14), IF(MID($F14,M$4+1,1)="1", """", IF(MID($F14,M$4+1,1)="4", "[", MID($F14,M$4+1,1))), IF(M$4<=$G14, IF(LEFT($F14,1)="零", "=", LEFT($F14,1)), "")) | N14: =IF(AND($H14>0, N$4<$G14), IF(MID($F14,N$4+1,1)="1", """", IF(MID($F14,N$4+1,1)="4", "[", MID($F14,N$4+1,1))), IF(N$4<=$G14, IF(LEFT($F14,1)="零", "=", LEFT($F14,1)), "")) | O14: =IF(AND($H14>0, O$4<$G14), IF(MID($F14,O$4+1,1)="1", """", IF(MID($F14,O$4+1,1)="4", "[", MID($F14,O$4+1,1))), IF(O$4<=$G14, IF(LEFT($F14,1)="零", "=", LEFT($F14,1)), "")) | P14: =IF(AND($H14>0, P$4<$G14), IF(MID($F14,P$4+1,1)="1", """", IF(MID($F14,P$4+1,1)="4", "[", MID($F14,P$4+1,1))), IF(P$4<=$G14, IF(LEFT($F14,1)="零", "=", LEFT($F14,1)), "")) | R14: =IFERROR( _xlfn.IMAGE(_xlfn.XLOOKUP(I14,按鍵位置表[方音符號], 按鍵位置表[Pict URL])), "") -> #VALUE! | S14: =IFERROR( _xlfn.IMAGE(_xlfn.XLOOKUP(J14,按鍵位置表[方音符號], 按鍵位置表[Pict URL])), "") -> #VALUE! | T14: =IFERROR( _xlfn.IMAGE(_xlfn.XLOOKUP(K14,按鍵位置表[方音符號], 按鍵位置表[Pict URL])), "") -> #VALUE! | U14: =IFERROR( _xlfn.IMAGE(_xlfn.XLOOKUP(L14,按鍵位置表[方音符號], 按鍵位置表[Pict URL])), "") | V14: =IFERROR( _xlfn.IMAGE(_xlfn.XLOOKUP(M14,按鍵位置表[方音符號], 按鍵位置表[Pict URL])), "") | W14: =IFERROR( _xlfn.IMAGE(_xlfn.XLOOKUP(N14,按鍵位置表[方音符號], 按鍵位置表[Pict URL])), "") | X14: =IFERROR( _xlfn.IMAGE(_xlfn.XLOOKUP(O14,按鍵位置表[方音符號], 按鍵位置表[Pict URL])), "") | Y14: =IFERROR( _xlfn.IMAGE(_xlfn.XLOOKUP(P14,按鍵位置表[方音符號], 按鍵位置表[Pict URL])), "")
B15: 河 | C15: 高五喜 | D15: ㄏㄜˊ | E15: =IF($D15="", "", IF(RIGHT($C15,1)="英",_xlfn.CONCAT("零", $D15),$D15)) -> ㄏㄜˊ | F15: =IF(MID($C15,2,1)="一",_xlfn.CONCAT($D15,"1"),IF(MID($C15,2,1)="四",_xlfn.CONCAT($D15,"4"), IF($D15="","",$E15))) -> ㄏㄜˊ | G15: =IF(LEN($F15)=0, "", LEN($F15)) -> 3 | H15: =IF($D15="", "", SEARCH(LEFT($F15), $C$1)) -> 13 | I15: =IF(AND($H15>0, I$4<$G15), IF(MID($F15,I$4+1,1)="1", """", IF(MID($F15,I$4+1,1)="4", "[", MID($F15,I$4+1,1))), IF(I$4<=$G15, IF(LEFT($F15,1)="零", "=", LEFT($F15,1)), "")) -> ㄜ | J15: =IF(AND($H15>0, J$4<$G15), IF(MID($F15,J$4+1,1)="1", """", IF(MID($F15,J$4+1,1)="4", "[", MID($F15,J$4+1,1))), IF(J$4<=$G15, IF(LEFT($F15,1)="零", "=", LEFT($F15,1)), "")) -> ˊ | K15: =IF(AND($H15>0, K$4<$G15), IF(MID($F15,K$4+1,1)="1", """", IF(MID($F15,K$4+1,1)="4", "[", MID($F15,K$4+1,1))), IF(K$4<=$G15, IF(LEFT($F15,1)="零", "=", LEFT($F15,1)), "")) -> ㄏ | L15: =IF(AND($H15>0, L$4<$G15), IF(MID($F15,L$4+1,1)="1", """", IF(MID($F15,L$4+1,1)="4", "[", MID($F15,L$4+1,1))), IF(L$4<=$G15, IF(LEFT($F15,1)="零", "=", LEFT($F15,1)), "")) | M15: =IF(AND($H15>0, M$4<$G15), IF(MID($F15,M$4+1,1)="1", """", IF(MID($F15,M$4+1,1)="4", "[", MID($F15,M$4+1,1))), IF(M$4<=$G15, IF(LEFT($F15,1)="零", "=", LEFT($F15,1)), "")) | N15: =IF(AND($H15>0, N$4<$G15), IF(MID($F15,N$4+1,1)="1", """", IF(MID($F15,N$4+1,1)="4", "[", MID($F15,N$4+1,1))), IF(N$4<=$G15, IF(LEFT($F15,1)="零", "=", LEFT($F15,1)), "")) | O15: =IF(AND($H15>0, O$4<$G15), IF(MID($F15,O$4+1,1)="1", """", IF(MID($F15,O$4+1,1)="4", "[", MID($F15,O$4+1,1))), IF(O$4<=$G15, IF(LEFT($F15,1)="零", "=", LEFT($F15,1)), "")) | P15: =IF(AND($H15>0, P$4<$G15), IF(MID($F15,P$4+1,1)="1", """", IF(MID($F15,P$4+1,1)="4", "[", MID($F15,P$4+1,1))), IF(P$4<=$G15, IF(LEFT($F15,1)="零", "=", LEFT($F15,1)), "")) | R15: =IFERROR( _xlfn.IMAGE(_xlfn.XLOOKUP(I15,按鍵位置表[方音符號], 按鍵位置表[Pict URL])), "") -> #VALUE! | S15: =IFERROR( _xlfn.IMAGE(_xlfn.XLOOKUP(J15,按鍵位置表[方音符號], 按鍵位置表[Pict URL])), "") -> #VALUE! | T15: =IFERROR( _xlfn.IMAGE(_xlfn.XLOOKUP(K15,按鍵位置表[方音符號], 按鍵位置表[Pict URL])), "") -> #VALUE! | U15: =IFERROR( _xlfn.IMAGE(_xlfn.XLOOKUP(L15,按鍵位置表[方音符號], 按鍵位置表[Pict URL])), "") | V15: =IFERROR( _xlfn.IMAGE(_xlfn.XLOOKUP(M15,按鍵位置表[方音符號], 按鍵位置表[Pict URL])), "") | W15: =IFERROR( _xlfn.IMAGE(_xlfn.XLOOKUP(N15,按鍵位置表[方音符號], 按鍵位置表[Pict URL])), "") | X15: =IFERROR( _xlfn.IMAGE(_xlfn.XLOOKUP(O15,按鍵位置表[方音符號], 按鍵位置表[Pict URL])), "") | Y15: =IFERROR( _xlfn.IMAGE(_xlfn.XLOOKUP(P15,按鍵位置表[方音符號], 按鍵位置表[Pict URL])), "")
B16: 遠 | C16: 觀二英 | D16: ㄨㄢˋ | E16: =IF($D16="", "", IF(RIGHT($C16,1)="英",_xlfn.CONCAT("零", $D16),$D16)) -> 零ㄨㄢˋ | F16: =IF(MID($C16,2,1)="一",_xlfn.CONCAT($D16,"1"),IF(MID($C16,2,1)="四",_xlfn.CONCAT($D16,"4"), IF($D16="","",$E16))) -> 零ㄨㄢˋ | G16: =IF(LEN($F16)=0, "", LEN($F16)) -> 4 | H16: =IF($D16="", "", SEARCH(LEFT($F16), $C$1)) -> 1 | I16: =IF(AND($H16>0, I$4<$G16), IF(MID($F16,I$4+1,1)="1", """", IF(MID($F16,I$4+1,1)="4", "[", MID($F16,I$4+1,1))), IF(I$4<=$G16, IF(LEFT($F16,1)="零", "=", LEFT($F16,1)), "")) -> ㄨ | J16: =IF(AND($H16>0, J$4<$G16), IF(MID($F16,J$4+1,1)="1", """", IF(MID($F16,J$4+1,1)="4", "[", MID($F16,J$4+1,1))), IF(J$4<=$G16, IF(LEFT($F16,1)="零", "=", LEFT($F16,1)), "")) -> ㄢ | K16: =IF(AND($H16>0, K$4<$G16), IF(MID($F16,K$4+1,1)="1", """", IF(MID($F16,K$4+1,1)="4", "[", MID($F16,K$4+1,1))), IF(K$4<=$G16, IF(LEFT($F16,1)="零", "=", LEFT($F16,1)), "")) -> ˋ | L16: =IF(AND($H16>0, L$4<$G16), IF(MID($F16,L$4+1,1)="1", """", IF(MID($F16,L$4+1,1)="4", "[", MID($F16,L$4+1,1))), IF(L$4<=$G16, IF(LEFT($F16,1)="零", "=", LEFT($F16,1)), "")) -> = | M16: =IF(AND($H16>0, M$4<$G16), IF(MID($F16,M$4+1,1)="1", """", IF(MID($F16,M$4+1,1)="4", "[", MID($F16,M$4+1,1))), IF(M$4<=$G16, IF(LEFT($F16,1)="零", "=", LEFT($F16,1)), "")) | N16: =IF(AND($H16>0, N$4<$G16), IF(MID($F16,N$4+1,1)="1", """", IF(MID($F16,N$4+1,1)="4", "[", MID($F16,N$4+1,1))), IF(N$4<=$G16, IF(LEFT($F16,1)="零", "=", LEFT($F16,1)), "")) | O16: =IF(AND($H16>0, O$4<$G16), IF(MID($F16,O$4+1,1)="1", """", IF(MID($F16,O$4+1,1)="4", "[", MID($F16,O$4+1,1))), IF(O$4<=$G16, IF(LEFT($F16,1)="零", "=", LEFT($F16,1)), "")) | P16: =IF(AND($H16>0, P$4<$G16), IF(MID($F16,P$4+1,1)="1", """", IF(MID($F16,P$4+1,1)="4", "[", MID($F16,P$4+1,1))), IF(P$4<=$G16, IF(LEFT($F16,1)="零", "=", LEFT($F16,1)), "")) | R16: =IFERROR( _xlfn.IMAGE(_xlfn.XLOOKUP(I16,按鍵位置表[方音符號], 按鍵位置表[Pict URL])), "") -> #VALUE! | S16: =IFERROR( _xlfn.IMAGE(_xlfn.XLOOKUP(J16,按鍵位置表[方音符號], 按鍵位置表[Pict URL])), "") -> #VALUE! | T16: =IFERROR( _xlfn.IMAGE(_xlfn.XLOOKUP(K16,按鍵位置表[方音符號], 按鍵位置表[Pict URL])), "") -> #VALUE! | U16: =IFERROR( _xlfn.IMAGE(_xlfn.XLOOKUP(L16,按鍵位置表[方音符號], 按鍵位置表[Pict URL])), "") -> #VALUE! | V16: =IFERROR( _xlfn.IMAGE(_xlfn.XLOOKUP(M16,按鍵位置表[方音符號], 按鍵位置表[Pict URL])), "") | W16: =IFERROR( _xlfn.IMAGE(_xlfn.XLOOKUP(N16,按鍵位置表[方音符號], 按鍵位置表[Pict URL])), "") | X16: =IFERROR( _xlfn.IMAGE(_xlfn.XLOOKUP(O16,按鍵位置表[方音符號], 按鍵位置表[Pict URL])), "") | Y16: =IFERROR( _xlfn.IMAGE(_xlfn.XLOOKUP(P16,按鍵位置表[方音符號], 按鍵位置表[Pict URL])), "")
B17: 上 | C17: 恭二時 | D17: ㄒㄧㆲˋ | E17: =IF($D17="", "", IF(RIGHT($C17,1)="英",_xlfn.CONCAT("零", $D17),$D17)) -> ㄒㄧㆲˋ | F17: =IF(MID($C17,2,1)="一",_xlfn.CONCAT($D17,"1"),IF(MID($C17,2,1)="四",_xlfn.CONCAT($D17,"4"), IF($D17="","",$E17))) -> ㄒㄧㆲˋ | G17: =IF(LEN($F17)=0, "", LEN($F17)) -> 4 | H17: =IF($D17="", "", SEARCH(LEFT($F17), $C$1)) -> 21 | I17: =IF(AND($H17>0, I$4<$G17), IF(MID($F17,I$4+1,1)="1", """", IF(MID($F17,I$4+1,1)="4", "[", MID($F17,I$4+1,1))), IF(I$4<=$G17, IF(LEFT($F17,1)="零", "=", LEFT($F17,1)), "")) -> ㄧ | J17: =IF(AND($H17>0, J$4<$G17), IF(MID($F17,J$4+1,1)="1", """", IF(MID($F17,J$4+1,1)="4", "[", MID($F17,J$4+1,1))), IF(J$4<=$G17, IF(LEFT($F17,1)="零", "=", LEFT($F17,1)), "")) -> ㆲ | K17: =IF(AND($H17>0, K$4<$G17), IF(MID($F17,K$4+1,1)="1", """", IF(MID($F17,K$4+1,1)="4", "[", MID($F17,K$4+1,1))), IF(K$4<=$G17, IF(LEFT($F17,1)="零", "=", LEFT($F17,1)), "")) -> ˋ | L17: =IF(AND($H17>0, L$4<$G17), IF(MID($F17,L$4+1,1)="1", """", IF(MID($F17,L$4+1,1)="4", "[", MID($F17,L$4+1,1))), IF(L$4<=$G17, IF(LEFT($F17,1)="零", "=", LEFT($F17,1)), "")) -> ㄒ | M17: =IF(AND($H17>0, M$4<$G17), IF(MID($F17,M$4+1,1)="1", """", IF(MID($F17,M$4+1,1)="4", "[", MID($F17,M$4+1,1))), IF(M$4<=$G17, IF(LEFT($F17,1)="零", "=", LEFT($F17,1)), "")) | N17: =IF(AND($H17>0, N$4<$G17), IF(MID($F17,N$4+1,1)="1", """", IF(MID($F17,N$4+1,1)="4", "[", MID($F17,N$4+1,1))), IF(N$4<=$G17, IF(LEFT($F17,1)="零", "=", LEFT($F17,1)), "")) | O17: =IF(AND($H17>0, O$4<$G17), IF(MID($F17,O$4+1,1)="1", """", IF(MID($F17,O$4+1,1)="4", "[", MID($F17,O$4+1,1))), IF(O$4<=$G17, IF(LEFT($F17,1)="零", "=", LEFT($F17,1)), "")) | P17: =IF(AND($H17>0, P$4<$G17), IF(MID($F17,P$4+1,1)="1", """", IF(MID($F17,P$4+1,1)="4", "[", MID($F17,P$4+1,1))), IF(P$4<=$G17, IF(LEFT($F17,1)="零", "=", LEFT($F17,1)), "")) | R17: =IFERROR( _xlfn.IMAGE(_xlfn.XLOOKUP(I17,按鍵位置表[方音符號], 按鍵位置表[Pict URL])), "") -> #VALUE! | S17: =IFERROR( _xlfn.IMAGE(_xlfn.XLOOKUP(J17,按鍵位置表[方音符號], 按鍵位置表[Pict URL])), "") -> #VALUE! | T17: =IFERROR( _xlfn.IMAGE(_xlfn.XLOOKUP(K17,按鍵位置表[方音符號], 按鍵位置表[Pict URL])), "") -> #VALUE! | U17: =IFERROR( _xlfn.IMAGE(_xlfn.XLOOKUP(L17,按鍵位置表[方音符號], 按鍵位置表[Pict URL])), "") -> #VALUE! | V17: =IFERROR( _xlfn.IMAGE(_xlfn.XLOOKUP(M17,按鍵位置表[方音符號], 按鍵位置表[Pict URL])), "") | W17: =IFERROR( _xlfn.IMAGE(_xlfn.XLOOKUP(N17,按鍵位置表[方音符號], 按鍵位置表[Pict URL])), "") | X17: =IFERROR( _xlfn.IMAGE(_xlfn.XLOOKUP(O17,按鍵位置表[方音符號], 按鍵位置表[Pict URL])), "") | Y17: =IFERROR( _xlfn.IMAGE(_xlfn.XLOOKUP(P17,按鍵位置表[方音符號], 按鍵位置表[Pict URL])), "")
B18: 白 | C18: 經八邊 | D18: ㄅㄧㆻ˙ | E18: =IF($D18="", "", IF(RIGHT($C18,1)="英",_xlfn.CONCAT("零", $D18),$D18)) -> ㄅㄧㆻ˙ | F18: =IF(MID($C18,2,1)="一",_xlfn.CONCAT($D18,"1"),IF(MID($C18,2,1)="四",_xlfn.CONCAT($D18,"4"), IF($D18="","",$E18))) -> ㄅㄧㆻ˙ | G18: =IF(LEN($F18)=0, "", LEN($F18)) -> 4 | H18: =IF($D18="", "", SEARCH(LEFT($F18), $C$1)) -> 2 | I18: =IF(AND($H18>0, I$4<$G18), IF(MID($F18,I$4+1,1)="1", """", IF(MID($F18,I$4+1,1)="4", "[", MID($F18,I$4+1,1))), IF(I$4<=$G18, IF(LEFT($F18,1)="零", "=", LEFT($F18,1)), "")) -> ㄧ | J18: =IF(AND($H18>0, J$4<$G18), IF(MID($F18,J$4+1,1)="1", """", IF(MID($F18,J$4+1,1)="4", "[", MID($F18,J$4+1,1))), IF(J$4<=$G18, IF(LEFT($F18,1)="零", "=", LEFT($F18,1)), "")) -> ㆻ | K18: =IF(AND($H18>0, K$4<$G18), IF(MID($F18,K$4+1,1)="1", """", IF(MID($F18,K$4+1,1)="4", "[", MID($F18,K$4+1,1))), IF(K$4<=$G18, IF(LEFT($F18,1)="零", "=", LEFT($F18,1)), "")) -> ˙ | L18: =IF(AND($H18>0, L$4<$G18), IF(MID($F18,L$4+1,1)="1", """", IF(MID($F18,L$4+1,1)="4", "[", MID($F18,L$4+1,1))), IF(L$4<=$G18, IF(LEFT($F18,1)="零", "=", LEFT($F18,1)), "")) -> ㄅ | M18: =IF(AND($H18>0, M$4<$G18), IF(MID($F18,M$4+1,1)="1", """", IF(MID($F18,M$4+1,1)="4", "[", MID($F18,M$4+1,1))), IF(M$4<=$G18, IF(LEFT($F18,1)="零", "=", LEFT($F18,1)), "")) | N18: =IF(AND($H18>0, N$4<$G18), IF(MID($F18,N$4+1,1)="1", """", IF(MID($F18,N$4+1,1)="4", "[", MID($F18,N$4+1,1))), IF(N$4<=$G18, IF(LEFT($F18,1)="零", "=", LEFT($F18,1)), "")) | O18: =IF(AND($H18>0, O$4<$G18), IF(MID($F18,O$4+1,1)="1", """", IF(MID($F18,O$4+1,1)="4", "[", MID($F18,O$4+1,1))), IF(O$4<=$G18, IF(LEFT($F18,1)="零", "=", LEFT($F18,1)), "")) | P18: =IF(AND($H18>0, P$4<$G18), IF(MID($F18,P$4+1,1)="1", """", IF(MID($F18,P$4+1,1)="4", "[", MID($F18,P$4+1,1))), IF(P$4<=$G18, IF(LEFT($F18,1)="零", "=", LEFT($F18,1)), "")) | R18: =IFERROR( _xlfn.IMAGE(_xlfn.XLOOKUP(I18,按鍵位置表[方音符號], 按鍵位置表[Pict URL])), "") -> #VALUE! | S18: =IFERROR( _xlfn.IMAGE(_xlfn.XLOOKUP(J18,按鍵位置表[方音符號], 按鍵位置表[Pict URL])), "") -> #VALUE! | T18: =IFERROR( _xlfn.IMAGE(_xlfn.XLOOKUP(K18,按鍵位置表[方音符號], 按鍵位置表[Pict URL])), "") -> #VALUE! | U18: =IFERROR( _xlfn.IMAGE(_xlfn.XLOOKUP(L18,按鍵位置表[方音符號], 按鍵位置表[Pict URL])), "") -> #VALUE! | V18: =IFERROR( _xlfn.IMAGE(_xlfn.XLOOKUP(M18,按鍵位置表[方音符號], 按鍵位置表[Pict URL])), "") | W18: =IFERROR( _xlfn.IMAGE(_xlfn.XLOOKUP(N18,按鍵位置表[方音符號], 按鍵位置表[Pict URL])), "") | X18: =IFERROR( _xlfn.IMAGE(_xlfn.XLOOKUP(O18,按鍵位置表[方音符號], 按鍵位置表[Pict URL])), "") | Y18: =IFERROR( _xlfn.IMAGE(_xlfn.XLOOKUP(P18,按鍵位置表[方音符號], 按鍵位置表[Pict URL])), "")
B19: 雲 | C19: 君五喜 | D19: ㄏㄨㄣˊ | E19: =IF($D19="", "", IF(RIGHT($C19,1)="英",_xlfn.CONCAT("零", $D19),$D19)) -> ㄏㄨㄣˊ | F19: =IF(MID($C19,2,1)="一",_xlfn.CONCAT($D19,"1"),IF(MID($C19,2,1)="四",_xlfn.CONCAT($D19,"4"), IF($D19="","",$E19))) -> ㄏㄨㄣˊ | G19: =IF(LEN($F19)=0, "", LEN($F19)) -> 4 | H19: =IF($D19="", "", SEARCH(LEFT($F19), $C$1)) -> 13 | I19: =IF(AND($H19>0, I$4<$G19), IF(MID($F19,I$4+1,1)="1", """", IF(MID($F19,I$4+1,1)="4", "[", MID($F19,I$4+1,1))), IF(I$4<=$G19, IF(LEFT($F19,1)="零", "=", LEFT($F19,1)), "")) -> ㄨ | J19: =IF(AND($H19>0, J$4<$G19), IF(MID($F19,J$4+1,1)="1", """", IF(MID($F19,J$4+1,1)="4", "[", MID($F19,J$4+1,1))), IF(J$4<=$G19, IF(LEFT($F19,1)="零", "=", LEFT($F19,1)), "")) -> ㄣ | K19: =IF(AND($H19>0, K$4<$G19), IF(MID($F19,K$4+1,1)="1", """", IF(MID($F19,K$4+1,1)="4", "[", MID($F19,K$4+1,1))), IF(K$4<=$G19, IF(LEFT($F19,1)="零", "=", LEFT($F19,1)), "")) -> ˊ | L19: =IF(AND($H19>0, L$4<$G19), IF(MID($F19,L$4+1,1)="1", """", IF(MID($F19,L$4+1,1)="4", "[", MID($F19,L$4+1,1))), IF(L$4<=$G19, IF(LEFT($F19,1)="零", "=", LEFT($F19,1)), "")) -> ㄏ | M19: =IF(AND($H19>0, M$4<$G19), IF(MID($F19,M$4+1,1)="1", """", IF(MID($F19,M$4+1,1)="4", "[", MID($F19,M$4+1,1))), IF(M$4<=$G19, IF(LEFT($F19,1)="零", "=", LEFT($F19,1)), "")) | N19: =IF(AND($H19>0, N$4<$G19), IF(MID($F19,N$4+1,1)="1", """", IF(MID($F19,N$4+1,1)="4", "[", MID($F19,N$4+1,1))), IF(N$4<=$G19, IF(LEFT($F19,1)="零", "=", LEFT($F19,1)), "")) | O19: =IF(AND($H19>0, O$4<$G19), IF(MID($F19,O$4+1,1)="1", """", IF(MID($F19,O$4+1,1)="4", "[", MID($F19,O$4+1,1))), IF(O$4<=$G19, IF(LEFT($F19,1)="零", "=", LEFT($F19,1)), "")) | P19: =IF(AND($H19>0, P$4<$G19), IF(MID($F19,P$4+1,1)="1", """", IF(MID($F19,P$4+1,1)="4", "[", MID($F19,P$4+1,1))), IF(P$4<=$G19, IF(LEFT($F19,1)="零", "=", LEFT($F19,1)), "")) | R19: =IFERROR( _xlfn.IMAGE(_xlfn.XLOOKUP(I19,按鍵位置表[方音符號], 按鍵位置表[Pict URL])), "") -> #VALUE! | S19: =IFERROR( _xlfn.IMAGE(_xlfn.XLOOKUP(J19,按鍵位置表[方音符號], 按鍵位置表[Pict URL])), "") -> #VALUE! | T19: =IFERROR( _xlfn.IMAGE(_xlfn.XLOOKUP(K19,按鍵位置表[方音符號], 按鍵位置表[Pict URL])), "") -> #VALUE! | U19: =IFERROR( _xlfn.IMAGE(_xlfn.XLOOKUP(L19,按鍵位置表[方音符號], 按鍵位置表[Pict URL])), "") -> #VALUE! | V19: =IFERROR( _xlfn.IMAGE(_xlfn.XLOOKUP(M19,按鍵位置表[方音符號], 按鍵位置表[Pict URL])), "") | W19: =IFERROR( _xlfn.IMAGE(_xlfn.XLOOKUP(N19,按鍵位置表[方音符號], 按鍵位置表[Pict URL])), "") | X19: =IFERROR( _xlfn.IMAGE(_xlfn.XLOOKUP(O19,按鍵位置表[方音符號], 按鍵位置表[Pict URL])), "") | Y19: =IFERROR( _xlfn.IMAGE(_xlfn.XLOOKUP(P19,按鍵位置表[方音符號], 按鍵位置表[Pict URL])), "")
B20: 間 | C20: 干一求 | D20: ㄍㄢ | E20: =IF($D20="", "", IF(RIGHT($C20,1)="英",_xlfn.CONCAT("零", $D20),$D20)) -> ㄍㄢ | F20: =IF(MID($C20,2,1)="一",_xlfn.CONCAT($D20,"1"),IF(MID($C20,2,1)="四",_xlfn.CONCAT($D20,"4"), IF($D20="","",$E20))) -> ㄍㄢ1 | G20: =IF(LEN($F20)=0, "", LEN($F20)) -> 3 | H20: =IF($D20="", "", SEARCH(LEFT($F20), $C$1)) -> 10 | I20: =IF(AND($H20>0, I$4<$G20), IF(MID($F20,I$4+1,1)="1", """", IF(MID($F20,I$4+1,1)="4", "[", MID($F20,I$4+1,1))), IF(I$4<=$G20, IF(LEFT($F20,1)="零", "=", LEFT($F20,1)), "")) -> ㄢ | J20: =IF(AND($H20>0, J$4<$G20), IF(MID($F20,J$4+1,1)="1", """", IF(MID($F20,J$4+1,1)="4", "[", MID($F20,J$4+1,1))), IF(J$4<=$G20, IF(LEFT($F20,1)="零", "=", LEFT($F20,1)), "")) -> " | K20: =IF(AND($H20>0, K$4<$G20), IF(MID($F20,K$4+1,1)="1", """", IF(MID($F20,K$4+1,1)="4", "[", MID($F20,K$4+1,1))), IF(K$4<=$G20, IF(LEFT($F20,1)="零", "=", LEFT($F20,1)), "")) -> ㄍ | L20: =IF(AND($H20>0, L$4<$G20), IF(MID($F20,L$4+1,1)="1", """", IF(MID($F20,L$4+1,1)="4", "[", MID($F20,L$4+1,1))), IF(L$4<=$G20, IF(LEFT($F20,1)="零", "=", LEFT($F20,1)), "")) | M20: =IF(AND($H20>0, M$4<$G20), IF(MID($F20,M$4+1,1)="1", """", IF(MID($F20,M$4+1,1)="4", "[", MID($F20,M$4+1,1))), IF(M$4<=$G20, IF(LEFT($F20,1)="零", "=", LEFT($F20,1)), "")) | N20: =IF(AND($H20>0, N$4<$G20), IF(MID($F20,N$4+1,1)="1", """", IF(MID($F20,N$4+1,1)="4", "[", MID($F20,N$4+1,1))), IF(N$4<=$G20, IF(LEFT($F20,1)="零", "=", LEFT($F20,1)), "")) | O20: =IF(AND($H20>0, O$4<$G20), IF(MID($F20,O$4+1,1)="1", """", IF(MID($F20,O$4+1,1)="4", "[", MID($F20,O$4+1,1))), IF(O$4<=$G20, IF(LEFT($F20,1)="零", "=", LEFT($F20,1)), "")) | P20: =IF(AND($H20>0, P$4<$G20), IF(MID($F20,P$4+1,1)="1", """", IF(MID($F20,P$4+1,1)="4", "[", MID($F20,P$4+1,1))), IF(P$4<=$G20, IF(LEFT($F20,1)="零", "=", LEFT($F20,1)), "")) | R20: =IFERROR( _xlfn.IMAGE(_xlfn.XLOOKUP(I20,按鍵位置表[方音符號], 按鍵位置表[Pict URL])), "") -> #VALUE! | S20: =IFERROR( _xlfn.IMAGE(_xlfn.XLOOKUP(J20,按鍵位置表[方音符號], 按鍵位置表[Pict URL])), "") -> #VALUE! | T20: =IFERROR( _xlfn.IMAGE(_xlfn.XLOOKUP(K20,按鍵位置表[方音符號], 按鍵位置表[Pict URL])), "") -> #VALUE! | U20: =IFERROR( _xlfn.IMAGE(_xlfn.XLOOKUP(L20,按鍵位置表[方音符號], 按鍵位置表[Pict URL])), "") | V20: =IFERROR( _xlfn.IMAGE(_xlfn.XLOOKUP(M20,按鍵位置表[方音符號], 按鍵位置表[Pict URL])), "") | W20: =IFERROR( _xlfn.IMAGE(_xlfn.XLOOKUP(N20,按鍵位置表[方音符號], 按鍵位置表[Pict URL])), "") | X20: =IFERROR( _xlfn.IMAGE(_xlfn.XLOOKUP(O20,按鍵位置表[方音符號], 按鍵位置表[Pict URL])), "") | Y20: =IFERROR( _xlfn.IMAGE(_xlfn.XLOOKUP(P20,按鍵位置表[方音符號], 按鍵位置表[Pict URL])), "")
B21: ， | E21: =IF($D21="", "", IF(RIGHT($C21,1)="英",_xlfn.CONCAT("零", $D21),$D21)) | F21: =IF(MID($C21,2,1)="一",_xlfn.CONCAT($D21,"1"),IF(MID($C21,2,1)="四",_xlfn.CONCAT($D21,"4"), IF($D21="","",$E21))) | G21: =IF(LEN($F21)=0, "", LEN($F21)) | H21: =IF($D21="", "", SEARCH(LEFT($F21), $C$1)) | I21: =IF(AND($H21>0, I$4<$G21), IF(MID($F21,I$4+1,1)="1", """", IF(MID($F21,I$4+1,1)="4", "[", MID($F21,I$4+1,1))), IF(I$4<=$G21, IF(LEFT($F21,1)="零", "=", LEFT($F21,1)), "")) | J21: =IF(AND($H21>0, J$4<$G21), IF(MID($F21,J$4+1,1)="1", """", IF(MID($F21,J$4+1,1)="4", "[", MID($F21,J$4+1,1))), IF(J$4<=$G21, IF(LEFT($F21,1)="零", "=", LEFT($F21,1)), "")) | K21: =IF(AND($H21>0, K$4<$G21), IF(MID($F21,K$4+1,1)="1", """", IF(MID($F21,K$4+1,1)="4", "[", MID($F21,K$4+1,1))), IF(K$4<=$G21, IF(LEFT($F21,1)="零", "=", LEFT($F21,1)), "")) | L21: =IF(AND($H21>0, L$4<$G21), IF(MID($F21,L$4+1,1)="1", """", IF(MID($F21,L$4+1,1)="4", "[", MID($F21,L$4+1,1))), IF(L$4<=$G21, IF(LEFT($F21,1)="零", "=", LEFT($F21,1)), "")) | M21: =IF(AND($H21>0, M$4<$G21), IF(MID($F21,M$4+1,1)="1", """", IF(MID($F21,M$4+1,1)="4", "[", MID($F21,M$4+1,1))), IF(M$4<=$G21, IF(LEFT($F21,1)="零", "=", LEFT($F21,1)), "")) | N21: =IF(AND($H21>0, N$4<$G21), IF(MID($F21,N$4+1,1)="1", """", IF(MID($F21,N$4+1,1)="4", "[", MID($F21,N$4+1,1))), IF(N$4<=$G21, IF(LEFT($F21,1)="零", "=", LEFT($F21,1)), "")) | O21: =IF(AND($H21>0, O$4<$G21), IF(MID($F21,O$4+1,1)="1", """", IF(MID($F21,O$4+1,1)="4", "[", MID($F21,O$4+1,1))), IF(O$4<=$G21, IF(LEFT($F21,1)="零", "=", LEFT($F21,1)), "")) | P21: =IF(AND($H21>0, P$4<$G21), IF(MID($F21,P$4+1,1)="1", """", IF(MID($F21,P$4+1,1)="4", "[", MID($F21,P$4+1,1))), IF(P$4<=$G21, IF(LEFT($F21,1)="零", "=", LEFT($F21,1)), "")) | R21: =IFERROR( _xlfn.IMAGE(_xlfn.XLOOKUP(I21,按鍵位置表[方音符號], 按鍵位置表[Pict URL])), "") | S21: =IFERROR( _xlfn.IMAGE(_xlfn.XLOOKUP(J21,按鍵位置表[方音符號], 按鍵位置表[Pict URL])), "") | T21: =IFERROR( _xlfn.IMAGE(_xlfn.XLOOKUP(K21,按鍵位置表[方音符號], 按鍵位置表[Pict URL])), "") | U21: =IFERROR( _xlfn.IMAGE(_xlfn.XLOOKUP(L21,按鍵位置表[方音符號], 按鍵位置表[Pict URL])), "") | V21: =IFERROR( _xlfn.IMAGE(_xlfn.XLOOKUP(M21,按鍵位置表[方音符號], 按鍵位置表[Pict URL])), "") | W21: =IFERROR( _xlfn.IMAGE(_xlfn.XLOOKUP(N21,按鍵位置表[方音符號], 按鍵位置表[Pict URL])), "") | X21: =IFERROR( _xlfn.IMAGE(_xlfn.XLOOKUP(O21,按鍵位置表[方音符號], 按鍵位置表[Pict URL])), "") | Y21: =IFERROR( _xlfn.IMAGE(_xlfn.XLOOKUP(P21,按鍵位置表[方音符號], 按鍵位置表[Pict URL])), "")
B22: 一 | C22: 巾四英 | D22: ㄧㆵ | E22: =IF($D22="", "", IF(RIGHT($C22,1)="英",_xlfn.CONCAT("零", $D22),$D22)) -> 零ㄧㆵ | F22: =IF(MID($C22,2,1)="一",_xlfn.CONCAT($D22,"1"),IF(MID($C22,2,1)="四",_xlfn.CONCAT($D22,"4"), IF($D22="","",$E22))) -> ㄧㆵ4 | G22: =IF(LEN($F22)=0, "", LEN($F22)) -> 3 | H22: =IF($D22="", "", SEARCH(LEFT($F22), $C$1)) -> #VALUE! | I22: =IF(AND($H22>0, I$4<$G22), IF(MID($F22,I$4+1,1)="1", """", IF(MID($F22,I$4+1,1)="4", "[", MID($F22,I$4+1,1))), IF(I$4<=$G22, IF(LEFT($F22,1)="零", "=", LEFT($F22,1)), "")) -> #VALUE! | J22: =IF(AND($H22>0, J$4<$G22), IF(MID($F22,J$4+1,1)="1", """", IF(MID($F22,J$4+1,1)="4", "[", MID($F22,J$4+1,1))), IF(J$4<=$G22, IF(LEFT($F22,1)="零", "=", LEFT($F22,1)), "")) -> #VALUE! | K22: =IF(AND($H22>0, K$4<$G22), IF(MID($F22,K$4+1,1)="1", """", IF(MID($F22,K$4+1,1)="4", "[", MID($F22,K$4+1,1))), IF(K$4<=$G22, IF(LEFT($F22,1)="零", "=", LEFT($F22,1)), "")) -> #VALUE! | L22: =IF(AND($H22>0, L$4<$G22), IF(MID($F22,L$4+1,1)="1", """", IF(MID($F22,L$4+1,1)="4", "[", MID($F22,L$4+1,1))), IF(L$4<=$G22, IF(LEFT($F22,1)="零", "=", LEFT($F22,1)), "")) -> #VALUE! | M22: =IF(AND($H22>0, M$4<$G22), IF(MID($F22,M$4+1,1)="1", """", IF(MID($F22,M$4+1,1)="4", "[", MID($F22,M$4+1,1))), IF(M$4<=$G22, IF(LEFT($F22,1)="零", "=", LEFT($F22,1)), "")) -> #VALUE! | N22: =IF(AND($H22>0, N$4<$G22), IF(MID($F22,N$4+1,1)="1", """", IF(MID($F22,N$4+1,1)="4", "[", MID($F22,N$4+1,1))), IF(N$4<=$G22, IF(LEFT($F22,1)="零", "=", LEFT($F22,1)), "")) -> #VALUE! | O22: =IF(AND($H22>0, O$4<$G22), IF(MID($F22,O$4+1,1)="1", """", IF(MID($F22,O$4+1,1)="4", "[", MID($F22,O$4+1,1))), IF(O$4<=$G22, IF(LEFT($F22,1)="零", "=", LEFT($F22,1)), "")) -> #VALUE! | P22: =IF(AND($H22>0, P$4<$G22), IF(MID($F22,P$4+1,1)="1", """", IF(MID($F22,P$4+1,1)="4", "[", MID($F22,P$4+1,1))), IF(P$4<=$G22, IF(LEFT($F22,1)="零", "=", LEFT($F22,1)), "")) -> #VALUE! | R22: =IFERROR( _xlfn.IMAGE(_xlfn.XLOOKUP(I22,按鍵位置表[方音符號], 按鍵位置表[Pict URL])), "") | S22: =IFERROR( _xlfn.IMAGE(_xlfn.XLOOKUP(J22,按鍵位置表[方音符號], 按鍵位置表[Pict URL])), "") | T22: =IFERROR( _xlfn.IMAGE(_xlfn.XLOOKUP(K22,按鍵位置表[方音符號], 按鍵位置表[Pict URL])), "") | U22: =IFERROR( _xlfn.IMAGE(_xlfn.XLOOKUP(L22,按鍵位置表[方音符號], 按鍵位置表[Pict URL])), "") | V22: =IFERROR( _xlfn.IMAGE(_xlfn.XLOOKUP(M22,按鍵位置表[方音符號], 按鍵位置表[Pict URL])), "") | W22: =IFERROR( _xlfn.IMAGE(_xlfn.XLOOKUP(N22,按鍵位置表[方音符號], 按鍵位置表[Pict URL])), "") | X22: =IFERROR( _xlfn.IMAGE(_xlfn.XLOOKUP(O22,按鍵位置表[方音符號], 按鍵位置表[Pict URL])), "") | Y22: =IFERROR( _xlfn.IMAGE(_xlfn.XLOOKUP(P22,按鍵位置表[方音符號], 按鍵位置表[Pict URL])), "")
B23: 片 | C23: 堅三頗 | D23: ㄆㄧㄢ˪ | E23: =IF($D23="", "", IF(RIGHT($C23,1)="英",_xlfn.CONCAT("零", $D23),$D23)) -> ㄆㄧㄢ˪ | F23: =IF(MID($C23,2,1)="一",_xlfn.CONCAT($D23,"1"),IF(MID($C23,2,1)="四",_xlfn.CONCAT($D23,"4"), IF($D23="","",$E23))) -> ㄆㄧㄢ˪ | G23: =IF(LEN($F23)=0, "", LEN($F23)) -> 4 | H23: =IF($D23="", "", SEARCH(LEFT($F23), $C$1)) -> 3 | I23: =IF(AND($H23>0, I$4<$G23), IF(MID($F23,I$4+1,1)="1", """", IF(MID($F23,I$4+1,1)="4", "[", MID($F23,I$4+1,1))), IF(I$4<=$G23, IF(LEFT($F23,1)="零", "=", LEFT($F23,1)), "")) -> ㄧ | J23: =IF(AND($H23>0, J$4<$G23), IF(MID($F23,J$4+1,1)="1", """", IF(MID($F23,J$4+1,1)="4", "[", MID($F23,J$4+1,1))), IF(J$4<=$G23, IF(LEFT($F23,1)="零", "=", LEFT($F23,1)), "")) -> ㄢ | K23: =IF(AND($H23>0, K$4<$G23), IF(MID($F23,K$4+1,1)="1", """", IF(MID($F23,K$4+1,1)="4", "[", MID($F23,K$4+1,1))), IF(K$4<=$G23, IF(LEFT($F23,1)="零", "=", LEFT($F23,1)), "")) -> ˪ | L23: =IF(AND($H23>0, L$4<$G23), IF(MID($F23,L$4+1,1)="1", """", IF(MID($F23,L$4+1,1)="4", "[", MID($F23,L$4+1,1))), IF(L$4<=$G23, IF(LEFT($F23,1)="零", "=", LEFT($F23,1)), "")) -> ㄆ | M23: =IF(AND($H23>0, M$4<$G23), IF(MID($F23,M$4+1,1)="1", """", IF(MID($F23,M$4+1,1)="4", "[", MID($F23,M$4+1,1))), IF(M$4<=$G23, IF(LEFT($F23,1)="零", "=", LEFT($F23,1)), "")) | N23: =IF(AND($H23>0, N$4<$G23), IF(MID($F23,N$4+1,1)="1", """", IF(MID($F23,N$4+1,1)="4", "[", MID($F23,N$4+1,1))), IF(N$4<=$G23, IF(LEFT($F23,1)="零", "=", LEFT($F23,1)), "")) | O23: =IF(AND($H23>0, O$4<$G23), IF(MID($F23,O$4+1,1)="1", """", IF(MID($F23,O$4+1,1)="4", "[", MID($F23,O$4+1,1))), IF(O$4<=$G23, IF(LEFT($F23,1)="零", "=", LEFT($F23,1)), "")) | P23: =IF(AND($H23>0, P$4<$G23), IF(MID($F23,P$4+1,1)="1", """", IF(MID($F23,P$4+1,1)="4", "[", MID($F23,P$4+1,1))), IF(P$4<=$G23, IF(LEFT($F23,1)="零", "=", LEFT($F23,1)), "")) | R23: =IFERROR( _xlfn.IMAGE(_xlfn.XLOOKUP(I23,按鍵位置表[方音符號], 按鍵位置表[Pict URL])), "") -> #VALUE! | S23: =IFERROR( _xlfn.IMAGE(_xlfn.XLOOKUP(J23,按鍵位置表[方音符號], 按鍵位置表[Pict URL])), "") -> #VALUE! | T23: =IFERROR( _xlfn.IMAGE(_xlfn.XLOOKUP(K23,按鍵位置表[方音符號], 按鍵位置表[Pict URL])), "") -> #VALUE! | U23: =IFERROR( _xlfn.IMAGE(_xlfn.XLOOKUP(L23,按鍵位置表[方音符號], 按鍵位置表[Pict URL])), "") -> #VALUE! | V23: =IFERROR( _xlfn.IMAGE(_xlfn.XLOOKUP(M23,按鍵位置表[方音符號], 按鍵位置表[Pict URL])), "") | W23: =IFERROR( _xlfn.IMAGE(_xlfn.XLOOKUP(N23,按鍵位置表[方音符號], 按鍵位置表[Pict URL])), "") | X23: =IFERROR( _xlfn.IMAGE(_xlfn.XLOOKUP(O23,按鍵位置表[方音符號], 按鍵位置表[Pict URL])), "") | Y23: =IFERROR( _xlfn.IMAGE(_xlfn.XLOOKUP(P23,按鍵位置表[方音符號], 按鍵位置表[Pict URL])), "")
B24: 孤 | C24: 沽一求 | D24: ㄍㆦ | E24: =IF($D24="", "", IF(RIGHT($C24,1)="英",_xlfn.CONCAT("零", $D24),$D24)) -> ㄍㆦ | F24: =IF(MID($C24,2,1)="一",_xlfn.CONCAT($D24,"1"),IF(MID($C24,2,1)="四",_xlfn.CONCAT($D24,"4"), IF($D24="","",$E24))) -> ㄍㆦ1 | G24: =IF(LEN($F24)=0, "", LEN($F24)) -> 3 | H24: =IF($D24="", "", SEARCH(LEFT($F24), $C$1)) -> 10 | I24: =IF(AND($H24>0, I$4<$G24), IF(MID($F24,I$4+1,1)="1", """", IF(MID($F24,I$4+1,1)="4", "[", MID($F24,I$4+1,1))), IF(I$4<=$G24, IF(LEFT($F24,1)="零", "=", LEFT($F24,1)), "")) -> ㆦ | J24: =IF(AND($H24>0, J$4<$G24), IF(MID($F24,J$4+1,1)="1", """", IF(MID($F24,J$4+1,1)="4", "[", MID($F24,J$4+1,1))), IF(J$4<=$G24, IF(LEFT($F24,1)="零", "=", LEFT($F24,1)), "")) -> " | K24: =IF(AND($H24>0, K$4<$G24), IF(MID($F24,K$4+1,1)="1", """", IF(MID($F24,K$4+1,1)="4", "[", MID($F24,K$4+1,1))), IF(K$4<=$G24, IF(LEFT($F24,1)="零", "=", LEFT($F24,1)), "")) -> ㄍ | L24: =IF(AND($H24>0, L$4<$G24), IF(MID($F24,L$4+1,1)="1", """", IF(MID($F24,L$4+1,1)="4", "[", MID($F24,L$4+1,1))), IF(L$4<=$G24, IF(LEFT($F24,1)="零", "=", LEFT($F24,1)), "")) | M24: =IF(AND($H24>0, M$4<$G24), IF(MID($F24,M$4+1,1)="1", """", IF(MID($F24,M$4+1,1)="4", "[", MID($F24,M$4+1,1))), IF(M$4<=$G24, IF(LEFT($F24,1)="零", "=", LEFT($F24,1)), "")) | N24: =IF(AND($H24>0, N$4<$G24), IF(MID($F24,N$4+1,1)="1", """", IF(MID($F24,N$4+1,1)="4", "[", MID($F24,N$4+1,1))), IF(N$4<=$G24, IF(LEFT($F24,1)="零", "=", LEFT($F24,1)), "")) | O24: =IF(AND($H24>0, O$4<$G24), IF(MID($F24,O$4+1,1)="1", """", IF(MID($F24,O$4+1,1)="4", "[", MID($F24,O$4+1,1))), IF(O$4<=$G24, IF(LEFT($F24,1)="零", "=", LEFT($F24,1)), "")) | P24: =IF(AND($H24>0, P$4<$G24), IF(MID($F24,P$4+1,1)="1", """", IF(MID($F24,P$4+1,1)="4", "[", MID($F24,P$4+1,1))), IF(P$4<=$G24, IF(LEFT($F24,1)="零", "=", LEFT($F24,1)), "")) | R24: =IFERROR( _xlfn.IMAGE(_xlfn.XLOOKUP(I24,按鍵位置表[方音符號], 按鍵位置表[Pict URL])), "") -> #VALUE! | S24: =IFERROR( _xlfn.IMAGE(_xlfn.XLOOKUP(J24,按鍵位置表[方音符號], 按鍵位置表[Pict URL])), "") -> #VALUE! | T24: =IFERROR( _xlfn.IMAGE(_xlfn.XLOOKUP(K24,按鍵位置表[方音符號], 按鍵位置表[Pict URL])), "") -> #VALUE! | U24: =IFERROR( _xlfn.IMAGE(_xlfn.XLOOKUP(L24,按鍵位置表[方音符號], 按鍵位置表[Pict URL])), "") | V24: =IFERROR( _xlfn.IMAGE(_xlfn.XLOOKUP(M24,按鍵位置表[方音符號], 按鍵位置表[Pict URL])), "") | W24: =IFERROR( _xlfn.IMAGE(_xlfn.XLOOKUP(N24,按鍵位置表[方音符號], 按鍵位置表[Pict URL])), "") | X24: =IFERROR( _xlfn.IMAGE(_xlfn.XLOOKUP(O24,按鍵位置表[方音符號], 按鍵位置表[Pict URL])), "") | Y24: =IFERROR( _xlfn.IMAGE(_xlfn.XLOOKUP(P24,按鍵位置表[方音符號], 按鍵位置表[Pict URL])), "")
B25: 城 | C25: 經五時 | D25: ㄒㄧㄥˊ | E25: =IF($D25="", "", IF(RIGHT($C25,1)="英",_xlfn.CONCAT("零", $D25),$D25)) -> ㄒㄧㄥˊ | F25: =IF(MID($C25,2,1)="一",_xlfn.CONCAT($D25,"1"),IF(MID($C25,2,1)="四",_xlfn.CONCAT($D25,"4"), IF($D25="","",$E25))) -> ㄒㄧㄥˊ | G25: =IF(LEN($F25)=0, "", LEN($F25)) -> 4 | H25: =IF($D25="", "", SEARCH(LEFT($F25), $C$1)) -> 21 | I25: =IF(AND($H25>0, I$4<$G25), IF(MID($F25,I$4+1,1)="1", """", IF(MID($F25,I$4+1,1)="4", "[", MID($F25,I$4+1,1))), IF(I$4<=$G25, IF(LEFT($F25,1)="零", "=", LEFT($F25,1)), "")) -> ㄧ | J25: =IF(AND($H25>0, J$4<$G25), IF(MID($F25,J$4+1,1)="1", """", IF(MID($F25,J$4+1,1)="4", "[", MID($F25,J$4+1,1))), IF(J$4<=$G25, IF(LEFT($F25,1)="零", "=", LEFT($F25,1)), "")) -> ㄥ | K25: =IF(AND($H25>0, K$4<$G25), IF(MID($F25,K$4+1,1)="1", """", IF(MID($F25,K$4+1,1)="4", "[", MID($F25,K$4+1,1))), IF(K$4<=$G25, IF(LEFT($F25,1)="零", "=", LEFT($F25,1)), "")) -> ˊ | L25: =IF(AND($H25>0, L$4<$G25), IF(MID($F25,L$4+1,1)="1", """", IF(MID($F25,L$4+1,1)="4", "[", MID($F25,L$4+1,1))), IF(L$4<=$G25, IF(LEFT($F25,1)="零", "=", LEFT($F25,1)), "")) -> ㄒ | M25: =IF(AND($H25>0, M$4<$G25), IF(MID($F25,M$4+1,1)="1", """", IF(MID($F25,M$4+1,1)="4", "[", MID($F25,M$4+1,1))), IF(M$4<=$G25, IF(LEFT($F25,1)="零", "=", LEFT($F25,1)), "")) | N25: =IF(AND($H25>0, N$4<$G25), IF(MID($F25,N$4+1,1)="1", """", IF(MID($F25,N$4+1,1)="4", "[", MID($F25,N$4+1,1))), IF(N$4<=$G25, IF(LEFT($F25,1)="零", "=", LEFT($F25,1)), "")) | O25: =IF(AND($H25>0, O$4<$G25), IF(MID($F25,O$4+1,1)="1", """", IF(MID($F25,O$4+1,1)="4", "[", MID($F25,O$4+1,1))), IF(O$4<=$G25, IF(LEFT($F25,1)="零", "=", LEFT($F25,1)), "")) | P25: =IF(AND($H25>0, P$4<$G25), IF(MID($F25,P$4+1,1)="1", """", IF(MID($F25,P$4+1,1)="4", "[", MID($F25,P$4+1,1))), IF(P$4<=$G25, IF(LEFT($F25,1)="零", "=", LEFT($F25,1)), "")) | R25: =IFERROR( _xlfn.IMAGE(_xlfn.XLOOKUP(I25,按鍵位置表[方音符號], 按鍵位置表[Pict URL])), "") -> #VALUE! | S25: =IFERROR( _xlfn.IMAGE(_xlfn.XLOOKUP(J25,按鍵位置表[方音符號], 按鍵位置表[Pict URL])), "") -> #VALUE! | T25: =IFERROR( _xlfn.IMAGE(_xlfn.XLOOKUP(K25,按鍵位置表[方音符號], 按鍵位置表[Pict URL])), "") -> #VALUE! | U25: =IFERROR( _xlfn.IMAGE(_xlfn.XLOOKUP(L25,按鍵位置表[方音符號], 按鍵位置表[Pict URL])), "") -> #VALUE! | V25: =IFERROR( _xlfn.IMAGE(_xlfn.XLOOKUP(M25,按鍵位置表[方音符號], 按鍵位置表[Pict URL])), "") | W25: =IFERROR( _xlfn.IMAGE(_xlfn.XLOOKUP(N25,按鍵位置表[方音符號], 按鍵位置表[Pict URL])), "") | X25: =IFERROR( _xlfn.IMAGE(_xlfn.XLOOKUP(O25,按鍵位置表[方音符號], 按鍵位置表[Pict URL])), "") | Y25: =IFERROR( _xlfn.IMAGE(_xlfn.XLOOKUP(P25,按鍵位置表[方音符號], 按鍵位置表[Pict URL])), "")
B26: 萬 | C26: 干七門 | D26: ㆠㄢ˫ | E26: =IF($D26="", "", IF(RIGHT($C26,1)="英",_xlfn.CONCAT("零", $D26),$D26)) -> ㆠㄢ˫ | F26: =IF(MID($C26,2,1)="一",_xlfn.CONCAT($D26,"1"),IF(MID($C26,2,1)="四",_xlfn.CONCAT($D26,"4"), IF($D26="","",$E26))) -> ㆠㄢ˫ | G26: =IF(LEN($F26)=0, "", LEN($F26)) -> 3 | H26: =IF($D26="", "", SEARCH(LEFT($F26), $C$1)) -> 5 | I26: =IF(AND($H26>0, I$4<$G26), IF(MID($F26,I$4+1,1)="1", """", IF(MID($F26,I$4+1,1)="4", "[", MID($F26,I$4+1,1))), IF(I$4<=$G26, IF(LEFT($F26,1)="零", "=", LEFT($F26,1)), "")) -> ㄢ | J26: =IF(AND($H26>0, J$4<$G26), IF(MID($F26,J$4+1,1)="1", """", IF(MID($F26,J$4+1,1)="4", "[", MID($F26,J$4+1,1))), IF(J$4<=$G26, IF(LEFT($F26,1)="零", "=", LEFT($F26,1)), "")) -> ˫ | K26: =IF(AND($H26>0, K$4<$G26), IF(MID($F26,K$4+1,1)="1", """", IF(MID($F26,K$4+1,1)="4", "[", MID($F26,K$4+1,1))), IF(K$4<=$G26, IF(LEFT($F26,1)="零", "=", LEFT($F26,1)), "")) -> ㆠ | L26: =IF(AND($H26>0, L$4<$G26), IF(MID($F26,L$4+1,1)="1", """", IF(MID($F26,L$4+1,1)="4", "[", MID($F26,L$4+1,1))), IF(L$4<=$G26, IF(LEFT($F26,1)="零", "=", LEFT($F26,1)), "")) | M26: =IF(AND($H26>0, M$4<$G26), IF(MID($F26,M$4+1,1)="1", """", IF(MID($F26,M$4+1,1)="4", "[", MID($F26,M$4+1,1))), IF(M$4<=$G26, IF(LEFT($F26,1)="零", "=", LEFT($F26,1)), "")) | N26: =IF(AND($H26>0, N$4<$G26), IF(MID($F26,N$4+1,1)="1", """", IF(MID($F26,N$4+1,1)="4", "[", MID($F26,N$4+1,1))), IF(N$4<=$G26, IF(LEFT($F26,1)="零", "=", LEFT($F26,1)), "")) | O26: =IF(AND($H26>0, O$4<$G26), IF(MID($F26,O$4+1,1)="1", """", IF(MID($F26,O$4+1,1)="4", "[", MID($F26,O$4+1,1))), IF(O$4<=$G26, IF(LEFT($F26,1)="零", "=", LEFT($F26,1)), "")) | P26: =IF(AND($H26>0, P$4<$G26), IF(MID($F26,P$4+1,1)="1", """", IF(MID($F26,P$4+1,1)="4", "[", MID($F26,P$4+1,1))), IF(P$4<=$G26, IF(LEFT($F26,1)="零", "=", LEFT($F26,1)), "")) | R26: =IFERROR( _xlfn.IMAGE(_xlfn.XLOOKUP(I26,按鍵位置表[方音符號], 按鍵位置表[Pict URL])), "") -> #VALUE! | S26: =IFERROR( _xlfn.IMAGE(_xlfn.XLOOKUP(J26,按鍵位置表[方音符號], 按鍵位置表[Pict URL])), "") -> #VALUE! | T26: =IFERROR( _xlfn.IMAGE(_xlfn.XLOOKUP(K26,按鍵位置表[方音符號], 按鍵位置表[Pict URL])), "") -> #VALUE! | U26: =IFERROR( _xlfn.IMAGE(_xlfn.XLOOKUP(L26,按鍵位置表[方音符號], 按鍵位置表[Pict URL])), "") | V26: =IFERROR( _xlfn.IMAGE(_xlfn.XLOOKUP(M26,按鍵位置表[方音符號], 按鍵位置表[Pict URL])), "") | W26: =IFERROR( _xlfn.IMAGE(_xlfn.XLOOKUP(N26,按鍵位置表[方音符號], 按鍵位置表[Pict URL])), "") | X26: =IFERROR( _xlfn.IMAGE(_xlfn.XLOOKUP(O26,按鍵位置表[方音符號], 按鍵位置表[Pict URL])), "") | Y26: =IFERROR( _xlfn.IMAGE(_xlfn.XLOOKUP(P26,按鍵位置表[方音符號], 按鍵位置表[Pict URL])), "")
B27: 仞 | C27: 金七入 | D27: ㆢㄧㄣ˫ | E27: =IF($D27="", "", IF(RIGHT($C27,1)="英",_xlfn.CONCAT("零", $D27),$D27)) -> ㆢㄧㄣ˫ | F27: =IF(MID($C27,2,1)="一",_xlfn.CONCAT($D27,"1"),IF(MID($C27,2,1)="四",_xlfn.CONCAT($D27,"4"), IF($D27="","",$E27))) -> ㆢㄧㄣ˫ | G27: =IF(LEN($F27)=0, "", LEN($F27)) -> 4 | H27: =IF($D27="", "", SEARCH(LEFT($F27), $C$1)) -> 20 | I27: =IF(AND($H27>0, I$4<$G27), IF(MID($F27,I$4+1,1)="1", """", IF(MID($F27,I$4+1,1)="4", "[", MID($F27,I$4+1,1))), IF(I$4<=$G27, IF(LEFT($F27,1)="零", "=", LEFT($F27,1)), "")) -> ㄧ | J27: =IF(AND($H27>0, J$4<$G27), IF(MID($F27,J$4+1,1)="1", """", IF(MID($F27,J$4+1,1)="4", "[", MID($F27,J$4+1,1))), IF(J$4<=$G27, IF(LEFT($F27,1)="零", "=", LEFT($F27,1)), "")) -> ㄣ | K27: =IF(AND($H27>0, K$4<$G27), IF(MID($F27,K$4+1,1)="1", """", IF(MID($F27,K$4+1,1)="4", "[", MID($F27,K$4+1,1))), IF(K$4<=$G27, IF(LEFT($F27,1)="零", "=", LEFT($F27,1)), "")) -> ˫ | L27: =IF(AND($H27>0, L$4<$G27), IF(MID($F27,L$4+1,1)="1", """", IF(MID($F27,L$4+1,1)="4", "[", MID($F27,L$4+1,1))), IF(L$4<=$G27, IF(LEFT($F27,1)="零", "=", LEFT($F27,1)), "")) -> ㆢ | M27: =IF(AND($H27>0, M$4<$G27), IF(MID($F27,M$4+1,1)="1", """", IF(MID($F27,M$4+1,1)="4", "[", MID($F27,M$4+1,1))), IF(M$4<=$G27, IF(LEFT($F27,1)="零", "=", LEFT($F27,1)), "")) | N27: =IF(AND($H27>0, N$4<$G27), IF(MID($F27,N$4+1,1)="1", """", IF(MID($F27,N$4+1,1)="4", "[", MID($F27,N$4+1,1))), IF(N$4<=$G27, IF(LEFT($F27,1)="零", "=", LEFT($F27,1)), "")) | O27: =IF(AND($H27>0, O$4<$G27), IF(MID($F27,O$4+1,1)="1", """", IF(MID($F27,O$4+1,1)="4", "[", MID($F27,O$4+1,1))), IF(O$4<=$G27, IF(LEFT($F27,1)="零", "=", LEFT($F27,1)), "")) | P27: =IF(AND($H27>0, P$4<$G27), IF(MID($F27,P$4+1,1)="1", """", IF(MID($F27,P$4+1,1)="4", "[", MID($F27,P$4+1,1))), IF(P$4<=$G27, IF(LEFT($F27,1)="零", "=", LEFT($F27,1)), "")) | R27: =IFERROR( _xlfn.IMAGE(_xlfn.XLOOKUP(I27,按鍵位置表[方音符號], 按鍵位置表[Pict URL])), "") -> #VALUE! | S27: =IFERROR( _xlfn.IMAGE(_xlfn.XLOOKUP(J27,按鍵位置表[方音符號], 按鍵位置表[Pict URL])), "") -> #VALUE! | T27: =IFERROR( _xlfn.IMAGE(_xlfn.XLOOKUP(K27,按鍵位置表[方音符號], 按鍵位置表[Pict URL])), "") -> #VALUE! | U27: =IFERROR( _xlfn.IMAGE(_xlfn.XLOOKUP(L27,按鍵位置表[方音符號], 按鍵位置表[Pict URL])), "") -> #VALUE! | V27: =IFERROR( _xlfn.IMAGE(_xlfn.XLOOKUP(M27,按鍵位置表[方音符號], 按鍵位置表[Pict URL])), "") | W27: =IFERROR( _xlfn.IMAGE(_xlfn.XLOOKUP(N27,按鍵位置表[方音符號], 按鍵位置表[Pict URL])), "") | X27: =IFERROR( _xlfn.IMAGE(_xlfn.XLOOKUP(O27,按鍵位置表[方音符號], 按鍵位置表[Pict URL])), "") | Y27: =IFERROR( _xlfn.IMAGE(_xlfn.XLOOKUP(P27,按鍵位置表[方音符號], 按鍵位置表[Pict URL])), "")
B28: 山 | C28: 干一時 | D28: ㄙㄢ | E28: =IF($D28="", "", IF(RIGHT($C28,1)="英",_xlfn.CONCAT("零", $D28),$D28)) -> ㄙㄢ | F28: =IF(MID($C28,2,1)="一",_xlfn.CONCAT($D28,"1"),IF(MID($C28,2,1)="四",_xlfn.CONCAT($D28,"4"), IF($D28="","",$E28))) -> ㄙㄢ1 | G28: =IF(LEN($F28)=0, "", LEN($F28)) -> 3 | H28: =IF($D28="", "", SEARCH(LEFT($F28), $C$1)) -> 17 | I28: =IF(AND($H28>0, I$4<$G28), IF(MID($F28,I$4+1,1)="1", """", IF(MID($F28,I$4+1,1)="4", "[", MID($F28,I$4+1,1))), IF(I$4<=$G28, IF(LEFT($F28,1)="零", "=", LEFT($F28,1)), "")) -> ㄢ | J28: =IF(AND($H28>0, J$4<$G28), IF(MID($F28,J$4+1,1)="1", """", IF(MID($F28,J$4+1,1)="4", "[", MID($F28,J$4+1,1))), IF(J$4<=$G28, IF(LEFT($F28,1)="零", "=", LEFT($F28,1)), "")) -> " | K28: =IF(AND($H28>0, K$4<$G28), IF(MID($F28,K$4+1,1)="1", """", IF(MID($F28,K$4+1,1)="4", "[", MID($F28,K$4+1,1))), IF(K$4<=$G28, IF(LEFT($F28,1)="零", "=", LEFT($F28,1)), "")) -> ㄙ | L28: =IF(AND($H28>0, L$4<$G28), IF(MID($F28,L$4+1,1)="1", """", IF(MID($F28,L$4+1,1)="4", "[", MID($F28,L$4+1,1))), IF(L$4<=$G28, IF(LEFT($F28,1)="零", "=", LEFT($F28,1)), "")) | M28: =IF(AND($H28>0, M$4<$G28), IF(MID($F28,M$4+1,1)="1", """", IF(MID($F28,M$4+1,1)="4", "[", MID($F28,M$4+1,1))), IF(M$4<=$G28, IF(LEFT($F28,1)="零", "=", LEFT($F28,1)), "")) | N28: =IF(AND($H28>0, N$4<$G28), IF(MID($F28,N$4+1,1)="1", """", IF(MID($F28,N$4+1,1)="4", "[", MID($F28,N$4+1,1))), IF(N$4<=$G28, IF(LEFT($F28,1)="零", "=", LEFT($F28,1)), "")) | O28: =IF(AND($H28>0, O$4<$G28), IF(MID($F28,O$4+1,1)="1", """", IF(MID($F28,O$4+1,1)="4", "[", MID($F28,O$4+1,1))), IF(O$4<=$G28, IF(LEFT($F28,1)="零", "=", LEFT($F28,1)), "")) | P28: =IF(AND($H28>0, P$4<$G28), IF(MID($F28,P$4+1,1)="1", """", IF(MID($F28,P$4+1,1)="4", "[", MID($F28,P$4+1,1))), IF(P$4<=$G28, IF(LEFT($F28,1)="零", "=", LEFT($F28,1)), "")) | R28: =IFERROR( _xlfn.IMAGE(_xlfn.XLOOKUP(I28,按鍵位置表[方音符號], 按鍵位置表[Pict URL])), "") -> #VALUE! | S28: =IFERROR( _xlfn.IMAGE(_xlfn.XLOOKUP(J28,按鍵位置表[方音符號], 按鍵位置表[Pict URL])), "") -> #VALUE! | T28: =IFERROR( _xlfn.IMAGE(_xlfn.XLOOKUP(K28,按鍵位置表[方音符號], 按鍵位置表[Pict URL])), "") -> #VALUE! | U28: =IFERROR( _xlfn.IMAGE(_xlfn.XLOOKUP(L28,按鍵位置表[方音符號], 按鍵位置表[Pict URL])), "") | V28: =IFERROR( _xlfn.IMAGE(_xlfn.XLOOKUP(M28,按鍵位置表[方音符號], 按鍵位置表[Pict URL])), "") | W28: =IFERROR( _xlfn.IMAGE(_xlfn.XLOOKUP(N28,按鍵位置表[方音符號], 按鍵位置表[Pict URL])), "") | X28: =IFERROR( _xlfn.IMAGE(_xlfn.XLOOKUP(O28,按鍵位置表[方音符號], 按鍵位置表[Pict URL])), "") | Y28: =IFERROR( _xlfn.IMAGE(_xlfn.XLOOKUP(P28,按鍵位置表[方音符號], 按鍵位置表[Pict URL])), "")
B29: 。 | E29: =IF($D29="", "", IF(RIGHT($C29,1)="英",_xlfn.CONCAT("零", $D29),$D29)) | F29: =IF(MID($C29,2,1)="一",_xlfn.CONCAT($D29,"1"),IF(MID($C29,2,1)="四",_xlfn.CONCAT($D29,"4"), IF($D29="","",$E29))) | G29: =IF(LEN($F29)=0, "", LEN($F29)) | H29: =IF($D29="", "", SEARCH(LEFT($F29), $C$1)) | I29: =IF(AND($H29>0, I$4<$G29), IF(MID($F29,I$4+1,1)="1", """", IF(MID($F29,I$4+1,1)="4", "[", MID($F29,I$4+1,1))), IF(I$4<=$G29, IF(LEFT($F29,1)="零", "=", LEFT($F29,1)), "")) | J29: =IF(AND($H29>0, J$4<$G29), IF(MID($F29,J$4+1,1)="1", """", IF(MID($F29,J$4+1,1)="4", "[", MID($F29,J$4+1,1))), IF(J$4<=$G29, IF(LEFT($F29,1)="零", "=", LEFT($F29,1)), "")) | K29: =IF(AND($H29>0, K$4<$G29), IF(MID($F29,K$4+1,1)="1", """", IF(MID($F29,K$4+1,1)="4", "[", MID($F29,K$4+1,1))), IF(K$4<=$G29, IF(LEFT($F29,1)="零", "=", LEFT($F29,1)), "")) | L29: =IF(AND($H29>0, L$4<$G29), IF(MID($F29,L$4+1,1)="1", """", IF(MID($F29,L$4+1,1)="4", "[", MID($F29,L$4+1,1))), IF(L$4<=$G29, IF(LEFT($F29,1)="零", "=", LEFT($F29,1)), "")) | M29: =IF(AND($H29>0, M$4<$G29), IF(MID($F29,M$4+1,1)="1", """", IF(MID($F29,M$4+1,1)="4", "[", MID($F29,M$4+1,1))), IF(M$4<=$G29, IF(LEFT($F29,1)="零", "=", LEFT($F29,1)), "")) | N29: =IF(AND($H29>0, N$4<$G29), IF(MID($F29,N$4+1,1)="1", """", IF(MID($F29,N$4+1,1)="4", "[", MID($F29,N$4+1,1))), IF(N$4<=$G29, IF(LEFT($F29,1)="零", "=", LEFT($F29,1)), "")) | O29: =IF(AND($H29>0, O$4<$G29), IF(MID($F29,O$4+1,1)="1", """", IF(MID($F29,O$4+1,1)="4", "[", MID($F29,O$4+1,1))), IF(O$4<=$G29, IF(LEFT($F29,1)="零", "=", LEFT($F29,1)), "")) | P29: =IF(AND($H29>0, P$4<$G29), IF(MID($F29,P$4+1,1)="1", """", IF(MID($F29,P$4+1,1)="4", "[", MID($F29,P$4+1,1))), IF(P$4<=$G29, IF(LEFT($F29,1)="零", "=", LEFT($F29,1)), "")) | R29: =IFERROR( _xlfn.IMAGE(_xlfn.XLOOKUP(I29,按鍵位置表[方音符號], 按鍵位置表[Pict URL])), "") | S29: =IFERROR( _xlfn.IMAGE(_xlfn.XLOOKUP(J29,按鍵位置表[方音符號], 按鍵位置表[Pict URL])), "") | T29: =IFERROR( _xlfn.IMAGE(_xlfn.XLOOKUP(K29,按鍵位置表[方音符號], 按鍵位置表[Pict URL])), "") | U29: =IFERROR( _xlfn.IMAGE(_xlfn.XLOOKUP(L29,按鍵位置表[方音符號], 按鍵位置表[Pict URL])), "") | V29: =IFERROR( _xlfn.IMAGE(_xlfn.XLOOKUP(M29,按鍵位置表[方音符號], 按鍵位置表[Pict URL])), "") | W29: =IFERROR( _xlfn.IMAGE(_xlfn.XLOOKUP(N29,按鍵位置表[方音符號], 按鍵位置表[Pict URL])), "") | X29: =IFERROR( _xlfn.IMAGE(_xlfn.XLOOKUP(O29,按鍵位置表[方音符號], 按鍵位置表[Pict URL])), "") | Y29: =IFERROR( _xlfn.IMAGE(_xlfn.XLOOKUP(P29,按鍵位置表[方音符號], 按鍵位置表[Pict URL])), "")
B30: 羌 | C30: 姜一去 | D30: ㄎㄧㄤ | E30: =IF($D30="", "", IF(RIGHT($C30,1)="英",_xlfn.CONCAT("零", $D30),$D30)) -> ㄎㄧㄤ | F30: =IF(MID($C30,2,1)="一",_xlfn.CONCAT($D30,"1"),IF(MID($C30,2,1)="四",_xlfn.CONCAT($D30,"4"), IF($D30="","",$E30))) -> ㄎㄧㄤ1 | G30: =IF(LEN($F30)=0, "", LEN($F30)) -> 4 | H30: =IF($D30="", "", SEARCH(LEFT($F30), $C$1)) -> 11 | I30: =IF(AND($H30>0, I$4<$G30), IF(MID($F30,I$4+1,1)="1", """", IF(MID($F30,I$4+1,1)="4", "[", MID($F30,I$4+1,1))), IF(I$4<=$G30, IF(LEFT($F30,1)="零", "=", LEFT($F30,1)), "")) -> ㄧ | J30: =IF(AND($H30>0, J$4<$G30), IF(MID($F30,J$4+1,1)="1", """", IF(MID($F30,J$4+1,1)="4", "[", MID($F30,J$4+1,1))), IF(J$4<=$G30, IF(LEFT($F30,1)="零", "=", LEFT($F30,1)), "")) -> ㄤ | K30: =IF(AND($H30>0, K$4<$G30), IF(MID($F30,K$4+1,1)="1", """", IF(MID($F30,K$4+1,1)="4", "[", MID($F30,K$4+1,1))), IF(K$4<=$G30, IF(LEFT($F30,1)="零", "=", LEFT($F30,1)), "")) -> " | L30: =IF(AND($H30>0, L$4<$G30), IF(MID($F30,L$4+1,1)="1", """", IF(MID($F30,L$4+1,1)="4", "[", MID($F30,L$4+1,1))), IF(L$4<=$G30, IF(LEFT($F30,1)="零", "=", LEFT($F30,1)), "")) -> ㄎ | M30: =IF(AND($H30>0, M$4<$G30), IF(MID($F30,M$4+1,1)="1", """", IF(MID($F30,M$4+1,1)="4", "[", MID($F30,M$4+1,1))), IF(M$4<=$G30, IF(LEFT($F30,1)="零", "=", LEFT($F30,1)), "")) | N30: =IF(AND($H30>0, N$4<$G30), IF(MID($F30,N$4+1,1)="1", """", IF(MID($F30,N$4+1,1)="4", "[", MID($F30,N$4+1,1))), IF(N$4<=$G30, IF(LEFT($F30,1)="零", "=", LEFT($F30,1)), "")) | O30: =IF(AND($H30>0, O$4<$G30), IF(MID($F30,O$4+1,1)="1", """", IF(MID($F30,O$4+1,1)="4", "[", MID($F30,O$4+1,1))), IF(O$4<=$G30, IF(LEFT($F30,1)="零", "=", LEFT($F30,1)), "")) | P30: =IF(AND($H30>0, P$4<$G30), IF(MID($F30,P$4+1,1)="1", """", IF(MID($F30,P$4+1,1)="4", "[", MID($F30,P$4+1,1))), IF(P$4<=$G30, IF(LEFT($F30,1)="零", "=", LEFT($F30,1)), "")) | R30: =IFERROR( _xlfn.IMAGE(_xlfn.XLOOKUP(I30,按鍵位置表[方音符號], 按鍵位置表[Pict URL])), "") -> #VALUE! | S30: =IFERROR( _xlfn.IMAGE(_xlfn.XLOOKUP(J30,按鍵位置表[方音符號], 按鍵位置表[Pict URL])), "") -> #VALUE! | T30: =IFERROR( _xlfn.IMAGE(_xlfn.XLOOKUP(K30,按鍵位置表[方音符號], 按鍵位置表[Pict URL])), "") -> #VALUE! | U30: =IFERROR( _xlfn.IMAGE(_xlfn.XLOOKUP(L30,按鍵位置表[方音符號], 按鍵位置表[Pict URL])), "") -> #VALUE! | V30: =IFERROR( _xlfn.IMAGE(_xlfn.XLOOKUP(M30,按鍵位置表[方音符號], 按鍵位置表[Pict URL])), "") | W30: =IFERROR( _xlfn.IMAGE(_xlfn.XLOOKUP(N30,按鍵位置表[方音符號], 按鍵位置表[Pict URL])), "") | X30: =IFERROR( _xlfn.IMAGE(_xlfn.XLOOKUP(O30,按鍵位置表[方音符號], 按鍵位置表[Pict URL])), "") | Y30: =IFERROR( _xlfn.IMAGE(_xlfn.XLOOKUP(P30,按鍵位置表[方音符號], 按鍵位置表[Pict URL])), "")
B31: 笛 | C31: 經八地 | D31: ㄉㄧㆻ˙ | E31: =IF($D31="", "", IF(RIGHT($C31,1)="英",_xlfn.CONCAT("零", $D31),$D31)) -> ㄉㄧㆻ˙ | F31: =IF(MID($C31,2,1)="一",_xlfn.CONCAT($D31,"1"),IF(MID($C31,2,1)="四",_xlfn.CONCAT($D31,"4"), IF($D31="","",$E31))) -> ㄉㄧㆻ˙ | G31: =IF(LEN($F31)=0, "", LEN($F31)) -> 4 | H31: =IF($D31="", "", SEARCH(LEFT($F31), $C$1)) -> 6 | I31: =IF(AND($H31>0, I$4<$G31), IF(MID($F31,I$4+1,1)="1", """", IF(MID($F31,I$4+1,1)="4", "[", MID($F31,I$4+1,1))), IF(I$4<=$G31, IF(LEFT($F31,1)="零", "=", LEFT($F31,1)), "")) -> ㄧ | J31: =IF(AND($H31>0, J$4<$G31), IF(MID($F31,J$4+1,1)="1", """", IF(MID($F31,J$4+1,1)="4", "[", MID($F31,J$4+1,1))), IF(J$4<=$G31, IF(LEFT($F31,1)="零", "=", LEFT($F31,1)), "")) -> ㆻ | K31: =IF(AND($H31>0, K$4<$G31), IF(MID($F31,K$4+1,1)="1", """", IF(MID($F31,K$4+1,1)="4", "[", MID($F31,K$4+1,1))), IF(K$4<=$G31, IF(LEFT($F31,1)="零", "=", LEFT($F31,1)), "")) -> ˙ | L31: =IF(AND($H31>0, L$4<$G31), IF(MID($F31,L$4+1,1)="1", """", IF(MID($F31,L$4+1,1)="4", "[", MID($F31,L$4+1,1))), IF(L$4<=$G31, IF(LEFT($F31,1)="零", "=", LEFT($F31,1)), "")) -> ㄉ | M31: =IF(AND($H31>0, M$4<$G31), IF(MID($F31,M$4+1,1)="1", """", IF(MID($F31,M$4+1,1)="4", "[", MID($F31,M$4+1,1))), IF(M$4<=$G31, IF(LEFT($F31,1)="零", "=", LEFT($F31,1)), "")) | N31: =IF(AND($H31>0, N$4<$G31), IF(MID($F31,N$4+1,1)="1", """", IF(MID($F31,N$4+1,1)="4", "[", MID($F31,N$4+1,1))), IF(N$4<=$G31, IF(LEFT($F31,1)="零", "=", LEFT($F31,1)), "")) | O31: =IF(AND($H31>0, O$4<$G31), IF(MID($F31,O$4+1,1)="1", """", IF(MID($F31,O$4+1,1)="4", "[", MID($F31,O$4+1,1))), IF(O$4<=$G31, IF(LEFT($F31,1)="零", "=", LEFT($F31,1)), "")) | P31: =IF(AND($H31>0, P$4<$G31), IF(MID($F31,P$4+1,1)="1", """", IF(MID($F31,P$4+1,1)="4", "[", MID($F31,P$4+1,1))), IF(P$4<=$G31, IF(LEFT($F31,1)="零", "=", LEFT($F31,1)), "")) | R31: =IFERROR( _xlfn.IMAGE(_xlfn.XLOOKUP(I31,按鍵位置表[方音符號], 按鍵位置表[Pict URL])), "") -> #VALUE! | S31: =IFERROR( _xlfn.IMAGE(_xlfn.XLOOKUP(J31,按鍵位置表[方音符號], 按鍵位置表[Pict URL])), "") -> #VALUE! | T31: =IFERROR( _xlfn.IMAGE(_xlfn.XLOOKUP(K31,按鍵位置表[方音符號], 按鍵位置表[Pict URL])), "") -> #VALUE! | U31: =IFERROR( _xlfn.IMAGE(_xlfn.XLOOKUP(L31,按鍵位置表[方音符號], 按鍵位置表[Pict URL])), "") -> #VALUE! | V31: =IFERROR( _xlfn.IMAGE(_xlfn.XLOOKUP(M31,按鍵位置表[方音符號], 按鍵位置表[Pict URL])), "") | W31: =IFERROR( _xlfn.IMAGE(_xlfn.XLOOKUP(N31,按鍵位置表[方音符號], 按鍵位置表[Pict URL])), "") | X31: =IFERROR( _xlfn.IMAGE(_xlfn.XLOOKUP(O31,按鍵位置表[方音符號], 按鍵位置表[Pict URL])), "") | Y31: =IFERROR( _xlfn.IMAGE(_xlfn.XLOOKUP(P31,按鍵位置表[方音符號], 按鍵位置表[Pict URL])), "")
B32: 何 | C32: 高五喜 | D32: ㄏㄜˊ | E32: =IF($D32="", "", IF(RIGHT($C32,1)="英",_xlfn.CONCAT("零", $D32),$D32)) -> ㄏㄜˊ | F32: =IF(MID($C32,2,1)="一",_xlfn.CONCAT($D32,"1"),IF(MID($C32,2,1)="四",_xlfn.CONCAT($D32,"4"), IF($D32="","",$E32))) -> ㄏㄜˊ | G32: =IF(LEN($F32)=0, "", LEN($F32)) -> 3 | H32: =IF($D32="", "", SEARCH(LEFT($F32), $C$1)) -> 13 | I32: =IF(AND($H32>0, I$4<$G32), IF(MID($F32,I$4+1,1)="1", """", IF(MID($F32,I$4+1,1)="4", "[", MID($F32,I$4+1,1))), IF(I$4<=$G32, IF(LEFT($F32,1)="零", "=", LEFT($F32,1)), "")) -> ㄜ | J32: =IF(AND($H32>0, J$4<$G32), IF(MID($F32,J$4+1,1)="1", """", IF(MID($F32,J$4+1,1)="4", "[", MID($F32,J$4+1,1))), IF(J$4<=$G32, IF(LEFT($F32,1)="零", "=", LEFT($F32,1)), "")) -> ˊ | K32: =IF(AND($H32>0, K$4<$G32), IF(MID($F32,K$4+1,1)="1", """", IF(MID($F32,K$4+1,1)="4", "[", MID($F32,K$4+1,1))), IF(K$4<=$G32, IF(LEFT($F32,1)="零", "=", LEFT($F32,1)), "")) -> ㄏ | L32: =IF(AND($H32>0, L$4<$G32), IF(MID($F32,L$4+1,1)="1", """", IF(MID($F32,L$4+1,1)="4", "[", MID($F32,L$4+1,1))), IF(L$4<=$G32, IF(LEFT($F32,1)="零", "=", LEFT($F32,1)), "")) | M32: =IF(AND($H32>0, M$4<$G32), IF(MID($F32,M$4+1,1)="1", """", IF(MID($F32,M$4+1,1)="4", "[", MID($F32,M$4+1,1))), IF(M$4<=$G32, IF(LEFT($F32,1)="零", "=", LEFT($F32,1)), "")) | N32: =IF(AND($H32>0, N$4<$G32), IF(MID($F32,N$4+1,1)="1", """", IF(MID($F32,N$4+1,1)="4", "[", MID($F32,N$4+1,1))), IF(N$4<=$G32, IF(LEFT($F32,1)="零", "=", LEFT($F32,1)), "")) | O32: =IF(AND($H32>0, O$4<$G32), IF(MID($F32,O$4+1,1)="1", """", IF(MID($F32,O$4+1,1)="4", "[", MID($F32,O$4+1,1))), IF(O$4<=$G32, IF(LEFT($F32,1)="零", "=", LEFT($F32,1)), "")) | P32: =IF(AND($H32>0, P$4<$G32), IF(MID($F32,P$4+1,1)="1", """", IF(MID($F32,P$4+1,1)="4", "[", MID($F32,P$4+1,1))), IF(P$4<=$G32, IF(LEFT($F32,1)="零", "=", LEFT($F32,1)), "")) | R32: =IFERROR( _xlfn.IMAGE(_xlfn.XLOOKUP(I32,按鍵位置表[方音符號], 按鍵位置表[Pict URL])), "") -> #VALUE! | S32: =IFERROR( _xlfn.IMAGE(_xlfn.XLOOKUP(J32,按鍵位置表[方音符號], 按鍵位置表[Pict URL])), "") -> #VALUE! | T32: =IFERROR( _xlfn.IMAGE(_xlfn.XLOOKUP(K32,按鍵位置表[方音符號], 按鍵位置表[Pict URL])), "") -> #VALUE! | U32: =IFERROR( _xlfn.IMAGE(_xlfn.XLOOKUP(L32,按鍵位置表[方音符號], 按鍵位置表[Pict URL])), "") | V32: =IFERROR( _xlfn.IMAGE(_xlfn.XLOOKUP(M32,按鍵位置表[方音符號], 按鍵位置表[Pict URL])), "") | W32: =IFERROR( _xlfn.IMAGE(_xlfn.XLOOKUP(N32,按鍵位置表[方音符號], 按鍵位置表[Pict URL])), "") | X32: =IFERROR( _xlfn.IMAGE(_xlfn.XLOOKUP(O32,按鍵位置表[方音符號], 按鍵位置表[Pict URL])), "") | Y32: =IFERROR( _xlfn.IMAGE(_xlfn.XLOOKUP(P32,按鍵位置表[方音符號], 按鍵位置表[Pict URL])), "")
B33: 須 | C33: 艍一時 | D33: ㄙㄨ | E33: =IF($D33="", "", IF(RIGHT($C33,1)="英",_xlfn.CONCAT("零", $D33),$D33)) -> ㄙㄨ | F33: =IF(MID($C33,2,1)="一",_xlfn.CONCAT($D33,"1"),IF(MID($C33,2,1)="四",_xlfn.CONCAT($D33,"4"), IF($D33="","",$E33))) -> ㄙㄨ1 | G33: =IF(LEN($F33)=0, "", LEN($F33)) -> 3 | H33: =IF($D33="", "", SEARCH(LEFT($F33), $C$1)) -> 17 | I33: =IF(AND($H33>0, I$4<$G33), IF(MID($F33,I$4+1,1)="1", """", IF(MID($F33,I$4+1,1)="4", "[", MID($F33,I$4+1,1))), IF(I$4<=$G33, IF(LEFT($F33,1)="零", "=", LEFT($F33,1)), "")) -> ㄨ | J33: =IF(AND($H33>0, J$4<$G33), IF(MID($F33,J$4+1,1)="1", """", IF(MID($F33,J$4+1,1)="4", "[", MID($F33,J$4+1,1))), IF(J$4<=$G33, IF(LEFT($F33,1)="零", "=", LEFT($F33,1)), "")) -> " | K33: =IF(AND($H33>0, K$4<$G33), IF(MID($F33,K$4+1,1)="1", """", IF(MID($F33,K$4+1,1)="4", "[", MID($F33,K$4+1,1))), IF(K$4<=$G33, IF(LEFT($F33,1)="零", "=", LEFT($F33,1)), "")) -> ㄙ | L33: =IF(AND($H33>0, L$4<$G33), IF(MID($F33,L$4+1,1)="1", """", IF(MID($F33,L$4+1,1)="4", "[", MID($F33,L$4+1,1))), IF(L$4<=$G33, IF(LEFT($F33,1)="零", "=", LEFT($F33,1)), "")) | M33: =IF(AND($H33>0, M$4<$G33), IF(MID($F33,M$4+1,1)="1", """", IF(MID($F33,M$4+1,1)="4", "[", MID($F33,M$4+1,1))), IF(M$4<=$G33, IF(LEFT($F33,1)="零", "=", LEFT($F33,1)), "")) | N33: =IF(AND($H33>0, N$4<$G33), IF(MID($F33,N$4+1,1)="1", """", IF(MID($F33,N$4+1,1)="4", "[", MID($F33,N$4+1,1))), IF(N$4<=$G33, IF(LEFT($F33,1)="零", "=", LEFT($F33,1)), "")) | O33: =IF(AND($H33>0, O$4<$G33), IF(MID($F33,O$4+1,1)="1", """", IF(MID($F33,O$4+1,1)="4", "[", MID($F33,O$4+1,1))), IF(O$4<=$G33, IF(LEFT($F33,1)="零", "=", LEFT($F33,1)), "")) | P33: =IF(AND($H33>0, P$4<$G33), IF(MID($F33,P$4+1,1)="1", """", IF(MID($F33,P$4+1,1)="4", "[", MID($F33,P$4+1,1))), IF(P$4<=$G33, IF(LEFT($F33,1)="零", "=", LEFT($F33,1)), "")) | R33: =IFERROR( _xlfn.IMAGE(_xlfn.XLOOKUP(I33,按鍵位置表[方音符號], 按鍵位置表[Pict URL])), "") -> #VALUE! | S33: =IFERROR( _xlfn.IMAGE(_xlfn.XLOOKUP(J33,按鍵位置表[方音符號], 按鍵位置表[Pict URL])), "") -> #VALUE! | T33: =IFERROR( _xlfn.IMAGE(_xlfn.XLOOKUP(K33,按鍵位置表[方音符號], 按鍵位置表[Pict URL])), "") -> #VALUE! | U33: =IFERROR( _xlfn.IMAGE(_xlfn.XLOOKUP(L33,按鍵位置表[方音符號], 按鍵位置表[Pict URL])), "") | V33: =IFERROR( _xlfn.IMAGE(_xlfn.XLOOKUP(M33,按鍵位置表[方音符號], 按鍵位置表[Pict URL])), "") | W33: =IFERROR( _xlfn.IMAGE(_xlfn.XLOOKUP(N33,按鍵位置表[方音符號], 按鍵位置表[Pict URL])), "") | X33: =IFERROR( _xlfn.IMAGE(_xlfn.XLOOKUP(O33,按鍵位置表[方音符號], 按鍵位置表[Pict URL])), "") | Y33: =IFERROR( _xlfn.IMAGE(_xlfn.XLOOKUP(P33,按鍵位置表[方音符號], 按鍵位置表[Pict URL])), "")
B34: 怨 | C34: 觀三英 | D34: ㄨㄢ˪ | E34: =IF($D34="", "", IF(RIGHT($C34,1)="英",_xlfn.CONCAT("零", $D34),$D34)) -> 零ㄨㄢ˪ | F34: =IF(MID($C34,2,1)="一",_xlfn.CONCAT($D34,"1"),IF(MID($C34,2,1)="四",_xlfn.CONCAT($D34,"4"), IF($D34="","",$E34))) -> 零ㄨㄢ˪ | G34: =IF(LEN($F34)=0, "", LEN($F34)) -> 4 | H34: =IF($D34="", "", SEARCH(LEFT($F34), $C$1)) -> 1 | I34: =IF(AND($H34>0, I$4<$G34), IF(MID($F34,I$4+1,1)="1", """", IF(MID($F34,I$4+1,1)="4", "[", MID($F34,I$4+1,1))), IF(I$4<=$G34, IF(LEFT($F34,1)="零", "=", LEFT($F34,1)), "")) -> ㄨ | J34: =IF(AND($H34>0, J$4<$G34), IF(MID($F34,J$4+1,1)="1", """", IF(MID($F34,J$4+1,1)="4", "[", MID($F34,J$4+1,1))), IF(J$4<=$G34, IF(LEFT($F34,1)="零", "=", LEFT($F34,1)), "")) -> ㄢ | K34: =IF(AND($H34>0, K$4<$G34), IF(MID($F34,K$4+1,1)="1", """", IF(MID($F34,K$4+1,1)="4", "[", MID($F34,K$4+1,1))), IF(K$4<=$G34, IF(LEFT($F34,1)="零", "=", LEFT($F34,1)), "")) -> ˪ | L34: =IF(AND($H34>0, L$4<$G34), IF(MID($F34,L$4+1,1)="1", """", IF(MID($F34,L$4+1,1)="4", "[", MID($F34,L$4+1,1))), IF(L$4<=$G34, IF(LEFT($F34,1)="零", "=", LEFT($F34,1)), "")) -> = | M34: =IF(AND($H34>0, M$4<$G34), IF(MID($F34,M$4+1,1)="1", """", IF(MID($F34,M$4+1,1)="4", "[", MID($F34,M$4+1,1))), IF(M$4<=$G34, IF(LEFT($F34,1)="零", "=", LEFT($F34,1)), "")) | N34: =IF(AND($H34>0, N$4<$G34), IF(MID($F34,N$4+1,1)="1", """", IF(MID($F34,N$4+1,1)="4", "[", MID($F34,N$4+1,1))), IF(N$4<=$G34, IF(LEFT($F34,1)="零", "=", LEFT($F34,1)), "")) | O34: =IF(AND($H34>0, O$4<$G34), IF(MID($F34,O$4+1,1)="1", """", IF(MID($F34,O$4+1,1)="4", "[", MID($F34,O$4+1,1))), IF(O$4<=$G34, IF(LEFT($F34,1)="零", "=", LEFT($F34,1)), "")) | P34: =IF(AND($H34>0, P$4<$G34), IF(MID($F34,P$4+1,1)="1", """", IF(MID($F34,P$4+1,1)="4", "[", MID($F34,P$4+1,1))), IF(P$4<=$G34, IF(LEFT($F34,1)="零", "=", LEFT($F34,1)), "")) | R34: =IFERROR( _xlfn.IMAGE(_xlfn.XLOOKUP(I34,按鍵位置表[方音符號], 按鍵位置表[Pict URL])), "") -> #VALUE! | S34: =IFERROR( _xlfn.IMAGE(_xlfn.XLOOKUP(J34,按鍵位置表[方音符號], 按鍵位置表[Pict URL])), "") -> #VALUE! | T34: =IFERROR( _xlfn.IMAGE(_xlfn.XLOOKUP(K34,按鍵位置表[方音符號], 按鍵位置表[Pict URL])), "") -> #VALUE! | U34: =IFERROR( _xlfn.IMAGE(_xlfn.XLOOKUP(L34,按鍵位置表[方音符號], 按鍵位置表[Pict URL])), "") -> #VALUE! | V34: =IFERROR( _xlfn.IMAGE(_xlfn.XLOOKUP(M34,按鍵位置表[方音符號], 按鍵位置表[Pict URL])), "") | W34: =IFERROR( _xlfn.IMAGE(_xlfn.XLOOKUP(N34,按鍵位置表[方音符號], 按鍵位置表[Pict URL])), "") | X34: =IFERROR( _xlfn.IMAGE(_xlfn.XLOOKUP(O34,按鍵位置表[方音符號], 按鍵位置表[Pict URL])), "") | Y34: =IFERROR( _xlfn.IMAGE(_xlfn.XLOOKUP(P34,按鍵位置表[方音符號], 按鍵位置表[Pict URL])), "")
B35: 楊 | C35: 恭五英 | D35: ㄧㆲˊ | E35: =IF($D35="", "", IF(RIGHT($C35,1)="英",_xlfn.CONCAT("零", $D35),$D35)) -> 零ㄧㆲˊ | F35: =IF(MID($C35,2,1)="一",_xlfn.CONCAT($D35,"1"),IF(MID($C35,2,1)="四",_xlfn.CONCAT($D35,"4"), IF($D35="","",$E35))) -> 零ㄧㆲˊ | G35: =IF(LEN($F35)=0, "", LEN($F35)) -> 4 | H35: =IF($D35="", "", SEARCH(LEFT($F35), $C$1)) -> 1 | I35: =IF(AND($H35>0, I$4<$G35), IF(MID($F35,I$4+1,1)="1", """", IF(MID($F35,I$4+1,1)="4", "[", MID($F35,I$4+1,1))), IF(I$4<=$G35, IF(LEFT($F35,1)="零", "=", LEFT($F35,1)), "")) -> ㄧ | J35: =IF(AND($H35>0, J$4<$G35), IF(MID($F35,J$4+1,1)="1", """", IF(MID($F35,J$4+1,1)="4", "[", MID($F35,J$4+1,1))), IF(J$4<=$G35, IF(LEFT($F35,1)="零", "=", LEFT($F35,1)), "")) -> ㆲ | K35: =IF(AND($H35>0, K$4<$G35), IF(MID($F35,K$4+1,1)="1", """", IF(MID($F35,K$4+1,1)="4", "[", MID($F35,K$4+1,1))), IF(K$4<=$G35, IF(LEFT($F35,1)="零", "=", LEFT($F35,1)), "")) -> ˊ | L35: =IF(AND($H35>0, L$4<$G35), IF(MID($F35,L$4+1,1)="1", """", IF(MID($F35,L$4+1,1)="4", "[", MID($F35,L$4+1,1))), IF(L$4<=$G35, IF(LEFT($F35,1)="零", "=", LEFT($F35,1)), "")) -> = | M35: =IF(AND($H35>0, M$4<$G35), IF(MID($F35,M$4+1,1)="1", """", IF(MID($F35,M$4+1,1)="4", "[", MID($F35,M$4+1,1))), IF(M$4<=$G35, IF(LEFT($F35,1)="零", "=", LEFT($F35,1)), "")) | N35: =IF(AND($H35>0, N$4<$G35), IF(MID($F35,N$4+1,1)="1", """", IF(MID($F35,N$4+1,1)="4", "[", MID($F35,N$4+1,1))), IF(N$4<=$G35, IF(LEFT($F35,1)="零", "=", LEFT($F35,1)), "")) | O35: =IF(AND($H35>0, O$4<$G35), IF(MID($F35,O$4+1,1)="1", """", IF(MID($F35,O$4+1,1)="4", "[", MID($F35,O$4+1,1))), IF(O$4<=$G35, IF(LEFT($F35,1)="零", "=", LEFT($F35,1)), "")) | P35: =IF(AND($H35>0, P$4<$G35), IF(MID($F35,P$4+1,1)="1", """", IF(MID($F35,P$4+1,1)="4", "[", MID($F35,P$4+1,1))), IF(P$4<=$G35, IF(LEFT($F35,1)="零", "=", LEFT($F35,1)), "")) | R35: =IFERROR( _xlfn.IMAGE(_xlfn.XLOOKUP(I35,按鍵位置表[方音符號], 按鍵位置表[Pict URL])), "") -> #VALUE! | S35: =IFERROR( _xlfn.IMAGE(_xlfn.XLOOKUP(J35,按鍵位置表[方音符號], 按鍵位置表[Pict URL])), "") -> #VALUE! | T35: =IFERROR( _xlfn.IMAGE(_xlfn.XLOOKUP(K35,按鍵位置表[方音符號], 按鍵位置表[Pict URL])), "") -> #VALUE! | U35: =IFERROR( _xlfn.IMAGE(_xlfn.XLOOKUP(L35,按鍵位置表[方音符號], 按鍵位置表[Pict URL])), "") -> #VALUE! | V35: =IFERROR( _xlfn.IMAGE(_xlfn.XLOOKUP(M35,按鍵位置表[方音符號], 按鍵位置表[Pict URL])), "") | W35: =IFERROR( _xlfn.IMAGE(_xlfn.XLOOKUP(N35,按鍵位置表[方音符號], 按鍵位置表[Pict URL])), "") | X35: =IFERROR( _xlfn.IMAGE(_xlfn.XLOOKUP(O35,按鍵位置表[方音符號], 按鍵位置表[Pict URL])), "") | Y35: =IFERROR( _xlfn.IMAGE(_xlfn.XLOOKUP(P35,按鍵位置表[方音符號], 按鍵位置表[Pict URL])), "")
B36: 柳 | C36: 丩二柳 | D36: ㄌㄧㄨˋ | E36: =IF($D36="", "", IF(RIGHT($C36,1)="英",_xlfn.CONCAT("零", $D36),$D36)) -> ㄌㄧㄨˋ | F36: =IF(MID($C36,2,1)="一",_xlfn.CONCAT($D36,"1"),IF(MID($C36,2,1)="四",_xlfn.CONCAT($D36,"4"), IF($D36="","",$E36))) -> ㄌㄧㄨˋ | G36: =IF(LEN($F36)=0, "", LEN($F36)) -> 4 | H36: =IF($D36="", "", SEARCH(LEFT($F36), $C$1)) -> 9 | I36: =IF(AND($H36>0, I$4<$G36), IF(MID($F36,I$4+1,1)="1", """", IF(MID($F36,I$4+1,1)="4", "[", MID($F36,I$4+1,1))), IF(I$4<=$G36, IF(LEFT($F36,1)="零", "=", LEFT($F36,1)), "")) -> ㄧ | J36: =IF(AND($H36>0, J$4<$G36), IF(MID($F36,J$4+1,1)="1", """", IF(MID($F36,J$4+1,1)="4", "[", MID($F36,J$4+1,1))), IF(J$4<=$G36, IF(LEFT($F36,1)="零", "=", LEFT($F36,1)), "")) -> ㄨ | K36: =IF(AND($H36>0, K$4<$G36), IF(MID($F36,K$4+1,1)="1", """", IF(MID($F36,K$4+1,1)="4", "[", MID($F36,K$4+1,1))), IF(K$4<=$G36, IF(LEFT($F36,1)="零", "=", LEFT($F36,1)), "")) -> ˋ | L36: =IF(AND($H36>0, L$4<$G36), IF(MID($F36,L$4+1,1)="1", """", IF(MID($F36,L$4+1,1)="4", "[", MID($F36,L$4+1,1))), IF(L$4<=$G36, IF(LEFT($F36,1)="零", "=", LEFT($F36,1)), "")) -> ㄌ | M36: =IF(AND($H36>0, M$4<$G36), IF(MID($F36,M$4+1,1)="1", """", IF(MID($F36,M$4+1,1)="4", "[", MID($F36,M$4+1,1))), IF(M$4<=$G36, IF(LEFT($F36,1)="零", "=", LEFT($F36,1)), "")) | N36: =IF(AND($H36>0, N$4<$G36), IF(MID($F36,N$4+1,1)="1", """", IF(MID($F36,N$4+1,1)="4", "[", MID($F36,N$4+1,1))), IF(N$4<=$G36, IF(LEFT($F36,1)="零", "=", LEFT($F36,1)), "")) | O36: =IF(AND($H36>0, O$4<$G36), IF(MID($F36,O$4+1,1)="1", """", IF(MID($F36,O$4+1,1)="4", "[", MID($F36,O$4+1,1))), IF(O$4<=$G36, IF(LEFT($F36,1)="零", "=", LEFT($F36,1)), "")) | P36: =IF(AND($H36>0, P$4<$G36), IF(MID($F36,P$4+1,1)="1", """", IF(MID($F36,P$4+1,1)="4", "[", MID($F36,P$4+1,1))), IF(P$4<=$G36, IF(LEFT($F36,1)="零", "=", LEFT($F36,1)), "")) | R36: =IFERROR( _xlfn.IMAGE(_xlfn.XLOOKUP(I36,按鍵位置表[方音符號], 按鍵位置表[Pict URL])), "") -> #VALUE! | S36: =IFERROR( _xlfn.IMAGE(_xlfn.XLOOKUP(J36,按鍵位置表[方音符號], 按鍵位置表[Pict URL])), "") -> #VALUE! | T36: =IFERROR( _xlfn.IMAGE(_xlfn.XLOOKUP(K36,按鍵位置表[方音符號], 按鍵位置表[Pict URL])), "") -> #VALUE! | U36: =IFERROR( _xlfn.IMAGE(_xlfn.XLOOKUP(L36,按鍵位置表[方音符號], 按鍵位置表[Pict URL])), "") -> #VALUE! | V36: =IFERROR( _xlfn.IMAGE(_xlfn.XLOOKUP(M36,按鍵位置表[方音符號], 按鍵位置表[Pict URL])), "") | W36: =IFERROR( _xlfn.IMAGE(_xlfn.XLOOKUP(N36,按鍵位置表[方音符號], 按鍵位置表[Pict URL])), "") | X36: =IFERROR( _xlfn.IMAGE(_xlfn.XLOOKUP(O36,按鍵位置表[方音符號], 按鍵位置表[Pict URL])), "") | Y36: =IFERROR( _xlfn.IMAGE(_xlfn.XLOOKUP(P36,按鍵位置表[方音符號], 按鍵位置表[Pict URL])), "")
B37: ， | E37: =IF($D37="", "", IF(RIGHT($C37,1)="英",_xlfn.CONCAT("零", $D37),$D37)) | F37: =IF(MID($C37,2,1)="一",_xlfn.CONCAT($D37,"1"),IF(MID($C37,2,1)="四",_xlfn.CONCAT($D37,"4"), IF($D37="","",$E37))) | G37: =IF(LEN($F37)=0, "", LEN($F37)) | H37: =IF($D37="", "", SEARCH(LEFT($F37), $C$1)) | I37: =IF(AND($H37>0, I$4<$G37), IF(MID($F37,I$4+1,1)="1", """", IF(MID($F37,I$4+1,1)="4", "[", MID($F37,I$4+1,1))), IF(I$4<=$G37, IF(LEFT($F37,1)="零", "=", LEFT($F37,1)), "")) | J37: =IF(AND($H37>0, J$4<$G37), IF(MID($F37,J$4+1,1)="1", """", IF(MID($F37,J$4+1,1)="4", "[", MID($F37,J$4+1,1))), IF(J$4<=$G37, IF(LEFT($F37,1)="零", "=", LEFT($F37,1)), "")) | K37: =IF(AND($H37>0, K$4<$G37), IF(MID($F37,K$4+1,1)="1", """", IF(MID($F37,K$4+1,1)="4", "[", MID($F37,K$4+1,1))), IF(K$4<=$G37, IF(LEFT($F37,1)="零", "=", LEFT($F37,1)), "")) | L37: =IF(AND($H37>0, L$4<$G37), IF(MID($F37,L$4+1,1)="1", """", IF(MID($F37,L$4+1,1)="4", "[", MID($F37,L$4+1,1))), IF(L$4<=$G37, IF(LEFT($F37,1)="零", "=", LEFT($F37,1)), "")) | M37: =IF(AND($H37>0, M$4<$G37), IF(MID($F37,M$4+1,1)="1", """", IF(MID($F37,M$4+1,1)="4", "[", MID($F37,M$4+1,1))), IF(M$4<=$G37, IF(LEFT($F37,1)="零", "=", LEFT($F37,1)), "")) | N37: =IF(AND($H37>0, N$4<$G37), IF(MID($F37,N$4+1,1)="1", """", IF(MID($F37,N$4+1,1)="4", "[", MID($F37,N$4+1,1))), IF(N$4<=$G37, IF(LEFT($F37,1)="零", "=", LEFT($F37,1)), "")) | O37: =IF(AND($H37>0, O$4<$G37), IF(MID($F37,O$4+1,1)="1", """", IF(MID($F37,O$4+1,1)="4", "[", MID($F37,O$4+1,1))), IF(O$4<=$G37, IF(LEFT($F37,1)="零", "=", LEFT($F37,1)), "")) | P37: =IF(AND($H37>0, P$4<$G37), IF(MID($F37,P$4+1,1)="1", """", IF(MID($F37,P$4+1,1)="4", "[", MID($F37,P$4+1,1))), IF(P$4<=$G37, IF(LEFT($F37,1)="零", "=", LEFT($F37,1)), "")) | R37: =IFERROR( _xlfn.IMAGE(_xlfn.XLOOKUP(I37,按鍵位置表[方音符號], 按鍵位置表[Pict URL])), "") | S37: =IFERROR( _xlfn.IMAGE(_xlfn.XLOOKUP(J37,按鍵位置表[方音符號], 按鍵位置表[Pict URL])), "") | T37: =IFERROR( _xlfn.IMAGE(_xlfn.XLOOKUP(K37,按鍵位置表[方音符號], 按鍵位置表[Pict URL])), "") | U37: =IFERROR( _xlfn.IMAGE(_xlfn.XLOOKUP(L37,按鍵位置表[方音符號], 按鍵位置表[Pict URL])), "") | V37: =IFERROR( _xlfn.IMAGE(_xlfn.XLOOKUP(M37,按鍵位置表[方音符號], 按鍵位置表[Pict URL])), "") | W37: =IFERROR( _xlfn.IMAGE(_xlfn.XLOOKUP(N37,按鍵位置表[方音符號], 按鍵位置表[Pict URL])), "") | X37: =IFERROR( _xlfn.IMAGE(_xlfn.XLOOKUP(O37,按鍵位置表[方音符號], 按鍵位置表[Pict URL])), "") | Y37: =IFERROR( _xlfn.IMAGE(_xlfn.XLOOKUP(P37,按鍵位置表[方音符號], 按鍵位置表[Pict URL])), "")
B38: 春 | C38: 君一出 | D38: ㄘㄨㄣ | E38: =IF($D38="", "", IF(RIGHT($C38,1)="英",_xlfn.CONCAT("零", $D38),$D38)) -> ㄘㄨㄣ | F38: =IF(MID($C38,2,1)="一",_xlfn.CONCAT($D38,"1"),IF(MID($C38,2,1)="四",_xlfn.CONCAT($D38,"4"), IF($D38="","",$E38))) -> ㄘㄨㄣ1 | G38: =IF(LEN($F38)=0, "", LEN($F38)) -> 4 | H38: =IF($D38="", "", SEARCH(LEFT($F38), $C$1)) -> 15 | I38: =IF(AND($H38>0, I$4<$G38), IF(MID($F38,I$4+1,1)="1", """", IF(MID($F38,I$4+1,1)="4", "[", MID($F38,I$4+1,1))), IF(I$4<=$G38, IF(LEFT($F38,1)="零", "=", LEFT($F38,1)), "")) -> ㄨ | J38: =IF(AND($H38>0, J$4<$G38), IF(MID($F38,J$4+1,1)="1", """", IF(MID($F38,J$4+1,1)="4", "[", MID($F38,J$4+1,1))), IF(J$4<=$G38, IF(LEFT($F38,1)="零", "=", LEFT($F38,1)), "")) -> ㄣ | K38: =IF(AND($H38>0, K$4<$G38), IF(MID($F38,K$4+1,1)="1", """", IF(MID($F38,K$4+1,1)="4", "[", MID($F38,K$4+1,1))), IF(K$4<=$G38, IF(LEFT($F38,1)="零", "=", LEFT($F38,1)), "")) -> " | L38: =IF(AND($H38>0, L$4<$G38), IF(MID($F38,L$4+1,1)="1", """", IF(MID($F38,L$4+1,1)="4", "[", MID($F38,L$4+1,1))), IF(L$4<=$G38, IF(LEFT($F38,1)="零", "=", LEFT($F38,1)), "")) -> ㄘ | M38: =IF(AND($H38>0, M$4<$G38), IF(MID($F38,M$4+1,1)="1", """", IF(MID($F38,M$4+1,1)="4", "[", MID($F38,M$4+1,1))), IF(M$4<=$G38, IF(LEFT($F38,1)="零", "=", LEFT($F38,1)), "")) | N38: =IF(AND($H38>0, N$4<$G38), IF(MID($F38,N$4+1,1)="1", """", IF(MID($F38,N$4+1,1)="4", "[", MID($F38,N$4+1,1))), IF(N$4<=$G38, IF(LEFT($F38,1)="零", "=", LEFT($F38,1)), "")) | O38: =IF(AND($H38>0, O$4<$G38), IF(MID($F38,O$4+1,1)="1", """", IF(MID($F38,O$4+1,1)="4", "[", MID($F38,O$4+1,1))), IF(O$4<=$G38, IF(LEFT($F38,1)="零", "=", LEFT($F38,1)), "")) | P38: =IF(AND($H38>0, P$4<$G38), IF(MID($F38,P$4+1,1)="1", """", IF(MID($F38,P$4+1,1)="4", "[", MID($F38,P$4+1,1))), IF(P$4<=$G38, IF(LEFT($F38,1)="零", "=", LEFT($F38,1)), "")) | R38: =IFERROR( _xlfn.IMAGE(_xlfn.XLOOKUP(I38,按鍵位置表[方音符號], 按鍵位置表[Pict URL])), "") -> #VALUE! | S38: =IFERROR( _xlfn.IMAGE(_xlfn.XLOOKUP(J38,按鍵位置表[方音符號], 按鍵位置表[Pict URL])), "") -> #VALUE! | T38: =IFERROR( _xlfn.IMAGE(_xlfn.XLOOKUP(K38,按鍵位置表[方音符號], 按鍵位置表[Pict URL])), "") -> #VALUE! | U38: =IFERROR( _xlfn.IMAGE(_xlfn.XLOOKUP(L38,按鍵位置表[方音符號], 按鍵位置表[Pict URL])), "") -> #VALUE! | V38: =IFERROR( _xlfn.IMAGE(_xlfn.XLOOKUP(M38,按鍵位置表[方音符號], 按鍵位置表[Pict URL])), "") | W38: =IFERROR( _xlfn.IMAGE(_xlfn.XLOOKUP(N38,按鍵位置表[方音符號], 按鍵位置表[Pict URL])), "") | X38: =IFERROR( _xlfn.IMAGE(_xlfn.XLOOKUP(O38,按鍵位置表[方音符號], 按鍵位置表[Pict URL])), "") | Y38: =IFERROR( _xlfn.IMAGE(_xlfn.XLOOKUP(P38,按鍵位置表[方音符號], 按鍵位置表[Pict URL])), "")
B39: 風 | C39: 公一喜 | D39: ㄏㆲ | E39: =IF($D39="", "", IF(RIGHT($C39,1)="英",_xlfn.CONCAT("零", $D39),$D39)) -> ㄏㆲ | F39: =IF(MID($C39,2,1)="一",_xlfn.CONCAT($D39,"1"),IF(MID($C39,2,1)="四",_xlfn.CONCAT($D39,"4"), IF($D39="","",$E39))) -> ㄏㆲ1 | G39: =IF(LEN($F39)=0, "", LEN($F39)) -> 3 | H39: =IF($D39="", "", SEARCH(LEFT($F39), $C$1)) -> 13 | I39: =IF(AND($H39>0, I$4<$G39), IF(MID($F39,I$4+1,1)="1", """", IF(MID($F39,I$4+1,1)="4", "[", MID($F39,I$4+1,1))), IF(I$4<=$G39, IF(LEFT($F39,1)="零", "=", LEFT($F39,1)), "")) -> ㆲ | J39: =IF(AND($H39>0, J$4<$G39), IF(MID($F39,J$4+1,1)="1", """", IF(MID($F39,J$4+1,1)="4", "[", MID($F39,J$4+1,1))), IF(J$4<=$G39, IF(LEFT($F39,1)="零", "=", LEFT($F39,1)), "")) -> " | K39: =IF(AND($H39>0, K$4<$G39), IF(MID($F39,K$4+1,1)="1", """", IF(MID($F39,K$4+1,1)="4", "[", MID($F39,K$4+1,1))), IF(K$4<=$G39, IF(LEFT($F39,1)="零", "=", LEFT($F39,1)), "")) -> ㄏ | L39: =IF(AND($H39>0, L$4<$G39), IF(MID($F39,L$4+1,1)="1", """", IF(MID($F39,L$4+1,1)="4", "[", MID($F39,L$4+1,1))), IF(L$4<=$G39, IF(LEFT($F39,1)="零", "=", LEFT($F39,1)), "")) | M39: =IF(AND($H39>0, M$4<$G39), IF(MID($F39,M$4+1,1)="1", """", IF(MID($F39,M$4+1,1)="4", "[", MID($F39,M$4+1,1))), IF(M$4<=$G39, IF(LEFT($F39,1)="零", "=", LEFT($F39,1)), "")) | N39: =IF(AND($H39>0, N$4<$G39), IF(MID($F39,N$4+1,1)="1", """", IF(MID($F39,N$4+1,1)="4", "[", MID($F39,N$4+1,1))), IF(N$4<=$G39, IF(LEFT($F39,1)="零", "=", LEFT($F39,1)), "")) | O39: =IF(AND($H39>0, O$4<$G39), IF(MID($F39,O$4+1,1)="1", """", IF(MID($F39,O$4+1,1)="4", "[", MID($F39,O$4+1,1))), IF(O$4<=$G39, IF(LEFT($F39,1)="零", "=", LEFT($F39,1)), "")) | P39: =IF(AND($H39>0, P$4<$G39), IF(MID($F39,P$4+1,1)="1", """", IF(MID($F39,P$4+1,1)="4", "[", MID($F39,P$4+1,1))), IF(P$4<=$G39, IF(LEFT($F39,1)="零", "=", LEFT($F39,1)), "")) | R39: =IFERROR( _xlfn.IMAGE(_xlfn.XLOOKUP(I39,按鍵位置表[方音符號], 按鍵位置表[Pict URL])), "") -> #VALUE! | S39: =IFERROR( _xlfn.IMAGE(_xlfn.XLOOKUP(J39,按鍵位置表[方音符號], 按鍵位置表[Pict URL])), "") -> #VALUE! | T39: =IFERROR( _xlfn.IMAGE(_xlfn.XLOOKUP(K39,按鍵位置表[方音符號], 按鍵位置表[Pict URL])), "") -> #VALUE! | U39: =IFERROR( _xlfn.IMAGE(_xlfn.XLOOKUP(L39,按鍵位置表[方音符號], 按鍵位置表[Pict URL])), "") | V39: =IFERROR( _xlfn.IMAGE(_xlfn.XLOOKUP(M39,按鍵位置表[方音符號], 按鍵位置表[Pict URL])), "") | W39: =IFERROR( _xlfn.IMAGE(_xlfn.XLOOKUP(N39,按鍵位置表[方音符號], 按鍵位置表[Pict URL])), "") | X39: =IFERROR( _xlfn.IMAGE(_xlfn.XLOOKUP(O39,按鍵位置表[方音符號], 按鍵位置表[Pict URL])), "") | Y39: =IFERROR( _xlfn.IMAGE(_xlfn.XLOOKUP(P39,按鍵位置表[方音符號], 按鍵位置表[Pict URL])), "")
B40: 不 | C40: 君四邊 | D40: ㄅㄨㆵ | E40: =IF($D40="", "", IF(RIGHT($C40,1)="英",_xlfn.CONCAT("零", $D40),$D40)) -> ㄅㄨㆵ | F40: =IF(MID($C40,2,1)="一",_xlfn.CONCAT($D40,"1"),IF(MID($C40,2,1)="四",_xlfn.CONCAT($D40,"4"), IF($D40="","",$E40))) -> ㄅㄨㆵ4 | G40: =IF(LEN($F40)=0, "", LEN($F40)) -> 4 | H40: =IF($D40="", "", SEARCH(LEFT($F40), $C$1)) -> 2 | I40: =IF(AND($H40>0, I$4<$G40), IF(MID($F40,I$4+1,1)="1", """", IF(MID($F40,I$4+1,1)="4", "[", MID($F40,I$4+1,1))), IF(I$4<=$G40, IF(LEFT($F40,1)="零", "=", LEFT($F40,1)), "")) -> ㄨ | J40: =IF(AND($H40>0, J$4<$G40), IF(MID($F40,J$4+1,1)="1", """", IF(MID($F40,J$4+1,1)="4", "[", MID($F40,J$4+1,1))), IF(J$4<=$G40, IF(LEFT($F40,1)="零", "=", LEFT($F40,1)), "")) -> ㆵ | K40: =IF(AND($H40>0, K$4<$G40), IF(MID($F40,K$4+1,1)="1", """", IF(MID($F40,K$4+1,1)="4", "[", MID($F40,K$4+1,1))), IF(K$4<=$G40, IF(LEFT($F40,1)="零", "=", LEFT($F40,1)), "")) -> [ | L40: =IF(AND($H40>0, L$4<$G40), IF(MID($F40,L$4+1,1)="1", """", IF(MID($F40,L$4+1,1)="4", "[", MID($F40,L$4+1,1))), IF(L$4<=$G40, IF(LEFT($F40,1)="零", "=", LEFT($F40,1)), "")) -> ㄅ | M40: =IF(AND($H40>0, M$4<$G40), IF(MID($F40,M$4+1,1)="1", """", IF(MID($F40,M$4+1,1)="4", "[", MID($F40,M$4+1,1))), IF(M$4<=$G40, IF(LEFT($F40,1)="零", "=", LEFT($F40,1)), "")) | N40: =IF(AND($H40>0, N$4<$G40), IF(MID($F40,N$4+1,1)="1", """", IF(MID($F40,N$4+1,1)="4", "[", MID($F40,N$4+1,1))), IF(N$4<=$G40, IF(LEFT($F40,1)="零", "=", LEFT($F40,1)), "")) | O40: =IF(AND($H40>0, O$4<$G40), IF(MID($F40,O$4+1,1)="1", """", IF(MID($F40,O$4+1,1)="4", "[", MID($F40,O$4+1,1))), IF(O$4<=$G40, IF(LEFT($F40,1)="零", "=", LEFT($F40,1)), "")) | P40: =IF(AND($H40>0, P$4<$G40), IF(MID($F40,P$4+1,1)="1", """", IF(MID($F40,P$4+1,1)="4", "[", MID($F40,P$4+1,1))), IF(P$4<=$G40, IF(LEFT($F40,1)="零", "=", LEFT($F40,1)), "")) | R40: =IFERROR( _xlfn.IMAGE(_xlfn.XLOOKUP(I40,按鍵位置表[方音符號], 按鍵位置表[Pict URL])), "") -> #VALUE! | S40: =IFERROR( _xlfn.IMAGE(_xlfn.XLOOKUP(J40,按鍵位置表[方音符號], 按鍵位置表[Pict URL])), "") -> #VALUE! | T40: =IFERROR( _xlfn.IMAGE(_xlfn.XLOOKUP(K40,按鍵位置表[方音符號], 按鍵位置表[Pict URL])), "") -> #VALUE! | U40: =IFERROR( _xlfn.IMAGE(_xlfn.XLOOKUP(L40,按鍵位置表[方音符號], 按鍵位置表[Pict URL])), "") -> #VALUE! | V40: =IFERROR( _xlfn.IMAGE(_xlfn.XLOOKUP(M40,按鍵位置表[方音符號], 按鍵位置表[Pict URL])), "") | W40: =IFERROR( _xlfn.IMAGE(_xlfn.XLOOKUP(N40,按鍵位置表[方音符號], 按鍵位置表[Pict URL])), "") | X40: =IFERROR( _xlfn.IMAGE(_xlfn.XLOOKUP(O40,按鍵位置表[方音符號], 按鍵位置表[Pict URL])), "") | Y40: =IFERROR( _xlfn.IMAGE(_xlfn.XLOOKUP(P40,按鍵位置表[方音符號], 按鍵位置表[Pict URL])), "")
B41: 度 | C41: 沽七地 | D41: ㄉㆦ˫ | E41: =IF($D41="", "", IF(RIGHT($C41,1)="英",_xlfn.CONCAT("零", $D41),$D41)) -> ㄉㆦ˫ | F41: =IF(MID($C41,2,1)="一",_xlfn.CONCAT($D41,"1"),IF(MID($C41,2,1)="四",_xlfn.CONCAT($D41,"4"), IF($D41="","",$E41))) -> ㄉㆦ˫ | G41: =IF(LEN($F41)=0, "", LEN($F41)) -> 3 | H41: =IF($D41="", "", SEARCH(LEFT($F41), $C$1)) -> 6 | I41: =IF(AND($H41>0, I$4<$G41), IF(MID($F41,I$4+1,1)="1", """", IF(MID($F41,I$4+1,1)="4", "[", MID($F41,I$4+1,1))), IF(I$4<=$G41, IF(LEFT($F41,1)="零", "=", LEFT($F41,1)), "")) -> ㆦ | J41: =IF(AND($H41>0, J$4<$G41), IF(MID($F41,J$4+1,1)="1", """", IF(MID($F41,J$4+1,1)="4", "[", MID($F41,J$4+1,1))), IF(J$4<=$G41, IF(LEFT($F41,1)="零", "=", LEFT($F41,1)), "")) -> ˫ | K41: =IF(AND($H41>0, K$4<$G41), IF(MID($F41,K$4+1,1)="1", """", IF(MID($F41,K$4+1,1)="4", "[", MID($F41,K$4+1,1))), IF(K$4<=$G41, IF(LEFT($F41,1)="零", "=", LEFT($F41,1)), "")) -> ㄉ | L41: =IF(AND($H41>0, L$4<$G41), IF(MID($F41,L$4+1,1)="1", """", IF(MID($F41,L$4+1,1)="4", "[", MID($F41,L$4+1,1))), IF(L$4<=$G41, IF(LEFT($F41,1)="零", "=", LEFT($F41,1)), "")) | M41: =IF(AND($H41>0, M$4<$G41), IF(MID($F41,M$4+1,1)="1", """", IF(MID($F41,M$4+1,1)="4", "[", MID($F41,M$4+1,1))), IF(M$4<=$G41, IF(LEFT($F41,1)="零", "=", LEFT($F41,1)), "")) | N41: =IF(AND($H41>0, N$4<$G41), IF(MID($F41,N$4+1,1)="1", """", IF(MID($F41,N$4+1,1)="4", "[", MID($F41,N$4+1,1))), IF(N$4<=$G41, IF(LEFT($F41,1)="零", "=", LEFT($F41,1)), "")) | O41: =IF(AND($H41>0, O$4<$G41), IF(MID($F41,O$4+1,1)="1", """", IF(MID($F41,O$4+1,1)="4", "[", MID($F41,O$4+1,1))), IF(O$4<=$G41, IF(LEFT($F41,1)="零", "=", LEFT($F41,1)), "")) | P41: =IF(AND($H41>0, P$4<$G41), IF(MID($F41,P$4+1,1)="1", """", IF(MID($F41,P$4+1,1)="4", "[", MID($F41,P$4+1,1))), IF(P$4<=$G41, IF(LEFT($F41,1)="零", "=", LEFT($F41,1)), "")) | R41: =IFERROR( _xlfn.IMAGE(_xlfn.XLOOKUP(I41,按鍵位置表[方音符號], 按鍵位置表[Pict URL])), "") -> #VALUE! | S41: =IFERROR( _xlfn.IMAGE(_xlfn.XLOOKUP(J41,按鍵位置表[方音符號], 按鍵位置表[Pict URL])), "") -> #VALUE! | T41: =IFERROR( _xlfn.IMAGE(_xlfn.XLOOKUP(K41,按鍵位置表[方音符號], 按鍵位置表[Pict URL])), "") -> #VALUE! | U41: =IFERROR( _xlfn.IMAGE(_xlfn.XLOOKUP(L41,按鍵位置表[方音符號], 按鍵位置表[Pict URL])), "") | V41: =IFERROR( _xlfn.IMAGE(_xlfn.XLOOKUP(M41,按鍵位置表[方音符號], 按鍵位置表[Pict URL])), "") | W41: =IFERROR( _xlfn.IMAGE(_xlfn.XLOOKUP(N41,按鍵位置表[方音符號], 按鍵位置表[Pict URL])), "") | X41: =IFERROR( _xlfn.IMAGE(_xlfn.XLOOKUP(O41,按鍵位置表[方音符號], 按鍵位置表[Pict URL])), "") | Y41: =IFERROR( _xlfn.IMAGE(_xlfn.XLOOKUP(P41,按鍵位置表[方音符號], 按鍵位置表[Pict URL])), "")
B42: 玉 | C42: 恭八語 | D42: ㆣㄧㆦㆻ˙ | E42: =IF($D42="", "", IF(RIGHT($C42,1)="英",_xlfn.CONCAT("零", $D42),$D42)) -> ㆣㄧㆦㆻ˙ | F42: =IF(MID($C42,2,1)="一",_xlfn.CONCAT($D42,"1"),IF(MID($C42,2,1)="四",_xlfn.CONCAT($D42,"4"), IF($D42="","",$E42))) -> ㆣㄧㆦㆻ˙ | G42: =IF(LEN($F42)=0, "", LEN($F42)) -> 5 | H42: =IF($D42="", "", SEARCH(LEFT($F42), $C$1)) -> 12 | I42: =IF(AND($H42>0, I$4<$G42), IF(MID($F42,I$4+1,1)="1", """", IF(MID($F42,I$4+1,1)="4", "[", MID($F42,I$4+1,1))), IF(I$4<=$G42, IF(LEFT($F42,1)="零", "=", LEFT($F42,1)), "")) -> ㄧ | J42: =IF(AND($H42>0, J$4<$G42), IF(MID($F42,J$4+1,1)="1", """", IF(MID($F42,J$4+1,1)="4", "[", MID($F42,J$4+1,1))), IF(J$4<=$G42, IF(LEFT($F42,1)="零", "=", LEFT($F42,1)), "")) -> ㆦ | K42: =IF(AND($H42>0, K$4<$G42), IF(MID($F42,K$4+1,1)="1", """", IF(MID($F42,K$4+1,1)="4", "[", MID($F42,K$4+1,1))), IF(K$4<=$G42, IF(LEFT($F42,1)="零", "=", LEFT($F42,1)), "")) -> ㆻ | L42: =IF(AND($H42>0, L$4<$G42), IF(MID($F42,L$4+1,1)="1", """", IF(MID($F42,L$4+1,1)="4", "[", MID($F42,L$4+1,1))), IF(L$4<=$G42, IF(LEFT($F42,1)="零", "=", LEFT($F42,1)), "")) -> ˙ | M42: =IF(AND($H42>0, M$4<$G42), IF(MID($F42,M$4+1,1)="1", """", IF(MID($F42,M$4+1,1)="4", "[", MID($F42,M$4+1,1))), IF(M$4<=$G42, IF(LEFT($F42,1)="零", "=", LEFT($F42,1)), "")) -> ㆣ | N42: =IF(AND($H42>0, N$4<$G42), IF(MID($F42,N$4+1,1)="1", """", IF(MID($F42,N$4+1,1)="4", "[", MID($F42,N$4+1,1))), IF(N$4<=$G42, IF(LEFT($F42,1)="零", "=", LEFT($F42,1)), "")) | O42: =IF(AND($H42>0, O$4<$G42), IF(MID($F42,O$4+1,1)="1", """", IF(MID($F42,O$4+1,1)="4", "[", MID($F42,O$4+1,1))), IF(O$4<=$G42, IF(LEFT($F42,1)="零", "=", LEFT($F42,1)), "")) | P42: =IF(AND($H42>0, P$4<$G42), IF(MID($F42,P$4+1,1)="1", """", IF(MID($F42,P$4+1,1)="4", "[", MID($F42,P$4+1,1))), IF(P$4<=$G42, IF(LEFT($F42,1)="零", "=", LEFT($F42,1)), "")) | R42: =IFERROR( _xlfn.IMAGE(_xlfn.XLOOKUP(I42,按鍵位置表[方音符號], 按鍵位置表[Pict URL])), "") -> #VALUE! | S42: =IFERROR( _xlfn.IMAGE(_xlfn.XLOOKUP(J42,按鍵位置表[方音符號], 按鍵位置表[Pict URL])), "") -> #VALUE! | T42: =IFERROR( _xlfn.IMAGE(_xlfn.XLOOKUP(K42,按鍵位置表[方音符號], 按鍵位置表[Pict URL])), "") -> #VALUE! | U42: =IFERROR( _xlfn.IMAGE(_xlfn.XLOOKUP(L42,按鍵位置表[方音符號], 按鍵位置表[Pict URL])), "") -> #VALUE! | V42: =IFERROR( _xlfn.IMAGE(_xlfn.XLOOKUP(M42,按鍵位置表[方音符號], 按鍵位置表[Pict URL])), "") -> #VALUE! | W42: =IFERROR( _xlfn.IMAGE(_xlfn.XLOOKUP(N42,按鍵位置表[方音符號], 按鍵位置表[Pict URL])), "") | X42: =IFERROR( _xlfn.IMAGE(_xlfn.XLOOKUP(O42,按鍵位置表[方音符號], 按鍵位置表[Pict URL])), "") | Y42: =IFERROR( _xlfn.IMAGE(_xlfn.XLOOKUP(P42,按鍵位置表[方音符號], 按鍵位置表[Pict URL])), "")
B43: 門 | C43: 君五門 | D43: ㆠㄨㄣˊ | E43: =IF($D43="", "", IF(RIGHT($C43,1)="英",_xlfn.CONCAT("零", $D43),$D43)) -> ㆠㄨㄣˊ | F43: =IF(MID($C43,2,1)="一",_xlfn.CONCAT($D43,"1"),IF(MID($C43,2,1)="四",_xlfn.CONCAT($D43,"4"), IF($D43="","",$E43))) -> ㆠㄨㄣˊ | G43: =IF(LEN($F43)=0, "", LEN($F43)) -> 4 | H43: =IF($D43="", "", SEARCH(LEFT($F43), $C$1)) -> 5 | I43: =IF(AND($H43>0, I$4<$G43), IF(MID($F43,I$4+1,1)="1", """", IF(MID($F43,I$4+1,1)="4", "[", MID($F43,I$4+1,1))), IF(I$4<=$G43, IF(LEFT($F43,1)="零", "=", LEFT($F43,1)), "")) -> ㄨ | J43: =IF(AND($H43>0, J$4<$G43), IF(MID($F43,J$4+1,1)="1", """", IF(MID($F43,J$4+1,1)="4", "[", MID($F43,J$4+1,1))), IF(J$4<=$G43, IF(LEFT($F43,1)="零", "=", LEFT($F43,1)), "")) -> ㄣ | K43: =IF(AND($H43>0, K$4<$G43), IF(MID($F43,K$4+1,1)="1", """", IF(MID($F43,K$4+1,1)="4", "[", MID($F43,K$4+1,1))), IF(K$4<=$G43, IF(LEFT($F43,1)="零", "=", LEFT($F43,1)), "")) -> ˊ | L43: =IF(AND($H43>0, L$4<$G43), IF(MID($F43,L$4+1,1)="1", """", IF(MID($F43,L$4+1,1)="4", "[", MID($F43,L$4+1,1))), IF(L$4<=$G43, IF(LEFT($F43,1)="零", "=", LEFT($F43,1)), "")) -> ㆠ | M43: =IF(AND($H43>0, M$4<$G43), IF(MID($F43,M$4+1,1)="1", """", IF(MID($F43,M$4+1,1)="4", "[", MID($F43,M$4+1,1))), IF(M$4<=$G43, IF(LEFT($F43,1)="零", "=", LEFT($F43,1)), "")) | N43: =IF(AND($H43>0, N$4<$G43), IF(MID($F43,N$4+1,1)="1", """", IF(MID($F43,N$4+1,1)="4", "[", MID($F43,N$4+1,1))), IF(N$4<=$G43, IF(LEFT($F43,1)="零", "=", LEFT($F43,1)), "")) | O43: =IF(AND($H43>0, O$4<$G43), IF(MID($F43,O$4+1,1)="1", """", IF(MID($F43,O$4+1,1)="4", "[", MID($F43,O$4+1,1))), IF(O$4<=$G43, IF(LEFT($F43,1)="零", "=", LEFT($F43,1)), "")) | P43: =IF(AND($H43>0, P$4<$G43), IF(MID($F43,P$4+1,1)="1", """", IF(MID($F43,P$4+1,1)="4", "[", MID($F43,P$4+1,1))), IF(P$4<=$G43, IF(LEFT($F43,1)="零", "=", LEFT($F43,1)), "")) | R43: =IFERROR( _xlfn.IMAGE(_xlfn.XLOOKUP(I43,按鍵位置表[方音符號], 按鍵位置表[Pict URL])), "") -> #VALUE! | S43: =IFERROR( _xlfn.IMAGE(_xlfn.XLOOKUP(J43,按鍵位置表[方音符號], 按鍵位置表[Pict URL])), "") -> #VALUE! | T43: =IFERROR( _xlfn.IMAGE(_xlfn.XLOOKUP(K43,按鍵位置表[方音符號], 按鍵位置表[Pict URL])), "") -> #VALUE! | U43: =IFERROR( _xlfn.IMAGE(_xlfn.XLOOKUP(L43,按鍵位置表[方音符號], 按鍵位置表[Pict URL])), "") -> #VALUE! | V43: =IFERROR( _xlfn.IMAGE(_xlfn.XLOOKUP(M43,按鍵位置表[方音符號], 按鍵位置表[Pict URL])), "") | W43: =IFERROR( _xlfn.IMAGE(_xlfn.XLOOKUP(N43,按鍵位置表[方音符號], 按鍵位置表[Pict URL])), "") | X43: =IFERROR( _xlfn.IMAGE(_xlfn.XLOOKUP(O43,按鍵位置表[方音符號], 按鍵位置表[Pict URL])), "") | Y43: =IFERROR( _xlfn.IMAGE(_xlfn.XLOOKUP(P43,按鍵位置表[方音符號], 按鍵位置表[Pict URL])), "")
B44: 關 | C44: 觀一求 | D44: ㄍㄨㄢ | E44: =IF($D44="", "", IF(RIGHT($C44,1)="英",_xlfn.CONCAT("零", $D44),$D44)) -> ㄍㄨㄢ | F44: =IF(MID($C44,2,1)="一",_xlfn.CONCAT($D44,"1"),IF(MID($C44,2,1)="四",_xlfn.CONCAT($D44,"4"), IF($D44="","",$E44))) -> ㄍㄨㄢ1 | G44: =IF(LEN($F44)=0, "", LEN($F44)) -> 4 | H44: =IF($D44="", "", SEARCH(LEFT($F44), $C$1)) -> 10 | I44: =IF(AND($H44>0, I$4<$G44), IF(MID($F44,I$4+1,1)="1", """", IF(MID($F44,I$4+1,1)="4", "[", MID($F44,I$4+1,1))), IF(I$4<=$G44, IF(LEFT($F44,1)="零", "=", LEFT($F44,1)), "")) -> ㄨ | J44: =IF(AND($H44>0, J$4<$G44), IF(MID($F44,J$4+1,1)="1", """", IF(MID($F44,J$4+1,1)="4", "[", MID($F44,J$4+1,1))), IF(J$4<=$G44, IF(LEFT($F44,1)="零", "=", LEFT($F44,1)), "")) -> ㄢ | K44: =IF(AND($H44>0, K$4<$G44), IF(MID($F44,K$4+1,1)="1", """", IF(MID($F44,K$4+1,1)="4", "[", MID($F44,K$4+1,1))), IF(K$4<=$G44, IF(LEFT($F44,1)="零", "=", LEFT($F44,1)), "")) -> " | L44: =IF(AND($H44>0, L$4<$G44), IF(MID($F44,L$4+1,1)="1", """", IF(MID($F44,L$4+1,1)="4", "[", MID($F44,L$4+1,1))), IF(L$4<=$G44, IF(LEFT($F44,1)="零", "=", LEFT($F44,1)), "")) -> ㄍ | M44: =IF(AND($H44>0, M$4<$G44), IF(MID($F44,M$4+1,1)="1", """", IF(MID($F44,M$4+1,1)="4", "[", MID($F44,M$4+1,1))), IF(M$4<=$G44, IF(LEFT($F44,1)="零", "=", LEFT($F44,1)), "")) | N44: =IF(AND($H44>0, N$4<$G44), IF(MID($F44,N$4+1,1)="1", """", IF(MID($F44,N$4+1,1)="4", "[", MID($F44,N$4+1,1))), IF(N$4<=$G44, IF(LEFT($F44,1)="零", "=", LEFT($F44,1)), "")) | O44: =IF(AND($H44>0, O$4<$G44), IF(MID($F44,O$4+1,1)="1", """", IF(MID($F44,O$4+1,1)="4", "[", MID($F44,O$4+1,1))), IF(O$4<=$G44, IF(LEFT($F44,1)="零", "=", LEFT($F44,1)), "")) | P44: =IF(AND($H44>0, P$4<$G44), IF(MID($F44,P$4+1,1)="1", """", IF(MID($F44,P$4+1,1)="4", "[", MID($F44,P$4+1,1))), IF(P$4<=$G44, IF(LEFT($F44,1)="零", "=", LEFT($F44,1)), "")) | R44: =IFERROR( _xlfn.IMAGE(_xlfn.XLOOKUP(I44,按鍵位置表[方音符號], 按鍵位置表[Pict URL])), "") -> #VALUE! | S44: =IFERROR( _xlfn.IMAGE(_xlfn.XLOOKUP(J44,按鍵位置表[方音符號], 按鍵位置表[Pict URL])), "") -> #VALUE! | T44: =IFERROR( _xlfn.IMAGE(_xlfn.XLOOKUP(K44,按鍵位置表[方音符號], 按鍵位置表[Pict URL])), "") -> #VALUE! | U44: =IFERROR( _xlfn.IMAGE(_xlfn.XLOOKUP(L44,按鍵位置表[方音符號], 按鍵位置表[Pict URL])), "") -> #VALUE! | V44: =IFERROR( _xlfn.IMAGE(_xlfn.XLOOKUP(M44,按鍵位置表[方音符號], 按鍵位置表[Pict URL])), "") | W44: =IFERROR( _xlfn.IMAGE(_xlfn.XLOOKUP(N44,按鍵位置表[方音符號], 按鍵位置表[Pict URL])), "") | X44: =IFERROR( _xlfn.IMAGE(_xlfn.XLOOKUP(O44,按鍵位置表[方音符號], 按鍵位置表[Pict URL])), "") | Y44: =IFERROR( _xlfn.IMAGE(_xlfn.XLOOKUP(P44,按鍵位置表[方音符號], 按鍵位置表[Pict URL])), "")
B45: 。 | E45: =IF($D45="", "", IF(RIGHT($C45,1)="英",_xlfn.CONCAT("零", $D45),$D45)) | F45: =IF(MID($C45,2,1)="一",_xlfn.CONCAT($D45,"1"),IF(MID($C45,2,1)="四",_xlfn.CONCAT($D45,"4"), IF($D45="","",$E45))) | G45: =IF(LEN($F45)=0, "", LEN($F45)) | H45: =IF($D45="", "", SEARCH(LEFT($F45), $C$1)) | I45: =IF(AND($H45>0, I$4<$G45), IF(MID($F45,I$4+1,1)="1", """", IF(MID($F45,I$4+1,1)="4", "[", MID($F45,I$4+1,1))), IF(I$4<=$G45, IF(LEFT($F45,1)="零", "=", LEFT($F45,1)), "")) | J45: =IF(AND($H45>0, J$4<$G45), IF(MID($F45,J$4+1,1)="1", """", IF(MID($F45,J$4+1,1)="4", "[", MID($F45,J$4+1,1))), IF(J$4<=$G45, IF(LEFT($F45,1)="零", "=", LEFT($F45,1)), "")) | K45: =IF(AND($H45>0, K$4<$G45), IF(MID($F45,K$4+1,1)="1", """", IF(MID($F45,K$4+1,1)="4", "[", MID($F45,K$4+1,1))), IF(K$4<=$G45, IF(LEFT($F45,1)="零", "=", LEFT($F45,1)), "")) | L45: =IF(AND($H45>0, L$4<$G45), IF(MID($F45,L$4+1,1)="1", """", IF(MID($F45,L$4+1,1)="4", "[", MID($F45,L$4+1,1))), IF(L$4<=$G45, IF(LEFT($F45,1)="零", "=", LEFT($F45,1)), "")) | M45: =IF(AND($H45>0, M$4<$G45), IF(MID($F45,M$4+1,1)="1", """", IF(MID($F45,M$4+1,1)="4", "[", MID($F45,M$4+1,1))), IF(M$4<=$G45, IF(LEFT($F45,1)="零", "=", LEFT($F45,1)), "")) | N45: =IF(AND($H45>0, N$4<$G45), IF(MID($F45,N$4+1,1)="1", """", IF(MID($F45,N$4+1,1)="4", "[", MID($F45,N$4+1,1))), IF(N$4<=$G45, IF(LEFT($F45,1)="零", "=", LEFT($F45,1)), "")) | O45: =IF(AND($H45>0, O$4<$G45), IF(MID($F45,O$4+1,1)="1", """", IF(MID($F45,O$4+1,1)="4", "[", MID($F45,O$4+1,1))), IF(O$4<=$G45, IF(LEFT($F45,1)="零", "=", LEFT($F45,1)), "")) | P45: =IF(AND($H45>0, P$4<$G45), IF(MID($F45,P$4+1,1)="1", """", IF(MID($F45,P$4+1,1)="4", "[", MID($F45,P$4+1,1))), IF(P$4<=$G45, IF(LEFT($F45,1)="零", "=", LEFT($F45,1)), "")) | R45: =IFERROR( _xlfn.IMAGE(_xlfn.XLOOKUP(I45,按鍵位置表[方音符號], 按鍵位置表[Pict URL])), "") | S45: =IFERROR( _xlfn.IMAGE(_xlfn.XLOOKUP(J45,按鍵位置表[方音符號], 按鍵位置表[Pict URL])), "") | T45: =IFERROR( _xlfn.IMAGE(_xlfn.XLOOKUP(K45,按鍵位置表[方音符號], 按鍵位置表[Pict URL])), "") | U45: =IFERROR( _xlfn.IMAGE(_xlfn.XLOOKUP(L45,按鍵位置表[方音符號], 按鍵位置表[Pict URL])), "") | V45: =IFERROR( _xlfn.IMAGE(_xlfn.XLOOKUP(M45,按鍵位置表[方音符號], 按鍵位置表[Pict URL])), "") | W45: =IFERROR( _xlfn.IMAGE(_xlfn.XLOOKUP(N45,按鍵位置表[方音符號], 按鍵位置表[Pict URL])), "") | X45: =IFERROR( _xlfn.IMAGE(_xlfn.XLOOKUP(O45,按鍵位置表[方音符號], 按鍵位置表[Pict URL])), "") | Y45: =IFERROR( _xlfn.IMAGE(_xlfn.XLOOKUP(P45,按鍵位置表[方音符號], 按鍵位置表[Pict URL])), "")

Sheet 打字練習表 (2)
B2: 漢字 | C2: 十五音 | D2: 注音符號/ 拼音字母 | E2: 注音符號/ 拼音字母 | F2: 字母 | G2: 聲母序 | H2: 鍵盤按鍵 | R2: 鍵盤按鍵 | AD2: 零ㄅㄆㄇㆠㄉㄊㄋㄌㄍㄎㆣㄏㄗㄘㆡㄙㄐㄑㆢㄒ
H3: 1 | I3: 2 | J3: 3 | K3: 4 | L3: 5 | M3: 6 | N3: 7 | O3: 8 | P3: 9 | R3: 1 | S3: 2 | T3: 3 | U3: 4 | V3: 5 | W3: 6 | X3: 7 | Y3: 8 | Z3: 9
B4: 《 | E4: =IF(RIGHT(C4,1)="英",_xlfn.CONCAT("零", $D4),IF(MID($C4,2,1)="一",_xlfn.CONCAT($D4,"1"),IF($D4="","",$D4))) | F4: =IF(LEN($E4)=0, "", LEN($E4)) | G4: =IFERROR( IF($R4="", "", SEARCH(LEFT($E4), $AD$2)), 0) | H4: =IF(AND($G4>0, H$3<$F4), IF(MID($E4,H$3+1,1)="1", """", MID($E4,H$3+1,1)), IF(H$3<=$F4, IF(LEFT($E4,1)="零", "=", LEFT($E4,1)), "")) | I4: =IF(AND($G4>0, I$3<$F4), IF(MID($E4,I$3+1,1)="1", """", MID($E4,I$3+1,1)), IF(I$3<=$F4, IF(LEFT($E4,1)="零", "=", LEFT($E4,1)), "")) | J4: =IF(AND($G4>0, J$3<$F4), IF(MID($E4,J$3+1,1)="1", """", MID($E4,J$3+1,1)), IF(J$3<=$F4, IF(LEFT($E4,1)="零", "=", LEFT($E4,1)), "")) | K4: =IF(AND($G4>0, K$3<$F4), IF(MID($E4,K$3+1,1)="1", """", MID($E4,K$3+1,1)), IF(K$3<=$F4, IF(LEFT($E4,1)="零", "=", LEFT($E4,1)), "")) | L4: =IF(AND($G4>0, L$3<$F4), IF(MID($E4,L$3+1,1)="1", """", MID($E4,L$3+1,1)), IF(L$3<=$F4, IF(LEFT($E4,1)="零", "=", LEFT($E4,1)), "")) | M4: =IF(AND($G4>0, M$3<$F4), IF(MID($E4,M$3+1,1)="1", """", MID($E4,M$3+1,1)), IF(M$3<=$F4, IF(LEFT($E4,1)="零", "=", LEFT($E4,1)), "")) | N4: =IF(AND($G4>0, N$3<$F4), IF(MID($E4,N$3+1,1)="1", """", MID($E4,N$3+1,1)), IF(N$3<=$F4, IF(LEFT($E4,1)="零", "=", LEFT($E4,1)), "")) | O4: =IF(AND($G4>0, O$3<$F4), IF(MID($E4,O$3+1,1)="1", """", MID($E4,O$3+1,1)), IF(O$3<=$F4, IF(LEFT($E4,1)="零", "=", LEFT($E4,1)), "")) | P4: =IF(AND($G4>0, P$3<$F4), IF(MID($E4,P$3+1,1)="1", """", MID($E4,P$3+1,1)), IF(P$3<=$F4, IF(LEFT($E4,1)="零", "=", LEFT($E4,1)), ""))
B5: 涼 | C5: 姜五柳 | D5: ㄌㄧㄤˊ | E5: =IF(RIGHT(C5,1)="英",_xlfn.CONCAT("零", $D5),IF(MID($C5,2,1)="一",_xlfn.CONCAT($D5,"1"),IF($D5="","",$D5))) -> ㄌㄧㄤˊ | F5: =IF(LEN($E5)=0, "", LEN($E5)) -> 4 | G5: =IFERROR( IF($R5="", "", SEARCH(LEFT($E5), $AD$2)), 0) -> 9 | H5: =IF(AND($G5>0, H$3<$F5), IF(MID($E5,H$3+1,1)="1", """", MID($E5,H$3+1,1)), IF(H$3<=$F5, IF(LEFT($E5,1)="零", "=", LEFT($E5,1)), "")) -> ㄧ | I5: =IF(AND($G5>0, I$3<$F5), IF(MID($E5,I$3+1,1)="1", """", MID($E5,I$3+1,1)), IF(I$3<=$F5, IF(LEFT($E5,1)="零", "=", LEFT($E5,1)), "")) -> ㄤ | J5: =IF(AND($G5>0, J$3<$F5), IF(MID($E5,J$3+1,1)="1", """", MID($E5,J$3+1,1)), IF(J$3<=$F5, IF(LEFT($E5,1)="零", "=", LEFT($E5,1)), "")) -> ˊ | K5: =IF(AND($G5>0, K$3<$F5), IF(MID($E5,K$3+1,1)="1", """", MID($E5,K$3+1,1)), IF(K$3<=$F5, IF(LEFT($E5,1)="零", "=", LEFT($E5,1)), "")) -> ㄌ | L5: =IF(AND($G5>0, L$3<$F5), IF(MID($E5,L$3+1,1)="1", """", MID($E5,L$3+1,1)), IF(L$3<=$F5, IF(LEFT($E5,1)="零", "=", LEFT($E5,1)), "")) | M5: =IF(AND($G5>0, M$3<$F5), IF(MID($E5,M$3+1,1)="1", """", MID($E5,M$3+1,1)), IF(M$3<=$F5, IF(LEFT($E5,1)="零", "=", LEFT($E5,1)), "")) | N5: =IF(AND($G5>0, N$3<$F5), IF(MID($E5,N$3+1,1)="1", """", MID($E5,N$3+1,1)), IF(N$3<=$F5, IF(LEFT($E5,1)="零", "=", LEFT($E5,1)), "")) | O5: =IF(AND($G5>0, O$3<$F5), IF(MID($E5,O$3+1,1)="1", """", MID($E5,O$3+1,1)), IF(O$3<=$F5, IF(LEFT($E5,1)="零", "=", LEFT($E5,1)), "")) | P5: =IF(AND($G5>0, P$3<$F5), IF(MID($E5,P$3+1,1)="1", """", MID($E5,P$3+1,1)), IF(P$3<=$F5, IF(LEFT($E5,1)="零", "=", LEFT($E5,1)), "")) | R5: ㄌ | S5: ㄧ | T5: ㄤ | U5: 6
B6: 州 | C6: 丩一曾 | D6: ㄐㄧㄨ | E6: =IF(RIGHT(C6,1)="英",_xlfn.CONCAT("零", $D6),IF(MID($C6,2,1)="一",_xlfn.CONCAT($D6,"1"),IF($D6="","",$D6))) -> ㄐㄧㄨ1 | F6: =IF(LEN($E6)=0, "", LEN($E6)) -> 4 | G6: =IFERROR( IF($R6="", "", SEARCH(LEFT($E6), $AD$2)), 0) -> 18 | H6: =IF(AND($G6>0, H$3<$F6), IF(MID($E6,H$3+1,1)="1", """", MID($E6,H$3+1,1)), IF(H$3<=$F6, IF(LEFT($E6,1)="零", "=", LEFT($E6,1)), "")) -> ㄧ | I6: =IF(AND($G6>0, I$3<$F6), IF(MID($E6,I$3+1,1)="1", """", MID($E6,I$3+1,1)), IF(I$3<=$F6, IF(LEFT($E6,1)="零", "=", LEFT($E6,1)), "")) -> ㄨ | J6: =IF(AND($G6>0, J$3<$F6), IF(MID($E6,J$3+1,1)="1", """", MID($E6,J$3+1,1)), IF(J$3<=$F6, IF(LEFT($E6,1)="零", "=", LEFT($E6,1)), "")) -> " | K6: =IF(AND($G6>0, K$3<$F6), IF(MID($E6,K$3+1,1)="1", """", MID($E6,K$3+1,1)), IF(K$3<=$F6, IF(LEFT($E6,1)="零", "=", LEFT($E6,1)), "")) -> ㄐ | L6: =IF(AND($G6>0, L$3<$F6), IF(MID($E6,L$3+1,1)="1", """", MID($E6,L$3+1,1)), IF(L$3<=$F6, IF(LEFT($E6,1)="零", "=", LEFT($E6,1)), "")) | M6: =IF(AND($G6>0, M$3<$F6), IF(MID($E6,M$3+1,1)="1", """", MID($E6,M$3+1,1)), IF(M$3<=$F6, IF(LEFT($E6,1)="零", "=", LEFT($E6,1)), "")) | N6: =IF(AND($G6>0, N$3<$F6), IF(MID($E6,N$3+1,1)="1", """", MID($E6,N$3+1,1)), IF(N$3<=$F6, IF(LEFT($E6,1)="零", "=", LEFT($E6,1)), "")) | O6: =IF(AND($G6>0, O$3<$F6), IF(MID($E6,O$3+1,1)="1", """", MID($E6,O$3+1,1)), IF(O$3<=$F6, IF(LEFT($E6,1)="零", "=", LEFT($E6,1)), "")) | P6: =IF(AND($G6>0, P$3<$F6), IF(MID($E6,P$3+1,1)="1", """", MID($E6,P$3+1,1)), IF(P$3<=$F6, IF(LEFT($E6,1)="零", "=", LEFT($E6,1)), "")) | R6: ㄐ | S6: ㄧ | T6: ㄨ | U6: <sp>
B7: 詞 | C7: 艍五時 | D7: ㄙㄨˊ | E7: =IF(RIGHT(C7,1)="英",_xlfn.CONCAT("零", $D7),IF(MID($C7,2,1)="一",_xlfn.CONCAT($D7,"1"),IF($D7="","",$D7))) -> ㄙㄨˊ | F7: =IF(LEN($E7)=0, "", LEN($E7)) -> 3 | G7: =IFERROR( IF($R7="", "", SEARCH(LEFT($E7), $AD$2)), 0) -> 17 | H7: =IF(AND($G7>0, H$3<$F7), IF(MID($E7,H$3+1,1)="1", """", MID($E7,H$3+1,1)), IF(H$3<=$F7, IF(LEFT($E7,1)="零", "=", LEFT($E7,1)), "")) -> ㄨ | I7: =IF(AND($G7>0, I$3<$F7), IF(MID($E7,I$3+1,1)="1", """", MID($E7,I$3+1,1)), IF(I$3<=$F7, IF(LEFT($E7,1)="零", "=", LEFT($E7,1)), "")) -> ˊ | J7: =IF(AND($G7>0, J$3<$F7), IF(MID($E7,J$3+1,1)="1", """", MID($E7,J$3+1,1)), IF(J$3<=$F7, IF(LEFT($E7,1)="零", "=", LEFT($E7,1)), "")) -> ㄙ | K7: =IF(AND($G7>0, K$3<$F7), IF(MID($E7,K$3+1,1)="1", """", MID($E7,K$3+1,1)), IF(K$3<=$F7, IF(LEFT($E7,1)="零", "=", LEFT($E7,1)), "")) | L7: =IF(AND($G7>0, L$3<$F7), IF(MID($E7,L$3+1,1)="1", """", MID($E7,L$3+1,1)), IF(L$3<=$F7, IF(LEFT($E7,1)="零", "=", LEFT($E7,1)), "")) | M7: =IF(AND($G7>0, M$3<$F7), IF(MID($E7,M$3+1,1)="1", """", MID($E7,M$3+1,1)), IF(M$3<=$F7, IF(LEFT($E7,1)="零", "=", LEFT($E7,1)), "")) | N7: =IF(AND($G7>0, N$3<$F7), IF(MID($E7,N$3+1,1)="1", """", MID($E7,N$3+1,1)), IF(N$3<=$F7, IF(LEFT($E7,1)="零", "=", LEFT($E7,1)), "")) | O7: =IF(AND($G7>0, O$3<$F7), IF(MID($E7,O$3+1,1)="1", """", MID($E7,O$3+1,1)), IF(O$3<=$F7, IF(LEFT($E7,1)="零", "=", LEFT($E7,1)), "")) | P7: =IF(AND($G7>0, P$3<$F7), IF(MID($E7,P$3+1,1)="1", """", MID($E7,P$3+1,1)), IF(P$3<=$F7, IF(LEFT($E7,1)="零", "=", LEFT($E7,1)), "")) | R7: ㄙ | S7: ㄨ | T7: 6
B8: 》 | E8: =IF(RIGHT(C8,1)="英",_xlfn.CONCAT("零", $D8),IF(MID($C8,2,1)="一",_xlfn.CONCAT($D8,"1"),IF($D8="","",$D8))) | F8: =IF(LEN($E8)=0, "", LEN($E8)) | G8: =IFERROR( IF($R8="", "", SEARCH(LEFT($E8), $AD$2)), 0) | H8: =IF(AND($G8>0, H$3<$F8), IF(MID($E8,H$3+1,1)="1", """", MID($E8,H$3+1,1)), IF(H$3<=$F8, IF(LEFT($E8,1)="零", "=", LEFT($E8,1)), "")) | I8: =IF(AND($G8>0, I$3<$F8), IF(MID($E8,I$3+1,1)="1", """", MID($E8,I$3+1,1)), IF(I$3<=$F8, IF(LEFT($E8,1)="零", "=", LEFT($E8,1)), "")) | J8: =IF(AND($G8>0, J$3<$F8), IF(MID($E8,J$3+1,1)="1", """", MID($E8,J$3+1,1)), IF(J$3<=$F8, IF(LEFT($E8,1)="零", "=", LEFT($E8,1)), "")) | K8: =IF(AND($G8>0, K$3<$F8), IF(MID($E8,K$3+1,1)="1", """", MID($E8,K$3+1,1)), IF(K$3<=$F8, IF(LEFT($E8,1)="零", "=", LEFT($E8,1)), "")) | L8: =IF(AND($G8>0, L$3<$F8), IF(MID($E8,L$3+1,1)="1", """", MID($E8,L$3+1,1)), IF(L$3<=$F8, IF(LEFT($E8,1)="零", "=", LEFT($E8,1)), "")) | M8: =IF(AND($G8>0, M$3<$F8), IF(MID($E8,M$3+1,1)="1", """", MID($E8,M$3+1,1)), IF(M$3<=$F8, IF(LEFT($E8,1)="零", "=", LEFT($E8,1)), "")) | N8: =IF(AND($G8>0, N$3<$F8), IF(MID($E8,N$3+1,1)="1", """", MID($E8,N$3+1,1)), IF(N$3<=$F8, IF(LEFT($E8,1)="零", "=", LEFT($E8,1)), "")) | O8: =IF(AND($G8>0, O$3<$F8), IF(MID($E8,O$3+1,1)="1", """", MID($E8,O$3+1,1)), IF(O$3<=$F8, IF(LEFT($E8,1)="零", "=", LEFT($E8,1)), "")) | P8: =IF(AND($G8>0, P$3<$F8), IF(MID($E8,P$3+1,1)="1", """", MID($E8,P$3+1,1)), IF(P$3<=$F8, IF(LEFT($E8,1)="零", "=", LEFT($E8,1)), ""))
B9: 王 | C9: 公五英 | D9: ㆲˊ | E9: =IF(RIGHT(C9,1)="英",_xlfn.CONCAT("零", $D9),IF(MID($C9,2,1)="一",_xlfn.CONCAT($D9,"1"),IF($D9="","",$D9))) -> 零ㆲˊ | F9: =IF(LEN($E9)=0, "", LEN($E9)) -> 3 | G9: =IFERROR( IF($R9="", "", SEARCH(LEFT($E9), $AD$2)), 0) -> 1 | H9: =IF(AND($G9>0, H$3<$F9), IF(MID($E9,H$3+1,1)="1", """", MID($E9,H$3+1,1)), IF(H$3<=$F9, IF(LEFT($E9,1)="零", "=", LEFT($E9,1)), "")) -> ㆲ | I9: =IF(AND($G9>0, I$3<$F9), IF(MID($E9,I$3+1,1)="1", """", MID($E9,I$3+1,1)), IF(I$3<=$F9, IF(LEFT($E9,1)="零", "=", LEFT($E9,1)), "")) -> ˊ | J9: =IF(AND($G9>0, J$3<$F9), IF(MID($E9,J$3+1,1)="1", """", MID($E9,J$3+1,1)), IF(J$3<=$F9, IF(LEFT($E9,1)="零", "=", LEFT($E9,1)), "")) -> = | K9: =IF(AND($G9>0, K$3<$F9), IF(MID($E9,K$3+1,1)="1", """", MID($E9,K$3+1,1)), IF(K$3<=$F9, IF(LEFT($E9,1)="零", "=", LEFT($E9,1)), "")) | L9: =IF(AND($G9>0, L$3<$F9), IF(MID($E9,L$3+1,1)="1", """", MID($E9,L$3+1,1)), IF(L$3<=$F9, IF(LEFT($E9,1)="零", "=", LEFT($E9,1)), "")) | M9: =IF(AND($G9>0, M$3<$F9), IF(MID($E9,M$3+1,1)="1", """", MID($E9,M$3+1,1)), IF(M$3<=$F9, IF(LEFT($E9,1)="零", "=", LEFT($E9,1)), "")) | N9: =IF(AND($G9>0, N$3<$F9), IF(MID($E9,N$3+1,1)="1", """", MID($E9,N$3+1,1)), IF(N$3<=$F9, IF(LEFT($E9,1)="零", "=", LEFT($E9,1)), "")) | O9: =IF(AND($G9>0, O$3<$F9), IF(MID($E9,O$3+1,1)="1", """", MID($E9,O$3+1,1)), IF(O$3<=$F9, IF(LEFT($E9,1)="零", "=", LEFT($E9,1)), "")) | P9: =IF(AND($G9>0, P$3<$F9), IF(MID($E9,P$3+1,1)="1", """", MID($E9,P$3+1,1)), IF(P$3<=$F9, IF(LEFT($E9,1)="零", "=", LEFT($E9,1)), "")) | R9: ㆲ | S9: 6
B10: 之 | C10: 居一曾 | D10: ㄐㄧ | E10: =IF(RIGHT(C10,1)="英",_xlfn.CONCAT("零", $D10),IF(MID($C10,2,1)="一",_xlfn.CONCAT($D10,"1"),IF($D10="","",$D10))) -> ㄐㄧ1 | F10: =IF(LEN($E10)=0, "", LEN($E10)) -> 3 | G10: =IFERROR( IF($R10="", "", SEARCH(LEFT($E10), $AD$2)), 0) -> 18 | H10: =IF(AND($G10>0, H$3<$F10), IF(MID($E10,H$3+1,1)="1", """", MID($E10,H$3+1,1)), IF(H$3<=$F10, IF(LEFT($E10,1)="零", "=", LEFT($E10,1)), "")) -> ㄧ | I10: =IF(AND($G10>0, I$3<$F10), IF(MID($E10,I$3+1,1)="1", """", MID($E10,I$3+1,1)), IF(I$3<=$F10, IF(LEFT($E10,1)="零", "=", LEFT($E10,1)), "")) -> " | J10: =IF(AND($G10>0, J$3<$F10), IF(MID($E10,J$3+1,1)="1", """", MID($E10,J$3+1,1)), IF(J$3<=$F10, IF(LEFT($E10,1)="零", "=", LEFT($E10,1)), "")) -> ㄐ | K10: =IF(AND($G10>0, K$3<$F10), IF(MID($E10,K$3+1,1)="1", """", MID($E10,K$3+1,1)), IF(K$3<=$F10, IF(LEFT($E10,1)="零", "=", LEFT($E10,1)), "")) | L10: =IF(AND($G10>0, L$3<$F10), IF(MID($E10,L$3+1,1)="1", """", MID($E10,L$3+1,1)), IF(L$3<=$F10, IF(LEFT($E10,1)="零", "=", LEFT($E10,1)), "")) | M10: =IF(AND($G10>0, M$3<$F10), IF(MID($E10,M$3+1,1)="1", """", MID($E10,M$3+1,1)), IF(M$3<=$F10, IF(LEFT($E10,1)="零", "=", LEFT($E10,1)), "")) | N10: =IF(AND($G10>0, N$3<$F10), IF(MID($E10,N$3+1,1)="1", """", MID($E10,N$3+1,1)), IF(N$3<=$F10, IF(LEFT($E10,1)="零", "=", LEFT($E10,1)), "")) | O10: =IF(AND($G10>0, O$3<$F10), IF(MID($E10,O$3+1,1)="1", """", MID($E10,O$3+1,1)), IF(O$3<=$F10, IF(LEFT($E10,1)="零", "=", LEFT($E10,1)), "")) | P10: =IF(AND($G10>0, P$3<$F10), IF(MID($E10,P$3+1,1)="1", """", MID($E10,P$3+1,1)), IF(P$3<=$F10, IF(LEFT($E10,1)="零", "=", LEFT($E10,1)), "")) | R10: ㄐ | S10: ㄧ | T10: <sp>
B11: 渙 | C11: 觀三喜 | D11: ㄏㄨㄢ˪ | E11: =IF(RIGHT(C11,1)="英",_xlfn.CONCAT("零", $D11),IF(MID($C11,2,1)="一",_xlfn.CONCAT($D11,"1"),IF($D11="","",$D11))) -> ㄏㄨㄢ˪ | F11: =IF(LEN($E11)=0, "", LEN($E11)) -> 4 | G11: =IFERROR( IF($R11="", "", SEARCH(LEFT($E11), $AD$2)), 0) -> 13 | H11: =IF(AND($G11>0, H$3<$F11), IF(MID($E11,H$3+1,1)="1", """", MID($E11,H$3+1,1)), IF(H$3<=$F11, IF(LEFT($E11,1)="零", "=", LEFT($E11,1)), "")) -> ㄨ | I11: =IF(AND($G11>0, I$3<$F11), IF(MID($E11,I$3+1,1)="1", """", MID($E11,I$3+1,1)), IF(I$3<=$F11, IF(LEFT($E11,1)="零", "=", LEFT($E11,1)), "")) -> ㄢ | J11: =IF(AND($G11>0, J$3<$F11), IF(MID($E11,J$3+1,1)="1", """", MID($E11,J$3+1,1)), IF(J$3<=$F11, IF(LEFT($E11,1)="零", "=", LEFT($E11,1)), "")) -> ˪ | K11: =IF(AND($G11>0, K$3<$F11), IF(MID($E11,K$3+1,1)="1", """", MID($E11,K$3+1,1)), IF(K$3<=$F11, IF(LEFT($E11,1)="零", "=", LEFT($E11,1)), "")) -> ㄏ | L11: =IF(AND($G11>0, L$3<$F11), IF(MID($E11,L$3+1,1)="1", """", MID($E11,L$3+1,1)), IF(L$3<=$F11, IF(LEFT($E11,1)="零", "=", LEFT($E11,1)), "")) | M11: =IF(AND($G11>0, M$3<$F11), IF(MID($E11,M$3+1,1)="1", """", MID($E11,M$3+1,1)), IF(M$3<=$F11, IF(LEFT($E11,1)="零", "=", LEFT($E11,1)), "")) | N11: =IF(AND($G11>0, N$3<$F11), IF(MID($E11,N$3+1,1)="1", """", MID($E11,N$3+1,1)), IF(N$3<=$F11, IF(LEFT($E11,1)="零", "=", LEFT($E11,1)), "")) | O11: =IF(AND($G11>0, O$3<$F11), IF(MID($E11,O$3+1,1)="1", """", MID($E11,O$3+1,1)), IF(O$3<=$F11, IF(LEFT($E11,1)="零", "=", LEFT($E11,1)), "")) | P11: =IF(AND($G11>0, P$3<$F11), IF(MID($E11,P$3+1,1)="1", """", MID($E11,P$3+1,1)), IF(P$3<=$F11, IF(LEFT($E11,1)="零", "=", LEFT($E11,1)), "")) | R11: ㄏ | S11: ㄨ | T11: ㄢ | U11: 3
E12: =IF(RIGHT(C12,1)="英",_xlfn.CONCAT("零", $D12),IF(MID($C12,2,1)="一",_xlfn.CONCAT($D12,"1"),IF($D12="","",$D12))) | F12: =IF(LEN($E12)=0, "", LEN($E12)) | G12: =IFERROR( IF($R12="", "", SEARCH(LEFT($E12), $AD$2)), 0) | H12: =IF(AND($G12>0, H$3<$F12), IF(MID($E12,H$3+1,1)="1", """", MID($E12,H$3+1,1)), IF(H$3<=$F12, IF(LEFT($E12,1)="零", "=", LEFT($E12,1)), "")) | I12: =IF(AND($G12>0, I$3<$F12), IF(MID($E12,I$3+1,1)="1", """", MID($E12,I$3+1,1)), IF(I$3<=$F12, IF(LEFT($E12,1)="零", "=", LEFT($E12,1)), "")) | J12: =IF(AND($G12>0, J$3<$F12), IF(MID($E12,J$3+1,1)="1", """", MID($E12,J$3+1,1)), IF(J$3<=$F12, IF(LEFT($E12,1)="零", "=", LEFT($E12,1)), "")) | K12: =IF(AND($G12>0, K$3<$F12), IF(MID($E12,K$3+1,1)="1", """", MID($E12,K$3+1,1)), IF(K$3<=$F12, IF(LEFT($E12,1)="零", "=", LEFT($E12,1)), "")) | L12: =IF(AND($G12>0, L$3<$F12), IF(MID($E12,L$3+1,1)="1", """", MID($E12,L$3+1,1)), IF(L$3<=$F12, IF(LEFT($E12,1)="零", "=", LEFT($E12,1)), "")) | M12: =IF(AND($G12>0, M$3<$F12), IF(MID($E12,M$3+1,1)="1", """", MID($E12,M$3+1,1)), IF(M$3<=$F12, IF(LEFT($E12,1)="零", "=", LEFT($E12,1)), "")) | N12: =IF(AND($G12>0, N$3<$F12), IF(MID($E12,N$3+1,1)="1", """", MID($E12,N$3+1,1)), IF(N$3<=$F12, IF(LEFT($E12,1)="零", "=", LEFT($E12,1)), "")) | O12: =IF(AND($G12>0, O$3<$F12), IF(MID($E12,O$3+1,1)="1", """", MID($E12,O$3+1,1)), IF(O$3<=$F12, IF(LEFT($E12,1)="零", "=", LEFT($E12,1)), "")) | P12: =IF(AND($G12>0, P$3<$F12), IF(MID($E12,P$3+1,1)="1", """", MID($E12,P$3+1,1)), IF(P$3<=$F12, IF(LEFT($E12,1)="零", "=", LEFT($E12,1)), ""))
B13: 黃 | C13: 公五喜 | D13: ㄏㆲˊ | E13: =IF(AND($D13<>"",RIGHT(C13,1)="英"),_xlfn.CONCAT("q", $D13),IF(MID($D13,2,1)="一",_xlfn.CONCAT($D13,"1"),IF($D13="","",$D13))) -> ㄏㆲˊ | F13: =IF(LEN($D13)=0, "", LEN($D13)) -> 3 | G13: =IFERROR( IF($R13="", "", SEARCH(LEFT($E13), $AD$2)), 0) -> 13 | H13: =IF(AND($G13>0, H$3<$F13), IF(MID($E13,H$3+1,1)="1", """", MID($E13,H$3+1,1)), IF(H$3<=$F13, IF(LEFT($E13,1)="零", "=", LEFT($E13,1)), "")) -> ㆲ | I13: =IF(AND($G13>0, I$3<$F13), IF(MID($E13,I$3+1,1)="1", """", MID($E13,I$3+1,1)), IF(I$3<=$F13, IF(LEFT($E13,1)="零", "=", LEFT($E13,1)), "")) -> ˊ | J13: =IF(AND($G13>0, J$3<$F13), IF(MID($E13,J$3+1,1)="1", """", MID($E13,J$3+1,1)), IF(J$3<=$F13, IF(LEFT($E13,1)="零", "=", LEFT($E13,1)), "")) -> ㄏ | K13: =IF(AND($G13>0, K$3<$F13), IF(MID($E13,K$3+1,1)="1", """", MID($E13,K$3+1,1)), IF(K$3<=$F13, IF(LEFT($E13,1)="零", "=", LEFT($E13,1)), "")) | L13: =IF(AND($G13>0, L$3<$F13), IF(MID($E13,L$3+1,1)="1", """", MID($E13,L$3+1,1)), IF(L$3<=$F13, IF(LEFT($E13,1)="零", "=", LEFT($E13,1)), "")) | M13: =IF(AND($G13>0, M$3<$F13), IF(MID($E13,M$3+1,1)="1", """", MID($E13,M$3+1,1)), IF(M$3<=$F13, IF(LEFT($E13,1)="零", "=", LEFT($E13,1)), "")) | N13: =IF(AND($G13>0, N$3<$F13), IF(MID($E13,N$3+1,1)="1", """", MID($E13,N$3+1,1)), IF(N$3<=$F13, IF(LEFT($E13,1)="零", "=", LEFT($E13,1)), "")) | O13: =IF(AND($G13>0, O$3<$F13), IF(MID($E13,O$3+1,1)="1", """", MID($E13,O$3+1,1)), IF(O$3<=$F13, IF(LEFT($E13,1)="零", "=", LEFT($E13,1)), "")) | P13: =IF(AND($G13>0, P$3<$F13), IF(MID($E13,P$3+1,1)="1", """", MID($E13,P$3+1,1)), IF(P$3<=$F13, IF(LEFT($E13,1)="零", "=", LEFT($E13,1)), "")) | R13: ㄏ | S13: ㆲ | T13: 6
B14: 河 | C14: 高五喜 | D14: ㄏㄜˊ | E14: =IF(AND($D14<>"",RIGHT(C14,1)="英"),_xlfn.CONCAT("q", $D14),IF(MID($D14,2,1)="一",_xlfn.CONCAT($D14,"1"),IF($D14="","",$D14))) -> ㄏㄜˊ | F14: =IF(LEN($D14)=0, "", LEN($D14)) -> 3 | G14: =IFERROR( IF($R14="", "", SEARCH(LEFT($E14), $AD$2)), 0) -> 13 | H14: =IF(AND($G14>0, H$3<$F14), IF(MID($E14,H$3+1,1)="1", """", MID($E14,H$3+1,1)), IF(H$3<=$F14, IF(LEFT($E14,1)="零", "=", LEFT($E14,1)), "")) -> ㄜ | I14: =IF(AND($G14>0, I$3<$F14), IF(MID($E14,I$3+1,1)="1", """", MID($E14,I$3+1,1)), IF(I$3<=$F14, IF(LEFT($E14,1)="零", "=", LEFT($E14,1)), "")) -> ˊ | J14: =IF(AND($G14>0, J$3<$F14), IF(MID($E14,J$3+1,1)="1", """", MID($E14,J$3+1,1)), IF(J$3<=$F14, IF(LEFT($E14,1)="零", "=", LEFT($E14,1)), "")) -> ㄏ | K14: =IF(AND($G14>0, K$3<$F14), IF(MID($E14,K$3+1,1)="1", """", MID($E14,K$3+1,1)), IF(K$3<=$F14, IF(LEFT($E14,1)="零", "=", LEFT($E14,1)), "")) | L14: =IF(AND($G14>0, L$3<$F14), IF(MID($E14,L$3+1,1)="1", """", MID($E14,L$3+1,1)), IF(L$3<=$F14, IF(LEFT($E14,1)="零", "=", LEFT($E14,1)), "")) | M14: =IF(AND($G14>0, M$3<$F14), IF(MID($E14,M$3+1,1)="1", """", MID($E14,M$3+1,1)), IF(M$3<=$F14, IF(LEFT($E14,1)="零", "=", LEFT($E14,1)), "")) | N14: =IF(AND($G14>0, N$3<$F14), IF(MID($E14,N$3+1,1)="1", """", MID($E14,N$3+1,1)), IF(N$3<=$F14, IF(LEFT($E14,1)="零", "=", LEFT($E14,1)), "")) | O14: =IF(AND($G14>0, O$3<$F14), IF(MID($E14,O$3+1,1)="1", """", MID($E14,O$3+1,1)), IF(O$3<=$F14, IF(LEFT($E14,1)="零", "=", LEFT($E14,1)), "")) | P14: =IF(AND($G14>0, P$3<$F14), IF(MID($E14,P$3+1,1)="1", """", MID($E14,P$3+1,1)), IF(P$3<=$F14, IF(LEFT($E14,1)="零", "=", LEFT($E14,1)), "")) | R14: ㄏ | S14: ㄜ | T14: 6
B15: 遠 | C15: 觀二英 | D15: ㄨㄢˋ | E15: =IF(AND($D15<>"",RIGHT(C15,1)="英"),_xlfn.CONCAT("q", $D15),IF(MID($D15,2,1)="一",_xlfn.CONCAT($D15,"1"),IF($D15="","",$D15))) -> qㄨㄢˋ | F15: =IF(LEN($D15)=0, "", LEN($D15)) -> 3 | G15: =IFERROR( IF($R15="", "", SEARCH(LEFT($E15), $AD$2)), 0) -> 0 | H15: =IF(AND($G15>0, H$3<$F15), IF(MID($E15,H$3+1,1)="1", """", MID($E15,H$3+1,1)), IF(H$3<=$F15, IF(LEFT($E15,1)="零", "=", LEFT($E15,1)), "")) -> q | I15: =IF(AND($G15>0, I$3<$F15), IF(MID($E15,I$3+1,1)="1", """", MID($E15,I$3+1,1)), IF(I$3<=$F15, IF(LEFT($E15,1)="零", "=", LEFT($E15,1)), "")) -> q | J15: =IF(AND($G15>0, J$3<$F15), IF(MID($E15,J$3+1,1)="1", """", MID($E15,J$3+1,1)), IF(J$3<=$F15, IF(LEFT($E15,1)="零", "=", LEFT($E15,1)), "")) -> q | K15: =IF(AND($G15>0, K$3<$F15), IF(MID($E15,K$3+1,1)="1", """", MID($E15,K$3+1,1)), IF(K$3<=$F15, IF(LEFT($E15,1)="零", "=", LEFT($E15,1)), "")) | L15: =IF(AND($G15>0, L$3<$F15), IF(MID($E15,L$3+1,1)="1", """", MID($E15,L$3+1,1)), IF(L$3<=$F15, IF(LEFT($E15,1)="零", "=", LEFT($E15,1)), "")) | M15: =IF(AND($G15>0, M$3<$F15), IF(MID($E15,M$3+1,1)="1", """", MID($E15,M$3+1,1)), IF(M$3<=$F15, IF(LEFT($E15,1)="零", "=", LEFT($E15,1)), "")) | N15: =IF(AND($G15>0, N$3<$F15), IF(MID($E15,N$3+1,1)="1", """", MID($E15,N$3+1,1)), IF(N$3<=$F15, IF(LEFT($E15,1)="零", "=", LEFT($E15,1)), "")) | O15: =IF(AND($G15>0, O$3<$F15), IF(MID($E15,O$3+1,1)="1", """", MID($E15,O$3+1,1)), IF(O$3<=$F15, IF(LEFT($E15,1)="零", "=", LEFT($E15,1)), "")) | P15: =IF(AND($G15>0, P$3<$F15), IF(MID($E15,P$3+1,1)="1", """", MID($E15,P$3+1,1)), IF(P$3<=$F15, IF(LEFT($E15,1)="零", "=", LEFT($E15,1)), "")) | R15: ㄨ | S15: ㄢ | T15: 4
B16: 上 | C16: 恭二時 | D16: ㄒㄧㆲˋ | E16: =IF(AND($D16<>"",RIGHT(C16,1)="英"),_xlfn.CONCAT($D16,"q"),IF(MID($D16,2,1)="一",_xlfn.CONCAT($D16,"1"),IF($D16="","",$D16))) -> ㄒㄧㆲˋ | F16: =IF(LEN($D16)=0, "", LEN($D16)) -> 4 | G16: =IFERROR( IF($R16="", "", SEARCH(LEFT($E16), $AD$2)), 0) -> 21 | H16: =IF(AND($G16>0, H$3<$F16), IF(MID($E16,H$3+1,1)="1", """", MID($E16,H$3+1,1)), IF(H$3<=$F16, IF(LEFT($E16,1)="零", "=", LEFT($E16,1)), "")) -> ㄧ | I16: =IF(AND($G16>0, I$3<$F16), IF(MID($E16,I$3+1,1)="1", """", MID($E16,I$3+1,1)), IF(I$3<=$F16, IF(LEFT($E16,1)="零", "=", LEFT($E16,1)), "")) -> ㆲ | J16: =IF(AND($G16>0, J$3<$F16), IF(MID($E16,J$3+1,1)="1", """", MID($E16,J$3+1,1)), IF(J$3<=$F16, IF(LEFT($E16,1)="零", "=", LEFT($E16,1)), "")) -> ˋ | K16: =IF(AND($G16>0, K$3<$F16), IF(MID($E16,K$3+1,1)="1", """", MID($E16,K$3+1,1)), IF(K$3<=$F16, IF(LEFT($E16,1)="零", "=", LEFT($E16,1)), "")) -> ㄒ | L16: =IF(AND($G16>0, L$3<$F16), IF(MID($E16,L$3+1,1)="1", """", MID($E16,L$3+1,1)), IF(L$3<=$F16, IF(LEFT($E16,1)="零", "=", LEFT($E16,1)), "")) | M16: =IF(AND($G16>0, M$3<$F16), IF(MID($E16,M$3+1,1)="1", """", MID($E16,M$3+1,1)), IF(M$3<=$F16, IF(LEFT($E16,1)="零", "=", LEFT($E16,1)), "")) | N16: =IF(AND($G16>0, N$3<$F16), IF(MID($E16,N$3+1,1)="1", """", MID($E16,N$3+1,1)), IF(N$3<=$F16, IF(LEFT($E16,1)="零", "=", LEFT($E16,1)), "")) | O16: =IF(AND($G16>0, O$3<$F16), IF(MID($E16,O$3+1,1)="1", """", MID($E16,O$3+1,1)), IF(O$3<=$F16, IF(LEFT($E16,1)="零", "=", LEFT($E16,1)), "")) | P16: =IF(AND($G16>0, P$3<$F16), IF(MID($E16,P$3+1,1)="1", """", MID($E16,P$3+1,1)), IF(P$3<=$F16, IF(LEFT($E16,1)="零", "=", LEFT($E16,1)), "")) | R16: ㄒ | S16: ㄧ | T16: ㆲ | U16: 4
B17: 白 | C17: 經八邊 | D17: ㄅㄧㆻ˙ | E17: =IF(AND($D17<>"",RIGHT(C17,1)="英"),_xlfn.CONCAT($D17,"q"),IF(MID($D17,2,1)="一",_xlfn.CONCAT($D17,"1"),IF($D17="","",$D17))) -> ㄅㄧㆻ˙ | F17: =IF(LEN($D17)=0, "", LEN($D17)) -> 4 | G17: =IFERROR( IF($R17="", "", SEARCH(LEFT($E17), $AD$2)), 0) -> 2 | H17: =IF(AND($G17>0, H$3<$F17), IF(MID($E17,H$3+1,1)="1", """", MID($E17,H$3+1,1)), IF(H$3<=$F17, IF(LEFT($E17,1)="零", "=", LEFT($E17,1)), "")) -> ㄧ | I17: =IF(AND($G17>0, I$3<$F17), IF(MID($E17,I$3+1,1)="1", """", MID($E17,I$3+1,1)), IF(I$3<=$F17, IF(LEFT($E17,1)="零", "=", LEFT($E17,1)), "")) -> ㆻ | J17: =IF(AND($G17>0, J$3<$F17), IF(MID($E17,J$3+1,1)="1", """", MID($E17,J$3+1,1)), IF(J$3<=$F17, IF(LEFT($E17,1)="零", "=", LEFT($E17,1)), "")) -> ˙ | K17: =IF(AND($G17>0, K$3<$F17), IF(MID($E17,K$3+1,1)="1", """", MID($E17,K$3+1,1)), IF(K$3<=$F17, IF(LEFT($E17,1)="零", "=", LEFT($E17,1)), "")) -> ㄅ | L17: =IF(AND($G17>0, L$3<$F17), IF(MID($E17,L$3+1,1)="1", """", MID($E17,L$3+1,1)), IF(L$3<=$F17, IF(LEFT($E17,1)="零", "=", LEFT($E17,1)), "")) | M17: =IF(AND($G17>0, M$3<$F17), IF(MID($E17,M$3+1,1)="1", """", MID($E17,M$3+1,1)), IF(M$3<=$F17, IF(LEFT($E17,1)="零", "=", LEFT($E17,1)), "")) | N17: =IF(AND($G17>0, N$3<$F17), IF(MID($E17,N$3+1,1)="1", """", MID($E17,N$3+1,1)), IF(N$3<=$F17, IF(LEFT($E17,1)="零", "=", LEFT($E17,1)), "")) | O17: =IF(AND($G17>0, O$3<$F17), IF(MID($E17,O$3+1,1)="1", """", MID($E17,O$3+1,1)), IF(O$3<=$F17, IF(LEFT($E17,1)="零", "=", LEFT($E17,1)), "")) | P17: =IF(AND($G17>0, P$3<$F17), IF(MID($E17,P$3+1,1)="1", """", MID($E17,P$3+1,1)), IF(P$3<=$F17, IF(LEFT($E17,1)="零", "=", LEFT($E17,1)), "")) | R17: ㄅ | S17: ㄧ | T17: ㆻ | U17: 7
B18: 雲 | C18: 君五喜 | D18: ㄏㄨㄣˊ | E18: =IF(AND($D18<>"",RIGHT(C18,1)="英"),_xlfn.CONCAT($D18,"q"),IF(MID($D18,2,1)="一",_xlfn.CONCAT($D18,"1"),IF($D18="","",$D18))) -> ㄏㄨㄣˊ | F18: =IF(LEN($D18)=0, "", LEN($D18)) -> 4 | G18: =IFERROR( IF($R18="", "", SEARCH(LEFT($E18), $AD$2)), 0) -> 13 | H18: =IF(AND($G18>0, H$3<$F18), IF(MID($E18,H$3+1,1)="1", """", MID($E18,H$3+1,1)), IF(H$3<=$F18, IF(LEFT($E18,1)="零", "=", LEFT($E18,1)), "")) -> ㄨ | I18: =IF(AND($G18>0, I$3<$F18), IF(MID($E18,I$3+1,1)="1", """", MID($E18,I$3+1,1)), IF(I$3<=$F18, IF(LEFT($E18,1)="零", "=", LEFT($E18,1)), "")) -> ㄣ | J18: =IF(AND($G18>0, J$3<$F18), IF(MID($E18,J$3+1,1)="1", """", MID($E18,J$3+1,1)), IF(J$3<=$F18, IF(LEFT($E18,1)="零", "=", LEFT($E18,1)), "")) -> ˊ | K18: =IF(AND($G18>0, K$3<$F18), IF(MID($E18,K$3+1,1)="1", """", MID($E18,K$3+1,1)), IF(K$3<=$F18, IF(LEFT($E18,1)="零", "=", LEFT($E18,1)), "")) -> ㄏ | L18: =IF(AND($G18>0, L$3<$F18), IF(MID($E18,L$3+1,1)="1", """", MID($E18,L$3+1,1)), IF(L$3<=$F18, IF(LEFT($E18,1)="零", "=", LEFT($E18,1)), "")) | M18: =IF(AND($G18>0, M$3<$F18), IF(MID($E18,M$3+1,1)="1", """", MID($E18,M$3+1,1)), IF(M$3<=$F18, IF(LEFT($E18,1)="零", "=", LEFT($E18,1)), "")) | N18: =IF(AND($G18>0, N$3<$F18), IF(MID($E18,N$3+1,1)="1", """", MID($E18,N$3+1,1)), IF(N$3<=$F18, IF(LEFT($E18,1)="零", "=", LEFT($E18,1)), "")) | O18: =IF(AND($G18>0, O$3<$F18), IF(MID($E18,O$3+1,1)="1", """", MID($E18,O$3+1,1)), IF(O$3<=$F18, IF(LEFT($E18,1)="零", "=", LEFT($E18,1)), "")) | P18: =IF(AND($G18>0, P$3<$F18), IF(MID($E18,P$3+1,1)="1", """", MID($E18,P$3+1,1)), IF(P$3<=$F18, IF(LEFT($E18,1)="零", "=", LEFT($E18,1)), "")) | R18: ㄏ | S18: ㄨ | T18: ㄣ | U18: 6
B19: 間 | C19: 干一求 | D19: ㄍㄢ | E19: =IF(AND($D19<>"",RIGHT(C19,1)="英"),_xlfn.CONCAT($D19,"q"),IF(MID($D19,2,1)="一",_xlfn.CONCAT($D19,"1"),IF($D19="","",$D19))) -> ㄍㄢ | F19: =IF(LEN($D19)=0, "", LEN($D19)) -> 2 | G19: =IFERROR( IF($R19="", "", SEARCH(LEFT($E19), $AD$2)), 0) -> 10 | H19: =IF(AND($G19>0, H$3<$F19), IF(MID($E19,H$3+1,1)="1", """", MID($E19,H$3+1,1)), IF(H$3<=$F19, IF(LEFT($E19,1)="零", "=", LEFT($E19,1)), "")) -> ㄢ | I19: =IF(AND($G19>0, I$3<$F19), IF(MID($E19,I$3+1,1)="1", """", MID($E19,I$3+1,1)), IF(I$3<=$F19, IF(LEFT($E19,1)="零", "=", LEFT($E19,1)), "")) -> ㄍ | J19: =IF(AND($G19>0, J$3<$F19), IF(MID($E19,J$3+1,1)="1", """", MID($E19,J$3+1,1)), IF(J$3<=$F19, IF(LEFT($E19,1)="零", "=", LEFT($E19,1)), "")) | K19: =IF(AND($G19>0, K$3<$F19), IF(MID($E19,K$3+1,1)="1", """", MID($E19,K$3+1,1)), IF(K$3<=$F19, IF(LEFT($E19,1)="零", "=", LEFT($E19,1)), "")) | L19: =IF(AND($G19>0, L$3<$F19), IF(MID($E19,L$3+1,1)="1", """", MID($E19,L$3+1,1)), IF(L$3<=$F19, IF(LEFT($E19,1)="零", "=", LEFT($E19,1)), "")) | M19: =IF(AND($G19>0, M$3<$F19), IF(MID($E19,M$3+1,1)="1", """", MID($E19,M$3+1,1)), IF(M$3<=$F19, IF(LEFT($E19,1)="零", "=", LEFT($E19,1)), "")) | N19: =IF(AND($G19>0, N$3<$F19), IF(MID($E19,N$3+1,1)="1", """", MID($E19,N$3+1,1)), IF(N$3<=$F19, IF(LEFT($E19,1)="零", "=", LEFT($E19,1)), "")) | O19: =IF(AND($G19>0, O$3<$F19), IF(MID($E19,O$3+1,1)="1", """", MID($E19,O$3+1,1)), IF(O$3<=$F19, IF(LEFT($E19,1)="零", "=", LEFT($E19,1)), "")) | P19: =IF(AND($G19>0, P$3<$F19), IF(MID($E19,P$3+1,1)="1", """", MID($E19,P$3+1,1)), IF(P$3<=$F19, IF(LEFT($E19,1)="零", "=", LEFT($E19,1)), "")) | R19: ㄍ | S19: ㄢ | T19: <sp>
B20: ， | E20: =IF(AND($D20<>"",RIGHT(C20,1)="英"),_xlfn.CONCAT($D20,"q"),IF(MID($D20,2,1)="一",_xlfn.CONCAT($D20,"1"),IF($D20="","",$D20))) | F20: =IF(LEN($D20)=0, "", LEN($D20)) | G20: =IFERROR( IF($R20="", "", SEARCH(LEFT($E20), $AD$2)), 0) | H20: =IF(AND($G20>0, H$3<$F20), IF(MID($E20,H$3+1,1)="1", """", MID($E20,H$3+1,1)), IF(H$3<=$F20, IF(LEFT($E20,1)="零", "=", LEFT($E20,1)), "")) | I20: =IF(AND($G20>0, I$3<$F20), IF(MID($E20,I$3+1,1)="1", """", MID($E20,I$3+1,1)), IF(I$3<=$F20, IF(LEFT($E20,1)="零", "=", LEFT($E20,1)), "")) | J20: =IF(AND($G20>0, J$3<$F20), IF(MID($E20,J$3+1,1)="1", """", MID($E20,J$3+1,1)), IF(J$3<=$F20, IF(LEFT($E20,1)="零", "=", LEFT($E20,1)), "")) | K20: =IF(AND($G20>0, K$3<$F20), IF(MID($E20,K$3+1,1)="1", """", MID($E20,K$3+1,1)), IF(K$3<=$F20, IF(LEFT($E20,1)="零", "=", LEFT($E20,1)), "")) | L20: =IF(AND($G20>0, L$3<$F20), IF(MID($E20,L$3+1,1)="1", """", MID($E20,L$3+1,1)), IF(L$3<=$F20, IF(LEFT($E20,1)="零", "=", LEFT($E20,1)), "")) | M20: =IF(AND($G20>0, M$3<$F20), IF(MID($E20,M$3+1,1)="1", """", MID($E20,M$3+1,1)), IF(M$3<=$F20, IF(LEFT($E20,1)="零", "=", LEFT($E20,1)), "")) | N20: =IF(AND($G20>0, N$3<$F20), IF(MID($E20,N$3+1,1)="1", """", MID($E20,N$3+1,1)), IF(N$3<=$F20, IF(LEFT($E20,1)="零", "=", LEFT($E20,1)), "")) | O20: =IF(AND($G20>0, O$3<$F20), IF(MID($E20,O$3+1,1)="1", """", MID($E20,O$3+1,1)), IF(O$3<=$F20, IF(LEFT($E20,1)="零", "=", LEFT($E20,1)), "")) | P20: =IF(AND($G20>0, P$3<$F20), IF(MID($E20,P$3+1,1)="1", """", MID($E20,P$3+1,1)), IF(P$3<=$F20, IF(LEFT($E20,1)="零", "=", LEFT($E20,1)), ""))
B21: 一 | C21: 巾四英 | D21: ㄧㆵ | E21: =IF(AND($D21<>"",RIGHT(C21,1)="英"),_xlfn.CONCAT($D21,"q"),IF(MID($D21,2,1)="一",_xlfn.CONCAT($D21,"1"),IF($D21="","",$D21))) -> ㄧㆵq | F21: =IF(LEN($D21)=0, "", LEN($D21)) -> 2 | G21: =IFERROR( IF($R21="", "", SEARCH(LEFT($E21), $AD$2)), 0) -> 0 | H21: =IF(AND($G21>0, H$3<$F21), IF(MID($E21,H$3+1,1)="1", """", MID($E21,H$3+1,1)), IF(H$3<=$F21, IF(LEFT($E21,1)="零", "=", LEFT($E21,1)), "")) -> ㄧ | I21: =IF(AND($G21>0, I$3<$F21), IF(MID($E21,I$3+1,1)="1", """", MID($E21,I$3+1,1)), IF(I$3<=$F21, IF(LEFT($E21,1)="零", "=", LEFT($E21,1)), "")) -> ㄧ | J21: =IF(AND($G21>0, J$3<$F21), IF(MID($E21,J$3+1,1)="1", """", MID($E21,J$3+1,1)), IF(J$3<=$F21, IF(LEFT($E21,1)="零", "=", LEFT($E21,1)), "")) | K21: =IF(AND($G21>0, K$3<$F21), IF(MID($E21,K$3+1,1)="1", """", MID($E21,K$3+1,1)), IF(K$3<=$F21, IF(LEFT($E21,1)="零", "=", LEFT($E21,1)), "")) | L21: =IF(AND($G21>0, L$3<$F21), IF(MID($E21,L$3+1,1)="1", """", MID($E21,L$3+1,1)), IF(L$3<=$F21, IF(LEFT($E21,1)="零", "=", LEFT($E21,1)), "")) | M21: =IF(AND($G21>0, M$3<$F21), IF(MID($E21,M$3+1,1)="1", """", MID($E21,M$3+1,1)), IF(M$3<=$F21, IF(LEFT($E21,1)="零", "=", LEFT($E21,1)), "")) | N21: =IF(AND($G21>0, N$3<$F21), IF(MID($E21,N$3+1,1)="1", """", MID($E21,N$3+1,1)), IF(N$3<=$F21, IF(LEFT($E21,1)="零", "=", LEFT($E21,1)), "")) | O21: =IF(AND($G21>0, O$3<$F21), IF(MID($E21,O$3+1,1)="1", """", MID($E21,O$3+1,1)), IF(O$3<=$F21, IF(LEFT($E21,1)="零", "=", LEFT($E21,1)), "")) | P21: =IF(AND($G21>0, P$3<$F21), IF(MID($E21,P$3+1,1)="1", """", MID($E21,P$3+1,1)), IF(P$3<=$F21, IF(LEFT($E21,1)="零", "=", LEFT($E21,1)), "")) | R21: ㄧ | S21: ㆵ | T21: <sp>
B22: 片 | C22: 堅三頗 | D22: ㄆㄧㄢ˪ | E22: =IF(AND($D22<>"",RIGHT(C22,1)="英"),_xlfn.CONCAT($D22,"q"),IF(MID($D22,2,1)="一",_xlfn.CONCAT($D22,"1"),IF($D22="","",$D22))) -> ㄆㄧㄢ˪ | F22: =IF(LEN($D22)=0, "", LEN($D22)) -> 4 | G22: =IFERROR( IF($R22="", "", SEARCH(LEFT($E22), $AD$2)), 0) -> 3 | H22: =IF(AND($G22>0, H$3<$F22), IF(MID($E22,H$3+1,1)="1", """", MID($E22,H$3+1,1)), IF(H$3<=$F22, IF(LEFT($E22,1)="零", "=", LEFT($E22,1)), "")) -> ㄧ | I22: =IF(AND($G22>0, I$3<$F22), IF(MID($E22,I$3+1,1)="1", """", MID($E22,I$3+1,1)), IF(I$3<=$F22, IF(LEFT($E22,1)="零", "=", LEFT($E22,1)), "")) -> ㄢ | J22: =IF(AND($G22>0, J$3<$F22), IF(MID($E22,J$3+1,1)="1", """", MID($E22,J$3+1,1)), IF(J$3<=$F22, IF(LEFT($E22,1)="零", "=", LEFT($E22,1)), "")) -> ˪ | K22: =IF(AND($G22>0, K$3<$F22), IF(MID($E22,K$3+1,1)="1", """", MID($E22,K$3+1,1)), IF(K$3<=$F22, IF(LEFT($E22,1)="零", "=", LEFT($E22,1)), "")) -> ㄆ | L22: =IF(AND($G22>0, L$3<$F22), IF(MID($E22,L$3+1,1)="1", """", MID($E22,L$3+1,1)), IF(L$3<=$F22, IF(LEFT($E22,1)="零", "=", LEFT($E22,1)), "")) | M22: =IF(AND($G22>0, M$3<$F22), IF(MID($E22,M$3+1,1)="1", """", MID($E22,M$3+1,1)), IF(M$3<=$F22, IF(LEFT($E22,1)="零", "=", LEFT($E22,1)), "")) | N22: =IF(AND($G22>0, N$3<$F22), IF(MID($E22,N$3+1,1)="1", """", MID($E22,N$3+1,1)), IF(N$3<=$F22, IF(LEFT($E22,1)="零", "=", LEFT($E22,1)), "")) | O22: =IF(AND($G22>0, O$3<$F22), IF(MID($E22,O$3+1,1)="1", """", MID($E22,O$3+1,1)), IF(O$3<=$F22, IF(LEFT($E22,1)="零", "=", LEFT($E22,1)), "")) | P22: =IF(AND($G22>0, P$3<$F22), IF(MID($E22,P$3+1,1)="1", """", MID($E22,P$3+1,1)), IF(P$3<=$F22, IF(LEFT($E22,1)="零", "=", LEFT($E22,1)), "")) | R22: ㄆ | S22: ㄧ | T22: ㄢ | U22: 3
B23: 孤 | C23: 沽一求 | D23: ㄍㆦ | E23: =IF(AND($D23<>"",RIGHT(C23,1)="英"),_xlfn.CONCAT($D23,"q"),IF(MID($D23,2,1)="一",_xlfn.CONCAT($D23,"1"),IF($D23="","",$D23))) -> ㄍㆦ | F23: =IF(LEN($D23)=0, "", LEN($D23)) -> 2 | G23: =IFERROR( IF($R23="", "", SEARCH(LEFT($E23), $AD$2)), 0) -> 10 | H23: =IF(AND($G23>0, H$3<$F23), IF(MID($E23,H$3+1,1)="1", """", MID($E23,H$3+1,1)), IF(H$3<=$F23, IF(LEFT($E23,1)="零", "=", LEFT($E23,1)), "")) -> ㆦ | I23: =IF(AND($G23>0, I$3<$F23), IF(MID($E23,I$3+1,1)="1", """", MID($E23,I$3+1,1)), IF(I$3<=$F23, IF(LEFT($E23,1)="零", "=", LEFT($E23,1)), "")) -> ㄍ | J23: =IF(AND($G23>0, J$3<$F23), IF(MID($E23,J$3+1,1)="1", """", MID($E23,J$3+1,1)), IF(J$3<=$F23, IF(LEFT($E23,1)="零", "=", LEFT($E23,1)), "")) | K23: =IF(AND($G23>0, K$3<$F23), IF(MID($E23,K$3+1,1)="1", """", MID($E23,K$3+1,1)), IF(K$3<=$F23, IF(LEFT($E23,1)="零", "=", LEFT($E23,1)), "")) | L23: =IF(AND($G23>0, L$3<$F23), IF(MID($E23,L$3+1,1)="1", """", MID($E23,L$3+1,1)), IF(L$3<=$F23, IF(LEFT($E23,1)="零", "=", LEFT($E23,1)), "")) | M23: =IF(AND($G23>0, M$3<$F23), IF(MID($E23,M$3+1,1)="1", """", MID($E23,M$3+1,1)), IF(M$3<=$F23, IF(LEFT($E23,1)="零", "=", LEFT($E23,1)), "")) | N23: =IF(AND($G23>0, N$3<$F23), IF(MID($E23,N$3+1,1)="1", """", MID($E23,N$3+1,1)), IF(N$3<=$F23, IF(LEFT($E23,1)="零", "=", LEFT($E23,1)), "")) | O23: =IF(AND($G23>0, O$3<$F23), IF(MID($E23,O$3+1,1)="1", """", MID($E23,O$3+1,1)), IF(O$3<=$F23, IF(LEFT($E23,1)="零", "=", LEFT($E23,1)), "")) | P23: =IF(AND($G23>0, P$3<$F23), IF(MID($E23,P$3+1,1)="1", """", MID($E23,P$3+1,1)), IF(P$3<=$F23, IF(LEFT($E23,1)="零", "=", LEFT($E23,1)), "")) | R23: ㄍ | S23: ㆦ | T23: <sp>
B24: 城 | C24: 經五時 | D24: ㄒㄧㄥˊ | E24: =IF(AND($D24<>"",RIGHT(C24,1)="英"),_xlfn.CONCAT($D24,"q"),IF(MID($D24,2,1)="一",_xlfn.CONCAT($D24,"1"),IF($D24="","",$D24))) -> ㄒㄧㄥˊ | F24: =IF(LEN($D24)=0, "", LEN($D24)) -> 4 | G24: =IFERROR( IF($R24="", "", SEARCH(LEFT($E24), $AD$2)), 0) -> 21 | H24: =IF(AND($G24>0, H$3<$F24), IF(MID($E24,H$3+1,1)="1", """", MID($E24,H$3+1,1)), IF(H$3<=$F24, IF(LEFT($E24,1)="零", "=", LEFT($E24,1)), "")) -> ㄧ | I24: =IF(AND($G24>0, I$3<$F24), IF(MID($E24,I$3+1,1)="1", """", MID($E24,I$3+1,1)), IF(I$3<=$F24, IF(LEFT($E24,1)="零", "=", LEFT($E24,1)), "")) -> ㄥ | J24: =IF(AND($G24>0, J$3<$F24), IF(MID($E24,J$3+1,1)="1", """", MID($E24,J$3+1,1)), IF(J$3<=$F24, IF(LEFT($E24,1)="零", "=", LEFT($E24,1)), "")) -> ˊ | K24: =IF(AND($G24>0, K$3<$F24), IF(MID($E24,K$3+1,1)="1", """", MID($E24,K$3+1,1)), IF(K$3<=$F24, IF(LEFT($E24,1)="零", "=", LEFT($E24,1)), "")) -> ㄒ | L24: =IF(AND($G24>0, L$3<$F24), IF(MID($E24,L$3+1,1)="1", """", MID($E24,L$3+1,1)), IF(L$3<=$F24, IF(LEFT($E24,1)="零", "=", LEFT($E24,1)), "")) | M24: =IF(AND($G24>0, M$3<$F24), IF(MID($E24,M$3+1,1)="1", """", MID($E24,M$3+1,1)), IF(M$3<=$F24, IF(LEFT($E24,1)="零", "=", LEFT($E24,1)), "")) | N24: =IF(AND($G24>0, N$3<$F24), IF(MID($E24,N$3+1,1)="1", """", MID($E24,N$3+1,1)), IF(N$3<=$F24, IF(LEFT($E24,1)="零", "=", LEFT($E24,1)), "")) | O24: =IF(AND($G24>0, O$3<$F24), IF(MID($E24,O$3+1,1)="1", """", MID($E24,O$3+1,1)), IF(O$3<=$F24, IF(LEFT($E24,1)="零", "=", LEFT($E24,1)), "")) | P24: =IF(AND($G24>0, P$3<$F24), IF(MID($E24,P$3+1,1)="1", """", MID($E24,P$3+1,1)), IF(P$3<=$F24, IF(LEFT($E24,1)="零", "=", LEFT($E24,1)), "")) | R24: ㄒ | S24: ㄧ | T24: ㄥ | U24: 6
B25: 萬 | C25: 干七門 | D25: ㆠㄢ˫ | E25: =IF(AND($D25<>"",RIGHT(C25,1)="英"),_xlfn.CONCAT($D25,"q"),IF(MID($D25,2,1)="一",_xlfn.CONCAT($D25,"1"),IF($D25="","",$D25))) -> ㆠㄢ˫ | F25: =IF(LEN($D25)=0, "", LEN($D25)) -> 3 | G25: =IFERROR( IF($R25="", "", SEARCH(LEFT($E25), $AD$2)), 0) -> 5 | H25: =IF(AND($G25>0, H$3<$F25), IF(MID($E25,H$3+1,1)="1", """", MID($E25,H$3+1,1)), IF(H$3<=$F25, IF(LEFT($E25,1)="零", "=", LEFT($E25,1)), "")) -> ㄢ | I25: =IF(AND($G25>0, I$3<$F25), IF(MID($E25,I$3+1,1)="1", """", MID($E25,I$3+1,1)), IF(I$3<=$F25, IF(LEFT($E25,1)="零", "=", LEFT($E25,1)), "")) -> ˫ | J25: =IF(AND($G25>0, J$3<$F25), IF(MID($E25,J$3+1,1)="1", """", MID($E25,J$3+1,1)), IF(J$3<=$F25, IF(LEFT($E25,1)="零", "=", LEFT($E25,1)), "")) -> ㆠ | K25: =IF(AND($G25>0, K$3<$F25), IF(MID($E25,K$3+1,1)="1", """", MID($E25,K$3+1,1)), IF(K$3<=$F25, IF(LEFT($E25,1)="零", "=", LEFT($E25,1)), "")) | L25: =IF(AND($G25>0, L$3<$F25), IF(MID($E25,L$3+1,1)="1", """", MID($E25,L$3+1,1)), IF(L$3<=$F25, IF(LEFT($E25,1)="零", "=", LEFT($E25,1)), "")) | M25: =IF(AND($G25>0, M$3<$F25), IF(MID($E25,M$3+1,1)="1", """", MID($E25,M$3+1,1)), IF(M$3<=$F25, IF(LEFT($E25,1)="零", "=", LEFT($E25,1)), "")) | N25: =IF(AND($G25>0, N$3<$F25), IF(MID($E25,N$3+1,1)="1", """", MID($E25,N$3+1,1)), IF(N$3<=$F25, IF(LEFT($E25,1)="零", "=", LEFT($E25,1)), "")) | O25: =IF(AND($G25>0, O$3<$F25), IF(MID($E25,O$3+1,1)="1", """", MID($E25,O$3+1,1)), IF(O$3<=$F25, IF(LEFT($E25,1)="零", "=", LEFT($E25,1)), "")) | P25: =IF(AND($G25>0, P$3<$F25), IF(MID($E25,P$3+1,1)="1", """", MID($E25,P$3+1,1)), IF(P$3<=$F25, IF(LEFT($E25,1)="零", "=", LEFT($E25,1)), "")) | R25: ㆠ | S25: ㄢ | T25: 5
B26: 仞 | C26: 金七入 | D26: ㆢㄧㄣ˫ | E26: =IF(AND($D26<>"",RIGHT(C26,1)="英"),_xlfn.CONCAT($D26,"q"),IF(MID($D26,2,1)="一",_xlfn.CONCAT($D26,"1"),IF($D26="","",$D26))) -> ㆢㄧㄣ˫ | F26: =IF(LEN($D26)=0, "", LEN($D26)) -> 4 | G26: =IFERROR( IF($R26="", "", SEARCH(LEFT($E26), $AD$2)), 0) -> 20 | H26: =IF(AND($G26>0, H$3<$F26), IF(MID($E26,H$3+1,1)="1", """", MID($E26,H$3+1,1)), IF(H$3<=$F26, IF(LEFT($E26,1)="零", "=", LEFT($E26,1)), "")) -> ㄧ | I26: =IF(AND($G26>0, I$3<$F26), IF(MID($E26,I$3+1,1)="1", """", MID($E26,I$3+1,1)), IF(I$3<=$F26, IF(LEFT($E26,1)="零", "=", LEFT($E26,1)), "")) -> ㄣ | J26: =IF(AND($G26>0, J$3<$F26), IF(MID($E26,J$3+1,1)="1", """", MID($E26,J$3+1,1)), IF(J$3<=$F26, IF(LEFT($E26,1)="零", "=", LEFT($E26,1)), "")) -> ˫ | K26: =IF(AND($G26>0, K$3<$F26), IF(MID($E26,K$3+1,1)="1", """", MID($E26,K$3+1,1)), IF(K$3<=$F26, IF(LEFT($E26,1)="零", "=", LEFT($E26,1)), "")) -> ㆢ | L26: =IF(AND($G26>0, L$3<$F26), IF(MID($E26,L$3+1,1)="1", """", MID($E26,L$3+1,1)), IF(L$3<=$F26, IF(LEFT($E26,1)="零", "=", LEFT($E26,1)), "")) | M26: =IF(AND($G26>0, M$3<$F26), IF(MID($E26,M$3+1,1)="1", """", MID($E26,M$3+1,1)), IF(M$3<=$F26, IF(LEFT($E26,1)="零", "=", LEFT($E26,1)), "")) | N26: =IF(AND($G26>0, N$3<$F26), IF(MID($E26,N$3+1,1)="1", """", MID($E26,N$3+1,1)), IF(N$3<=$F26, IF(LEFT($E26,1)="零", "=", LEFT($E26,1)), "")) | O26: =IF(AND($G26>0, O$3<$F26), IF(MID($E26,O$3+1,1)="1", """", MID($E26,O$3+1,1)), IF(O$3<=$F26, IF(LEFT($E26,1)="零", "=", LEFT($E26,1)), "")) | P26: =IF(AND($G26>0, P$3<$F26), IF(MID($E26,P$3+1,1)="1", """", MID($E26,P$3+1,1)), IF(P$3<=$F26, IF(LEFT($E26,1)="零", "=", LEFT($E26,1)), "")) | R26: ㆢ | S26: ㄧ | T26: ㄣ | U26: 5
B27: 山 | C27: 干一時 | D27: ㄙㄢ | E27: =IF(AND($D27<>"",RIGHT(C27,1)="英"),_xlfn.CONCAT($D27,"q"),IF(MID($D27,2,1)="一",_xlfn.CONCAT($D27,"1"),IF($D27="","",$D27))) -> ㄙㄢ | F27: =IF(LEN($D27)=0, "", LEN($D27)) -> 2 | G27: =IFERROR( IF($R27="", "", SEARCH(LEFT($E27), $AD$2)), 0) -> 17 | H27: =IF(AND($G27>0, H$3<$F27), IF(MID($E27,H$3+1,1)="1", """", MID($E27,H$3+1,1)), IF(H$3<=$F27, IF(LEFT($E27,1)="零", "=", LEFT($E27,1)), "")) -> ㄢ | I27: =IF(AND($G27>0, I$3<$F27), IF(MID($E27,I$3+1,1)="1", """", MID($E27,I$3+1,1)), IF(I$3<=$F27, IF(LEFT($E27,1)="零", "=", LEFT($E27,1)), "")) -> ㄙ | J27: =IF(AND($G27>0, J$3<$F27), IF(MID($E27,J$3+1,1)="1", """", MID($E27,J$3+1,1)), IF(J$3<=$F27, IF(LEFT($E27,1)="零", "=", LEFT($E27,1)), "")) | K27: =IF(AND($G27>0, K$3<$F27), IF(MID($E27,K$3+1,1)="1", """", MID($E27,K$3+1,1)), IF(K$3<=$F27, IF(LEFT($E27,1)="零", "=", LEFT($E27,1)), "")) | L27: =IF(AND($G27>0, L$3<$F27), IF(MID($E27,L$3+1,1)="1", """", MID($E27,L$3+1,1)), IF(L$3<=$F27, IF(LEFT($E27,1)="零", "=", LEFT($E27,1)), "")) | M27: =IF(AND($G27>0, M$3<$F27), IF(MID($E27,M$3+1,1)="1", """", MID($E27,M$3+1,1)), IF(M$3<=$F27, IF(LEFT($E27,1)="零", "=", LEFT($E27,1)), "")) | N27: =IF(AND($G27>0, N$3<$F27), IF(MID($E27,N$3+1,1)="1", """", MID($E27,N$3+1,1)), IF(N$3<=$F27, IF(LEFT($E27,1)="零", "=", LEFT($E27,1)), "")) | O27: =IF(AND($G27>0, O$3<$F27), IF(MID($E27,O$3+1,1)="1", """", MID($E27,O$3+1,1)), IF(O$3<=$F27, IF(LEFT($E27,1)="零", "=", LEFT($E27,1)), "")) | P27: =IF(AND($G27>0, P$3<$F27), IF(MID($E27,P$3+1,1)="1", """", MID($E27,P$3+1,1)), IF(P$3<=$F27, IF(LEFT($E27,1)="零", "=", LEFT($E27,1)), "")) | R27: ㄙ | S27: ㄢ | T27: <sp>
B28: 。 | E28: =IF(AND($D28<>"",RIGHT(C28,1)="英"),_xlfn.CONCAT($D28,"q"),IF(MID($D28,2,1)="一",_xlfn.CONCAT($D28,"1"),IF($D28="","",$D28))) | F28: =IF(LEN($D28)=0, "", LEN($D28)) | G28: =IFERROR( IF($R28="", "", SEARCH(LEFT($E28), $AD$2)), 0) | H28: =IF(AND($G28>0, H$3<$F28), IF(MID($E28,H$3+1,1)="1", """", MID($E28,H$3+1,1)), IF(H$3<=$F28, IF(LEFT($E28,1)="零", "=", LEFT($E28,1)), "")) | I28: =IF(AND($G28>0, I$3<$F28), IF(MID($E28,I$3+1,1)="1", """", MID($E28,I$3+1,1)), IF(I$3<=$F28, IF(LEFT($E28,1)="零", "=", LEFT($E28,1)), "")) | J28: =IF(AND($G28>0, J$3<$F28), IF(MID($E28,J$3+1,1)="1", """", MID($E28,J$3+1,1)), IF(J$3<=$F28, IF(LEFT($E28,1)="零", "=", LEFT($E28,1)), "")) | K28: =IF(AND($G28>0, K$3<$F28), IF(MID($E28,K$3+1,1)="1", """", MID($E28,K$3+1,1)), IF(K$3<=$F28, IF(LEFT($E28,1)="零", "=", LEFT($E28,1)), "")) | L28: =IF(AND($G28>0, L$3<$F28), IF(MID($E28,L$3+1,1)="1", """", MID($E28,L$3+1,1)), IF(L$3<=$F28, IF(LEFT($E28,1)="零", "=", LEFT($E28,1)), "")) | M28: =IF(AND($G28>0, M$3<$F28), IF(MID($E28,M$3+1,1)="1", """", MID($E28,M$3+1,1)), IF(M$3<=$F28, IF(LEFT($E28,1)="零", "=", LEFT($E28,1)), "")) | N28: =IF(AND($G28>0, N$3<$F28), IF(MID($E28,N$3+1,1)="1", """", MID($E28,N$3+1,1)), IF(N$3<=$F28, IF(LEFT($E28,1)="零", "=", LEFT($E28,1)), "")) | O28: =IF(AND($G28>0, O$3<$F28), IF(MID($E28,O$3+1,1)="1", """", MID($E28,O$3+1,1)), IF(O$3<=$F28, IF(LEFT($E28,1)="零", "=", LEFT($E28,1)), "")) | P28: =IF(AND($G28>0, P$3<$F28), IF(MID($E28,P$3+1,1)="1", """", MID($E28,P$3+1,1)), IF(P$3<=$F28, IF(LEFT($E28,1)="零", "=", LEFT($E28,1)), ""))
B29: 羌 | C29: 姜一去 | D29: ㄎㄧㄤ | E29: =IF(AND($D29<>"",RIGHT(C29,1)="英"),_xlfn.CONCAT($D29,"q"),IF(MID($D29,2,1)="一",_xlfn.CONCAT($D29,"1"),IF($D29="","",$D29))) -> ㄎㄧㄤ | F29: =IF(LEN($D29)=0, "", LEN($D29)) -> 3 | G29: =IFERROR( IF($R29="", "", SEARCH(LEFT($E29), $AD$2)), 0) -> 11 | H29: =IF(AND($G29>0, H$3<$F29), IF(MID($E29,H$3+1,1)="1", """", MID($E29,H$3+1,1)), IF(H$3<=$F29, IF(LEFT($E29,1)="零", "=", LEFT($E29,1)), "")) -> ㄧ | I29: =IF(AND($G29>0, I$3<$F29), IF(MID($E29,I$3+1,1)="1", """", MID($E29,I$3+1,1)), IF(I$3<=$F29, IF(LEFT($E29,1)="零", "=", LEFT($E29,1)), "")) -> ㄤ | J29: =IF(AND($G29>0, J$3<$F29), IF(MID($E29,J$3+1,1)="1", """", MID($E29,J$3+1,1)), IF(J$3<=$F29, IF(LEFT($E29,1)="零", "=", LEFT($E29,1)), "")) -> ㄎ | K29: =IF(AND($G29>0, K$3<$F29), IF(MID($E29,K$3+1,1)="1", """", MID($E29,K$3+1,1)), IF(K$3<=$F29, IF(LEFT($E29,1)="零", "=", LEFT($E29,1)), "")) | L29: =IF(AND($G29>0, L$3<$F29), IF(MID($E29,L$3+1,1)="1", """", MID($E29,L$3+1,1)), IF(L$3<=$F29, IF(LEFT($E29,1)="零", "=", LEFT($E29,1)), "")) | M29: =IF(AND($G29>0, M$3<$F29), IF(MID($E29,M$3+1,1)="1", """", MID($E29,M$3+1,1)), IF(M$3<=$F29, IF(LEFT($E29,1)="零", "=", LEFT($E29,1)), "")) | N29: =IF(AND($G29>0, N$3<$F29), IF(MID($E29,N$3+1,1)="1", """", MID($E29,N$3+1,1)), IF(N$3<=$F29, IF(LEFT($E29,1)="零", "=", LEFT($E29,1)), "")) | O29: =IF(AND($G29>0, O$3<$F29), IF(MID($E29,O$3+1,1)="1", """", MID($E29,O$3+1,1)), IF(O$3<=$F29, IF(LEFT($E29,1)="零", "=", LEFT($E29,1)), "")) | P29: =IF(AND($G29>0, P$3<$F29), IF(MID($E29,P$3+1,1)="1", """", MID($E29,P$3+1,1)), IF(P$3<=$F29, IF(LEFT($E29,1)="零", "=", LEFT($E29,1)), "")) | R29: ㄎ | S29: ㄧ | T29: ㄤ | U29: <sp>
B30: 笛 | C30: 經八地 | D30: ㄉㄧㆻ˙ | E30: =IF(AND($D30<>"",RIGHT(C30,1)="英"),_xlfn.CONCAT($D30,"q"),IF(MID($D30,2,1)="一",_xlfn.CONCAT($D30,"1"),IF($D30="","",$D30))) -> ㄉㄧㆻ˙ | F30: =IF(LEN($D30)=0, "", LEN($D30)) -> 4 | G30: =IFERROR( IF($R30="", "", SEARCH(LEFT($E30), $AD$2)), 0) -> 6 | H30: =IF(AND($G30>0, H$3<$F30), IF(MID($E30,H$3+1,1)="1", """", MID($E30,H$3+1,1)), IF(H$3<=$F30, IF(LEFT($E30,1)="零", "=", LEFT($E30,1)), "")) -> ㄧ | I30: =IF(AND($G30>0, I$3<$F30), IF(MID($E30,I$3+1,1)="1", """", MID($E30,I$3+1,1)), IF(I$3<=$F30, IF(LEFT($E30,1)="零", "=", LEFT($E30,1)), "")) -> ㆻ | J30: =IF(AND($G30>0, J$3<$F30), IF(MID($E30,J$3+1,1)="1", """", MID($E30,J$3+1,1)), IF(J$3<=$F30, IF(LEFT($E30,1)="零", "=", LEFT($E30,1)), "")) -> ˙ | K30: =IF(AND($G30>0, K$3<$F30), IF(MID($E30,K$3+1,1)="1", """", MID($E30,K$3+1,1)), IF(K$3<=$F30, IF(LEFT($E30,1)="零", "=", LEFT($E30,1)), "")) -> ㄉ | L30: =IF(AND($G30>0, L$3<$F30), IF(MID($E30,L$3+1,1)="1", """", MID($E30,L$3+1,1)), IF(L$3<=$F30, IF(LEFT($E30,1)="零", "=", LEFT($E30,1)), "")) | M30: =IF(AND($G30>0, M$3<$F30), IF(MID($E30,M$3+1,1)="1", """", MID($E30,M$3+1,1)), IF(M$3<=$F30, IF(LEFT($E30,1)="零", "=", LEFT($E30,1)), "")) | N30: =IF(AND($G30>0, N$3<$F30), IF(MID($E30,N$3+1,1)="1", """", MID($E30,N$3+1,1)), IF(N$3<=$F30, IF(LEFT($E30,1)="零", "=", LEFT($E30,1)), "")) | O30: =IF(AND($G30>0, O$3<$F30), IF(MID($E30,O$3+1,1)="1", """", MID($E30,O$3+1,1)), IF(O$3<=$F30, IF(LEFT($E30,1)="零", "=", LEFT($E30,1)), "")) | P30: =IF(AND($G30>0, P$3<$F30), IF(MID($E30,P$3+1,1)="1", """", MID($E30,P$3+1,1)), IF(P$3<=$F30, IF(LEFT($E30,1)="零", "=", LEFT($E30,1)), "")) | R30: ㄉ | S30: ㄧ | T30: ㆻ | U30: 7
B31: 何 | C31: 高五喜 | D31: ㄏㄜˊ | E31: =IF(AND($D31<>"",RIGHT(C31,1)="英"),_xlfn.CONCAT($D31,"q"),IF(MID($D31,2,1)="一",_xlfn.CONCAT($D31,"1"),IF($D31="","",$D31))) -> ㄏㄜˊ | F31: =IF(LEN($D31)=0, "", LEN($D31)) -> 3 | G31: =IFERROR( IF($R31="", "", SEARCH(LEFT($E31), $AD$2)), 0) -> 13 | H31: =IF(AND($G31>0, H$3<$F31), IF(MID($E31,H$3+1,1)="1", """", MID($E31,H$3+1,1)), IF(H$3<=$F31, IF(LEFT($E31,1)="零", "=", LEFT($E31,1)), "")) -> ㄜ | I31: =IF(AND($G31>0, I$3<$F31), IF(MID($E31,I$3+1,1)="1", """", MID($E31,I$3+1,1)), IF(I$3<=$F31, IF(LEFT($E31,1)="零", "=", LEFT($E31,1)), "")) -> ˊ | J31: =IF(AND($G31>0, J$3<$F31), IF(MID($E31,J$3+1,1)="1", """", MID($E31,J$3+1,1)), IF(J$3<=$F31, IF(LEFT($E31,1)="零", "=", LEFT($E31,1)), "")) -> ㄏ | K31: =IF(AND($G31>0, K$3<$F31), IF(MID($E31,K$3+1,1)="1", """", MID($E31,K$3+1,1)), IF(K$3<=$F31, IF(LEFT($E31,1)="零", "=", LEFT($E31,1)), "")) | L31: =IF(AND($G31>0, L$3<$F31), IF(MID($E31,L$3+1,1)="1", """", MID($E31,L$3+1,1)), IF(L$3<=$F31, IF(LEFT($E31,1)="零", "=", LEFT($E31,1)), "")) | M31: =IF(AND($G31>0, M$3<$F31), IF(MID($E31,M$3+1,1)="1", """", MID($E31,M$3+1,1)), IF(M$3<=$F31, IF(LEFT($E31,1)="零", "=", LEFT($E31,1)), "")) | N31: =IF(AND($G31>0, N$3<$F31), IF(MID($E31,N$3+1,1)="1", """", MID($E31,N$3+1,1)), IF(N$3<=$F31, IF(LEFT($E31,1)="零", "=", LEFT($E31,1)), "")) | O31: =IF(AND($G31>0, O$3<$F31), IF(MID($E31,O$3+1,1)="1", """", MID($E31,O$3+1,1)), IF(O$3<=$F31, IF(LEFT($E31,1)="零", "=", LEFT($E31,1)), "")) | P31: =IF(AND($G31>0, P$3<$F31), IF(MID($E31,P$3+1,1)="1", """", MID($E31,P$3+1,1)), IF(P$3<=$F31, IF(LEFT($E31,1)="零", "=", LEFT($E31,1)), "")) | R31: ㄏ | S31: ㄜ | T31: 6
B32: 須 | C32: 艍一時 | D32: ㄙㄨ | E32: =IF(AND($D32<>"",RIGHT(C32,1)="英"),_xlfn.CONCAT($D32,"q"),IF(MID($D32,2,1)="一",_xlfn.CONCAT($D32,"1"),IF($D32="","",$D32))) -> ㄙㄨ | F32: =IF(LEN($D32)=0, "", LEN($D32)) -> 2 | G32: =IFERROR( IF($R32="", "", SEARCH(LEFT($E32), $AD$2)), 0) -> 17 | H32: =IF(AND($G32>0, H$3<$F32), IF(MID($E32,H$3+1,1)="1", """", MID($E32,H$3+1,1)), IF(H$3<=$F32, IF(LEFT($E32,1)="零", "=", LEFT($E32,1)), "")) -> ㄨ | I32: =IF(AND($G32>0, I$3<$F32), IF(MID($E32,I$3+1,1)="1", """", MID($E32,I$3+1,1)), IF(I$3<=$F32, IF(LEFT($E32,1)="零", "=", LEFT($E32,1)), "")) -> ㄙ | J32: =IF(AND($G32>0, J$3<$F32), IF(MID($E32,J$3+1,1)="1", """", MID($E32,J$3+1,1)), IF(J$3<=$F32, IF(LEFT($E32,1)="零", "=", LEFT($E32,1)), "")) | K32: =IF(AND($G32>0, K$3<$F32), IF(MID($E32,K$3+1,1)="1", """", MID($E32,K$3+1,1)), IF(K$3<=$F32, IF(LEFT($E32,1)="零", "=", LEFT($E32,1)), "")) | L32: =IF(AND($G32>0, L$3<$F32), IF(MID($E32,L$3+1,1)="1", """", MID($E32,L$3+1,1)), IF(L$3<=$F32, IF(LEFT($E32,1)="零", "=", LEFT($E32,1)), "")) | M32: =IF(AND($G32>0, M$3<$F32), IF(MID($E32,M$3+1,1)="1", """", MID($E32,M$3+1,1)), IF(M$3<=$F32, IF(LEFT($E32,1)="零", "=", LEFT($E32,1)), "")) | N32: =IF(AND($G32>0, N$3<$F32), IF(MID($E32,N$3+1,1)="1", """", MID($E32,N$3+1,1)), IF(N$3<=$F32, IF(LEFT($E32,1)="零", "=", LEFT($E32,1)), "")) | O32: =IF(AND($G32>0, O$3<$F32), IF(MID($E32,O$3+1,1)="1", """", MID($E32,O$3+1,1)), IF(O$3<=$F32, IF(LEFT($E32,1)="零", "=", LEFT($E32,1)), "")) | P32: =IF(AND($G32>0, P$3<$F32), IF(MID($E32,P$3+1,1)="1", """", MID($E32,P$3+1,1)), IF(P$3<=$F32, IF(LEFT($E32,1)="零", "=", LEFT($E32,1)), "")) | R32: ㄙ | S32: ㄨ | T32: <sp>
B33: 怨 | C33: 觀三英 | D33: ㄨㄢ˪ | E33: =IF(AND($D33<>"",RIGHT(C33,1)="英"),_xlfn.CONCAT($D33,"q"),IF(MID($D33,2,1)="一",_xlfn.CONCAT($D33,"1"),IF($D33="","",$D33))) -> ㄨㄢ˪q | F33: =IF(LEN($D33)=0, "", LEN($D33)) -> 3 | G33: =IFERROR( IF($R33="", "", SEARCH(LEFT($E33), $AD$2)), 0) -> 0 | H33: =IF(AND($G33>0, H$3<$F33), IF(MID($E33,H$3+1,1)="1", """", MID($E33,H$3+1,1)), IF(H$3<=$F33, IF(LEFT($E33,1)="零", "=", LEFT($E33,1)), "")) -> ㄨ | I33: =IF(AND($G33>0, I$3<$F33), IF(MID($E33,I$3+1,1)="1", """", MID($E33,I$3+1,1)), IF(I$3<=$F33, IF(LEFT($E33,1)="零", "=", LEFT($E33,1)), "")) -> ㄨ | J33: =IF(AND($G33>0, J$3<$F33), IF(MID($E33,J$3+1,1)="1", """", MID($E33,J$3+1,1)), IF(J$3<=$F33, IF(LEFT($E33,1)="零", "=", LEFT($E33,1)), "")) -> ㄨ | K33: =IF(AND($G33>0, K$3<$F33), IF(MID($E33,K$3+1,1)="1", """", MID($E33,K$3+1,1)), IF(K$3<=$F33, IF(LEFT($E33,1)="零", "=", LEFT($E33,1)), "")) | L33: =IF(AND($G33>0, L$3<$F33), IF(MID($E33,L$3+1,1)="1", """", MID($E33,L$3+1,1)), IF(L$3<=$F33, IF(LEFT($E33,1)="零", "=", LEFT($E33,1)), "")) | M33: =IF(AND($G33>0, M$3<$F33), IF(MID($E33,M$3+1,1)="1", """", MID($E33,M$3+1,1)), IF(M$3<=$F33, IF(LEFT($E33,1)="零", "=", LEFT($E33,1)), "")) | N33: =IF(AND($G33>0, N$3<$F33), IF(MID($E33,N$3+1,1)="1", """", MID($E33,N$3+1,1)), IF(N$3<=$F33, IF(LEFT($E33,1)="零", "=", LEFT($E33,1)), "")) | O33: =IF(AND($G33>0, O$3<$F33), IF(MID($E33,O$3+1,1)="1", """", MID($E33,O$3+1,1)), IF(O$3<=$F33, IF(LEFT($E33,1)="零", "=", LEFT($E33,1)), "")) | P33: =IF(AND($G33>0, P$3<$F33), IF(MID($E33,P$3+1,1)="1", """", MID($E33,P$3+1,1)), IF(P$3<=$F33, IF(LEFT($E33,1)="零", "=", LEFT($E33,1)), "")) | R33: ㄨ | S33: ㄢ | T33: 3
B34: 楊 | C34: 恭五英 | D34: ㄧㆲˊ | E34: =IF(AND($D34<>"",RIGHT(C34,1)="英"),_xlfn.CONCAT($D34,"q"),IF(MID($D34,2,1)="一",_xlfn.CONCAT($D34,"1"),IF($D34="","",$D34))) -> ㄧㆲˊq | F34: =IF(LEN($D34)=0, "", LEN($D34)) -> 3 | G34: =IFERROR( IF($R34="", "", SEARCH(LEFT($E34), $AD$2)), 0) -> 0 | H34: =IF(AND($G34>0, H$3<$F34), IF(MID($E34,H$3+1,1)="1", """", MID($E34,H$3+1,1)), IF(H$3<=$F34, IF(LEFT($E34,1)="零", "=", LEFT($E34,1)), "")) -> ㄧ | I34: =IF(AND($G34>0, I$3<$F34), IF(MID($E34,I$3+1,1)="1", """", MID($E34,I$3+1,1)), IF(I$3<=$F34, IF(LEFT($E34,1)="零", "=", LEFT($E34,1)), "")) -> ㄧ | J34: =IF(AND($G34>0, J$3<$F34), IF(MID($E34,J$3+1,1)="1", """", MID($E34,J$3+1,1)), IF(J$3<=$F34, IF(LEFT($E34,1)="零", "=", LEFT($E34,1)), "")) -> ㄧ | K34: =IF(AND($G34>0, K$3<$F34), IF(MID($E34,K$3+1,1)="1", """", MID($E34,K$3+1,1)), IF(K$3<=$F34, IF(LEFT($E34,1)="零", "=", LEFT($E34,1)), "")) | L34: =IF(AND($G34>0, L$3<$F34), IF(MID($E34,L$3+1,1)="1", """", MID($E34,L$3+1,1)), IF(L$3<=$F34, IF(LEFT($E34,1)="零", "=", LEFT($E34,1)), "")) | M34: =IF(AND($G34>0, M$3<$F34), IF(MID($E34,M$3+1,1)="1", """", MID($E34,M$3+1,1)), IF(M$3<=$F34, IF(LEFT($E34,1)="零", "=", LEFT($E34,1)), "")) | N34: =IF(AND($G34>0, N$3<$F34), IF(MID($E34,N$3+1,1)="1", """", MID($E34,N$3+1,1)), IF(N$3<=$F34, IF(LEFT($E34,1)="零", "=", LEFT($E34,1)), "")) | O34: =IF(AND($G34>0, O$3<$F34), IF(MID($E34,O$3+1,1)="1", """", MID($E34,O$3+1,1)), IF(O$3<=$F34, IF(LEFT($E34,1)="零", "=", LEFT($E34,1)), "")) | P34: =IF(AND($G34>0, P$3<$F34), IF(MID($E34,P$3+1,1)="1", """", MID($E34,P$3+1,1)), IF(P$3<=$F34, IF(LEFT($E34,1)="零", "=", LEFT($E34,1)), "")) | R34: ㄧ | S34: ㆲ | T34: 6
B35: 柳 | C35: 丩二柳 | D35: ㄌㄧㄨˋ | E35: =IF(AND($D35<>"",RIGHT(C35,1)="英"),_xlfn.CONCAT($D35,"q"),IF(MID($D35,2,1)="一",_xlfn.CONCAT($D35,"1"),IF($D35="","",$D35))) -> ㄌㄧㄨˋ | F35: =IF(LEN($D35)=0, "", LEN($D35)) -> 4 | G35: =IFERROR( IF($R35="", "", SEARCH(LEFT($E35), $AD$2)), 0) -> 9 | H35: =IF(AND($G35>0, H$3<$F35), IF(MID($E35,H$3+1,1)="1", """", MID($E35,H$3+1,1)), IF(H$3<=$F35, IF(LEFT($E35,1)="零", "=", LEFT($E35,1)), "")) -> ㄧ | I35: =IF(AND($G35>0, I$3<$F35), IF(MID($E35,I$3+1,1)="1", """", MID($E35,I$3+1,1)), IF(I$3<=$F35, IF(LEFT($E35,1)="零", "=", LEFT($E35,1)), "")) -> ㄨ | J35: =IF(AND($G35>0, J$3<$F35), IF(MID($E35,J$3+1,1)="1", """", MID($E35,J$3+1,1)), IF(J$3<=$F35, IF(LEFT($E35,1)="零", "=", LEFT($E35,1)), "")) -> ˋ | K35: =IF(AND($G35>0, K$3<$F35), IF(MID($E35,K$3+1,1)="1", """", MID($E35,K$3+1,1)), IF(K$3<=$F35, IF(LEFT($E35,1)="零", "=", LEFT($E35,1)), "")) -> ㄌ | L35: =IF(AND($G35>0, L$3<$F35), IF(MID($E35,L$3+1,1)="1", """", MID($E35,L$3+1,1)), IF(L$3<=$F35, IF(LEFT($E35,1)="零", "=", LEFT($E35,1)), "")) | M35: =IF(AND($G35>0, M$3<$F35), IF(MID($E35,M$3+1,1)="1", """", MID($E35,M$3+1,1)), IF(M$3<=$F35, IF(LEFT($E35,1)="零", "=", LEFT($E35,1)), "")) | N35: =IF(AND($G35>0, N$3<$F35), IF(MID($E35,N$3+1,1)="1", """", MID($E35,N$3+1,1)), IF(N$3<=$F35, IF(LEFT($E35,1)="零", "=", LEFT($E35,1)), "")) | O35: =IF(AND($G35>0, O$3<$F35), IF(MID($E35,O$3+1,1)="1", """", MID($E35,O$3+1,1)), IF(O$3<=$F35, IF(LEFT($E35,1)="零", "=", LEFT($E35,1)), "")) | P35: =IF(AND($G35>0, P$3<$F35), IF(MID($E35,P$3+1,1)="1", """", MID($E35,P$3+1,1)), IF(P$3<=$F35, IF(LEFT($E35,1)="零", "=", LEFT($E35,1)), "")) | R35: ㄌ | S35: ㄧ | T35: ㄨ | U35: 4
B36: ， | E36: =IF(AND($D36<>"",RIGHT(C36,1)="英"),_xlfn.CONCAT($D36,"q"),IF(MID($D36,2,1)="一",_xlfn.CONCAT($D36,"1"),IF($D36="","",$D36))) | F36: =IF(LEN($D36)=0, "", LEN($D36)) | G36: =IFERROR( IF($R36="", "", SEARCH(LEFT($E36), $AD$2)), 0) | H36: =IF(AND($G36>0, H$3<$F36), IF(MID($E36,H$3+1,1)="1", """", MID($E36,H$3+1,1)), IF(H$3<=$F36, IF(LEFT($E36,1)="零", "=", LEFT($E36,1)), "")) | I36: =IF(AND($G36>0, I$3<$F36), IF(MID($E36,I$3+1,1)="1", """", MID($E36,I$3+1,1)), IF(I$3<=$F36, IF(LEFT($E36,1)="零", "=", LEFT($E36,1)), "")) | J36: =IF(AND($G36>0, J$3<$F36), IF(MID($E36,J$3+1,1)="1", """", MID($E36,J$3+1,1)), IF(J$3<=$F36, IF(LEFT($E36,1)="零", "=", LEFT($E36,1)), "")) | K36: =IF(AND($G36>0, K$3<$F36), IF(MID($E36,K$3+1,1)="1", """", MID($E36,K$3+1,1)), IF(K$3<=$F36, IF(LEFT($E36,1)="零", "=", LEFT($E36,1)), "")) | L36: =IF(AND($G36>0, L$3<$F36), IF(MID($E36,L$3+1,1)="1", """", MID($E36,L$3+1,1)), IF(L$3<=$F36, IF(LEFT($E36,1)="零", "=", LEFT($E36,1)), "")) | M36: =IF(AND($G36>0, M$3<$F36), IF(MID($E36,M$3+1,1)="1", """", MID($E36,M$3+1,1)), IF(M$3<=$F36, IF(LEFT($E36,1)="零", "=", LEFT($E36,1)), "")) | N36: =IF(AND($G36>0, N$3<$F36), IF(MID($E36,N$3+1,1)="1", """", MID($E36,N$3+1,1)), IF(N$3<=$F36, IF(LEFT($E36,1)="零", "=", LEFT($E36,1)), "")) | O36: =IF(AND($G36>0, O$3<$F36), IF(MID($E36,O$3+1,1)="1", """", MID($E36,O$3+1,1)), IF(O$3<=$F36, IF(LEFT($E36,1)="零", "=", LEFT($E36,1)), "")) | P36: =IF(AND($G36>0, P$3<$F36), IF(MID($E36,P$3+1,1)="1", """", MID($E36,P$3+1,1)), IF(P$3<=$F36, IF(LEFT($E36,1)="零", "=", LEFT($E36,1)), ""))
B37: 春 | C37: 君一出 | D37: ㄘㄨㄣ | E37: =IF(AND($D37<>"",RIGHT(C37,1)="英"),_xlfn.CONCAT($D37,"q"),IF(MID($D37,2,1)="一",_xlfn.CONCAT($D37,"1"),IF($D37="","",$D37))) -> ㄘㄨㄣ | F37: =IF(LEN($D37)=0, "", LEN($D37)) -> 3 | G37: =IFERROR( IF($R37="", "", SEARCH(LEFT($E37), $AD$2)), 0) -> 15 | H37: =IF(AND($G37>0, H$3<$F37), IF(MID($E37,H$3+1,1)="1", """", MID($E37,H$3+1,1)), IF(H$3<=$F37, IF(LEFT($E37,1)="零", "=", LEFT($E37,1)), "")) -> ㄨ | I37: =IF(AND($G37>0, I$3<$F37), IF(MID($E37,I$3+1,1)="1", """", MID($E37,I$3+1,1)), IF(I$3<=$F37, IF(LEFT($E37,1)="零", "=", LEFT($E37,1)), "")) -> ㄣ | J37: =IF(AND($G37>0, J$3<$F37), IF(MID($E37,J$3+1,1)="1", """", MID($E37,J$3+1,1)), IF(J$3<=$F37, IF(LEFT($E37,1)="零", "=", LEFT($E37,1)), "")) -> ㄘ | K37: =IF(AND($G37>0, K$3<$F37), IF(MID($E37,K$3+1,1)="1", """", MID($E37,K$3+1,1)), IF(K$3<=$F37, IF(LEFT($E37,1)="零", "=", LEFT($E37,1)), "")) | L37: =IF(AND($G37>0, L$3<$F37), IF(MID($E37,L$3+1,1)="1", """", MID($E37,L$3+1,1)), IF(L$3<=$F37, IF(LEFT($E37,1)="零", "=", LEFT($E37,1)), "")) | M37: =IF(AND($G37>0, M$3<$F37), IF(MID($E37,M$3+1,1)="1", """", MID($E37,M$3+1,1)), IF(M$3<=$F37, IF(LEFT($E37,1)="零", "=", LEFT($E37,1)), "")) | N37: =IF(AND($G37>0, N$3<$F37), IF(MID($E37,N$3+1,1)="1", """", MID($E37,N$3+1,1)), IF(N$3<=$F37, IF(LEFT($E37,1)="零", "=", LEFT($E37,1)), "")) | O37: =IF(AND($G37>0, O$3<$F37), IF(MID($E37,O$3+1,1)="1", """", MID($E37,O$3+1,1)), IF(O$3<=$F37, IF(LEFT($E37,1)="零", "=", LEFT($E37,1)), "")) | P37: =IF(AND($G37>0, P$3<$F37), IF(MID($E37,P$3+1,1)="1", """", MID($E37,P$3+1,1)), IF(P$3<=$F37, IF(LEFT($E37,1)="零", "=", LEFT($E37,1)), "")) | R37: ㄘ | S37: ㄨ | T37: ㄣ | U37: <sp>
B38: 風 | C38: 公一喜 | D38: ㄏㆲ | E38: =IF(AND($D38<>"",RIGHT(C38,1)="英"),_xlfn.CONCAT($D38,"q"),IF(MID($D38,2,1)="一",_xlfn.CONCAT($D38,"1"),IF($D38="","",$D38))) -> ㄏㆲ | F38: =IF(LEN($D38)=0, "", LEN($D38)) -> 2 | G38: =IFERROR( IF($R38="", "", SEARCH(LEFT($E38), $AD$2)), 0) -> 13 | H38: =IF(AND($G38>0, H$3<$F38), IF(MID($E38,H$3+1,1)="1", """", MID($E38,H$3+1,1)), IF(H$3<=$F38, IF(LEFT($E38,1)="零", "=", LEFT($E38,1)), "")) -> ㆲ | I38: =IF(AND($G38>0, I$3<$F38), IF(MID($E38,I$3+1,1)="1", """", MID($E38,I$3+1,1)), IF(I$3<=$F38, IF(LEFT($E38,1)="零", "=", LEFT($E38,1)), "")) -> ㄏ | J38: =IF(AND($G38>0, J$3<$F38), IF(MID($E38,J$3+1,1)="1", """", MID($E38,J$3+1,1)), IF(J$3<=$F38, IF(LEFT($E38,1)="零", "=", LEFT($E38,1)), "")) | K38: =IF(AND($G38>0, K$3<$F38), IF(MID($E38,K$3+1,1)="1", """", MID($E38,K$3+1,1)), IF(K$3<=$F38, IF(LEFT($E38,1)="零", "=", LEFT($E38,1)), "")) | L38: =IF(AND($G38>0, L$3<$F38), IF(MID($E38,L$3+1,1)="1", """", MID($E38,L$3+1,1)), IF(L$3<=$F38, IF(LEFT($E38,1)="零", "=", LEFT($E38,1)), "")) | M38: =IF(AND($G38>0, M$3<$F38), IF(MID($E38,M$3+1,1)="1", """", MID($E38,M$3+1,1)), IF(M$3<=$F38, IF(LEFT($E38,1)="零", "=", LEFT($E38,1)), "")) | N38: =IF(AND($G38>0, N$3<$F38), IF(MID($E38,N$3+1,1)="1", """", MID($E38,N$3+1,1)), IF(N$3<=$F38, IF(LEFT($E38,1)="零", "=", LEFT($E38,1)), "")) | O38: =IF(AND($G38>0, O$3<$F38), IF(MID($E38,O$3+1,1)="1", """", MID($E38,O$3+1,1)), IF(O$3<=$F38, IF(LEFT($E38,1)="零", "=", LEFT($E38,1)), "")) | P38: =IF(AND($G38>0, P$3<$F38), IF(MID($E38,P$3+1,1)="1", """", MID($E38,P$3+1,1)), IF(P$3<=$F38, IF(LEFT($E38,1)="零", "=", LEFT($E38,1)), "")) | R38: ㄏ | S38: ㆲ | T38: <sp>
B39: 不 | C39: 君四邊 | D39: ㄅㄨㆵ | E39: =IF(AND($D39<>"",RIGHT(C39,1)="英"),_xlfn.CONCAT($D39,"q"),IF(MID($D39,2,1)="一",_xlfn.CONCAT($D39,"1"),IF($D39="","",$D39))) -> ㄅㄨㆵ | F39: =IF(LEN($D39)=0, "", LEN($D39)) -> 3 | G39: =IFERROR( IF($R39="", "", SEARCH(LEFT($E39), $AD$2)), 0) -> 2 | H39: =IF(AND($G39>0, H$3<$F39), IF(MID($E39,H$3+1,1)="1", """", MID($E39,H$3+1,1)), IF(H$3<=$F39, IF(LEFT($E39,1)="零", "=", LEFT($E39,1)), "")) -> ㄨ | I39: =IF(AND($G39>0, I$3<$F39), IF(MID($E39,I$3+1,1)="1", """", MID($E39,I$3+1,1)), IF(I$3<=$F39, IF(LEFT($E39,1)="零", "=", LEFT($E39,1)), "")) -> ㆵ | J39: =IF(AND($G39>0, J$3<$F39), IF(MID($E39,J$3+1,1)="1", """", MID($E39,J$3+1,1)), IF(J$3<=$F39, IF(LEFT($E39,1)="零", "=", LEFT($E39,1)), "")) -> ㄅ | K39: =IF(AND($G39>0, K$3<$F39), IF(MID($E39,K$3+1,1)="1", """", MID($E39,K$3+1,1)), IF(K$3<=$F39, IF(LEFT($E39,1)="零", "=", LEFT($E39,1)), "")) | L39: =IF(AND($G39>0, L$3<$F39), IF(MID($E39,L$3+1,1)="1", """", MID($E39,L$3+1,1)), IF(L$3<=$F39, IF(LEFT($E39,1)="零", "=", LEFT($E39,1)), "")) | M39: =IF(AND($G39>0, M$3<$F39), IF(MID($E39,M$3+1,1)="1", """", MID($E39,M$3+1,1)), IF(M$3<=$F39, IF(LEFT($E39,1)="零", "=", LEFT($E39,1)), "")) | N39: =IF(AND($G39>0, N$3<$F39), IF(MID($E39,N$3+1,1)="1", """", MID($E39,N$3+1,1)), IF(N$3<=$F39, IF(LEFT($E39,1)="零", "=", LEFT($E39,1)), "")) | O39: =IF(AND($G39>0, O$3<$F39), IF(MID($E39,O$3+1,1)="1", """", MID($E39,O$3+1,1)), IF(O$3<=$F39, IF(LEFT($E39,1)="零", "=", LEFT($E39,1)), "")) | P39: =IF(AND($G39>0, P$3<$F39), IF(MID($E39,P$3+1,1)="1", """", MID($E39,P$3+1,1)), IF(P$3<=$F39, IF(LEFT($E39,1)="零", "=", LEFT($E39,1)), "")) | R39: ㄅ | S39: ㄨ | T39: ㆵ | U39: <sp>
B40: 度 | C40: 沽七地 | D40: ㄉㆦ˫ | E40: =IF(AND($D40<>"",RIGHT(C40,1)="英"),_xlfn.CONCAT($D40,"q"),IF(MID($D40,2,1)="一",_xlfn.CONCAT($D40,"1"),IF($D40="","",$D40))) -> ㄉㆦ˫ | F40: =IF(LEN($D40)=0, "", LEN($D40)) -> 3 | G40: =IFERROR( IF($R40="", "", SEARCH(LEFT($E40), $AD$2)), 0) -> 6 | H40: =IF(AND($G40>0, H$3<$F40), IF(MID($E40,H$3+1,1)="1", """", MID($E40,H$3+1,1)), IF(H$3<=$F40, IF(LEFT($E40,1)="零", "=", LEFT($E40,1)), "")) -> ㆦ | I40: =IF(AND($G40>0, I$3<$F40), IF(MID($E40,I$3+1,1)="1", """", MID($E40,I$3+1,1)), IF(I$3<=$F40, IF(LEFT($E40,1)="零", "=", LEFT($E40,1)), "")) -> ˫ | J40: =IF(AND($G40>0, J$3<$F40), IF(MID($E40,J$3+1,1)="1", """", MID($E40,J$3+1,1)), IF(J$3<=$F40, IF(LEFT($E40,1)="零", "=", LEFT($E40,1)), "")) -> ㄉ | K40: =IF(AND($G40>0, K$3<$F40), IF(MID($E40,K$3+1,1)="1", """", MID($E40,K$3+1,1)), IF(K$3<=$F40, IF(LEFT($E40,1)="零", "=", LEFT($E40,1)), "")) | L40: =IF(AND($G40>0, L$3<$F40), IF(MID($E40,L$3+1,1)="1", """", MID($E40,L$3+1,1)), IF(L$3<=$F40, IF(LEFT($E40,1)="零", "=", LEFT($E40,1)), "")) | M40: =IF(AND($G40>0, M$3<$F40), IF(MID($E40,M$3+1,1)="1", """", MID($E40,M$3+1,1)), IF(M$3<=$F40, IF(LEFT($E40,1)="零", "=", LEFT($E40,1)), "")) | N40: =IF(AND($G40>0, N$3<$F40), IF(MID($E40,N$3+1,1)="1", """", MID($E40,N$3+1,1)), IF(N$3<=$F40, IF(LEFT($E40,1)="零", "=", LEFT($E40,1)), "")) | O40: =IF(AND($G40>0, O$3<$F40), IF(MID($E40,O$3+1,1)="1", """", MID($E40,O$3+1,1)), IF(O$3<=$F40, IF(LEFT($E40,1)="零", "=", LEFT($E40,1)), "")) | P40: =IF(AND($G40>0, P$3<$F40), IF(MID($E40,P$3+1,1)="1", """", MID($E40,P$3+1,1)), IF(P$3<=$F40, IF(LEFT($E40,1)="零", "=", LEFT($E40,1)), "")) | R40: ㄉ | S40: ㆦ | T40: 5
B41: 玉 | C41: 恭八語 | D41: ㆣㄧㆦㆻ˙ | E41: =IF(AND($D41<>"",RIGHT(C41,1)="英"),_xlfn.CONCAT($D41,"q"),IF(MID($D41,2,1)="一",_xlfn.CONCAT($D41,"1"),IF($D41="","",$D41))) -> ㆣㄧㆦㆻ˙ | F41: =IF(LEN($D41)=0, "", LEN($D41)) -> 5 | G41: =IFERROR( IF($R41="", "", SEARCH(LEFT($E41), $AD$2)), 0) -> 12 | H41: =IF(AND($G41>0, H$3<$F41), IF(MID($E41,H$3+1,1)="1", """", MID($E41,H$3+1,1)), IF(H$3<=$F41, IF(LEFT($E41,1)="零", "=", LEFT($E41,1)), "")) -> ㄧ | I41: =IF(AND($G41>0, I$3<$F41), IF(MID($E41,I$3+1,1)="1", """", MID($E41,I$3+1,1)), IF(I$3<=$F41, IF(LEFT($E41,1)="零", "=", LEFT($E41,1)), "")) -> ㆦ | J41: =IF(AND($G41>0, J$3<$F41), IF(MID($E41,J$3+1,1)="1", """", MID($E41,J$3+1,1)), IF(J$3<=$F41, IF(LEFT($E41,1)="零", "=", LEFT($E41,1)), "")) -> ㆻ | K41: =IF(AND($G41>0, K$3<$F41), IF(MID($E41,K$3+1,1)="1", """", MID($E41,K$3+1,1)), IF(K$3<=$F41, IF(LEFT($E41,1)="零", "=", LEFT($E41,1)), "")) -> ˙ | L41: =IF(AND($G41>0, L$3<$F41), IF(MID($E41,L$3+1,1)="1", """", MID($E41,L$3+1,1)), IF(L$3<=$F41, IF(LEFT($E41,1)="零", "=", LEFT($E41,1)), "")) -> ㆣ | M41: =IF(AND($G41>0, M$3<$F41), IF(MID($E41,M$3+1,1)="1", """", MID($E41,M$3+1,1)), IF(M$3<=$F41, IF(LEFT($E41,1)="零", "=", LEFT($E41,1)), "")) | N41: =IF(AND($G41>0, N$3<$F41), IF(MID($E41,N$3+1,1)="1", """", MID($E41,N$3+1,1)), IF(N$3<=$F41, IF(LEFT($E41,1)="零", "=", LEFT($E41,1)), "")) | O41: =IF(AND($G41>0, O$3<$F41), IF(MID($E41,O$3+1,1)="1", """", MID($E41,O$3+1,1)), IF(O$3<=$F41, IF(LEFT($E41,1)="零", "=", LEFT($E41,1)), "")) | P41: =IF(AND($G41>0, P$3<$F41), IF(MID($E41,P$3+1,1)="1", """", MID($E41,P$3+1,1)), IF(P$3<=$F41, IF(LEFT($E41,1)="零", "=", LEFT($E41,1)), "")) | R41: ㆣ | S41: ㄧ | T41: ㆦ | U41: ㆻ | V41: 7
B42: 門 | C42: 君五門 | D42: ㆠㄨㄣˊ | E42: =IF(AND($D42<>"",RIGHT(C42,1)="英"),_xlfn.CONCAT($D42,"q"),IF(MID($D42,2,1)="一",_xlfn.CONCAT($D42,"1"),IF($D42="","",$D42))) -> ㆠㄨㄣˊ | F42: =IF(LEN($D42)=0, "", LEN($D42)) -> 4 | G42: =IFERROR( IF($R42="", "", SEARCH(LEFT($E42), $AD$2)), 0) -> 5 | H42: =IF(AND($G42>0, H$3<$F42), IF(MID($E42,H$3+1,1)="1", """", MID($E42,H$3+1,1)), IF(H$3<=$F42, IF(LEFT($E42,1)="零", "=", LEFT($E42,1)), "")) -> ㄨ | I42: =IF(AND($G42>0, I$3<$F42), IF(MID($E42,I$3+1,1)="1", """", MID($E42,I$3+1,1)), IF(I$3<=$F42, IF(LEFT($E42,1)="零", "=", LEFT($E42,1)), "")) -> ㄣ | J42: =IF(AND($G42>0, J$3<$F42), IF(MID($E42,J$3+1,1)="1", """", MID($E42,J$3+1,1)), IF(J$3<=$F42, IF(LEFT($E42,1)="零", "=", LEFT($E42,1)), "")) -> ˊ | K42: =IF(AND($G42>0, K$3<$F42), IF(MID($E42,K$3+1,1)="1", """", MID($E42,K$3+1,1)), IF(K$3<=$F42, IF(LEFT($E42,1)="零", "=", LEFT($E42,1)), "")) -> ㆠ | L42: =IF(AND($G42>0, L$3<$F42), IF(MID($E42,L$3+1,1)="1", """", MID($E42,L$3+1,1)), IF(L$3<=$F42, IF(LEFT($E42,1)="零", "=", LEFT($E42,1)), "")) | M42: =IF(AND($G42>0, M$3<$F42), IF(MID($E42,M$3+1,1)="1", """", MID($E42,M$3+1,1)), IF(M$3<=$F42, IF(LEFT($E42,1)="零", "=", LEFT($E42,1)), "")) | N42: =IF(AND($G42>0, N$3<$F42), IF(MID($E42,N$3+1,1)="1", """", MID($E42,N$3+1,1)), IF(N$3<=$F42, IF(LEFT($E42,1)="零", "=", LEFT($E42,1)), "")) | O42: =IF(AND($G42>0, O$3<$F42), IF(MID($E42,O$3+1,1)="1", """", MID($E42,O$3+1,1)), IF(O$3<=$F42, IF(LEFT($E42,1)="零", "=", LEFT($E42,1)), "")) | P42: =IF(AND($G42>0, P$3<$F42), IF(MID($E42,P$3+1,1)="1", """", MID($E42,P$3+1,1)), IF(P$3<=$F42, IF(LEFT($E42,1)="零", "=", LEFT($E42,1)), "")) | R42: ㆠ | S42: ㄨ | T42: ㄣ | U42: 6
B43: 關 | C43: 觀一求 | D43: ㄍㄨㄢ | E43: =IF(AND($D43<>"",RIGHT(C43,1)="英"),_xlfn.CONCAT($D43,"q"),IF(MID($D43,2,1)="一",_xlfn.CONCAT($D43,"1"),IF($D43="","",$D43))) -> ㄍㄨㄢ | F43: =IF(LEN($D43)=0, "", LEN($D43)) -> 3 | G43: =IFERROR( IF($R43="", "", SEARCH(LEFT($E43), $AD$2)), 0) -> 10 | H43: =IF(AND($G43>0, H$3<$F43), IF(MID($E43,H$3+1,1)="1", """", MID($E43,H$3+1,1)), IF(H$3<=$F43, IF(LEFT($E43,1)="零", "=", LEFT($E43,1)), "")) -> ㄨ | I43: =IF(AND($G43>0, I$3<$F43), IF(MID($E43,I$3+1,1)="1", """", MID($E43,I$3+1,1)), IF(I$3<=$F43, IF(LEFT($E43,1)="零", "=", LEFT($E43,1)), "")) -> ㄢ | J43: =IF(AND($G43>0, J$3<$F43), IF(MID($E43,J$3+1,1)="1", """", MID($E43,J$3+1,1)), IF(J$3<=$F43, IF(LEFT($E43,1)="零", "=", LEFT($E43,1)), "")) -> ㄍ | K43: =IF(AND($G43>0, K$3<$F43), IF(MID($E43,K$3+1,1)="1", """", MID($E43,K$3+1,1)), IF(K$3<=$F43, IF(LEFT($E43,1)="零", "=", LEFT($E43,1)), "")) | L43: =IF(AND($G43>0, L$3<$F43), IF(MID($E43,L$3+1,1)="1", """", MID($E43,L$3+1,1)), IF(L$3<=$F43, IF(LEFT($E43,1)="零", "=", LEFT($E43,1)), "")) | M43: =IF(AND($G43>0, M$3<$F43), IF(MID($E43,M$3+1,1)="1", """", MID($E43,M$3+1,1)), IF(M$3<=$F43, IF(LEFT($E43,1)="零", "=", LEFT($E43,1)), "")) | N43: =IF(AND($G43>0, N$3<$F43), IF(MID($E43,N$3+1,1)="1", """", MID($E43,N$3+1,1)), IF(N$3<=$F43, IF(LEFT($E43,1)="零", "=", LEFT($E43,1)), "")) | O43: =IF(AND($G43>0, O$3<$F43), IF(MID($E43,O$3+1,1)="1", """", MID($E43,O$3+1,1)), IF(O$3<=$F43, IF(LEFT($E43,1)="零", "=", LEFT($E43,1)), "")) | P43: =IF(AND($G43>0, P$3<$F43), IF(MID($E43,P$3+1,1)="1", """", MID($E43,P$3+1,1)), IF(P$3<=$F43, IF(LEFT($E43,1)="零", "=", LEFT($E43,1)), "")) | R43: ㄍ | S43: ㄨ | T43: ㄢ | U43: <sp>
B44: 。 | E44: =IF(AND($D44<>"",RIGHT(C44,1)="英"),_xlfn.CONCAT($D44,"q"),IF(MID($D44,2,1)="一",_xlfn.CONCAT($D44,"1"),IF($D44="","",$D44))) | F44: =IF(LEN($D44)=0, "", LEN($D44)) | G44: =IFERROR( IF($R44="", "", SEARCH(LEFT($E44), $AD$2)), 0) | H44: =IF(AND($G44>0, H$3<$F44), IF(MID($E44,H$3+1,1)="1", """", MID($E44,H$3+1,1)), IF(H$3<=$F44, IF(LEFT($E44,1)="零", "=", LEFT($E44,1)), "")) | I44: =IF(AND($G44>0, I$3<$F44), IF(MID($E44,I$3+1,1)="1", """", MID($E44,I$3+1,1)), IF(I$3<=$F44, IF(LEFT($E44,1)="零", "=", LEFT($E44,1)), "")) | J44: =IF(AND($G44>0, J$3<$F44), IF(MID($E44,J$3+1,1)="1", """", MID($E44,J$3+1,1)), IF(J$3<=$F44, IF(LEFT($E44,1)="零", "=", LEFT($E44,1)), "")) | K44: =IF(AND($G44>0, K$3<$F44), IF(MID($E44,K$3+1,1)="1", """", MID($E44,K$3+1,1)), IF(K$3<=$F44, IF(LEFT($E44,1)="零", "=", LEFT($E44,1)), "")) | L44: =IF(AND($G44>0, L$3<$F44), IF(MID($E44,L$3+1,1)="1", """", MID($E44,L$3+1,1)), IF(L$3<=$F44, IF(LEFT($E44,1)="零", "=", LEFT($E44,1)), "")) | M44: =IF(AND($G44>0, M$3<$F44), IF(MID($E44,M$3+1,1)="1", """", MID($E44,M$3+1,1)), IF(M$3<=$F44, IF(LEFT($E44,1)="零", "=", LEFT($E44,1)), "")) | N44: =IF(AND($G44>0, N$3<$F44), IF(MID($E44,N$3+1,1)="1", """", MID($E44,N$3+1,1)), IF(N$3<=$F44, IF(LEFT($E44,1)="零", "=", LEFT($E44,1)), "")) | O44: =IF(AND($G44>0, O$3<$F44), IF(MID($E44,O$3+1,1)="1", """", MID($E44,O$3+1,1)), IF(O$3<=$F44, IF(LEFT($E44,1)="零", "=", LEFT($E44,1)), "")) | P44: =IF(AND($G44>0, P$3<$F44), IF(MID($E44,P$3+1,1)="1", """", MID($E44,P$3+1,1)), IF(P$3<=$F44, IF(LEFT($E44,1)="零", "=", LEFT($E44,1)), ""))

Sheet 打字練習表 (進階)
B2: 聲母
B4: 濁聲母
B5: 漢字 | C5: 注音符號/ 羅馬字母拼音 | D5: 字母 | E5: 鍵盤按鍵
E6: 1 | F6: 2 | G6: 3 | H6: 4 | I6: 5 | J6: 6 | K6: 7 | L6: 8 | M6: 9
B7: 幫 | C7: ㄅㄤ | D7: =IF( LEN(C7)>0, LEN(C7), "") -> 2 | E7: {=IF(E$30>($D7+1),"",IF(E$30=($D7+1), _xlfn.IFNA(INDEX(音調表!$J$3:$J$10, MATCH(TRUE, EXACT(MID($C7,E$30,1), 音調表!$I$3:$I$10),0)),""),MID($C7,E$30,1)))} -> ㄅ | F7: {=IF(F$30>($D7+1),"",IF(F$30=($D7+1), _xlfn.IFNA(INDEX(音調表!$J$3:$J$10, MATCH(TRUE, EXACT(MID($C7,F$30,1), 音調表!$I$3:$I$10),0)),""),MID($C7,F$30,1)))} -> ㄤ | G7: {=IF(G$30>($D7+1),"",IF(G$30=($D7+1), _xlfn.IFNA(INDEX(音調表!$J$3:$J$10, MATCH(TRUE, EXACT(MID($C7,G$30,1), 音調表!$I$3:$I$10),0)),""),MID($C7,G$30,1)))} -> " | H7: {=IF(H$30>($D7+1),"",IF(H$30=($D7+1), _xlfn.IFNA(INDEX(音調表!$J$3:$J$10, MATCH(TRUE, EXACT(MID($C7,H$30,1), 音調表!$I$3:$I$10),0)),""),MID($C7,H$30,1)))} | I7: {=IF(I$30>($D7+1),"",IF(I$30=($D7+1), _xlfn.IFNA(INDEX(音調表!$J$3:$J$10, MATCH(TRUE, EXACT(MID($C7,I$30,1), 音調表!$I$3:$I$10),0)),""),MID($C7,I$30,1)))} | J7: {=IF(J$30>($D7+1),"",IF(J$30=($D7+1), _xlfn.IFNA(INDEX(音調表!$J$3:$J$10, MATCH(TRUE, EXACT(MID($C7,J$30,1), 音調表!$I$3:$I$10),0)),""),MID($C7,J$30,1)))} | K7: {=IF(K$30>($D7+1),"",IF(K$30=($D7+1), _xlfn.IFNA(INDEX(音調表!$J$3:$J$10, MATCH(TRUE, EXACT(MID($C7,K$30,1), 音調表!$I$3:$I$10),0)),""),MID($C7,K$30,1)))} | L7: {=IF(L$30>($D7+1),"",IF(L$30=($D7+1), _xlfn.IFNA(INDEX(音調表!$J$3:$J$10, MATCH(TRUE, EXACT(MID($C7,L$30,1), 音調表!$I$3:$I$10),0)),""),MID($C7,L$30,1)))} | M7: {=IF(M$30>($D7+1),"",IF(M$30=($D7+1), _xlfn.IFNA(INDEX(音調表!$J$3:$J$10, MATCH(TRUE, EXACT(MID($C7,M$30,1), 音調表!$I$3:$I$10),0)),""),MID($C7,M$30,1)))}
B8: 美 | C8: ㆠㄧˋ | D8: =IF( LEN(C8)>0, LEN(C8), "") -> 3 | E8: {=IF(E$30>($D8+1),"",IF(E$30=($D8+1), _xlfn.IFNA(INDEX(音調表!$J$3:$J$10, MATCH(TRUE, EXACT(MID($C8,E$30,1), 音調表!$I$3:$I$10),0)),""),MID($C8,E$30,1)))} -> ㆠ | F8: {=IF(F$30>($D8+1),"",IF(F$30=($D8+1), _xlfn.IFNA(INDEX(音調表!$J$3:$J$10, MATCH(TRUE, EXACT(MID($C8,F$30,1), 音調表!$I$3:$I$10),0)),""),MID($C8,F$30,1)))} -> ㄧ | G8: {=IF(G$30>($D8+1),"",IF(G$30=($D8+1), _xlfn.IFNA(INDEX(音調表!$J$3:$J$10, MATCH(TRUE, EXACT(MID($C8,G$30,1), 音調表!$I$3:$I$10),0)),""),MID($C8,G$30,1)))} -> ˋ | H8: {=IF(H$30>($D8+1),"",IF(H$30=($D8+1), _xlfn.IFNA(INDEX(音調表!$J$3:$J$10, MATCH(TRUE, EXACT(MID($C8,H$30,1), 音調表!$I$3:$I$10),0)),""),MID($C8,H$30,1)))} -> " | I8: {=IF(I$30>($D8+1),"",IF(I$30=($D8+1), _xlfn.IFNA(INDEX(音調表!$J$3:$J$10, MATCH(TRUE, EXACT(MID($C8,I$30,1), 音調表!$I$3:$I$10),0)),""),MID($C8,I$30,1)))} | J8: {=IF(J$30>($D8+1),"",IF(J$30=($D8+1), _xlfn.IFNA(INDEX(音調表!$J$3:$J$10, MATCH(TRUE, EXACT(MID($C8,J$30,1), 音調表!$I$3:$I$10),0)),""),MID($C8,J$30,1)))} | K8: {=IF(K$30>($D8+1),"",IF(K$30=($D8+1), _xlfn.IFNA(INDEX(音調表!$J$3:$J$10, MATCH(TRUE, EXACT(MID($C8,K$30,1), 音調表!$I$3:$I$10),0)),""),MID($C8,K$30,1)))} | L8: {=IF(L$30>($D8+1),"",IF(L$30=($D8+1), _xlfn.IFNA(INDEX(音調表!$J$3:$J$10, MATCH(TRUE, EXACT(MID($C8,L$30,1), 音調表!$I$3:$I$10),0)),""),MID($C8,L$30,1)))} | M8: {=IF(M$30>($D8+1),"",IF(M$30=($D8+1), _xlfn.IFNA(INDEX(音調表!$J$3:$J$10, MATCH(TRUE, EXACT(MID($C8,M$30,1), 音調表!$I$3:$I$10),0)),""),MID($C8,M$30,1)))}
B9: 見 | C9: ㄍㆪ˪ | D9: =IF( LEN(C9)>0, LEN(C9), "") -> 3 | E9: {=IF(E$30>($D9+1),"",IF(E$30=($D9+1), _xlfn.IFNA(INDEX(音調表!$J$3:$J$10, MATCH(TRUE, EXACT(MID($C9,E$30,1), 音調表!$I$3:$I$10),0)),""),MID($C9,E$30,1)))} -> ㄍ | F9: {=IF(F$30>($D9+1),"",IF(F$30=($D9+1), _xlfn.IFNA(INDEX(音調表!$J$3:$J$10, MATCH(TRUE, EXACT(MID($C9,F$30,1), 音調表!$I$3:$I$10),0)),""),MID($C9,F$30,1)))} -> ㆪ | G9: {=IF(G$30>($D9+1),"",IF(G$30=($D9+1), _xlfn.IFNA(INDEX(音調表!$J$3:$J$10, MATCH(TRUE, EXACT(MID($C9,G$30,1), 音調表!$I$3:$I$10),0)),""),MID($C9,G$30,1)))} -> ˪ | H9: {=IF(H$30>($D9+1),"",IF(H$30=($D9+1), _xlfn.IFNA(INDEX(音調表!$J$3:$J$10, MATCH(TRUE, EXACT(MID($C9,H$30,1), 音調表!$I$3:$I$10),0)),""),MID($C9,H$30,1)))} -> " | I9: {=IF(I$30>($D9+1),"",IF(I$30=($D9+1), _xlfn.IFNA(INDEX(音調表!$J$3:$J$10, MATCH(TRUE, EXACT(MID($C9,I$30,1), 音調表!$I$3:$I$10),0)),""),MID($C9,I$30,1)))} | J9: {=IF(J$30>($D9+1),"",IF(J$30=($D9+1), _xlfn.IFNA(INDEX(音調表!$J$3:$J$10, MATCH(TRUE, EXACT(MID($C9,J$30,1), 音調表!$I$3:$I$10),0)),""),MID($C9,J$30,1)))} | K9: {=IF(K$30>($D9+1),"",IF(K$30=($D9+1), _xlfn.IFNA(INDEX(音調表!$J$3:$J$10, MATCH(TRUE, EXACT(MID($C9,K$30,1), 音調表!$I$3:$I$10),0)),""),MID($C9,K$30,1)))} | L9: {=IF(L$30>($D9+1),"",IF(L$30=($D9+1), _xlfn.IFNA(INDEX(音調表!$J$3:$J$10, MATCH(TRUE, EXACT(MID($C9,L$30,1), 音調表!$I$3:$I$10),0)),""),MID($C9,L$30,1)))} | M9: {=IF(M$30>($D9+1),"",IF(M$30=($D9+1), _xlfn.IFNA(INDEX(音調表!$J$3:$J$10, MATCH(TRUE, EXACT(MID($C9,M$30,1), 音調表!$I$3:$I$10),0)),""),MID($C9,M$30,1)))}
B10: 疑 | C10: ㆣㄧˊ | D10: =IF( LEN(C10)>0, LEN(C10), "") -> 3 | E10: {=IF(E$30>($D10+1),"",IF(E$30=($D10+1), _xlfn.IFNA(INDEX(音調表!$J$3:$J$10, MATCH(TRUE, EXACT(MID($C10,E$30,1), 音調表!$I$3:$I$10),0)),""),MID($C10,E$30,1)))} -> ㆣ | F10: {=IF(F$30>($D10+1),"",IF(F$30=($D10+1), _xlfn.IFNA(INDEX(音調表!$J$3:$J$10, MATCH(TRUE, EXACT(MID($C10,F$30,1), 音調表!$I$3:$I$10),0)),""),MID($C10,F$30,1)))} -> ㄧ | G10: {=IF(G$30>($D10+1),"",IF(G$30=($D10+1), _xlfn.IFNA(INDEX(音調表!$J$3:$J$10, MATCH(TRUE, EXACT(MID($C10,G$30,1), 音調表!$I$3:$I$10),0)),""),MID($C10,G$30,1)))} -> ˊ | H10: {=IF(H$30>($D10+1),"",IF(H$30=($D10+1), _xlfn.IFNA(INDEX(音調表!$J$3:$J$10, MATCH(TRUE, EXACT(MID($C10,H$30,1), 音調表!$I$3:$I$10),0)),""),MID($C10,H$30,1)))} -> " | I10: {=IF(I$30>($D10+1),"",IF(I$30=($D10+1), _xlfn.IFNA(INDEX(音調表!$J$3:$J$10, MATCH(TRUE, EXACT(MID($C10,I$30,1), 音調表!$I$3:$I$10),0)),""),MID($C10,I$30,1)))} | J10: {=IF(J$30>($D10+1),"",IF(J$30=($D10+1), _xlfn.IFNA(INDEX(音調表!$J$3:$J$10, MATCH(TRUE, EXACT(MID($C10,J$30,1), 音調表!$I$3:$I$10),0)),""),MID($C10,J$30,1)))} | K10: {=IF(K$30>($D10+1),"",IF(K$30=($D10+1), _xlfn.IFNA(INDEX(音調表!$J$3:$J$10, MATCH(TRUE, EXACT(MID($C10,K$30,1), 音調表!$I$3:$I$10),0)),""),MID($C10,K$30,1)))} | L10: {=IF(L$30>($D10+1),"",IF(L$30=($D10+1), _xlfn.IFNA(INDEX(音調表!$J$3:$J$10, MATCH(TRUE, EXACT(MID($C10,L$30,1), 音調表!$I$3:$I$10),0)),""),MID($C10,L$30,1)))} | M10: {=IF(M$30>($D10+1),"",IF(M$30=($D10+1), _xlfn.IFNA(INDEX(音調表!$J$3:$J$10, MATCH(TRUE, EXACT(MID($C10,M$30,1), 音調表!$I$3:$I$10),0)),""),MID($C10,M$30,1)))}
B11: 莊 | C11: ㄗㆭ | D11: =IF( LEN(C11)>0, LEN(C11), "") -> 2 | E11: {=IF(E$30>($D11+1),"",IF(E$30=($D11+1), _xlfn.IFNA(INDEX(音調表!$J$3:$J$10, MATCH(TRUE, EXACT(MID($C11,E$30,1), 音調表!$I$3:$I$10),0)),""),MID($C11,E$30,1)))} -> ㄗ | F11: {=IF(F$30>($D11+1),"",IF(F$30=($D11+1), _xlfn.IFNA(INDEX(音調表!$J$3:$J$10, MATCH(TRUE, EXACT(MID($C11,F$30,1), 音調表!$I$3:$I$10),0)),""),MID($C11,F$30,1)))} -> ㆭ | G11: {=IF(G$30>($D11+1),"",IF(G$30=($D11+1), _xlfn.IFNA(INDEX(音調表!$J$3:$J$10, MATCH(TRUE, EXACT(MID($C11,G$30,1), 音調表!$I$3:$I$10),0)),""),MID($C11,G$30,1)))} -> " | H11: {=IF(H$30>($D11+1),"",IF(H$30=($D11+1), _xlfn.IFNA(INDEX(音調表!$J$3:$J$10, MATCH(TRUE, EXACT(MID($C11,H$30,1), 音調表!$I$3:$I$10),0)),""),MID($C11,H$30,1)))} | I11: {=IF(I$30>($D11+1),"",IF(I$30=($D11+1), _xlfn.IFNA(INDEX(音調表!$J$3:$J$10, MATCH(TRUE, EXACT(MID($C11,I$30,1), 音調表!$I$3:$I$10),0)),""),MID($C11,I$30,1)))} | J11: {=IF(J$30>($D11+1),"",IF(J$30=($D11+1), _xlfn.IFNA(INDEX(音調表!$J$3:$J$10, MATCH(TRUE, EXACT(MID($C11,J$30,1), 音調表!$I$3:$I$10),0)),""),MID($C11,J$30,1)))} | K11: {=IF(K$30>($D11+1),"",IF(K$30=($D11+1), _xlfn.IFNA(INDEX(音調表!$J$3:$J$10, MATCH(TRUE, EXACT(MID($C11,K$30,1), 音調表!$I$3:$I$10),0)),""),MID($C11,K$30,1)))} | L11: {=IF(L$30>($D11+1),"",IF(L$30=($D11+1), _xlfn.IFNA(INDEX(音調表!$J$3:$J$10, MATCH(TRUE, EXACT(MID($C11,L$30,1), 音調表!$I$3:$I$10),0)),""),MID($C11,L$30,1)))} | M11: {=IF(M$30>($D11+1),"",IF(M$30=($D11+1), _xlfn.IFNA(INDEX(音調表!$J$3:$J$10, MATCH(TRUE, EXACT(MID($C11,M$30,1), 音調表!$I$3:$I$10),0)),""),MID($C11,M$30,1)))}
B12: 熱 | C12: ㆡㄨㄚㆷ˙ | D12: =IF( LEN(C12)>0, LEN(C12), "") -> 5 | E12: {=IF(E$30>($D12+1),"",IF(E$30=($D12+1), _xlfn.IFNA(INDEX(音調表!$J$3:$J$10, MATCH(TRUE, EXACT(MID($C12,E$30,1), 音調表!$I$3:$I$10),0)),""),MID($C12,E$30,1)))} -> ㆡ | F12: {=IF(F$30>($D12+1),"",IF(F$30=($D12+1), _xlfn.IFNA(INDEX(音調表!$J$3:$J$10, MATCH(TRUE, EXACT(MID($C12,F$30,1), 音調表!$I$3:$I$10),0)),""),MID($C12,F$30,1)))} -> ㄨ | G12: {=IF(G$30>($D12+1),"",IF(G$30=($D12+1), _xlfn.IFNA(INDEX(音調表!$J$3:$J$10, MATCH(TRUE, EXACT(MID($C12,G$30,1), 音調表!$I$3:$I$10),0)),""),MID($C12,G$30,1)))} -> ㄚ | H12: {=IF(H$30>($D12+1),"",IF(H$30=($D12+1), _xlfn.IFNA(INDEX(音調表!$J$3:$J$10, MATCH(TRUE, EXACT(MID($C12,H$30,1), 音調表!$I$3:$I$10),0)),""),MID($C12,H$30,1)))} -> ㆷ | I12: {=IF(I$30>($D12+1),"",IF(I$30=($D12+1), _xlfn.IFNA(INDEX(音調表!$J$3:$J$10, MATCH(TRUE, EXACT(MID($C12,I$30,1), 音調表!$I$3:$I$10),0)),""),MID($C12,I$30,1)))} -> ˙ | J12: {=IF(J$30>($D12+1),"",IF(J$30=($D12+1), _xlfn.IFNA(INDEX(音調表!$J$3:$J$10, MATCH(TRUE, EXACT(MID($C12,J$30,1), 音調表!$I$3:$I$10),0)),""),MID($C12,J$30,1)))} -> " | K12: {=IF(K$30>($D12+1),"",IF(K$30=($D12+1), _xlfn.IFNA(INDEX(音調表!$J$3:$J$10, MATCH(TRUE, EXACT(MID($C12,K$30,1), 音調表!$I$3:$I$10),0)),""),MID($C12,K$30,1)))} | L12: {=IF(L$30>($D12+1),"",IF(L$30=($D12+1), _xlfn.IFNA(INDEX(音調表!$J$3:$J$10, MATCH(TRUE, EXACT(MID($C12,L$30,1), 音調表!$I$3:$I$10),0)),""),MID($C12,L$30,1)))} | M12: {=IF(M$30>($D12+1),"",IF(M$30=($D12+1), _xlfn.IFNA(INDEX(音調表!$J$3:$J$10, MATCH(TRUE, EXACT(MID($C12,M$30,1), 音調表!$I$3:$I$10),0)),""),MID($C12,M$30,1)))}
B14: 齿齦音 + 一 【轉】齦顎音（ㄗㄧ ==>ㄐ / ㄘㄧ ==> ㄑ / ㄙㄧ ==> ㄒ / ㆡㄧ ==> ㆢ）
B15: 漢字 | C15: 注音符號/ 羅馬字母拼音 | D15: 字母 | E15: 鍵盤按鍵
E16: 1 | F16: 2 | G16: 3 | H16: 4 | I16: 5 | J16: 6 | K16: 7 | L16: 8 | M16: 9
B17: 莊 | C17: ㄗㆭ | D17: =IF( LEN(C17)>0, LEN(C17), "") -> 2 | E17: {=IF(E$30>($D17+1),"",IF(E$30=($D17+1), _xlfn.IFNA(INDEX(音調表!$J$3:$J$10, MATCH(TRUE, EXACT(MID($C17,E$30,1), 音調表!$I$3:$I$10),0)),""),MID($C17,E$30,1)))} -> ㄗ | F17: {=IF(F$30>($D17+1),"",IF(F$30=($D17+1), _xlfn.IFNA(INDEX(音調表!$J$3:$J$10, MATCH(TRUE, EXACT(MID($C17,F$30,1), 音調表!$I$3:$I$10),0)),""),MID($C17,F$30,1)))} -> ㆭ | G17: {=IF(G$30>($D17+1),"",IF(G$30=($D17+1), _xlfn.IFNA(INDEX(音調表!$J$3:$J$10, MATCH(TRUE, EXACT(MID($C17,G$30,1), 音調表!$I$3:$I$10),0)),""),MID($C17,G$30,1)))} -> " | H17: {=IF(H$30>($D17+1),"",IF(H$30=($D17+1), _xlfn.IFNA(INDEX(音調表!$J$3:$J$10, MATCH(TRUE, EXACT(MID($C17,H$30,1), 音調表!$I$3:$I$10),0)),""),MID($C17,H$30,1)))} | I17: {=IF(I$30>($D17+1),"",IF(I$30=($D17+1), _xlfn.IFNA(INDEX(音調表!$J$3:$J$10, MATCH(TRUE, EXACT(MID($C17,I$30,1), 音調表!$I$3:$I$10),0)),""),MID($C17,I$30,1)))} | J17: {=IF(J$30>($D17+1),"",IF(J$30=($D17+1), _xlfn.IFNA(INDEX(音調表!$J$3:$J$10, MATCH(TRUE, EXACT(MID($C17,J$30,1), 音調表!$I$3:$I$10),0)),""),MID($C17,J$30,1)))} | K17: {=IF(K$30>($D17+1),"",IF(K$30=($D17+1), _xlfn.IFNA(INDEX(音調表!$J$3:$J$10, MATCH(TRUE, EXACT(MID($C17,K$30,1), 音調表!$I$3:$I$10),0)),""),MID($C17,K$30,1)))} | L17: {=IF(L$30>($D17+1),"",IF(L$30=($D17+1), _xlfn.IFNA(INDEX(音調表!$J$3:$J$10, MATCH(TRUE, EXACT(MID($C17,L$30,1), 音調表!$I$3:$I$10),0)),""),MID($C17,L$30,1)))} | M17: {=IF(M$30>($D17+1),"",IF(M$30=($D17+1), _xlfn.IFNA(INDEX(音調表!$J$3:$J$10, MATCH(TRUE, EXACT(MID($C17,M$30,1), 音調表!$I$3:$I$10),0)),""),MID($C17,M$30,1)))}
B18: 精 | C18: ㄐㄧㄥ | D18: =IF( LEN(C18)>0, LEN(C18), "") -> 3 | E18: {=IF(E$30>($D18+1),"",IF(E$30=($D18+1), _xlfn.IFNA(INDEX(音調表!$J$3:$J$10, MATCH(TRUE, EXACT(MID($C18,E$30,1), 音調表!$I$3:$I$10),0)),""),MID($C18,E$30,1)))} -> ㄐ | F18: {=IF(F$30>($D18+1),"",IF(F$30=($D18+1), _xlfn.IFNA(INDEX(音調表!$J$3:$J$10, MATCH(TRUE, EXACT(MID($C18,F$30,1), 音調表!$I$3:$I$10),0)),""),MID($C18,F$30,1)))} -> ㄧ | G18: {=IF(G$30>($D18+1),"",IF(G$30=($D18+1), _xlfn.IFNA(INDEX(音調表!$J$3:$J$10, MATCH(TRUE, EXACT(MID($C18,G$30,1), 音調表!$I$3:$I$10),0)),""),MID($C18,G$30,1)))} -> ㄥ | H18: {=IF(H$30>($D18+1),"",IF(H$30=($D18+1), _xlfn.IFNA(INDEX(音調表!$J$3:$J$10, MATCH(TRUE, EXACT(MID($C18,H$30,1), 音調表!$I$3:$I$10),0)),""),MID($C18,H$30,1)))} -> " | I18: {=IF(I$30>($D18+1),"",IF(I$30=($D18+1), _xlfn.IFNA(INDEX(音調表!$J$3:$J$10, MATCH(TRUE, EXACT(MID($C18,I$30,1), 音調表!$I$3:$I$10),0)),""),MID($C18,I$30,1)))} | J18: {=IF(J$30>($D18+1),"",IF(J$30=($D18+1), _xlfn.IFNA(INDEX(音調表!$J$3:$J$10, MATCH(TRUE, EXACT(MID($C18,J$30,1), 音調表!$I$3:$I$10),0)),""),MID($C18,J$30,1)))} | K18: {=IF(K$30>($D18+1),"",IF(K$30=($D18+1), _xlfn.IFNA(INDEX(音調表!$J$3:$J$10, MATCH(TRUE, EXACT(MID($C18,K$30,1), 音調表!$I$3:$I$10),0)),""),MID($C18,K$30,1)))} | L18: {=IF(L$30>($D18+1),"",IF(L$30=($D18+1), _xlfn.IFNA(INDEX(音調表!$J$3:$J$10, MATCH(TRUE, EXACT(MID($C18,L$30,1), 音調表!$I$3:$I$10),0)),""),MID($C18,L$30,1)))} | M18: {=IF(M$30>($D18+1),"",IF(M$30=($D18+1), _xlfn.IFNA(INDEX(音調表!$J$3:$J$10, MATCH(TRUE, EXACT(MID($C18,M$30,1), 音調表!$I$3:$I$10),0)),""),MID($C18,M$30,1)))}
B19: 初 | C19: ㄘㆦ | D19: =IF( LEN(C19)>0, LEN(C19), "") -> 2 | E19: {=IF(E$30>($D19+1),"",IF(E$30=($D19+1), _xlfn.IFNA(INDEX(音調表!$J$3:$J$10, MATCH(TRUE, EXACT(MID($C19,E$30,1), 音調表!$I$3:$I$10),0)),""),MID($C19,E$30,1)))} -> ㄘ | F19: {=IF(F$30>($D19+1),"",IF(F$30=($D19+1), _xlfn.IFNA(INDEX(音調表!$J$3:$J$10, MATCH(TRUE, EXACT(MID($C19,F$30,1), 音調表!$I$3:$I$10),0)),""),MID($C19,F$30,1)))} -> ㆦ | G19: {=IF(G$30>($D19+1),"",IF(G$30=($D19+1), _xlfn.IFNA(INDEX(音調表!$J$3:$J$10, MATCH(TRUE, EXACT(MID($C19,G$30,1), 音調表!$I$3:$I$10),0)),""),MID($C19,G$30,1)))} -> " | H19: {=IF(H$30>($D19+1),"",IF(H$30=($D19+1), _xlfn.IFNA(INDEX(音調表!$J$3:$J$10, MATCH(TRUE, EXACT(MID($C19,H$30,1), 音調表!$I$3:$I$10),0)),""),MID($C19,H$30,1)))} | I19: {=IF(I$30>($D19+1),"",IF(I$30=($D19+1), _xlfn.IFNA(INDEX(音調表!$J$3:$J$10, MATCH(TRUE, EXACT(MID($C19,I$30,1), 音調表!$I$3:$I$10),0)),""),MID($C19,I$30,1)))} | J19: {=IF(J$30>($D19+1),"",IF(J$30=($D19+1), _xlfn.IFNA(INDEX(音調表!$J$3:$J$10, MATCH(TRUE, EXACT(MID($C19,J$30,1), 音調表!$I$3:$I$10),0)),""),MID($C19,J$30,1)))} | K19: {=IF(K$30>($D19+1),"",IF(K$30=($D19+1), _xlfn.IFNA(INDEX(音調表!$J$3:$J$10, MATCH(TRUE, EXACT(MID($C19,K$30,1), 音調表!$I$3:$I$10),0)),""),MID($C19,K$30,1)))} | L19: {=IF(L$30>($D19+1),"",IF(L$30=($D19+1), _xlfn.IFNA(INDEX(音調表!$J$3:$J$10, MATCH(TRUE, EXACT(MID($C19,L$30,1), 音調表!$I$3:$I$10),0)),""),MID($C19,L$30,1)))} | M19: {=IF(M$30>($D19+1),"",IF(M$30=($D19+1), _xlfn.IFNA(INDEX(音調表!$J$3:$J$10, MATCH(TRUE, EXACT(MID($C19,M$30,1), 音調表!$I$3:$I$10),0)),""),MID($C19,M$30,1)))}
B20: 清 | C20: ㄑㄧㄥ | D20: =IF( LEN(C20)>0, LEN(C20), "") -> 3 | E20: {=IF(E$30>($D20+1),"",IF(E$30=($D20+1), _xlfn.IFNA(INDEX(音調表!$J$3:$J$10, MATCH(TRUE, EXACT(MID($C20,E$30,1), 音調表!$I$3:$I$10),0)),""),MID($C20,E$30,1)))} -> ㄑ | F20: {=IF(F$30>($D20+1),"",IF(F$30=($D20+1), _xlfn.IFNA(INDEX(音調表!$J$3:$J$10, MATCH(TRUE, EXACT(MID($C20,F$30,1), 音調表!$I$3:$I$10),0)),""),MID($C20,F$30,1)))} -> ㄧ | G20: {=IF(G$30>($D20+1),"",IF(G$30=($D20+1), _xlfn.IFNA(INDEX(音調表!$J$3:$J$10, MATCH(TRUE, EXACT(MID($C20,G$30,1), 音調表!$I$3:$I$10),0)),""),MID($C20,G$30,1)))} -> ㄥ | H20: {=IF(H$30>($D20+1),"",IF(H$30=($D20+1), _xlfn.IFNA(INDEX(音調表!$J$3:$J$10, MATCH(TRUE, EXACT(MID($C20,H$30,1), 音調表!$I$3:$I$10),0)),""),MID($C20,H$30,1)))} -> " | I20: {=IF(I$30>($D20+1),"",IF(I$30=($D20+1), _xlfn.IFNA(INDEX(音調表!$J$3:$J$10, MATCH(TRUE, EXACT(MID($C20,I$30,1), 音調表!$I$3:$I$10),0)),""),MID($C20,I$30,1)))} | J20: {=IF(J$30>($D20+1),"",IF(J$30=($D20+1), _xlfn.IFNA(INDEX(音調表!$J$3:$J$10, MATCH(TRUE, EXACT(MID($C20,J$30,1), 音調表!$I$3:$I$10),0)),""),MID($C20,J$30,1)))} | K20: {=IF(K$30>($D20+1),"",IF(K$30=($D20+1), _xlfn.IFNA(INDEX(音調表!$J$3:$J$10, MATCH(TRUE, EXACT(MID($C20,K$30,1), 音調表!$I$3:$I$10),0)),""),MID($C20,K$30,1)))} | L20: {=IF(L$30>($D20+1),"",IF(L$30=($D20+1), _xlfn.IFNA(INDEX(音調表!$J$3:$J$10, MATCH(TRUE, EXACT(MID($C20,L$30,1), 音調表!$I$3:$I$10),0)),""),MID($C20,L$30,1)))} | M20: {=IF(M$30>($D20+1),"",IF(M$30=($D20+1), _xlfn.IFNA(INDEX(音調表!$J$3:$J$10, MATCH(TRUE, EXACT(MID($C20,M$30,1), 音調表!$I$3:$I$10),0)),""),MID($C20,M$30,1)))}
B21: 舒 | C21: ㄙㆦ | D21: =IF( LEN(C21)>0, LEN(C21), "") -> 2 | E21: {=IF(E$30>($D21+1),"",IF(E$30=($D21+1), _xlfn.IFNA(INDEX(音調表!$J$3:$J$10, MATCH(TRUE, EXACT(MID($C21,E$30,1), 音調表!$I$3:$I$10),0)),""),MID($C21,E$30,1)))} -> ㄙ | F21: {=IF(F$30>($D21+1),"",IF(F$30=($D21+1), _xlfn.IFNA(INDEX(音調表!$J$3:$J$10, MATCH(TRUE, EXACT(MID($C21,F$30,1), 音調表!$I$3:$I$10),0)),""),MID($C21,F$30,1)))} -> ㆦ | G21: {=IF(G$30>($D21+1),"",IF(G$30=($D21+1), _xlfn.IFNA(INDEX(音調表!$J$3:$J$10, MATCH(TRUE, EXACT(MID($C21,G$30,1), 音調表!$I$3:$I$10),0)),""),MID($C21,G$30,1)))} -> " | H21: {=IF(H$30>($D21+1),"",IF(H$30=($D21+1), _xlfn.IFNA(INDEX(音調表!$J$3:$J$10, MATCH(TRUE, EXACT(MID($C21,H$30,1), 音調表!$I$3:$I$10),0)),""),MID($C21,H$30,1)))} | I21: {=IF(I$30>($D21+1),"",IF(I$30=($D21+1), _xlfn.IFNA(INDEX(音調表!$J$3:$J$10, MATCH(TRUE, EXACT(MID($C21,I$30,1), 音調表!$I$3:$I$10),0)),""),MID($C21,I$30,1)))} | J21: {=IF(J$30>($D21+1),"",IF(J$30=($D21+1), _xlfn.IFNA(INDEX(音調表!$J$3:$J$10, MATCH(TRUE, EXACT(MID($C21,J$30,1), 音調表!$I$3:$I$10),0)),""),MID($C21,J$30,1)))} | K21: {=IF(K$30>($D21+1),"",IF(K$30=($D21+1), _xlfn.IFNA(INDEX(音調表!$J$3:$J$10, MATCH(TRUE, EXACT(MID($C21,K$30,1), 音調表!$I$3:$I$10),0)),""),MID($C21,K$30,1)))} | L21: {=IF(L$30>($D21+1),"",IF(L$30=($D21+1), _xlfn.IFNA(INDEX(音調表!$J$3:$J$10, MATCH(TRUE, EXACT(MID($C21,L$30,1), 音調表!$I$3:$I$10),0)),""),MID($C21,L$30,1)))} | M21: {=IF(M$30>($D21+1),"",IF(M$30=($D21+1), _xlfn.IFNA(INDEX(音調表!$J$3:$J$10, MATCH(TRUE, EXACT(MID($C21,M$30,1), 音調表!$I$3:$I$10),0)),""),MID($C21,M$30,1)))}
B22: 心 | C22: ㄒㄧㆬ | D22: =IF( LEN(C22)>0, LEN(C22), "") -> 3 | E22: {=IF(E$30>($D22+1),"",IF(E$30=($D22+1), _xlfn.IFNA(INDEX(音調表!$J$3:$J$10, MATCH(TRUE, EXACT(MID($C22,E$30,1), 音調表!$I$3:$I$10),0)),""),MID($C22,E$30,1)))} -> ㄒ | F22: {=IF(F$30>($D22+1),"",IF(F$30=($D22+1), _xlfn.IFNA(INDEX(音調表!$J$3:$J$10, MATCH(TRUE, EXACT(MID($C22,F$30,1), 音調表!$I$3:$I$10),0)),""),MID($C22,F$30,1)))} -> ㄧ | G22: {=IF(G$30>($D22+1),"",IF(G$30=($D22+1), _xlfn.IFNA(INDEX(音調表!$J$3:$J$10, MATCH(TRUE, EXACT(MID($C22,G$30,1), 音調表!$I$3:$I$10),0)),""),MID($C22,G$30,1)))} -> ㆬ | H22: {=IF(H$30>($D22+1),"",IF(H$30=($D22+1), _xlfn.IFNA(INDEX(音調表!$J$3:$J$10, MATCH(TRUE, EXACT(MID($C22,H$30,1), 音調表!$I$3:$I$10),0)),""),MID($C22,H$30,1)))} -> " | I22: {=IF(I$30>($D22+1),"",IF(I$30=($D22+1), _xlfn.IFNA(INDEX(音調表!$J$3:$J$10, MATCH(TRUE, EXACT(MID($C22,I$30,1), 音調表!$I$3:$I$10),0)),""),MID($C22,I$30,1)))} | J22: {=IF(J$30>($D22+1),"",IF(J$30=($D22+1), _xlfn.IFNA(INDEX(音調表!$J$3:$J$10, MATCH(TRUE, EXACT(MID($C22,J$30,1), 音調表!$I$3:$I$10),0)),""),MID($C22,J$30,1)))} | K22: {=IF(K$30>($D22+1),"",IF(K$30=($D22+1), _xlfn.IFNA(INDEX(音調表!$J$3:$J$10, MATCH(TRUE, EXACT(MID($C22,K$30,1), 音調表!$I$3:$I$10),0)),""),MID($C22,K$30,1)))} | L22: {=IF(L$30>($D22+1),"",IF(L$30=($D22+1), _xlfn.IFNA(INDEX(音調表!$J$3:$J$10, MATCH(TRUE, EXACT(MID($C22,L$30,1), 音調表!$I$3:$I$10),0)),""),MID($C22,L$30,1)))} | M22: {=IF(M$30>($D22+1),"",IF(M$30=($D22+1), _xlfn.IFNA(INDEX(音調表!$J$3:$J$10, MATCH(TRUE, EXACT(MID($C22,M$30,1), 音調表!$I$3:$I$10),0)),""),MID($C22,M$30,1)))}
