Workbook
Name 十五音韻母: #REF!
Name 十五音韻母對照表: #REF!
Name 方音符號: #REF!
Name 方音符號: #REF!
Name 方音符號: #REF!
Name 台羅韻母八音反切: #REF!
Name 白話字韻母八音反切: #REF!
Name 字典編碼: #REF!
Name 字典編碼: #REF!
Name 字典編碼: #REF!
Name 注音符號: #REF!
Name 注音編碼: #REF!
Name 拼音字母: #REF!
Name 拼音字母: #REF!
Name 拼音字母: #REF!
Name 閩拼韻母八音反切: #REF!
Name 聲母碼: #REF!
Name 聲母碼表: #REF!
Name 鍵盤位置: #REF!
Name 鍵盤位置: #REF!
Name 鍵盤位置: #REF!
Name 鍵盤按鍵: #REF!
Name 韻母碼表: #REF!
Name 顯示注音輸入: #REF!

Sheet 【拼音類】鍵盤
B2: 1 ! | E2: 2 @ | H2: 3 # | K2: 4 $ | N2: 5 % | Q2: 6 ^ | T2: 7 & | W2: 8 * | Z2: 9 ( | AC2: 0 ) | AF2: - _ | AI2: = +
T3: -p/-t/-k/-h | AF3: 中/低音調
T4: 入聲尾韻 | V4: ptkh | AF4: 陽去/陰去 | AH4: an
C5: Q | F5: W | I5: E | L5: R | O5: T | R5: Y | U5: U | X5: I | AA5: O | AD5: P | AG5: [ { | AJ5: ] } | AM5: \ |
AG6: 低促調 | AJ6: 高促調 | AM6: 高降調
AG7: 陰入 | AJ7: 陽入 | AM7: 陰上（上声）
D8: A | G8: S | J8: D | M8: F | P8: G | S8: H | V8: J | Y8: K | AB8: L | AE8: ; : | AH8: ' "
AE9: 高音調
AE10: 陽平
E11: Z | H11: X | K11: C | N11: V | Q11: B | T11: N | W11: M | Z11: , < | AC11: . > | AF11: / ?
AF12: 低升調
AF13: 陽平

Sheet 【方音符號】鍵盤
BF1: 聲韻調 | BG1: 聲韻調 | BH1: 台語音標 | BO1: 聲韻調 | BP1: 聲韻調 | BQ1: 鼻化韻母 | BX1: 聲韻調 | BY1: 台語音標 | CG1: 聲韻調
B2: 1 ! | E2: 2 @ | H2: 3 # | K2: 4 $ | N2: 0.05 | Q2: 6 ^ | T2: 7 & | W2: 8 * | Z2: 9 ( | AC2: 0 ) | AF2: - _ | AI2: = + | BF2: 韻 | BG2: 韻尾 | BH2: * | BO2: 韻 | BP2: 韻尾 | BX2: 聲 | BY2: * | CG2: 鍵
B3: ㆠ | D3: b | H3: 低音調 | K3: 高降調 | N3: 中音調 | Q3: 低升調 | T3: 促聲調 | W3: ㆩ | Y3: ann | Z3: ㆮ | AA3: 0 | AB3: ainn | AV3: 對映總表
B4: ㄅ | D4: p | E4: ㄉ | G4: d | H4: ˪ | J4: （三）陰去 | K4: ˋ | M4: （二）上声 | N4: ˫ | P4: （七）陽去 | Q4: ˊ | S4: （五）陽平 | T4: 入聲 | V4: ptkh | W4: ㄚ | Y4: a | Z4: ㄞ | AB4: ai | AC4: ㄢ | AD4: 0 | AE4: an | AF4: ㄥㄚ | AH4: an | AI4: Ø | AV4: 台語音標 | AW4: 字典編碼 | AX4: 鍵盤按鍵 | AY4: 方音符號 | AZ4: 聲韻調 | BA4: 字母長度 | BF4: 台語音標 | BG4: 字典編碼 | BH4: 鍵盤按鍵 | BI4: 方音符號 | BJ4: 聲韻調 | BK4: 字母長度 | BO4: 台語音標 | BP4: 字典編碼 | BQ4: 鍵盤按鍵 | BR4: 方音符號 | BS4: 聲韻調 | BT4: 字母長度 | BX4: 台語音標 | BY4: 字典編碼 | BZ4: 鍵盤按鍵 | CA4: 方音符號 | CB4: 聲韻調 | CC4: 字母長度 | CG4: 台語音標 | CH4: 字典編碼 | CI4: 鍵盤按鍵 | CJ4: 方音符號 | CK4: 聲韻調 | CL4: 字母長度
C5: Q | F5: W | I5: E | L5: R | O5: T | R5: Y | U5: U | X5: I | AA5: O | AD5: P | AG5: [ { | AJ5: ] } | AM5: \ | | AU5: =ROW() - 4 -> 1 | AV5: {=TRANSPOSE(D17:AS20)} -> 0 | AW5: 0 | AX5: 0 | AY5: 0 | AZ5: 聲 | BA5: =LEN(AV5) -> 1 | BC5: =" """ & AX5 & """: { commit: """ & AY5 & """ }" & " # " & "/" & AV5 & "/ ==> " & AW5 -> "0": { commit: "0" } # /0/ ==> 0 | BE5: =ROW() - 4 -> 1 | BF5: {=_xlfn._xlws.SORT( _xlfn._xlws.FILTER($AV5:$BA64,($AZ5:$AZ64=BF2)*($AZ5:$AZ64<>BG2)*($AV5:$BA64=BH2), "無符合資料"), 6, -1)} -> #VALUE! | BM5: =IFERROR( IF(LEN(BG5)=0, "", IF(BG5=BF5, "", " - xform/" & BF5 & "/" & BG5 & "/ # " & "【" & BH5 & "】 ==> " & BJ5 & "： " & BI5 & " [" & BF5 & "]")), "") | BN5: =ROW() - 4 -> 1 | BO5: {=_xlfn._xlws.SORT( _xlfn._xlws.FILTER($AV5:$BA64,($AZ5:$AZ64=BO2)*($AZ5:$AZ64<>BP2), "無符合資料"), 6, -1)} -> 0 | BP5: 0 | BQ5: 0 | BR5: 0 | BS5: 韻 | BT5: 1 | BV5: =IFERROR( IF(LEN(BP5)=0, "", IF(EXACT(BP5,BO5), "", " - xform/" & BO5 & "/" & BP5 & "/ # " & "【" & BQ5 & "】 ==> " & BS5 & "： " & BR5 & " [" & BO5 & "]")), "") | BW5: =ROW() - 4 -> 1 | BX5: {=_xlfn._xlws.SORT( _xlfn._xlws.FILTER($AV$5:$BA$64,($AZ5:$AZ64=BX2)*($AV5:$AV64<>BY2), "無符合資料"), 6, -1)} -> 0 | BY5: 0 | BZ5: 0 | CA5: 0 | CB5: 聲 | CC5: 1 | CE5: =IFERROR( IF(LEN(BY5)=0, "", IF(EXACT(BY5,BX5), "", " - xform/^" & BX5 & "/" & BY5 & "/ # " & "【" & BZ5 & "】 ==> " & CB5 & "： " & CA5 & " [" & BX5 & "]")), "") | CF5: =ROW() - 4 -> 1 | CG5: {=_xlfn._xlws.FILTER($AV$5:$BA$64,($AZ5:$AZ64=CG2), "無符合資料")} -> 0 | CH5: 0 | CI5: 0 | CJ5: 0 | CK5: 鍵 | CL5: 0
I6: ㆣ | K6: gg | L6: ㆢ | N6: jj | R6: ㆡ | T6: zz | U6: ㆪ | W6: inn | X6: ㆧ | Z6: oonn | AA6: ㆱ | AC6: om | AG6: 低促調 | AJ6: 高促調 | AU6: =ROW() - 4 -> 2 | AV6: 0 | AW6: 0 | AX6: 0 | AY6: 0 | AZ6: 聲 | BA6: =LEN(AV6) -> 1 | BC6: =" """ & AX6 & """: { commit: """ & AY6 & """ }" & " # " & "/" & AV7 & "/ ==> " & AW6 -> "0": { commit: "0" } # /0/ ==> 0 | BE6: =ROW() - 4 -> 2 | BM6: =IFERROR( IF(LEN(BG6)=0, "", IF(BG6=BF6, "", " - xform/" & BF6 & "/" & BG6 & "/ # " & "【" & BH6 & "】 ==> " & BJ6 & "： " & BI6 & " [" & BF6 & "]")), "") | BN6: =ROW() - 4 -> 2 | BO6: 0 | BP6: 0 | BQ6: 0 | BR6: 0 | BS6: 韻 | BT6: 1 | BV6: =IFERROR( IF(LEN(BP6)=0, "", IF(EXACT(BP6,BO6), "", " - xform/" & BO6 & "/" & BP6 & "/ # " & "【" & BQ6 & "】 ==> " & BS6 & "： " & BR6 & " [" & BO6 & "]")), "") | BW6: =ROW() - 4 -> 2 | BX6: 0 | BY6: 0 | BZ6: 0 | CA6: 0 | CB6: 聲 | CC6: 1 | CE6: =IFERROR( IF(LEN(BY6)=0, "", IF(EXACT(BY6,BX6), "", " - xform/^" & BX6 & "/" & BY6 & "/ # " & "【" & BZ6 & "】 ==> " & CB6 & "： " & CA6 & " [" & BX6 & "]")), "") | CF6: =ROW() - 4 -> 2 | CG6: 0 | CH6: 0 | CI6: 0 | CJ6: 0 | CK6: 鍵 | CL6: 0
C7: ㄆ | E7: ph | F7: ㄊ | H7: t | I7: ㄍ | J7: 0 | K7: g | L7: ㄐ | N7: jj | O7: ㆵ | Q7: t0 | R7: ㄗ | T7: z | U7: ㄧ | W7: i | X7: ㆦ | Z7: oo | AA7: ㆲ | AC7: ong | AD7: ㄣ | AF7: -n | AI7: （四）陰入 | AJ7: · | AL7: （八）陽入 | AU7: =ROW() - 4 -> 3 | AV7: 0 | AW7: 0 | AX7: 0 | AY7: 0 | AZ7: 聲 | BA7: =LEN(AV7) -> 1 | BC7: =" """ & AX7 & """: { commit: """ & AY7 & """ }" & " # " & "/" & AV8 & "/ ==> " & AW7 -> "0": { commit: "0" } # /0/ ==> 0 | BE7: =ROW() - 4 -> 3 | BM7: =IFERROR( IF(LEN(BG7)=0, "", IF(BG7=BF7, "", " - xform/" & BF7 & "/" & BG7 & "/ # " & "【" & BH7 & "】 ==> " & BJ7 & "： " & BI7 & " [" & BF7 & "]")), "") | BN7: =ROW() - 4 -> 3 | BO7: 0 | BP7: 0 | BQ7: 0 | BR7: 0 | BS7: 韻 | BT7: 1 | BV7: =IFERROR( IF(LEN(BP7)=0, "", IF(EXACT(BP7,BO7), "", " - xform/" & BO7 & "/" & BP7 & "/ # " & "【" & BQ7 & "】 ==> " & BS7 & "： " & BR7 & " [" & BO7 & "]")), "") | BW7: =ROW() - 4 -> 3 | BX7: 0 | BY7: 0 | BZ7: 0 | CA7: 0 | CB7: 聲 | CC7: 1 | CE7: =IFERROR( IF(LEN(BY7)=0, "", IF(EXACT(BY7,BX7), "", " - xform/^" & BX7 & "/" & BY7 & "/ # " & "【" & BZ7 & "】 ==> " & CB7 & "： " & CA7 & " [" & BX7 & "]")), "") | CF7: =ROW() - 4 -> 3
D8: A | G8: S | J8: D | M8: F | P8: G | S8: H | V8: J | Y8: K | AB8: L | AE8: ; : | AH8: ' " | AU8: =ROW() - 4 -> 4 | AV8: 0 | AW8: 0 | AX8: 0 | AY8: 0 | AZ8: 聲 | BA8: =LEN(AV8) -> 1 | BC8: =" """ & AX8 & """: { commit: """ & AY8 & """ }" & " # " & "/" & AV9 & "/ ==> " & AW8 -> "0": { commit: "0" } # /0/ ==> 0 | BE8: =ROW() - 4 -> 4 | BM8: =IFERROR( IF(LEN(BG8)=0, "", IF(BG8=BF8, "", " - xform/" & BF8 & "/" & BG8 & "/ # " & "【" & BH8 & "】 ==> " & BJ8 & "： " & BI8 & " [" & BF8 & "]")), "") | BN8: =ROW() - 4 -> 4 | BO8: 0 | BP8: 0 | BQ8: 0 | BR8: 0 | BS8: 韻 | BT8: 1 | BV8: =IFERROR( IF(LEN(BP8)=0, "", IF(EXACT(BP8,BO8), "", " - xform/" & BO8 & "/" & BP8 & "/ # " & "【" & BQ8 & "】 ==> " & BS8 & "： " & BR8 & " [" & BO8 & "]")), "") | BW8: =ROW() - 4 -> 4 | BX8: 0 | BY8: 0 | BZ8: 0 | CA8: 0 | CB8: 聲 | CC8: 1 | CE8: =IFERROR( IF(LEN(BY8)=0, "", IF(EXACT(BY8,BX8), "", " - xform/^" & BX8 & "/" & BY8 & "/ # " & "【" & BZ8 & "】 ==> " & CB8 & "： " & CA8 & " [" & BX8 & "]")), "") | CF8: =ROW() - 4 -> 4
V9: ㆫ | W9: 0 | X9: unn | Y9: ㆨ | AA9: ir | AB9: ㆯ | AD9: aunn | AH9: 高音調 | AU9: =ROW() - 4 -> 5 | AV9: 0 | AW9: 0 | AX9: 0 | AY9: 0 | AZ9: 聲 | BA9: =LEN(AV9) -> 1 | BC9: =" """ & AX9 & """: { commit: """ & AY9 & """ }" & " # " & "/" & AV10 & "/ ==> " & AW9 -> "0": { commit: "0" } # /0/ ==> 0 | BE9: =ROW() - 4 -> 5 | BM9: =IFERROR( IF(LEN(BG9)=0, "", IF(BG9=BF9, "", " - xform/" & BF9 & "/" & BG9 & "/ # " & "【" & BH9 & "】 ==> " & BJ9 & "： " & BI9 & " [" & BF9 & "]")), "") | BN9: =ROW() - 4 -> 5 | BO9: 0 | BP9: 0 | BQ9: 0 | BR9: 0 | BS9: 韻 | BT9: 1 | BV9: =IFERROR( IF(LEN(BP9)=0, "", IF(EXACT(BP9,BO9), "", " - xform/" & BO9 & "/" & BP9 & "/ # " & "【" & BQ9 & "】 ==> " & BS9 & "： " & BR9 & " [" & BO9 & "]")), "") | BW9: =ROW() - 4 -> 5 | BX9: 0 | BY9: 0 | BZ9: 0 | CA9: 0 | CB9: 聲 | CC9: 1 | CE9: =IFERROR( IF(LEN(BY9)=0, "", IF(EXACT(BY9,BX9), "", " - xform/^" & BX9 & "/" & BY9 & "/ # " & "【" & BZ9 & "】 ==> " & CB9 & "： " & CA9 & " [" & BX9 & "]")), "") | CF9: =ROW() - 4 -> 5
D10: ㄇ | F10: m- | G10: ㄋ | I10: n- | J10: ㄎ | K10: 0 | L10: k | M10: ㄑ | O10: ch | P10: ㆻ | R10: k0 | S10: ㄘ | U10: c | V10: ㄨ | X10: u | Y10: ㄜ | AA10: or | AB10: ㄠ | AD10: au | AE10: ㄤ | AG10: ang | AJ10: （一）陰平 | AU10: =ROW() - 4 -> 6 | AV10: 0 | AW10: 0 | AX10: 0 | AY10: 0 | AZ10: 聲 | BA10: =LEN(AV10) -> 1 | BC10: =" """ & AX10 & """: { commit: """ & AY10 & """ }" & " # " & "/" & AV11 & "/ ==> " & AW10 -> "0": { commit: "0" } # /0/ ==> 0 | BE10: =ROW() - 4 -> 6 | BM10: =IFERROR( IF(LEN(BG10)=0, "", IF(BG10=BF10, "", " - xform/" & BF10 & "/" & BG10 & "/ # " & "【" & BH10 & "】 ==> " & BJ10 & "： " & BI10 & " [" & BF10 & "]")), "") | BN10: =ROW() - 4 -> 6 | BO10: 0 | BP10: 0 | BQ10: 0 | BR10: 0 | BS10: 韻 | BT10: 1 | BV10: =IFERROR( IF(LEN(BP10)=0, "", IF(EXACT(BP10,BO10), "", " - xform/" & BO10 & "/" & BP10 & "/ # " & "【" & BQ10 & "】 ==> " & BS10 & "： " & BR10 & " [" & BO10 & "]")), "") | BW10: =ROW() - 4 -> 6 | BX10: 0 | BY10: 0 | BZ10: 0 | CA10: 0 | CB10: 聲 | CC10: 1 | CE10: =IFERROR( IF(LEN(BY10)=0, "", IF(EXACT(BY10,BX10), "", " - xform/^" & BX10 & "/" & BY10 & "/ # " & "【" & BZ10 & "】 ==> " & CB10 & "： " & CA10 & " [" & BX10 & "]")), "") | CF10: =ROW() - 4 -> 6
E11: Z | H11: X | K11: C | N11: V | Q11: B | T11: N | W11: M | Z11: , < | AC11: . > | AF11: / ? | AU11: =ROW() - 4 -> 7 | AV11: 0 | AW11: 0 | AX11: 0 | AY11: 0 | AZ11: 聲 | BA11: =LEN(AV11) -> 1 | BC11: =" """ & AX11 & """: { commit: """ & AY11 & """ }" & " # " & "/" & AV12 & "/ ==> " & AW11 -> "0": { commit: "0" } # /0/ ==> 0 | BE11: =ROW() - 4 -> 7 | BM11: =IFERROR( IF(LEN(BG11)=0, "", IF(BG11=BF11, "", " - xform/" & BF11 & "/" & BG11 & "/ # " & "【" & BH11 & "】 ==> " & BJ11 & "： " & BI11 & " [" & BF11 & "]")), "") | BN11: =ROW() - 4 -> 7 | BO11: 0 | BP11: 0 | BQ11: 0 | BR11: 0 | BS11: 韻 | BT11: 1 | BV11: =IFERROR( IF(LEN(BP11)=0, "", IF(EXACT(BP11,BO11), "", " - xform/" & BO11 & "/" & BP11 & "/ # " & "【" & BQ11 & "】 ==> " & BS11 & "： " & BR11 & " [" & BO11 & "]")), "") | BW11: =ROW() - 4 -> 7 | BX11: 0 | BY11: 0 | BZ11: 0 | CA11: 0 | CB11: 聲 | CC11: 1 | CE11: =IFERROR( IF(LEN(BY11)=0, "", IF(EXACT(BY11,BX11), "", " - xform/^" & BX11 & "/" & BY11 & "/ # " & "【" & BZ11 & "】 ==> " & CB11 & "： " & CA11 & " [" & BX11 & "]")), "") | CF11: =ROW() - 4 -> 7
T12: ㄫ | V12: ng- | W12: ㆰ | Y12: am | Z12: ㆥ | AA12: 0 | AB12: enn | AU12: =ROW() - 4 -> 8 | AV12: 0 | AW12: 0 | AX12: 0 | AY12: 0 | AZ12: 聲 | BA12: =LEN(AV12) -> 1 | BC12: =" """ & AX12 & """: { commit: """ & AY12 & """ }" & " # " & "/" & AV13 & "/ ==> " & AW12 -> "0": { commit: "0" } # /0/ ==> 0 | BE12: =ROW() - 4 -> 8 | BM12: =IFERROR( IF(LEN(BG12)=0, "", IF(BG12=BF12, "", " - xform/" & BF12 & "/" & BG12 & "/ # " & "【" & BH12 & "】 ==> " & BJ12 & "： " & BI12 & " [" & BF12 & "]")), "") | BN12: =ROW() - 4 -> 8 | BO12: 0 | BP12: 0 | BQ12: 0 | BR12: 0 | BS12: 韻 | BT12: 1 | BV12: =IFERROR( IF(LEN(BP12)=0, "", IF(EXACT(BP12,BO12), "", " - xform/" & BO12 & "/" & BP12 & "/ # " & "【" & BQ12 & "】 ==> " & BS12 & "： " & BR12 & " [" & BO12 & "]")), "") | BW12: =ROW() - 4 -> 8 | BX12: 0 | BY12: 0 | BZ12: 0 | CA12: 0 | CB12: 聲 | CC12: 1 | CE12: =IFERROR( IF(LEN(BY12)=0, "", IF(EXACT(BY12,BX12), "", " - xform/^" & BX12 & "/" & BY12 & "/ # " & "【" & BZ12 & "】 ==> " & CB12 & "： " & CA12 & " [" & BX12 & "]")), "") | CF12: =ROW() - 4 -> 8
E13: ㆷ | G13: h0 | H13: ㄌ | J13: l | K13: ㄏ | M13: h | N13: ㄒ | P13: sh | Q13: ㆴ | S13: p0 | T13: ㄙ | V13: s | W13: ㆬ | Y13: -m | Z13: ㆤ | AA13: 0 | AB13: e | AF13: ㆭ | AH13: -ng | AU13: =ROW() - 4 -> 9 | AV13: 0 | AW13: 0 | AX13: 0 | AY13: 0 | AZ13: 聲 | BA13: =LEN(AV13) -> 1 | BC13: =" """ & AX13 & """: { commit: """ & AY13 & """ }" & " # " & "/" & AV14 & "/ ==> " & AW13 -> "0": { commit: "0" } # /0/ ==> 0 | BE13: =ROW() - 4 -> 9 | BM13: =IFERROR( IF(LEN(BG13)=0, "", IF(BG13=BF13, "", " - xform/" & BF13 & "/" & BG13 & "/ # " & "【" & BH13 & "】 ==> " & BJ13 & "： " & BI13 & " [" & BF13 & "]")), "") | BN13: =ROW() - 4 -> 9 | BO13: 0 | BP13: 0 | BQ13: 0 | BR13: 0 | BS13: 韻 | BT13: 0 | BV13: =IFERROR( IF(LEN(BP13)=0, "", IF(EXACT(BP13,BO13), "", " - xform/" & BO13 & "/" & BP13 & "/ # " & "【" & BQ13 & "】 ==> " & BS13 & "： " & BR13 & " [" & BO13 & "]")), "") | BW13: =ROW() - 4 -> 9 | BX13: 0 | BY13: 0 | BZ13: 0 | CA13: 0 | CB13: 聲 | CC13: 1 | CE13: =IFERROR( IF(LEN(BY13)=0, "", IF(EXACT(BY13,BX13), "", " - xform/^" & BX13 & "/" & BY13 & "/ # " & "【" & BZ13 & "】 ==> " & CB13 & "： " & CA13 & " [" & BX13 & "]")), "") | CF13: =ROW() - 4 -> 9
AU14: =ROW() - 4 -> 10 | AV14: 0 | AW14: 0 | AX14: 0 | AY14: 0 | AZ14: 聲 | BA14: =LEN(AV14) -> 1 | BC14: =" """ & AX14 & """: { commit: """ & AY14 & """ }" & " # " & "/" & AV15 & "/ ==> " & AW14 -> "0": { commit: "0" } # /0/ ==> 0 | BE14: =ROW() - 4 -> 10 | BM14: =IFERROR( IF(LEN(BG14)=0, "", IF(BG14=BF14, "", " - xform/" & BF14 & "/" & BG14 & "/ # " & "【" & BH14 & "】 ==> " & BJ14 & "： " & BI14 & " [" & BF14 & "]")), "") | BN14: =ROW() - 4 -> 10 | BO14: 0 | BP14: 0 | BQ14: 0 | BR14: 0 | BS14: 韻 | BT14: 0 | BV14: =IFERROR( IF(LEN(BP14)=0, "", IF(EXACT(BP14,BO14), "", " - xform/" & BO14 & "/" & BP14 & "/ # " & "【" & BQ14 & "】 ==> " & BS14 & "： " & BR14 & " [" & BO14 & "]")), "") | BW14: =ROW() - 4 -> 10 | BX14: 0 | BY14: 0 | BZ14: 0 | CA14: 0 | CB14: 聲 | CC14: 1 | CE14: =IFERROR( IF(LEN(BY14)=0, "", IF(EXACT(BY14,BX14), "", " - xform/^" & BX14 & "/" & BY14 & "/ # " & "【" & BZ14 & "】 ==> " & CB14 & "： " & CA14 & " [" & BX14 & "]")), "") | CF14: =ROW() - 4 -> 10
AU15: =ROW() - 4 -> 11 | AV15: 0 | AW15: 0 | AX15: 0 | AY15: 0 | AZ15: 聲 | BA15: =LEN(AV15) -> 1 | BC15: =" """ & AX15 & """: { commit: """ & AY15 & """ }" & " # " & "/" & AV16 & "/ ==> " & AW15 -> "0": { commit: "0" } # /0/ ==> 0 | BE15: =ROW() - 4 -> 11 | BM15: =IFERROR( IF(LEN(BG15)=0, "", IF(BG15=BF15, "", " - xform/" & BF15 & "/" & BG15 & "/ # " & "【" & BH15 & "】 ==> " & BJ15 & "： " & BI15 & " [" & BF15 & "]")), "") | BN15: =ROW() - 4 -> 11 | BO15: 0 | BP15: 0 | BQ15: 0 | BR15: 0 | BS15: 韻 | BT15: 0 | BV15: =IFERROR( IF(LEN(BP15)=0, "", IF(EXACT(BP15,BO15), "", " - xform/" & BO15 & "/" & BP15 & "/ # " & "【" & BQ15 & "】 ==> " & BS15 & "： " & BR15 & " [" & BO15 & "]")), "") | BW15: =ROW() - 4 -> 11 | BX15: 0 | BY15: 0 | BZ15: 0 | CA15: 0 | CB15: 聲 | CC15: 1 | CE15: =_xlfn.CONCAT(" - xform/^", BY15, "/", BY15, "/", " # ", CA15, " [", BX15, "]" ) -> - xform/^0/0/ # 0 [0] | CF15: =ROW() - 4 -> 11
AU16: =ROW() - 4 -> 12 | AV16: 0 | AW16: 0 | AX16: 0 | AY16: 0 | AZ16: 聲 | BA16: =LEN(AV16) -> 1 | BC16: =" """ & AX16 & """: { commit: """ & AY16 & """ }" & " # " & "/" & AV17 & "/ ==> " & AW16 -> "0": { commit: "0" } # /0/ ==> 0 | BE16: =ROW() - 4 -> 12 | BM16: =IFERROR( IF(LEN(BG16)=0, "", IF(BG16=BF16, "", " - xform/" & BF16 & "/" & BG16 & "/ # " & "【" & BH16 & "】 ==> " & BJ16 & "： " & BI16 & " [" & BF16 & "]")), "") | BN16: =ROW() - 4 -> 12 | BO16: 0 | BP16: 0 | BQ16: 0 | BR16: 0 | BS16: 韻 | BT16: 0 | BV16: =IFERROR( IF(LEN(BP16)=0, "", IF(EXACT(BP16,BO16), "", " - xform/" & BO16 & "/" & BP16 & "/ # " & "【" & BQ16 & "】 ==> " & BS16 & "： " & BR16 & " [" & BO16 & "]")), "") | BW16: =ROW() - 4 -> 12 | BX16: 0 | BY16: 0 | BZ16: 0 | CA16: 0 | CB16: 聲 | CC16: 1 | CE16: =_xlfn.CONCAT(" - xform/^", BY16, "/", BY16, "/", " # ", CA16, " [", BX16, "]" ) -> - xform/^0/0/ # 0 [0] | CF16: =ROW() - 4 -> 12
AU17: =ROW() - 4 -> 13 | AV17: 0 | AW17: 0 | AX17: 0 | AY17: 0 | AZ17: 聲 | BA17: =LEN(AV17) -> 1 | BC17: =" """ & AX17 & """: { commit: """ & AY17 & """ }" & " # " & "/" & AV18 & "/ ==> " & AW17 -> "0": { commit: "0" } # /0/ ==> 0 | BE17: =ROW() - 4 -> 13 | BM17: =IFERROR( IF(LEN(BG17)=0, "", IF(BG17=BF17, "", " - xform/" & BF17 & "/" & BG17 & "/ # " & "【" & BH17 & "】 ==> " & BJ17 & "： " & BI17 & " [" & BF17 & "]")), "") | BN17: =ROW() - 4 -> 13 | BO17: 0 | BP17: 0 | BQ17: 0 | BR17: 0 | BS17: 韻 | BT17: 0 | BV17: =IFERROR( IF(LEN(BP17)=0, "", IF(EXACT(BP17,BO17), "", " - xform/" & BO17 & "/" & BP17 & "/ # " & "【" & BQ17 & "】 ==> " & BS17 & "： " & BR17 & " [" & BO17 & "]")), "") | BW17: =ROW() - 4 -> 13 | BX17: 0 | BY17: 0 | BZ17: 0 | CA17: 0 | CB17: 聲 | CC17: 1 | CE17: =_xlfn.CONCAT(" - xform/^", BY17, "/", BY17, "/", " # ", CA17, " [", BX17, "]" ) -> - xform/^0/0/ # 0 [0] | CF17: =ROW() - 4 -> 13
AU18: =ROW() - 4 -> 14 | AV18: 0 | AW18: 0 | AX18: 0 | AY18: 0 | AZ18: 聲 | BA18: =LEN(AV18) -> 1 | BC18: =" """ & AX18 & """: { commit: """ & AY18 & """ }" & " # " & "/" & AV19 & "/ ==> " & AW18 -> "0": { commit: "0" } # /0/ ==> 0 | BE18: =ROW() - 4 -> 14 | BM18: =IFERROR( IF(LEN(BG18)=0, "", IF(BG18=BF18, "", " - xform/" & BF18 & "/" & BG18 & "/ # " & "【" & BH18 & "】 ==> " & BJ18 & "： " & BI18 & " [" & BF18 & "]")), "") | BN18: =ROW() - 4 -> 14 | BO18: 0 | BP18: 0 | BQ18: 0 | BR18: 0 | BS18: 韻 | BT18: 0 | BV18: =IFERROR( IF(LEN(BP18)=0, "", IF(EXACT(BP18,BO18), "", " - xform/" & BO18 & "/" & BP18 & "/ # " & "【" & BQ18 & "】 ==> " & BS18 & "： " & BR18 & " [" & BO18 & "]")), "") | BW18: =ROW() - 4 -> 14 | BX18: 0 | BY18: 0 | BZ18: 0 | CA18: 0 | CB18: 聲 | CC18: 1 | CE18: =_xlfn.CONCAT(" - xform/^", BY18, "/", BY18, "/", " # ", CA18, " [", BX18, "]" ) -> - xform/^0/0/ # 0 [0] | CF18: =ROW() - 4 -> 14
AU19: =ROW() - 4 -> 15 | AV19: 0 | AW19: 0 | AX19: 0 | AY19: 0 | AZ19: 聲 | BA19: =LEN(AV19) -> 1 | BC19: =" """ & AX19 & """: { commit: """ & AY19 & """ }" & " # " & "/" & AV20 & "/ ==> " & AW19 -> "0": { commit: "0" } # /0/ ==> 0 | BE19: =ROW() - 4 -> 15 | BM19: =IFERROR( IF(LEN(BG19)=0, "", IF(BG19=BF19, "", " - xform/" & BF19 & "/" & BG19 & "/ # " & "【" & BH19 & "】 ==> " & BJ19 & "： " & BI19 & " [" & BF19 & "]")), "") | BN19: =ROW() - 4 -> 15 | BO19: 0 | BP19: 0 | BQ19: 0 | BR19: 0 | BS19: 韻 | BT19: 0 | BV19: =IFERROR( IF(LEN(BP19)=0, "", IF(EXACT(BP19,BO19), "", " - xform/" & BO19 & "/" & BP19 & "/ # " & "【" & BQ19 & "】 ==> " & BS19 & "： " & BR19 & " [" & BO19 & "]")), "") | BW19: =ROW() - 4 -> 15 | BX19: 0 | BY19: 0 | BZ19: 0 | CA19: 0 | CB19: 聲 | CC19: 1 | CE19: =_xlfn.CONCAT(" - xform/^", BY19, "/", BY19, "/", " # ", CA19, " [", BX19, "]" ) -> - xform/^0/0/ # 0 [0] | CF19: =ROW() - 4 -> 15
AU20: =ROW() - 4 -> 16 | AV20: 0 | AW20: 0 | AX20: 0 | AY20: 0 | AZ20: 聲 | BA20: =LEN(AV20) -> 1 | BC20: =" """ & AX20 & """: { commit: """ & AY20 & """ }" & " # " & "/" & AV21 & "/ ==> " & AW20 -> "0": { commit: "0" } # /0/ ==> 0 | BE20: =ROW() - 4 -> 16 | BM20: =IFERROR( IF(LEN(BG20)=0, "", IF(BG20=BF20, "", " - xform/" & BF20 & "/" & BG20 & "/ # " & "【" & BH20 & "】 ==> " & BJ20 & "： " & BI20 & " [" & BF20 & "]")), "") | BN20: =ROW() - 4 -> 16 | BV20: =IFERROR( IF(LEN(BP20)=0, "", IF(EXACT(BP20,BO20), "", " - xform/" & BO20 & "/" & BP20 & "/ # " & "【" & BQ20 & "】 ==> " & BS20 & "： " & BR20 & " [" & BO20 & "]")), "") | BW20: =ROW() - 4 -> 16 | BX20: 0 | BY20: 0 | BZ20: 0 | CA20: 0 | CB20: 聲 | CC20: 1 | CE20: =_xlfn.CONCAT(" - xform/^", BY20, "/", BY20, "/", " # ", CA20, " [", BX20, "]" ) -> - xform/^0/0/ # 0 [0] | CF20: =ROW() - 4 -> 16
AU21: =ROW() - 4 -> 17 | AV21: 0 | AW21: 0 | AX21: 0 | AY21: 0 | AZ21: 聲 | BA21: =LEN(AV21) -> 1 | BC21: =" """ & AX21 & """: { commit: """ & AY21 & """ }" & " # " & "/" & AV22 & "/ ==> " & AW21 -> "0": { commit: "0" } # /0/ ==> 0 | BE21: =ROW() - 4 -> 17 | BM21: =IFERROR( IF(LEN(BG21)=0, "", IF(BG21=BF21, "", " - xform/" & BF21 & "/" & BG21 & "/ # " & "【" & BH21 & "】 ==> " & BJ21 & "： " & BI21 & " [" & BF21 & "]")), "") | BN21: =ROW() - 4 -> 17 | BV21: =IFERROR( IF(LEN(BP21)=0, "", IF(EXACT(BP21,BO21), "", " - xform/" & BO21 & "/" & BP21 & "/ # " & "【" & BQ21 & "】 ==> " & BS21 & "： " & BR21 & " [" & BO21 & "]")), "") | BW21: =ROW() - 4 -> 17 | BX21: 0 | BY21: 0 | BZ21: 0 | CA21: 0 | CB21: 聲 | CC21: 1 | CE21: =_xlfn.CONCAT(" - xform/^", BY21, "/", BY21, "/", " # ", CA21, " [", BX21, "]" ) -> - xform/^0/0/ # 0 [0] | CF21: =ROW() - 4 -> 17
AU22: =ROW() - 4 -> 18 | AV22: 0 | AW22: 0 | AX22: 0 | AY22: 0 | AZ22: 聲 | BA22: =LEN(AV22) -> 1 | BC22: =" """ & AX22 & """: { commit: """ & AY22 & """ }" & " # " & "/" & AV23 & "/ ==> " & AW22 -> "0": { commit: "0" } # /0/ ==> 0 | BE22: =ROW() - 4 -> 18 | BM22: =IFERROR( IF(LEN(BG22)=0, "", IF(BG22=BF22, "", " - xform/" & BF22 & "/" & BG22 & "/ # " & "【" & BH22 & "】 ==> " & BJ22 & "： " & BI22 & " [" & BF22 & "]")), "") | BN22: =ROW() - 4 -> 18 | BV22: =IFERROR( IF(LEN(BP22)=0, "", IF(EXACT(BP22,BO22), "", " - xform/" & BO22 & "/" & BP22 & "/ # " & "【" & BQ22 & "】 ==> " & BS22 & "： " & BR22 & " [" & BO22 & "]")), "") | BW22: =ROW() - 4 -> 18 | BX22: 0 | BY22: 0 | BZ22: 0 | CA22: 0 | CB22: 聲 | CC22: 1 | CE22: =_xlfn.CONCAT(" - xform/^", BY22, "/", BY22, "/", " # ", CA22, " [", BX22, "]" ) -> - xform/^0/0/ # 0 [0] | CF22: =ROW() - 4 -> 18
AU23: =ROW() - 4 -> 19 | AV23: 0 | AW23: 0 | AX23: 0 | AY23: 0 | AZ23: 聲 | BA23: =LEN(AV23) -> 1 | BC23: =" """ & AX23 & """: { commit: """ & AY23 & """ }" & " # " & "/" & AV24 & "/ ==> " & AW23 -> "0": { commit: "0" } # /0/ ==> 0 | BE23: =ROW() - 4 -> 19 | BM23: =IFERROR( IF(LEN(BG23)=0, "", IF(BG23=BF23, "", " - xform/" & BF23 & "/" & BG23 & "/ # " & "【" & BH23 & "】 ==> " & BJ23 & "： " & BI23 & " [" & BF23 & "]")), "") | BN23: =ROW() - 4 -> 19 | BV23: =IFERROR( IF(LEN(BP23)=0, "", IF(EXACT(BP23,BO23), "", " - xform/" & BO23 & "/" & BP23 & "/ # " & "【" & BQ23 & "】 ==> " & BS23 & "： " & BR23 & " [" & BO23 & "]")), "") | BW23: =ROW() - 4 -> 19 | BX23: 0 | BY23: 0 | BZ23: 0 | CA23: 0 | CB23: 聲 | CC23: 1 | CE23: =_xlfn.CONCAT(" - xform/^", BY23, "/", BY23, "/", " # ", CA23, " [", BX23, "]" ) -> - xform/^0/0/ # 0 [0] | CF23: =ROW() - 4 -> 19
AU24: =ROW() - 4 -> 20 | AV24: 0 | AW24: 0 | AX24: 0 | AY24: 0 | AZ24: 聲 | BA24: =LEN(AV24) -> 1 | BC24: =" """ & AX24 & """: { commit: """ & AY24 & """ }" & " # " & "/" & AV25 & "/ ==> " & AW24 -> "0": { commit: "0" } # /0/ ==> 0 | BE24: =ROW() - 4 -> 20 | BM24: =IFERROR( IF(LEN(BG24)=0, "", IF(BG24=BF24, "", " - xform/" & BF24 & "/" & BG24 & "/ # " & "【" & BH24 & "】 ==> " & BJ24 & "： " & BI24 & " [" & BF24 & "]")), "") | BN24: =ROW() - 4 -> 20 | BV24: =IFERROR( IF(LEN(BP24)=0, "", IF(EXACT(BP24,BO24), "", " - xform/" & BO24 & "/" & BP24 & "/ # " & "【" & BQ24 & "】 ==> " & BS24 & "： " & BR24 & " [" & BO24 & "]")), "") | BW24: =ROW() - 4 -> 20 | BX24: 0 | BY24: 0 | BZ24: 0 | CA24: 0 | CB24: 聲 | CC24: 1 | CE24: =_xlfn.CONCAT(" - xform/^", BY24, "/", BY24, "/", " # ", CA24, " [", BX24, "]" ) -> - xform/^0/0/ # 0 [0] | CF24: =ROW() - 4 -> 20
AU25: =ROW() - 4 -> 21 | AV25: 0 | AW25: 0 | AX25: 0 | AY25: 0 | AZ25: 聲 | BA25: =LEN(AV25) -> 1 | BC25: =" """ & AX25 & """: { commit: """ & AY25 & """ }" & " # " & "/" & AV26 & "/ ==> " & AW25 -> "0": { commit: "0" } # /0/ ==> 0 | BE25: =ROW() - 4 -> 21 | BM25: =IFERROR( IF(LEN(BG25)=0, "", IF(BG25=BF25, "", " - xform/" & BF25 & "/" & BG25 & "/ # " & "【" & BH25 & "】 ==> " & BJ25 & "： " & BI25 & " [" & BF25 & "]")), "") | BN25: =ROW() - 4 -> 21 | BV25: =IFERROR( IF(LEN(BP25)=0, "", IF(EXACT(BP25,BO25), "", " - xform/" & BO25 & "/" & BP25 & "/ # " & "【" & BQ25 & "】 ==> " & BS25 & "： " & BR25 & " [" & BO25 & "]")), "") | BW25: =ROW() - 4 -> 21 | BX25: 0 | BY25: 0 | BZ25: 0 | CA25: 0 | CB25: 聲 | CC25: 1 | CE25: =_xlfn.CONCAT(" - xform/^", BY25, "/", BY25, "/", " # ", CA25, " [", BX25, "]" ) -> - xform/^0/0/ # 0 [0] | CF25: =ROW() - 4 -> 21
AU26: =ROW() - 4 -> 22 | AV26: 0 | AW26: 0 | AX26: 0 | AY26: 0 | BA26: =LEN(AV26) -> 1 | BC26: =" """ & AX26 & """: { commit: """ & AY26 & """ }" & " # " & "/" & AV27 & "/ ==> " & AW26 -> "0": { commit: "0" } # /0/ ==> 0 | BE26: =ROW() - 4 -> 22 | BM26: =IFERROR( IF(LEN(BG26)=0, "", IF(BG26=BF26, "", " - xform/" & BF26 & "/" & BG26 & "/ # " & "【" & BH26 & "】 ==> " & BJ26 & "： " & BI26 & " [" & BF26 & "]")), "") | BN26: =ROW() - 4 -> 22 | BV26: =IFERROR( IF(LEN(BP26)=0, "", IF(EXACT(BP26,BO26), "", " - xform/" & BO26 & "/" & BP26 & "/ # " & "【" & BQ26 & "】 ==> " & BS26 & "： " & BR26 & " [" & BO26 & "]")), "") | BW26: =ROW() - 4 -> 22 | CE26: =IFERROR( IF(LEN(BY26)=0, "", IF(EXACT(BY26,BX26), "", " - xform/^" & BX26 & "/" & BY26 & "/ # " & "【" & BZ26 & "】 ==> " & CB26 & "： " & CA26 & " [" & BX26 & "]")), "") | CF26: =ROW() - 4 -> 22
AU27: =ROW() - 4 -> 23 | AV27: 0 | AW27: 0 | AX27: 0 | AY27: 0 | BA27: =LEN(AV27) -> 1 | BC27: =" """ & AX27 & """: { commit: """ & AY27 & """ }" & " # " & "/" & AV28 & "/ ==> " & AW27 -> "0": { commit: "0" } # /0/ ==> 0 | BE27: =ROW() - 4 -> 23 | BM27: =IFERROR( IF(LEN(BG27)=0, "", IF(BG27=BF27, "", " - xform/" & BF27 & "/" & BG27 & "/ # " & "【" & BH27 & "】 ==> " & BJ27 & "： " & BI27 & " [" & BF27 & "]")), "") | BN27: =ROW() - 4 -> 23 | BV27: =IFERROR( IF(LEN(BP27)=0, "", IF(EXACT(BP27,BO27), "", " - xform/" & BO27 & "/" & BP27 & "/ # " & "【" & BQ27 & "】 ==> " & BS27 & "： " & BR27 & " [" & BO27 & "]")), "") | BW27: =ROW() - 4 -> 23 | CE27: =IFERROR( IF(LEN(BY27)=0, "", IF(EXACT(BY27,BX27), "", " - xform/^" & BX27 & "/" & BY27 & "/ # " & "【" & BZ27 & "】 ==> " & CB27 & "： " & CA27 & " [" & BX27 & "]")), "") | CF27: =ROW() - 4 -> 23
AU28: =ROW() - 4 -> 24 | AV28: 0 | AW28: 0 | AX28: 0 | AY28: 0 | BA28: =LEN(AV28) -> 1 | BC28: =" """ & AX28 & """: { commit: """ & AY28 & """ }" & " # " & "/" & AV29 & "/ ==> " & AW28 -> "0": { commit: "0" } # /0/ ==> 0 | BE28: =ROW() - 4 -> 24 | BN28: =ROW() - 4 -> 24 | BW28: =ROW() - 4 -> 24 | CE28: =IFERROR( IF(LEN(BY28)=0, "", IF(EXACT(BY28,BX28), "", " - xform/^" & BX28 & "/" & BY28 & "/ # " & "【" & BZ28 & "】 ==> " & CB28 & "： " & CA28 & " [" & BX28 & "]")), "") | CF28: =ROW() - 4 -> 24
AU29: =ROW() - 4 -> 25 | AV29: 0 | AW29: 0 | AX29: 0 | AY29: 0 | BA29: =LEN(AV29) -> 1 | BC29: =" """ & AX29 & """: { commit: """ & AY29 & """ }" & " # " & "/" & AV30 & "/ ==> " & AW29 -> "0": { commit: "0" } # /0/ ==> 0 | BE29: =ROW() - 4 -> 25 | BN29: =ROW() - 4 -> 25 | BW29: =ROW() - 4 -> 25 | CE29: =IFERROR( IF(LEN(BY29)=0, "", IF(EXACT(BY29,BX29), "", " - xform/^" & BX29 & "/" & BY29 & "/ # " & "【" & BZ29 & "】 ==> " & CB29 & "： " & CA29 & " [" & BX29 & "]")), "") | CF29: =ROW() - 4 -> 25
AU30: =ROW() - 4 -> 26 | AV30: 0 | AW30: 0 | AX30: 0 | AY30: 0 | BA30: =LEN(AV30) -> 1 | BC30: =" """ & AX30 & """: { commit: """ & AY30 & """ }" & " # " & "/" & AV31 & "/ ==> " & AW30 -> "0": { commit: "0" } # /0/ ==> 0 | BE30: =ROW() - 4 -> 26 | BN30: =ROW() - 4 -> 26 | BW30: =ROW() - 4 -> 26 | CE30: =IFERROR( IF(LEN(BY30)=0, "", IF(EXACT(BY30,BX30), "", " - xform/^" & BX30 & "/" & BY30 & "/ # " & "【" & BZ30 & "】 ==> " & CB30 & "： " & CA30 & " [" & BX30 & "]")), "") | CF30: =ROW() - 4 -> 26
AU31: =ROW() - 4 -> 27 | AV31: 0 | AW31: 0 | AX31: 0 | AY31: 0 | BA31: =LEN(AV31) -> 1 | BC31: =" """ & AX31 & """: { commit: """ & AY31 & """ }" & " # " & "/" & AV32 & "/ ==> " & AW31 -> "0": { commit: "0" } # /0/ ==> 0 | BE31: =ROW() - 4 -> 27 | BN31: =ROW() - 4 -> 27 | BW31: =ROW() - 4 -> 27 | CE31: =IFERROR( IF(LEN(BY31)=0, "", IF(EXACT(BY31,BX31), "", " - xform/^" & BX31 & "/" & BY31 & "/ # " & "【" & BZ31 & "】 ==> " & CB31 & "： " & CA31 & " [" & BX31 & "]")), "") | CF31: =ROW() - 4 -> 27
AU32: =ROW() - 4 -> 28 | AV32: 0 | AW32: 0 | AX32: 0 | AY32: 0 | AZ32: 韻 | BA32: =LEN(AV32) -> 1 | BE32: =ROW() - 4 -> 28 | BN32: =ROW() - 4 -> 28 | BW32: =ROW() - 4 -> 28 | CF32: =ROW() - 4 -> 28
AU33: =ROW() - 4 -> 29 | AV33: 0 | AW33: 0 | AX33: 0 | AY33: 0 | AZ33: 韻尾 | BA33: =LEN(AV33) -> 1 | BC33: =" """ & AX33 & """: { commit: """ & AY33 & """ }" & " # " & "/" & AV33 & "/ ==> " & AW33 -> "0": { commit: "0" } # /0/ ==> 0 | BE33: =ROW() - 4 -> 29 | BN33: =ROW() - 4 -> 29 | BW33: =ROW() - 4 -> 29 | CE33: =IF(CB33=0, "", " - xform/^" & CB33 & "(?!\d)/" & BX33 & "/ # " & BY33 & " [ " & CB33 & "]") | CF33: =ROW() - 4 -> 29
AU34: =ROW() - 4 -> 30 | AV34: 0 | AW34: 0 | AX34: 0 | AY34: 0 | AZ34: 韻尾 | BA34: =LEN(AV34) -> 1 | BC34: =" """ & AX34 & """: { commit: """ & AY34 & """ }" & " # " & "/" & AV34 & "/ ==> " & AW34 -> "0": { commit: "0" } # /0/ ==> 0 | BE34: =ROW() - 4 -> 30 | BN34: =ROW() - 4 -> 30 | BW34: =ROW() - 4 -> 30 | CE34: =IF(CB34=0, "", " - xform/^" & CB34 & "(?!\d)/" & BX34 & "/ # " & BY34 & " [ " & CB34 & "]") | CF34: =ROW() - 4 -> 30
AU35: =ROW() - 4 -> 31 | AV35: 0 | AW35: 0 | AX35: 0 | AY35: 0 | AZ35: 韻尾 | BA35: =LEN(AV35) -> 1 | BC35: =" """ & AX35 & """: { commit: """ & AY35 & """ }" & " # " & "/" & AV35 & "/ ==> " & AW35 -> "0": { commit: "0" } # /0/ ==> 0 | BE35: =ROW() - 4 -> 31 | BN35: =ROW() - 4 -> 31 | BW35: =ROW() - 4 -> 31 | CE35: =IF(CB35=0, "", " - xform/^" & CB35 & "(?!\d)/" & BX35 & "/ # " & BY35 & " [ " & CB35 & "]") | CF35: =ROW() - 4 -> 31
AU36: =ROW() - 4 -> 32 | AV36: 0 | AW36: 0 | AX36: 0 | AY36: 0 | AZ36: 韻尾 | BA36: =LEN(AV36) -> 1 | BC36: =" """ & AX36 & """: { commit: """ & AY36 & """ }" & " # " & "/" & AV36 & "/ ==> " & AW36 -> "0": { commit: "0" } # /0/ ==> 0 | BE36: =ROW() - 4 -> 32 | BN36: =ROW() - 4 -> 32 | BW36: =ROW() - 4 -> 32 | CE36: =IF(CB36=0, "", " - xform/^" & CB36 & "(?!\d)/" & BX36 & "/ # " & BY36 & " [ " & CB36 & "]") | CF36: =ROW() - 4 -> 32
AU37: =ROW() - 4 -> 33 | AV37: 0 | AW37: 0 | AX37: 0 | AY37: 0 | AZ37: 韻尾 | BA37: =LEN(AV37) -> 1 | BC37: =" """ & AX37 & """: { commit: """ & AY37 & """ }" & " # " & "/" & AV37 & "/ ==> " & AW37 -> "0": { commit: "0" } # /0/ ==> 0 | BE37: =ROW() - 4 -> 33 | BN37: =ROW() - 4 -> 33 | BW37: =ROW() - 4 -> 33 | CE37: =IF(CB37=0, "", " - xform/^" & CB37 & "(?!\d)/" & BX37 & "/ # " & BY37 & " [ " & CB37 & "]") | CF37: =ROW() - 4 -> 33
AU38: =ROW() - 4 -> 34 | AV38: 0 | AW38: 0 | AX38: 0 | AY38: 0 | AZ38: 韻尾 | BA38: =LEN(AV38) -> 1 | BC38: =" """ & AX38 & """: { commit: """ & AY38 & """ }" & " # " & "/" & AV38 & "/ ==> " & AW38 -> "0": { commit: "0" } # /0/ ==> 0 | BE38: =ROW() - 4 -> 34 | BN38: =ROW() - 4 -> 34 | BW38: =ROW() - 4 -> 34 | CE38: =IF(CB38=0, "", " - xform/^" & CB38 & "(?!\d)/" & BX38 & "/ # " & BY38 & " [ " & CB38 & "]") | CF38: =ROW() - 4 -> 34
AU39: =ROW() - 4 -> 35 | AV39: 0 | AW39: 0 | AX39: 0 | AY39: 0 | AZ39: 韻尾 | BA39: =LEN(AV39) -> 1 | BC39: =" """ & AX39 & """: { commit: """ & AY39 & """ }" & " # " & "/" & AV39 & "/ ==> " & AW39 -> "0": { commit: "0" } # /0/ ==> 0 | BE39: =ROW() - 4 -> 35 | BN39: =ROW() - 4 -> 35 | BW39: =ROW() - 4 -> 35 | CE39: =IF(CB39=0, "", " - xform/^" & CB39 & "(?!\d)/" & BX39 & "/ # " & BY39 & " [ " & CB39 & "]") | CF39: =ROW() - 4 -> 35
AU40: =ROW() - 4 -> 36 | AV40: 0 | AW40: 0 | AX40: 0 | AY40: 0 | AZ40: 韻 | BA40: =LEN(AV40) -> 1 | BC40: =" """ & AX40 & """: { commit: """ & AY40 & """ }" & " # " & "/" & AV40 & "/ ==> " & AW40 -> "0": { commit: "0" } # /0/ ==> 0 | BE40: =ROW() - 4 -> 36 | BN40: =ROW() - 4 -> 36 | BW40: =ROW() - 4 -> 36 | CE40: =IF(CB40=0, "", " - xform/^" & CB40 & "(?!\d)/" & BX40 & "/ # " & BY40 & " [ " & CB40 & "]") | CF40: =ROW() - 4 -> 36
AU41: =ROW() - 4 -> 37 | AV41: 0 | AW41: 0 | AX41: 0 | AY41: 0 | AZ41: 韻 | BA41: =LEN(AV41) -> 1 | BC41: =" """ & AX41 & """: { commit: """ & AY41 & """ }" & " # " & "/" & AV41 & "/ ==> " & AW41 -> "0": { commit: "0" } # /0/ ==> 0 | BE41: =ROW() - 4 -> 37 | BN41: =ROW() - 4 -> 37 | BW41: =ROW() - 4 -> 37 | CE41: =IF(CB41=0, "", " - xform/^" & CB41 & "(?!\d)/" & BX41 & "/ # " & BY41 & " [ " & CB41 & "]") | CF41: =ROW() - 4 -> 37
AU42: =ROW() - 4 -> 38 | AV42: 0 | AW42: 0 | AX42: 0 | AY42: 0 | AZ42: 韻 | BA42: =LEN(AV42) -> 1 | BC42: =" """ & AX42 & """: { commit: """ & AY42 & """ }" & " # " & "/" & AV42 & "/ ==> " & AW42 -> "0": { commit: "0" } # /0/ ==> 0 | BE42: =ROW() - 4 -> 38 | BN42: =ROW() - 4 -> 38 | BW42: =ROW() - 4 -> 38 | CE42: =IF(CB42=0, "", " - xform/^" & CB42 & "(?!\d)/" & BX42 & "/ # " & BY42 & " [ " & CB42 & "]") | CF42: =ROW() - 4 -> 38
AU43: =ROW() - 4 -> 39 | AV43: 0 | AW43: 0 | AX43: 0 | AY43: 0 | AZ43: 韻 | BA43: =LEN(AV43) -> 1 | BC43: =" """ & AX43 & """: { commit: """ & AY43 & """ }" & " # " & "/" & AV43 & "/ ==> " & AW43 -> "0": { commit: "0" } # /0/ ==> 0 | BE43: =ROW() - 4 -> 39 | BN43: =ROW() - 4 -> 39 | BW43: =ROW() - 4 -> 39 | CE43: =IF(CB43=0, "", " - xform/^" & CB43 & "(?!\d)/" & BX43 & "/ # " & BY43 & " [ " & CB43 & "]") | CF43: =ROW() - 4 -> 39
AU44: =ROW() - 4 -> 40 | AV44: 0 | AW44: 0 | AX44: 0 | AY44: 0 | AZ44: 韻 | BA44: =LEN(AV44) -> 1 | BC44: =" """ & AX44 & """: { commit: """ & AY44 & """ }" & " # " & "/" & AV44 & "/ ==> " & AW44 -> "0": { commit: "0" } # /0/ ==> 0 | BE44: =ROW() - 4 -> 40 | BN44: =ROW() - 4 -> 40 | BW44: =ROW() - 4 -> 40 | CE44: =IF(CB44=0, "", " - xform/^" & CB44 & "(?!\d)/" & BX44 & "/ # " & BY44 & " [ " & CB44 & "]") | CF44: =ROW() - 4 -> 40
... AU46: =ROW() - 4 -> 42 | AV46: 0 | AW46: 0 | AX46: 0 | AY46: 0 | AZ46: 韻 | BA46: =LEN(AV46) -> 1 | BC46: =" """ & AX46 & """: { commit: """ & AY46 & """ }" & " # " & "/" & AV46 & "/ ==> " & AW46 -> "0": { commit: "0" } # /0/ ==> 0 | BE46: =ROW() - 4 -> 42 | BN46: =ROW() - 4 -> 42 | BW46: =ROW() - 4 -> 42 | CE46: =IF(CB46=0, "", " - xform/^" & CB46 & "(?!\d)/" & BX46 & "/ # " & BY46 & " [ " & CB46 & "]") | CF46: =ROW() - 4 -> 42
AU47: =ROW() - 4 -> 43 | AZ47: 韻 | BA47: =LEN(AV47) -> 0 | BC47: =" """ & AX47 & """: { commit: """ & AY47 & """ }" & " # " & "/" & AV47 & "/ ==> " & AW47 -> "": { commit: "" } # // ==> | BE47: =ROW() - 4 -> 43 | BN47: =ROW() - 4 -> 43 | BW47: =ROW() - 4 -> 43 | CE47: =IF(CB47=0, "", " - xform/^" & CB47 & "(?!\d)/" & BX47 & "/ # " & BY47 & " [ " & CB47 & "]") | CF47: =ROW() - 4 -> 43
AU48: =ROW() - 4 -> 44 | AZ48: 韻 | BA48: =LEN(AV48) -> 0 | BC48: =" """ & AX48 & """: { commit: """ & AY48 & """ }" & " # " & "/" & AV48 & "/ ==> " & AW48 -> "": { commit: "" } # // ==> | BE48: =ROW() - 4 -> 44 | BN48: =ROW() - 4 -> 44 | BW48: =ROW() - 4 -> 44 | CE48: =IF(CB48=0, "", " - xform/^" & CB48 & "(?!\d)/" & BX48 & "/ # " & BY48 & " [ " & CB48 & "]") | CF48: =ROW() - 4 -> 44
AU49: =ROW() - 4 -> 45 | AZ49: 韻 | BA49: =LEN(AV49) -> 0 | BC49: =" """ & AX49 & """: { commit: """ & AY49 & """ }" & " # " & "/" & AV49 & "/ ==> " & AW49 -> "": { commit: "" } # // ==> | BE49: =ROW() - 4 -> 45 | BN49: =ROW() - 4 -> 45 | BW49: =ROW() - 4 -> 45 | CE49: =IF(CB49=0, "", " - xform/^" & CB49 & "(?!\d)/" & BX49 & "/ # " & BY49 & " [ " & CB49 & "]") | CF49: =ROW() - 4 -> 45
AU50: =ROW() - 4 -> 46 | AZ50: 韻 | BA50: =LEN(AV50) -> 0 | BC50: =" """ & AX50 & """: { commit: """ & AY50 & """ }" & " # " & "/" & AV50 & "/ ==> " & AW50 -> "": { commit: "" } # // ==> | BE50: =ROW() - 4 -> 46 | BN50: =ROW() - 4 -> 46 | BW50: =ROW() - 4 -> 46 | CE50: =IF(CB50=0, "", " - xform/^" & CB50 & "(?!\d)/" & BX50 & "/ # " & BY50 & " [ " & CB50 & "]") | CF50: =ROW() - 4 -> 46
AU51: =ROW() - 4 -> 47 | AZ51: 韻 | BA51: =LEN(AV51) -> 0 | BC51: =" """ & AX51 & """: { commit: """ & AY51 & """ }" & " # " & "/" & AV51 & "/ ==> " & AW51 -> "": { commit: "" } # // ==> | BE51: =ROW() - 4 -> 47 | BN51: =ROW() - 4 -> 47 | BW51: =ROW() - 4 -> 47 | CE51: =IF(CB51=0, "", " - xform/^" & CB51 & "(?!\d)/" & BX51 & "/ # " & BY51 & " [ " & CB51 & "]") | CF51: =ROW() - 4 -> 47
AU52: =ROW() - 4 -> 48 | AZ52: 韻 | BA52: =LEN(AV52) -> 0 | BC52: =" """ & AX52 & """: { commit: """ & AY52 & """ }" & " # " & "/" & AV52 & "/ ==> " & AW52 -> "": { commit: "" } # // ==> | BE52: =ROW() - 4 -> 48 | BN52: =ROW() - 4 -> 48 | BW52: =ROW() - 4 -> 48 | CE52: =IF(CB52=0, "", " - xform/^" & CB52 & "(?!\d)/" & BX52 & "/ # " & BY52 & " [ " & CB52 & "]") | CF52: =ROW() - 4 -> 48
AU53: =ROW() - 4 -> 49 | AZ53: 韻 | BA53: =LEN(AV53) -> 0 | BC53: =" """ & AX53 & """: { commit: """ & AY53 & """ }" & " # " & "/" & AV53 & "/ ==> " & AW53 -> "": { commit: "" } # // ==> | BE53: =ROW() - 4 -> 49 | BN53: =ROW() - 4 -> 49 | BW53: =ROW() - 4 -> 49 | CE53: =IF(CB53=0, "", " - xform/^" & CB53 & "(?!\d)/" & BX53 & "/ # " & BY53 & " [ " & CB53 & "]") | CF53: =ROW() - 4 -> 49
AU54: =ROW() - 4 -> 50 | AZ54: 調 | BA54: =LEN(AV54) -> 0 | BC54: =" """ & AX54 & """: { commit: """ & AY54 & """ }" & " # " & "/" & AV54 & "/ ==> " & AW54 -> "": { commit: "" } # // ==> | BE54: =ROW() - 4 -> 50 | BN54: =ROW() - 4 -> 50 | BW54: =ROW() - 4 -> 50 | CE54: =IF(CB54=0, "", " - xform/^" & CB54 & "(?!\d)/" & BX54 & "/ # " & BY54 & " [ " & CB54 & "]") | CF54: =ROW() - 4 -> 50
AU55: =ROW() - 4 -> 51 | AZ55: 調 | BA55: =LEN(AV55) -> 0 | BC55: =" """ & AX55 & """: { commit: """ & AY55 & """ }" & " # " & "/" & AV55 & "/ ==> " & AW55 -> "": { commit: "" } # // ==> | BE55: =ROW() - 4 -> 51 | BN55: =ROW() - 4 -> 51 | BW55: =ROW() - 4 -> 51 | CE55: =IF(CB55=0, "", " - xform/^" & CB55 & "(?!\d)/" & BX55 & "/ # " & BY55 & " [ " & CB55 & "]") | CF55: =ROW() - 4 -> 51
AU56: =ROW() - 4 -> 52 | AZ56: 調 | BA56: =LEN(AV56) -> 0 | BC56: =" """ & AX56 & """: { commit: """ & AY56 & """ }" & " # " & "/" & AV56 & "/ ==> " & AW56 -> "": { commit: "" } # // ==> | BE56: =ROW() - 4 -> 52 | BN56: =ROW() - 4 -> 52 | BW56: =ROW() - 4 -> 52 | CE56: =IF(CB56=0, "", " - xform/^" & CB56 & "(?!\d)/" & BX56 & "/ # " & BY56 & " [ " & CB56 & "]") | CF56: =ROW() - 4 -> 52
AU57: =ROW() - 4 -> 53 | AZ57: 調 | BA57: =LEN(AV57) -> 0 | BC57: =" """ & AX57 & """: { commit: """ & AY57 & """ }" & " # " & "/" & AV57 & "/ ==> " & AW57 -> "": { commit: "" } # // ==> | BE57: =ROW() - 4 -> 53 | BN57: =ROW() - 4 -> 53 | BW57: =ROW() - 4 -> 53 | CF57: =ROW() - 4 -> 53
AU58: =ROW() - 4 -> 54 | AZ58: 調 | BA58: =LEN(AV58) -> 0 | BC58: =" """ & AX58 & """: { commit: """ & AY58 & """ }" & " # " & "/" & AV58 & "/ ==> " & AW58 -> "": { commit: "" } # // ==> | BE58: =ROW() - 4 -> 54 | BN58: =ROW() - 4 -> 54 | BW58: =ROW() - 4 -> 54 | CF58: =ROW() - 4 -> 54
AU59: =ROW() - 4 -> 55 | AZ59: 調 | BA59: =LEN(AV59) -> 0 | BC59: =" """ & AX59 & """: { commit: """ & AY59 & """ }" & " # " & "/" & AV59 & "/ ==> " & AW59 -> "": { commit: "" } # // ==> | BE59: =ROW() - 4 -> 55 | BN59: =ROW() - 4 -> 55 | BW59: =ROW() - 4 -> 55 | CF59: =ROW() - 4 -> 55
AU60: =ROW() - 4 -> 56 | AZ60: 調 | BA60: =LEN(AV60) -> 0 | BC60: =" """ & AX60 & """: { commit: """ & AY60 & """ }" & " # " & "/" & AV60 & "/ ==> " & AW60 -> "": { commit: "" } # // ==> | BE60: =ROW() - 4 -> 56 | BN60: =ROW() - 4 -> 56 | BW60: =ROW() - 4 -> 56 | CF60: =ROW() - 4 -> 56
AU61: =ROW() - 4 -> 57 | AZ61: 鍵 | BA61: =LEN(AV61) -> 0 | BC61: =" """ & AX61 & """: { commit: """ & AY61 & """ }" & " # " & "/" & AV61 & "/ ==> " & AW61 -> "": { commit: "" } # // ==> | BE61: =ROW() - 4 -> 57 | BN61: =ROW() - 4 -> 57 | BW61: =ROW() - 4 -> 57 | CF61: =ROW() - 4 -> 57
AU62: =ROW() - 4 -> 58 | AZ62: 鍵 | BA62: =LEN(AV62) -> 0 | BC62: =" """ & AX62 & """: { commit: """ & AY62 & """ }" & " # " & "/" & AV62 & "/ ==> " & AW62 -> "": { commit: "" } # // ==> | BE62: =ROW() - 4 -> 58 | BN62: =ROW() - 4 -> 58 | BW62: =ROW() - 4 -> 58 | CF62: =ROW() - 4 -> 58
AU63: =ROW() - 4 -> 59 | BA63: =LEN(AV63) -> 0 | BE63: =ROW() - 4 -> 59 | BN63: =ROW() - 4 -> 59 | BW63: =ROW() - 4 -> 59 | CF63: =ROW() - 4 -> 59
AU64: =ROW() - 4 -> 60 | BA64: =LEN(AV64) -> 0 | BE64: =ROW() - 4 -> 60 | BN64: =ROW() - 4 -> 60 | BW64: =ROW() - 4 -> 60 | CF64: =ROW() - 4 -> 60

Sheet 【聲】聲母對照表
A1: 序號 | B1: 國際音標 | C1: 台羅拼音 | D1: 台語音標 | E1: 台語注音二式 | F1: 閩拼方案 | G1: 白話字 | H1: 方音符號 | I1: 台語注音 | J1: 十五音 | K1: 漢字例 | L1: 備註 | M1: s1 | N1: s2 | O1: s3
A2: 1 | J2: 英 | K2: 以 | L2: Ø | M2: 1 | N2: Ø | O2: Ø
A3: 2 | B3: m | C3: m | D3: m | E3: m | F3: bbn | G3: m | H3: ㄇ | I3: ㄇ | J3: 毛 | K3: 毛 | L3: b/m 本不分，此處分門/毛 | M3: 2 | N3: m | O3: bbn
A4: 3 | B4: b | C4: b | D4: b | E4: bb | F4: bb | G4: b | H4: ㆠ | I4: ㄪ | J4: 門 | K4: 美 | M4: 3 | N4: bb | O4: bb
A5: 4 | B5: p | C5: p | D5: p | E5: b | F5: b | G5: p | H5: ㄅ | I5: ㄅ | J5: 邊 | K5: 比 | M5: 4 | N5: b | O5: b
A6: 5 | B6: pʰ | C6: ph | D6: ph | E6: p | F6: p | G6: ph | H6: ㄆ | I6: ㄆ | J6: 頗 | K6: 鄙 | M6: 5 | N6: p | O6: p
A7: 6 | B7: n | C7: n | D7: n | E7: n | F7: ln | G7: n | H7: ㄋ | I7: ㄋ | J7: 耐 | K7: 耐 | L7: l/n 本不分，此處分柳/耐 | M7: 6 | N7: n | O7: ln
A8: 7 | B8: l | C8: l | D8: l | E8: l | F8: l | G8: l | H8: ㄌ | I8: ㄌ | J8: 柳 | K8: 理 | M8: 7 | N8: l | O8: l
A9: 8 | B9: t | C9: t | D9: t | E9: d | F9: d | G9: t | H9: ㄉ | I9: ㄉ | J9: 地 | K9: 底 | M9: 8 | N9: d | O9: d
A10: 9 | B10: tʰ | C10: th | D10: th | E10: t | F10: t | G10: th | H10: ㄊ | I10: ㄊ | J10: 他 | K10: 恥 | M10: 9 | N10: t | O10: t
A11: 10 | B11: ŋ | C11: ng | D11: ng | E11: ng | F11: ggn | G11: ng | H11: ㄫ | I11: ⁰ㄫ | J11: 雅 | K11: 雅 | L11: g/ng 本不分，此處分語/雅 | M11: 10 | N11: ng | O11: ggn
A12: 11 | B12: ɡ | C12: g | D12: g | E12: gg | F12: gg | G12: g | H12: ㆣ | I12: ㄫ | J12: 語 | K12: 禦 | M12: 11 | N12: gg | O12: gg
A13: 12 | B13: k | C13: k | D13: k | E13: g | F13: g | G13: k | H13: ㄍ | I13: ㄍ | J13: 求 | K13: 己 | M13: 12 | N13: g | O13: g
A14: 13 | B14: kʰ | C14: kh | D14: kh | E14: k | F14: k | G14: kh | H14: ㄎ | I14: ㄎ | J14: 去 | K14: 起 | M14: 13 | N14: k | O14: k
A15: 14 | B15: ʣ | C15: j | D15: j | E15: zz | F15: zz | G15: j | H15: ㆡ | I15: ㄖ | J15: 入 | K15: 熱 | M15: 14 | N15: zz | O15: zz
A16: 15 | B16: ʦ | C16: ts | D16: z | E16: z | F16: z | G16: ch | H16: ㄗ | I16: ㄗ | J16: 曾 | K16: 阻 | M16: 15 | N16: z | O16: z
A17: 16 | B17: ʦʰ | C17: tsh | D17: c | E17: c | F17: c | G17: chh | H17: ㄘ | I17: ㄘ | J17: 出 | K17: 取 | M17: 16 | N17: c | O17: c
A18: 17 | B18: s | C18: s | D18: s | E18: s | F18: s | G18: s | H18: ㄙ | I18: ㄙ | J18: 時 | K18: 詞 | M18: 17 | N18: s | O18: s
A19: 18 | B19: ʥ | C19: ji | D19: ji | E19: jj | F19: zzi | G19: ji | H19: ㆢ | I19: ㄖ | J19: 入 | K19: 熱 | L19: ㆢ = ㆡㄧ | M19: 18 | N19: jji | O19: zzi
A20: 19 | B20: ʨ | C20: tsi | D20: zi | E20: j | F20: zi | G20: chi | H20: ㄐ | I20: ㄐ | J20: 曾 | K20: 止 | L20: ㄐ = ㄗㄧ | M20: 19 | N20: ji | O20: zi
A21: 20 | B21: ʨʰ | C21: tshi | D21: ci | E21: ch | F21: ci | G21: chhi | H21: ㄑ | I21: ㄑ | J21: 出 | K21: 測 | L21: ㄑ = ㄘㄧ | M21: 20 | N21: chi | O21: ci
A22: 21 | B22: ɕ | C22: si | D22: si | E22: sh | F22: si | G22: si | H22: ㄒ | I22: ㄒ | J22: 時 | K22: 惜 | L22: ㄒ = ㄙㄧ | M22: 21 | N22: shi | O22: si
A23: 22 | B23: h | C23: h | D23: h | E23: h | F23: h | G23: h | H23: ㄏ | I23: ㄏ | J23: 喜 | K23: 喜 | M23: 22 | N23: h | O23: h

Sheet 工作表3
B2: 序號 | C2: =COLUMN() - 2 -> 1 | D2: =COLUMN() - 2 -> 2 | E2: =COLUMN() - 2 -> 3 | F2: =COLUMN() - 2 -> 4 | G2: =COLUMN() - 2 -> 5 | H2: =COLUMN() - 2 -> 6 | I2: =COLUMN() - 2 -> 7 | J2: =COLUMN() - 2 -> 8 | ... W2: =COLUMN() - 2 -> 21
B3: 國際音標 | C3: p | D3: pʰ | E3: b | F3: m | G3: t | H3: tʰ | I3: n | J3: l | K3: k | L3: kʰ | M3: h | N3: ŋ | O3: ɡ | P3: ʦ | Q3: ʦʰ | R3: s | S3: ʣ | T3: ʨ | U3: ʨʰ | V3: ɕ | W3: ʥ
B4: 方音符號 | C4: ㄅ | D4: ㄆ | E4: ㆠ | F4: ㄇ | G4: ㄉ | H4: ㄊ | I4: ㄋ | J4: ㄌ | K4: ㄍ | L4: ㄎ | M4: ㄏ | N4: ㄫ | O4: ㆣ | P4: ㄗ | Q4: ㄘ | R4: ㄙ | S4: ㆡ | T4: ㄐ | U4: ㄑ | V4: ㄒ | W4: ㆢ
B5: 台語注音 | C5: ㄅ | D5: ㄆ | E5: ㄪ | F5: ㄇ | G5: ㄉ | H5: ㄊ | I5: ㄋ | J5: ㄌ | K5: ㄍ | L5: ㄎ | M5: ㄏ | N5: ⁰ㄫ | O5: ㄫ | P5: ㄗ | Q5: ㄘ | R5: ㄙ | S5: ㄖ | T5: ㄐ | U5: ㄑ | V5: ㄒ | W5: ㄖ
B9: 序號 | C9: =COLUMN() - 2 -> 1 | D9: =COLUMN() - 2 -> 2 | E9: =COLUMN() - 2 -> 3 | F9: =COLUMN() - 2 -> 4 | G9: =COLUMN() - 2 -> 5 | H9: =COLUMN() - 2 -> 6 | I9: =COLUMN() - 2 -> 7 | J9: =COLUMN() - 2 -> 8 | ... W9: =COLUMN() - 2 -> 21
B10: 國際音標 | C10: p | D10: pʰ | E10: b | F10: m | G10: t | H10: tʰ | I10: n | J10: l | K10: k | L10: kʰ | M10: h | N10: ŋ | O10: ɡ | P10: ʦ | Q10: ʦʰ | R10: s | S10: ʣ | T10: ʨ | U10: ʨʰ | V10: ɕ | W10: ʥ
B11: 台羅拼音 | C11: p | D11: ph | E11: b | F11: m | G11: t | H11: th | I11: n | J11: l | K11: k | L11: kh | M11: h | N11: ng | O11: g | P11: ts | Q11: tsh | R11: s | S11: j | T11: tsi | U11: tshi | V11: si | W11: ji
B12: 台語音標 | C12: p | D12: ph | E12: b | F12: m | G12: t | H12: th | I12: n | J12: l | K12: k | L12: kh | M12: h | N12: ng | O12: g | P12: z | Q12: c | R12: s | S12: j | T12: zi | U12: ci | V12: si | W12: ji
B13: 台語注音二式 | C13: b | D13: p | E13: bb | F13: m | G13: d | H13: t | I13: n | J13: l | K13: g | L13: k | M13: h | N13: ng | O13: gg | P13: z | Q13: c | R13: s | S13: zz | T13: j | U13: ch | V13: sh | W13: jj
B14: 閩拼方案 | C14: b | D14: p | E14: bb | F14: bbn | G14: d | H14: t | I14: ln | J14: l | K14: g | L14: k | M14: h | N14: ggn | O14: gg | P14: z | Q14: c | R14: s | S14: zz | T14: zi | U14: ci | V14: si | W14: zzi
B15: 白話字 | C15: p | D15: ph | E15: b | F15: m | G15: t | H15: th | I15: n | J15: l | K15: k | L15: kh | M15: h | N15: ng | O15: g | P15: ch | Q15: chh | R15: s | S15: j | T15: chi | U15: chhi | V15: si | W15: ji
B16: 方音符號 | C16: ㄅ | D16: ㄆ | E16: ㆠ | F16: ㄇ | G16: ㄉ | H16: ㄊ | I16: ㄋ | J16: ㄌ | K16: ㄍ | L16: ㄎ | M16: ㄏ | N16: ㄫ | O16: ㆣ | P16: ㄗ | Q16: ㄘ | R16: ㄙ | S16: ㆡ | T16: ㄐ | U16: ㄑ | V16: ㄒ | W16: ㆢ
B17: 台語注音 | C17: ㄅ | D17: ㄆ | E17: ㄪ | F17: ㄇ | G17: ㄉ | H17: ㄊ | I17: ㄋ | J17: ㄌ | K17: ㄍ | L17: ㄎ | M17: ㄏ | N17: ⁰ㄫ | O17: ㄫ | P17: ㄗ | Q17: ㄘ | R17: ㄙ | S17: ㄖ | T17: ㄐ | U17: ㄑ | V17: ㄒ | W17: ㄖ

Sheet 【韻】韻母對照表
A1: 響度優先次第： a > oo > (e = o) > (i = u)〈低元音 > 高元音 > 無擦通音 > 擦音 > 塞音〉 | I1: ㄏ | J1: ⁰
A3: 序號 | B3: 國際音標 | C3: 台羅拼音 | D3: 台語音標 | E3: 台語注音二式 | F3: 閩拼方案 | G3: 白話字 | H3: 方音符號 | I3: 台語注音 | J3: 十五音 | K3: 漢字例 | L3: 十五音識別碼 | M3: 聲韻調類 | N3: 字長 | P3: =韻母對照表[[#Headers],[台羅拼音]] -> 台羅拼音 | Q3: 十五音 | R3: 方音符號 | S3: 聲韻調類 | T3: 字長 | V3: =P3 -> 台羅拼音 | W3: 十五音 | X3: 方音符號 | Y3: 聲韻調類 | Z3: 字長
A4: 1 | B4: a | C4: a | D4: a | E4: a | F4: a | G4: a | H4: ㄚ | I4: ㄚ | J4: 膠 | K4: 些 | L4: 膠舒 | N4: =LEN(韻母對照表[[#This Row],[台羅拼音]]) -> 1 | P4: {=_xlfn.LET(_xlpm.crit,韻母對照表[聲韻調類]="韻-鼻",_xlfn.SORTBY(_xlfn._xlws.FILTER(_xlfn.HSTACK(韻母對照表[台羅拼音],韻母對照表[十五音],韻母對照表[方音符號],韻母對照表[聲韻調類],韻母對照表[字長]),_xlpm.crit,"無符合資料"),_xlfn._xlws.FILTER(韻母對照表[字長],_xlpm.crit),-1))} -> uaihnn | Q4: 閂 | R4: ㄨㆮㆷ | S4: 韻-鼻 | T4: 6 | V4: {=_xlfn.LET(_xlpm.crit,(韻母對照表[聲韻調類]<>"韻-鼻")*(韻母對照表[台語注音二式]<>""),_xlfn.SORTBY(_xlfn._xlws.FILTER(_xlfn.HSTACK(韻母對照表[台語音標],韻母對照表[十五音],韻母對照表[方音符號],韻母對照表[聲韻調類],韻母對照表[字長]),_xlpm.crit,"無符合資料"),_xlfn._xlws.FILTER(韻母對照表[字長],_xlpm.crit),-1))} -> aunn | W4: 爻 | X4: ㆯ | Y4: 0 | Z4: 4 | AB4: =_xlfn.CONCAT(" - xform/", "》", $P4, "/", Q4, "》", "/") -> - xform/》uaihnn/閂》/ | AC4: =_xlfn.CONCAT(" - xform/", "》", $V4, "/", W4, "》", "/") -> - xform/》aunn/爻》/ | AE4: =_xlfn.CONCAT(" - xform/", "〉", $P4, "/", R4, "〉", "/") -> - xform/〉uaihnn/ㄨㆮㆷ〉/ | AF4: =_xlfn.CONCAT(" - xform/", "〉", $V4, "/", X4, "〉", "/") -> - xform/〉aunn/ㆯ〉/
A5: 2 | B5: aʔ | C5: ah | D5: ah | E5: ah | F5: ah | G5: ah | H5: ㄚㆷ | I5: ㄚㄏ | J5: 膠 | K5: 百 | L5: 膠促 | N5: =LEN(韻母對照表[[#This Row],[台羅拼音]]) -> 2 | P5: iahnn | Q5: 迦 | R5: ㄧㆩㆷ | S5: 韻-鼻 | T5: 5 | V5: iang | W5: 姜 | X5: ㄧㄤ | Y5: 0 | Z5: 4 | AB5: =_xlfn.CONCAT(" - xform/", "》", $P5, "/", Q5, "》", "/") -> - xform/》iahnn/迦》/ | AC5: =_xlfn.CONCAT(" - xform/", "》", $V5, "/", W5, "》", "/") -> - xform/》iang/姜》/ | AE5: =_xlfn.CONCAT(" - xform/", "〉", $P5, "/", R5, "〉", "/") -> - xform/〉iahnn/ㄧㆩㆷ〉/ | AF5: =_xlfn.CONCAT(" - xform/", "〉", $V5, "/", X5, "〉", "/") -> - xform/〉iang/ㄧㄤ〉/
A6: 3 | B6: aɪ | C6: ai | D6: ai | E6: ai | F6: ai | G6: ai | H6: ㄞ | I6: ㄞ | J6: 皆 | K6: 埃 | L6: 皆舒 | N6: =LEN(韻母對照表[[#This Row],[台羅拼音]]) -> 2 | P6: iaunn | Q6: 嘄 | R6: ㄧㆯ | S6: 韻-鼻 | T6: 5 | V6: iauh | W6: 嬌 | X6: ㄧㄠㆷ | Y6: 0 | Z6: 4 | AB6: =_xlfn.CONCAT(" - xform/", "》", $P6, "/", Q6, "》", "/") -> - xform/》iaunn/嘄》/ | AC6: =_xlfn.CONCAT(" - xform/", "》", $V6, "/", W6, "》", "/") -> - xform/》iauh/嬌》/ | AE6: =_xlfn.CONCAT(" - xform/", "〉", $P6, "/", R6, "〉", "/") -> - xform/〉iaunn/ㄧㆯ〉/ | AF6: =_xlfn.CONCAT(" - xform/", "〉", $V6, "/", X6, "〉", "/") -> - xform/〉iauh/ㄧㄠㆷ〉/
A7: 4 | B7: aɪʔ | C7: aih | D7: aih | E7: aih | F7: aih | G7: aih | H7: ㄞㆷ | I7: ㄞㄏ | J7: 皆 | K7: ◯ | L7: 皆促 | N7: =LEN(韻母對照表[[#This Row],[台羅拼音]]) -> 3 | P7: iuhnn | Q7: 牛 | R7: ㄧㆫㆷ | S7: 韻-鼻 | T7: 5 | V7: iooh | W7: 0 | X7: ㄧㆦㆷ | Y7: 0 | Z7: 4 | AB7: =_xlfn.CONCAT(" - xform/", "》", $P7, "/", Q7, "》", "/") -> - xform/》iuhnn/牛》/ | AC7: =_xlfn.CONCAT(" - xform/", "》", $V7, "/", W7, "》", "/") -> - xform/》iooh/0》/ | AE7: =_xlfn.CONCAT(" - xform/", "〉", $P7, "/", R7, "〉", "/") -> - xform/〉iuhnn/ㄧㆫㆷ〉/ | AF7: =_xlfn.CONCAT(" - xform/", "〉", $V7, "/", X7, "〉", "/") -> - xform/〉iooh/ㄧㆦㆷ〉/
A8: 5 | B8: ãɪ | C8: ainn | D8: ainn | E8: ainn | F8: nai | G8: aiⁿ | H8: ㆮ | I8: ⁰ㄞ | J8: 閒 | K8: 挨 | L8: 閒舒 | M8: 韻-鼻 | N8: =LEN(韻母對照表[[#This Row],[台羅拼音]]) -> 4 | P8: uainn | Q8: 閂 | R8: ㄨㆮ | S8: 韻-鼻 | T8: 5 | V8: iong | W8: 恭 | X8: ㄧㆲ | Y8: 0 | Z8: 4 | AB8: =_xlfn.CONCAT(" - xform/", "》", $P8, "/", Q8, "》", "/") -> - xform/》uainn/閂》/ | AC8: =_xlfn.CONCAT(" - xform/", "》", $V8, "/", W8, "》", "/") -> - xform/》iong/恭》/ | AE8: =_xlfn.CONCAT(" - xform/", "〉", $P8, "/", R8, "〉", "/") -> - xform/〉uainn/ㄨㆮ〉/ | AF8: =_xlfn.CONCAT(" - xform/", "〉", $V8, "/", X8, "〉", "/") -> - xform/〉iong/ㄧㆲ〉/
A9: 6 | B9: ak̚ | C9: ak | D9: ak | E9: ak | F9: ak | G9: ak | H9: ㄚㆻ | I9: ㄚㄍ | J9: 江 | K9: 角 | L9: 江促 | N9: =LEN(韻母對照表[[#This Row],[台羅拼音]]) -> 2 | P9: ainn | Q9: 閒 | R9: ㆮ | S9: 韻-鼻 | T9: 4 | V9: uaih | W9: 乖 | X9: ㄨㄞㆷ | Y9: 0 | Z9: 4 | AB9: =_xlfn.CONCAT(" - xform/", "》", $P9, "/", Q9, "》", "/") -> - xform/》ainn/閒》/ | AC9: =_xlfn.CONCAT(" - xform/", "》", $V9, "/", W9, "》", "/") -> - xform/》uaih/乖》/ | AE9: =_xlfn.CONCAT(" - xform/", "〉", $P9, "/", R9, "〉", "/") -> - xform/〉ainn/ㆮ〉/ | AF9: =_xlfn.CONCAT(" - xform/", "〉", $V9, "/", X9, "〉", "/") -> - xform/〉uaih/ㄨㄞㆷ〉/
A10: 7 | B10: am | C10: am | D10: am | E10: am | F10: am | G10: am | H10: ㆰ | I10: ㄚㄇ | J10: 甘 | K10: 堪 | L10: 甘舒 | N10: =LEN(韻母對照表[[#This Row],[台羅拼音]]) -> 2 | P10: ahnn | Q10: 監 | R10: ㆩㆷ | S10: 韻-鼻 | T10: 4 | V10: uang | W10: 光 | X10: ㄨㄤ | Y10: 0 | Z10: 4 | AB10: =_xlfn.CONCAT(" - xform/", "》", $P10, "/", Q10, "》", "/") -> - xform/》ahnn/監》/ | AC10: =_xlfn.CONCAT(" - xform/", "》", $V10, "/", W10, "》", "/") -> - xform/》uang/光》/ | AE10: =_xlfn.CONCAT(" - xform/", "〉", $P10, "/", R10, "〉", "/") -> - xform/〉ahnn/ㆩㆷ〉/ | AF10: =_xlfn.CONCAT(" - xform/", "〉", $V10, "/", X10, "〉", "/") -> - xform/〉uang/ㄨㄤ〉/
A11: 8 | B11: an | C11: an | D11: an | E11: an | F11: an | G11: an | H11: ㄢ | I11: ㄢ | J11: 干 | K11: 蘭 | L11: 干舒 | N11: =LEN(韻母對照表[[#This Row],[台羅拼音]]) -> 2 | P11: ehnn | Q11: 更 | R11: ㆥㆷ | S11: 韻-鼻 | T11: 4 | V11: uann | W11: 官 | X11: ㄨㆩ | Y11: 0 | Z11: 4 | AB11: =_xlfn.CONCAT(" - xform/", "》", $P11, "/", Q11, "》", "/") -> - xform/》ehnn/更》/ | AC11: =_xlfn.CONCAT(" - xform/", "》", $V11, "/", W11, "》", "/") -> - xform/》uann/官》/ | AE11: =_xlfn.CONCAT(" - xform/", "〉", $P11, "/", R11, "〉", "/") -> - xform/〉ehnn/ㆥㆷ〉/ | AF11: =_xlfn.CONCAT(" - xform/", "〉", $V11, "/", X11, "〉", "/") -> - xform/〉uann/ㄨㆩ〉/
A12: 9 | B12: aŋ | C12: ang | D12: ang | E12: ang | F12: ang | G12: ang | H12: ㄤ | I12: ㄤ | J12: 江 | K12: 邦 | L12: 江舒 | N12: =LEN(韻母對照表[[#This Row],[台羅拼音]]) -> 3 | P12: iann | Q12: 驚 | R12: ㄧㆩ | S12: 韻-鼻 | T12: 4 | V12: aih | W12: 皆 | X12: ㄞㆷ | Y12: 0 | Z12: 3 | AB12: =_xlfn.CONCAT(" - xform/", "》", $P12, "/", Q12, "》", "/") -> - xform/》iann/驚》/ | AC12: =_xlfn.CONCAT(" - xform/", "》", $V12, "/", W12, "》", "/") -> - xform/》aih/皆》/ | AE12: =_xlfn.CONCAT(" - xform/", "〉", $P12, "/", R12, "〉", "/") -> - xform/〉iann/ㄧㆩ〉/ | AF12: =_xlfn.CONCAT(" - xform/", "〉", $V12, "/", X12, "〉", "/") -> - xform/〉aih/ㄞㆷ〉/
A13: 10 | B13: ã | C13: ann | D13: ann | E13: ann | F13: na | G13: aⁿ | H13: ㆩ | I13: ⁰ㄚ | J13: 監 | K13: 聽 | L13: 監舒 | M13: 韻-鼻 | N13: =LEN(韻母對照表[[#This Row],[台羅拼音]]) -> 3 | P13: ionn | Q13: 薑 | R13: ㄧㆧ | S13: 韻-鼻 | T13: 4 | V13: ang | W13: 江 | X13: ㄤ | Y13: 0 | Z13: 3 | AB13: =_xlfn.CONCAT(" - xform/", "》", $P13, "/", Q13, "》", "/") -> - xform/》ionn/薑》/ | AC13: =_xlfn.CONCAT(" - xform/", "》", $V13, "/", W13, "》", "/") -> - xform/》ang/江》/ | AE13: =_xlfn.CONCAT(" - xform/", "〉", $P13, "/", R13, "〉", "/") -> - xform/〉ionn/ㄧㆧ〉/ | AF13: =_xlfn.CONCAT(" - xform/", "〉", $V13, "/", X13, "〉", "/") -> - xform/〉ang/ㄤ〉/
A14: 11 | B14: ãʔ | C14: ahnn | D14: annh | E14: annh | F14: nah | G14: ahⁿ | H14: ㆩㆷ | I14: ⁰ㄚㄏ | J14: 監 | K14: 含 | L14: 監促 | M14: 韻-鼻 | N14: =LEN(韻母對照表[[#This Row],[台羅拼音]]) -> 4 | P14: iunn | Q14: 牛 | R14: ㄧㆫ | S14: 韻-鼻 | T14: 4 | V14: auh | W14: 交 | X14: ㄠㆷ | Y14: 0 | Z14: 3 | AB14: =_xlfn.CONCAT(" - xform/", "》", $P14, "/", Q14, "》", "/") -> - xform/》iunn/牛》/ | AC14: =_xlfn.CONCAT(" - xform/", "》", $V14, "/", W14, "》", "/") -> - xform/》auh/交》/ | AE14: =_xlfn.CONCAT(" - xform/", "〉", $P14, "/", R14, "〉", "/") -> - xform/〉iunn/ㄧㆫ〉/ | AF14: =_xlfn.CONCAT(" - xform/", "〉", $V14, "/", X14, "〉", "/") -> - xform/〉auh/ㄠㆷ〉/
A15: 12 | B15: ap̚ | C15: ap | D15: ap | E15: ap | F15: ap | G15: ap | H15: ㄚㆴ | I15: ㄚㄅ | J15: 甘 | K15: 答 | L15: 甘促 | N15: =LEN(韻母對照表[[#This Row],[台羅拼音]]) -> 2 | P15: ohnn | Q15: 扛 | R15: ㆧㆷ | S15: 韻-鼻 | T15: 4 | V15: iah | W15: 迦 | X15: ㄧㄚㆷ | Y15: 0 | Z15: 3 | AB15: =_xlfn.CONCAT(" - xform/", "》", $P15, "/", Q15, "》", "/") -> - xform/》ohnn/扛》/ | AC15: =_xlfn.CONCAT(" - xform/", "》", $V15, "/", W15, "》", "/") -> - xform/》iah/迦》/ | AE15: =_xlfn.CONCAT(" - xform/", "〉", $P15, "/", R15, "〉", "/") -> - xform/〉ohnn/ㆧㆷ〉/ | AF15: =_xlfn.CONCAT(" - xform/", "〉", $V15, "/", X15, "〉", "/") -> - xform/〉iah/ㄧㄚㆷ〉/
A16: 13 | B16: at̚ | C16: at | D16: at | E16: at | F16: at | G16: at | H16: ㄚㆵ | I16: ㄚㄉ | J16: 干 | K16: 識 | L16: 干促 | N16: =LEN(韻母對照表[[#This Row],[台羅拼音]]) -> 2 | P16: uinn | Q16: 褌 | R16: ㄨㆪ | S16: 韻-鼻 | T16: 4 | V16: iak | W16: 姜 | X16: ㄧㄚㆻ | Y16: 0 | Z16: 3 | AB16: =_xlfn.CONCAT(" - xform/", "》", $P16, "/", Q16, "》", "/") -> - xform/》uinn/褌》/ | AC16: =_xlfn.CONCAT(" - xform/", "》", $V16, "/", W16, "》", "/") -> - xform/》iak/姜》/ | AE16: =_xlfn.CONCAT(" - xform/", "〉", $P16, "/", R16, "〉", "/") -> - xform/〉uinn/ㄨㆪ〉/ | AF16: =_xlfn.CONCAT(" - xform/", "〉", $V16, "/", X16, "〉", "/") -> - xform/〉iak/ㄧㄚㆻ〉/
A17: 14 | B17: aʊ | C17: au | D17: au | E17: au | F17: ao | G17: au | H17: ㄠ | I17: ㄠ | J17: 交 | K17: 鬧 | L17: 交舒 | N17: =LEN(韻母對照表[[#This Row],[台羅拼音]]) -> 2 | P17: ann | Q17: 監 | R17: ㆩ | S17: 韻-鼻 | T17: 3 | V17: iam | W17: 兼 | X17: ㄧㆰ | Y17: 0 | Z17: 3 | AB17: =_xlfn.CONCAT(" - xform/", "》", $P17, "/", Q17, "》", "/") -> - xform/》ann/監》/ | AC17: =_xlfn.CONCAT(" - xform/", "》", $V17, "/", W17, "》", "/") -> - xform/》iam/兼》/ | AE17: =_xlfn.CONCAT(" - xform/", "〉", $P17, "/", R17, "〉", "/") -> - xform/〉ann/ㆩ〉/ | AF17: =_xlfn.CONCAT(" - xform/", "〉", $V17, "/", X17, "〉", "/") -> - xform/〉iam/ㄧㆰ〉/
A18: 15 | B18: auʔ | C18: auh | D18: auh | E18: auh | F18: aoh | G18: auh | H18: ㄠㆷ | I18: ㄠㄏ | J18: 交 | K18: 暴 | L18: 交促 | N18: =LEN(韻母對照表[[#This Row],[台羅拼音]]) -> 3 | P18: enn | Q18: 更 | R18: ㆥ | S18: 韻-鼻 | T18: 3 | V18: ian | W18: 堅 | X18: ㄧㄢ | Y18: 0 | Z18: 3 | AB18: =_xlfn.CONCAT(" - xform/", "》", $P18, "/", Q18, "》", "/") -> - xform/》enn/更》/ | AC18: =_xlfn.CONCAT(" - xform/", "》", $V18, "/", W18, "》", "/") -> - xform/》ian/堅》/ | AE18: =_xlfn.CONCAT(" - xform/", "〉", $P18, "/", R18, "〉", "/") -> - xform/〉enn/ㆥ〉/ | AF18: =_xlfn.CONCAT(" - xform/", "〉", $V18, "/", X18, "〉", "/") -> - xform/〉ian/ㄧㄢ〉/
A19: 16 | B19: ãʊ | C19: aunn | D19: aunn | E19: aunn | F19: nau | G19: auⁿ | H19: ㆯ | I19: ⁰ㄠ | J19: 爻 | K19: 貎 | L19: 爻舒 | N19: =LEN(韻母對照表[[#This Row],[台羅拼音]]) -> 4 | P19: inn | Q19: 梔 | R19: ㆪ | S19: 韻-鼻 | T19: 3 | V19: iap | W19: 兼 | X19: ㄧㄚㆴ | Y19: 0 | Z19: 3 | AB19: =_xlfn.CONCAT(" - xform/", "》", $P19, "/", Q19, "》", "/") -> - xform/》inn/梔》/ | AC19: =_xlfn.CONCAT(" - xform/", "》", $V19, "/", W19, "》", "/") -> - xform/》iap/兼》/ | AE19: =_xlfn.CONCAT(" - xform/", "〉", $P19, "/", R19, "〉", "/") -> - xform/〉inn/ㆪ〉/ | AF19: =_xlfn.CONCAT(" - xform/", "〉", $V19, "/", X19, "〉", "/") -> - xform/〉iap/ㄧㄚㆴ〉/
A20: 17 | B20: e | C20: e | D20: e | E20: e | F20: e | G20: e | H20: ㆤ | I20: ㄝ | J20: 伽 | K20: 遞 | L20: 伽舒 | N20: =LEN(韻母對照表[[#This Row],[台羅拼音]]) -> 1 | P20: onn | Q20: 姑 | R20: ㆧ | S20: 韻-鼻 | T20: 3 | V20: iat | W20: 堅 | X20: ㄧㄚㆵ | Y20: 0 | Z20: 3 | AC20: =_xlfn.CONCAT(" - xform/", "》", $V20, "/", W20, "》", "/") -> - xform/》iat/堅》/ | AF20: =_xlfn.CONCAT(" - xform/", "〉", $V20, "/", X20, "〉", "/") -> - xform/〉iat/ㄧㄚㆵ〉/
A21: 18 | B21: ɛ | C21: ee | D21: ee | H21: ㄝ | I21: ㄝ | J21: 嘉 | K21: 家 | L21: 嘉舒 | N21: =LEN(韻母對照表[[#This Row],[台羅拼音]]) -> 2 | V21: iau | W21: 嬌 | X21: ㄧㄠ | Y21: 0 | Z21: 3 | AC21: =_xlfn.CONCAT(" - xform/", "》", $V21, "/", W21, "》", "/") -> - xform/》iau/嬌》/ | AF21: =_xlfn.CONCAT(" - xform/", "〉", $V21, "/", X21, "〉", "/") -> - xform/〉iau/ㄧㄠ〉/
A22: 19 | B22: ɛʔ | C22: eeh | D22: eeh | H22: ㄝㆷ | I22: ㄝㄏ | J22: 嘉 | K22: 八 | L22: 嘉促 | N22: =LEN(韻母對照表[[#This Row],[台羅拼音]]) -> 3 | V22: ing | W22: 經 | X22: ㄧㄥ | Y22: 0 | Z22: 3 | AC22: =_xlfn.CONCAT(" - xform/", "》", $V22, "/", W22, "》", "/") -> - xform/》ing/經》/ | AF22: =_xlfn.CONCAT(" - xform/", "〉", $V22, "/", X22, "〉", "/") -> - xform/〉ing/ㄧㄥ〉/
A23: 20 | B23: eʔ | C23: eh | D23: eh | E23: eh | F23: eh | G23: eh | H23: ㆤㆷ | I23: ㄝㄏ | J23: 伽 | K23: 伯 | L23: 伽促 | N23: =LEN(韻母對照表[[#This Row],[台羅拼音]]) -> 2 | V23: ioh | W23: 茄 | X23: ㄧㄜㆷ | Y23: 0 | Z23: 3 | AC23: =_xlfn.CONCAT(" - xform/", "》", $V23, "/", W23, "》", "/") -> - xform/》ioh/茄》/ | AF23: =_xlfn.CONCAT(" - xform/", "〉", $V23, "/", X23, "〉", "/") -> - xform/〉ioh/ㄧㄜㆷ〉/
A24: 21 | B24: ɪk | C24: ek | D24: ek | H24: ㄝㆻ | I24: ㄝㄍ | J24: 經 | K24: ◯ | L24: 經促 | N24: =LEN(韻母對照表[[#This Row],[台羅拼音]]) -> 2 | V24: ioo | W24: 0 | X24: ㄧㆦ | Y24: 0 | Z24: 3 | AC24: =_xlfn.CONCAT(" - xform/", "》", $V24, "/", W24, "》", "/") -> - xform/》ioo/0》/ | AF24: =_xlfn.CONCAT(" - xform/", "〉", $V24, "/", X24, "〉", "/") -> - xform/〉ioo/ㄧㆦ〉/
A25: 22 | B25: ɪŋ | C25: eng | D25: eng | H25: ㄝㆭ | I25: ㄝㄥ | J25: 經 | K25: ◯ | L25: 經舒 | N25: =LEN(韻母對照表[[#This Row],[台羅拼音]]) -> 3 | V25: iok | W25: 恭 | X25: ㄧㆦㆻ | Y25: 0 | Z25: 3 | AC25: =_xlfn.CONCAT(" - xform/", "》", $V25, "/", W25, "》", "/") -> - xform/》iok/恭》/ | AF25: =_xlfn.CONCAT(" - xform/", "〉", $V25, "/", X25, "〉", "/") -> - xform/〉iok/ㄧㆦㆻ〉/
A26: 23 | B26: ẽ | C26: enn | D26: enn | E26: enn | F26: ne | G26: eⁿ | H26: ㆥ | I26: ⁰ㄝ | J26: 更 | K26: 爭 | L26: 更舒 | M26: 韻-鼻 | N26: =LEN(韻母對照表[[#This Row],[台羅拼音]]) -> 3 | V26: ngh | W26: 鋼 | X26: ㆭㆷ | Y26: 0 | Z26: 3 | AC26: =_xlfn.CONCAT(" - xform/", "》", $V26, "/", W26, "》", "/") -> - xform/》ngh/鋼》/ | AF26: =_xlfn.CONCAT(" - xform/", "〉", $V26, "/", X26, "〉", "/") -> - xform/〉ngh/ㆭㆷ〉/
A27: 24 | B27: ẽʔ | C27: ehnn | D27: ennh | E27: ennh | F27: ennh | G27: ehⁿ | H27: ㆥㆷ | I27: ⁰ㄝㄏ | J27: 更 | K27: 挾 | L27: 更促 | M27: 韻-鼻 | N27: =LEN(韻母對照表[[#This Row],[台羅拼音]]) -> 4 | V27: ong | W27: 公 | X27: ㆲ | Y27: 0 | Z27: 3 | AC27: =_xlfn.CONCAT(" - xform/", "》", $V27, "/", W27, "》", "/") -> - xform/》ong/公》/ | AF27: =_xlfn.CONCAT(" - xform/", "〉", $V27, "/", X27, "〉", "/") -> - xform/〉ong/ㆲ〉/
A28: 25 | B28: i | C28: i | D28: i | E28: i | F28: i | G28: i | H28: ㄧ | I28: ㄧ | J28: 居 | K28: 爾 | L28: 居舒 | N28: =LEN(韻母對照表[[#This Row],[台羅拼音]]) -> 1 | V28: ooh | W28: 沽 | X28: ㆦㆷ | Y28: 0 | Z28: 3 | AC28: =_xlfn.CONCAT(" - xform/", "》", $V28, "/", W28, "》", "/") -> - xform/》ooh/沽》/ | AF28: =_xlfn.CONCAT(" - xform/", "〉", $V28, "/", X28, "〉", "/") -> - xform/〉ooh/ㆦㆷ〉/
A29: 26 | B29: ia | C29: ia | D29: ia | E29: ia | F29: ia | G29: ia | H29: ㄧㄚ | I29: ㄧㄚ | J29: 迦 | K29: 名 | L29: 迦舒 | N29: =LEN(韻母對照表[[#This Row],[台羅拼音]]) -> 2 | V29: uah | W29: 瓜 | X29: ㄨㄚㆷ | Y29: 0 | Z29: 3 | AC29: =_xlfn.CONCAT(" - xform/", "》", $V29, "/", W29, "》", "/") -> - xform/》uah/瓜》/ | AF29: =_xlfn.CONCAT(" - xform/", "〉", $V29, "/", X29, "〉", "/") -> - xform/〉uah/ㄨㄚㆷ〉/
A30: 27 | B30: iaʔ | C30: iah | D30: iah | E30: iah | F30: iah | G30: iah | H30: ㄧㄚㆷ | I30: ㄧㄚㄏ | J30: 迦 | K30: 壁 | L30: 迦促 | N30: =LEN(韻母對照表[[#This Row],[台羅拼音]]) -> 3 | V30: uai | W30: 乖 | X30: ㄨㄞ | Y30: 0 | Z30: 3 | AC30: =_xlfn.CONCAT(" - xform/", "》", $V30, "/", W30, "》", "/") -> - xform/》uai/乖》/ | AF30: =_xlfn.CONCAT(" - xform/", "〉", $V30, "/", X30, "〉", "/") -> - xform/〉uai/ㄨㄞ〉/
A31: 28 | B31: iak̚ | C31: iak | D31: iak | E31: iak | F31: iak | G31: iak | H31: ㄧㄚㆻ | I31: ㄧㄚㄍ | J31: 姜 | K31: 爆 | L31: 姜促 | N31: =LEN(韻母對照表[[#This Row],[台羅拼音]]) -> 3 | V31: uan | W31: 觀 | X31: ㄨㄢ | Y31: 0 | Z31: 3 | AC31: =_xlfn.CONCAT(" - xform/", "》", $V31, "/", W31, "》", "/") -> - xform/》uan/觀》/ | AF31: =_xlfn.CONCAT(" - xform/", "〉", $V31, "/", X31, "〉", "/") -> - xform/〉uan/ㄨㄢ〉/
A32: 29 | B32: iam | C32: iam | D32: iam | E32: iam | F32: iam | G32: iam | H32: ㄧㆰ | I32: ㄧㄚㄇ | J32: 兼 | K32: 尖 | L32: 兼舒 | N32: =LEN(韻母對照表[[#This Row],[台羅拼音]]) -> 3 | V32: uat | W32: 觀 | X32: ㄨㄚㆵ | Y32: 0 | Z32: 3 | AC32: =_xlfn.CONCAT(" - xform/", "》", $V32, "/", W32, "》", "/") -> - xform/》uat/觀》/ | AF32: =_xlfn.CONCAT(" - xform/", "〉", $V32, "/", X32, "〉", "/") -> - xform/〉uat/ㄨㄚㆵ〉/
A33: 30 | B33: ian | C33: ian | D33: ian | E33: ian | F33: ian | G33: ian | H33: ㄧㄢ | I33: ㄧㄢ | J33: 堅 | K33: 掀 | L33: 堅舒 | N33: =LEN(韻母對照表[[#This Row],[台羅拼音]]) -> 3 | V33: ueh | W33: 檜 | X33: ㄨㆤㆷ | Y33: 0 | Z33: 3 | AC33: =_xlfn.CONCAT(" - xform/", "》", $V33, "/", W33, "》", "/") -> - xform/》ueh/檜》/ | AF33: =_xlfn.CONCAT(" - xform/", "〉", $V33, "/", X33, "〉", "/") -> - xform/〉ueh/ㄨㆤㆷ〉/
A34: 31 | B34: iaŋ | C34: iang | D34: iang | E34: iang | F34: iang | G34: iang | H34: ㄧㄤ | I34: ㄧㄤ | J34: 姜 | K34: 將 | L34: 姜舒 | N34: =LEN(韻母對照表[[#This Row],[台羅拼音]]) -> 4 | V34: uih | W34: 褌 | X34: ㄨㄧㆷ | Y34: 0 | Z34: 3 | AC34: =_xlfn.CONCAT(" - xform/", "》", $V34, "/", W34, "》", "/") -> - xform/》uih/褌》/ | AF34: =_xlfn.CONCAT(" - xform/", "〉", $V34, "/", X34, "〉", "/") -> - xform/〉uih/ㄨㄧㆷ〉/
A35: 32 | B35: iã | C35: iann | D35: iann | E35: iann | F35: nia | G35: iaⁿ | H35: ㄧㆩ | I35: ⁰ㄧㄚ | J35: 驚 | K35: ◯ | L35: 驚舒 | M35: 韻-鼻 | N35: =LEN(韻母對照表[[#This Row],[台羅拼音]]) -> 4 | V35: unn | W35: 0 | X35: ㆫ | Y35: 0 | Z35: 3 | AC35: =_xlfn.CONCAT(" - xform/", "》", $V35, "/", W35, "》", "/") -> - xform/》unn/0》/ | AF35: =_xlfn.CONCAT(" - xform/", "〉", $V35, "/", X35, "〉", "/") -> - xform/〉unn/ㆫ〉/
A36: 33 | B36: iãʔ | C36: iahnn | D36: iannh | E36: iannh | F36: iannh | G36: iahⁿ | H36: ㄧㆩㆷ | I36: ⁰ㄧㄚㄏ | J36: 迦 | K36: 且 | L36: 迦促 | M36: 韻-鼻 | N36: =LEN(韻母對照表[[#This Row],[台羅拼音]]) -> 5 | V36: ah | W36: 膠 | X36: ㄚㆷ | Y36: 0 | Z36: 2 | AC36: =_xlfn.CONCAT(" - xform/", "》", $V36, "/", W36, "》", "/") -> - xform/》ah/膠》/ | AF36: =_xlfn.CONCAT(" - xform/", "〉", $V36, "/", X36, "〉", "/") -> - xform/〉ah/ㄚㆷ〉/
A37: 34 | B37: iap̚ | C37: iap | D37: iap | E37: iap | F37: iap | G37: iap | H37: ㄧㄚㆴ | I37: ㄧㄚㄅ | J37: 兼 | K37: 接 | L37: 兼促 | N37: =LEN(韻母對照表[[#This Row],[台羅拼音]]) -> 3 | V37: ai | W37: 皆 | X37: ㄞ | Y37: 0 | Z37: 2 | AC37: =_xlfn.CONCAT(" - xform/", "》", $V37, "/", W37, "》", "/") -> - xform/》ai/皆》/ | AF37: =_xlfn.CONCAT(" - xform/", "〉", $V37, "/", X37, "〉", "/") -> - xform/〉ai/ㄞ〉/
A38: 35 | B38: iat̚ | C38: iat | D38: iat | E38: iat | F38: iat | G38: iat | H38: ㄧㄚㆵ | I38: ㄧㄚㄉ | J38: 堅 | K38: 別 | L38: 堅促 | N38: =LEN(韻母對照表[[#This Row],[台羅拼音]]) -> 3 | V38: ak | W38: 江 | X38: ㄚㆻ | Y38: 0 | Z38: 2 | AC38: =_xlfn.CONCAT(" - xform/", "》", $V38, "/", W38, "》", "/") -> - xform/》ak/江》/ | AF38: =_xlfn.CONCAT(" - xform/", "〉", $V38, "/", X38, "〉", "/") -> - xform/〉ak/ㄚㆻ〉/
A39: 36 | B39: iaʊ | C39: iau | D39: iau | E39: iau | F39: iao | G39: iau | H39: ㄧㄠ | I39: ㄧㄠ | J39: 嬌 | K39: 遙 | L39: 嬌舒 | N39: =LEN(韻母對照表[[#This Row],[台羅拼音]]) -> 3 | V39: am | W39: 甘 | X39: ㆰ | Y39: 0 | Z39: 2 | AC39: =_xlfn.CONCAT(" - xform/", "》", $V39, "/", W39, "》", "/") -> - xform/》am/甘》/ | AF39: =_xlfn.CONCAT(" - xform/", "〉", $V39, "/", X39, "〉", "/") -> - xform/〉am/ㆰ〉/
A40: 37 | B40: iaʊʔ | C40: iauh | D40: iauh | E40: iauh | F40: iaoh | G40: iauh | H40: ㄧㄠㆷ | I40: ㄧㄠㄏ | J40: 嬌 | K40: 噭 | L40: 嬌促 | N40: =LEN(韻母對照表[[#This Row],[台羅拼音]]) -> 4 | V40: an | W40: 干 | X40: ㄢ | Y40: 0 | Z40: 2 | AC40: =_xlfn.CONCAT(" - xform/", "》", $V40, "/", W40, "》", "/") -> - xform/》an/干》/ | AF40: =_xlfn.CONCAT(" - xform/", "〉", $V40, "/", X40, "〉", "/") -> - xform/〉an/ㄢ〉/
A41: 38 | B41: =_xlfn.CONCAT("i", "a", _xlfn.UNICHAR(771), "ʊ") -> iãʊ | C41: iaunn | D41: iaunn | E41: iaunn | F41: niao | G41: iauⁿ | H41: ㄧㆯ | I41: ⁰ㄧㄠ | J41: 嘄 | K41: 鳥 | L41: 嘄舒 | M41: 韻-鼻 | N41: =LEN(韻母對照表[[#This Row],[台羅拼音]]) -> 5 | V41: ap | W41: 甘 | X41: ㄚㆴ | Y41: 0 | Z41: 2 | AC41: =_xlfn.CONCAT(" - xform/", "》", $V41, "/", W41, "》", "/") -> - xform/》ap/甘》/ | AF41: =_xlfn.CONCAT(" - xform/", "〉", $V41, "/", X41, "〉", "/") -> - xform/〉ap/ㄚㆴ〉/
A42: 39 | B42: iʔ | C42: ih | D42: ih | E42: ih | F42: ih | G42: ih | H42: ㄧㆷ | I42: ㄧㄏ | J42: 居 | K42: 逼 | L42: 居促 | N42: =LEN(韻母對照表[[#This Row],[台羅拼音]]) -> 2 | V42: at | W42: 干 | X42: ㄚㆵ | Y42: 0 | Z42: 2 | AC42: =_xlfn.CONCAT(" - xform/", "》", $V42, "/", W42, "》", "/") -> - xform/》at/干》/ | AF42: =_xlfn.CONCAT(" - xform/", "〉", $V42, "/", X42, "〉", "/") -> - xform/〉at/ㄚㆵ〉/
A43: 40 | B43: ik̚ | C43: ik | D43: ik | E43: iek | F43: ik | G43: ek | H43: ㄧㆻ | I43: ㄧㄍ | J43: 經 | K43: 益 | L43: 經促 | N43: =LEN(韻母對照表[[#This Row],[台羅拼音]]) -> 2 | V43: au | W43: 交 | X43: ㄠ | Y43: 0 | Z43: 2 | AC43: =_xlfn.CONCAT(" - xform/", "》", $V43, "/", W43, "》", "/") -> - xform/》au/交》/ | AF43: =_xlfn.CONCAT(" - xform/", "〉", $V43, "/", X43, "〉", "/") -> - xform/〉au/ㄠ〉/
A44: 41 | B44: im | C44: im | D44: im | E44: im | F44: im | G44: im | H44: ㄧㆬ | I44: ㄧㄇ | J44: 金 | K44: 深 | L44: 金舒 | N44: =LEN(韻母對照表[[#This Row],[台羅拼音]]) -> 2 | V44: eh | W44: 伽 | X44: ㆤㆷ | Y44: 0 | Z44: 2 | AC44: =_xlfn.CONCAT(" - xform/", "》", $V44, "/", W44, "》", "/") -> - xform/》eh/伽》/ | AF44: =_xlfn.CONCAT(" - xform/", "〉", $V44, "/", X44, "〉", "/") -> - xform/〉eh/ㆤㆷ〉/
A45: 42 | B45: in | C45: in | D45: in | E45: in | F45: in | G45: in | H45: ㄧㄣ | I45: ㄧㄣ | J45: 巾 | K45: 恩 | L45: 巾舒 | N45: =LEN(韻母對照表[[#This Row],[台羅拼音]]) -> 2 | V45: ia | W45: 迦 | X45: ㄧㄚ | Y45: 0 | Z45: 2 | AC45: =_xlfn.CONCAT(" - xform/", "》", $V45, "/", W45, "》", "/") -> - xform/》ia/迦》/ | AF45: =_xlfn.CONCAT(" - xform/", "〉", $V45, "/", X45, "〉", "/") -> - xform/〉ia/ㄧㄚ〉/
A46: 43 | B46: iŋ | C46: ing | D46: ing | E46: ing | F46: ing | G46: eng | H46: ㄧㄥ | I46: ㄧㄥ | J46: 經 | K46: 情 | L46: 經舒 | N46: =LEN(韻母對照表[[#This Row],[台羅拼音]]) -> 3 | V46: ih | W46: 居 | X46: ㄧㆷ | Y46: 0 | Z46: 2 | AC46: =_xlfn.CONCAT(" - xform/", "》", $V46, "/", W46, "》", "/") -> - xform/》ih/居》/ | AF46: =_xlfn.CONCAT(" - xform/", "〉", $V46, "/", X46, "〉", "/") -> - xform/〉ih/ㄧㆷ〉/
A47: 44 | B47: ĩ | C47: inn | D47: inn | E47: inn | F47: ni | G47: iⁿ | H47: ㆪ | I47: ⁰ㄧ | J47: 梔 | K47: 庚 | L47: 梔舒 | M47: 韻-鼻 | N47: =LEN(韻母對照表[[#This Row],[台羅拼音]]) -> 3 | V47: ik | W47: 經 | X47: ㄧㆻ | Y47: 0 | Z47: 2 | AC47: =_xlfn.CONCAT(" - xform/", "》", $V47, "/", W47, "》", "/") -> - xform/》ik/經》/ | AF47: =_xlfn.CONCAT(" - xform/", "〉", $V47, "/", X47, "〉", "/") -> - xform/〉ik/ㄧㆻ〉/
A48: 45 | B48: ɯ | C48: ir | H48: ㆨ | N48: =LEN(韻母對照表[[#This Row],[台羅拼音]]) -> 2 | V48: im | W48: 金 | X48: ㄧㆬ | Y48: 0 | Z48: 2 | AC48: =_xlfn.CONCAT(" - xform/", "》", $V48, "/", W48, "》", "/") -> - xform/》im/金》/ | AF48: =_xlfn.CONCAT(" - xform/", "〉", $V48, "/", X48, "〉", "/") -> - xform/〉im/ㄧㆬ〉/
A49: 46 | B49: =_xlfn.CONCAT($B$48, "ʔ") -> ɯʔ | C49: irh | H49: ㆨㆷ | N49: =LEN(韻母對照表[[#This Row],[台羅拼音]]) -> 3 | V49: in | W49: 巾 | X49: ㄧㄣ | Y49: 0 | Z49: 2 | AC49: =_xlfn.CONCAT(" - xform/", "》", $V49, "/", W49, "》", "/") -> - xform/》in/巾》/ | AF49: =_xlfn.CONCAT(" - xform/", "〉", $V49, "/", X49, "〉", "/") -> - xform/〉in/ㄧㄣ〉/
A50: 47 | B50: =_xlfn.CONCAT($B$48, "m") -> ɯm | C50: irm | H50: ㆨㆬ | N50: =LEN(韻母對照表[[#This Row],[台羅拼音]]) -> 3 | V50: io | W50: 茄 | X50: ㄧㄜ | Y50: 0 | Z50: 2 | AC50: =_xlfn.CONCAT(" - xform/", "》", $V50, "/", W50, "》", "/") -> - xform/》io/茄》/ | AF50: =_xlfn.CONCAT(" - xform/", "〉", $V50, "/", X50, "〉", "/") -> - xform/〉io/ㄧㄜ〉/
A51: 48 | B51: =_xlfn.CONCAT($B$48, "n") -> ɯn | C51: irn | H51: ㆨㄣ | N51: =LEN(韻母對照表[[#This Row],[台羅拼音]]) -> 3 | V51: ip | W51: 金 | X51: 一ㆴ | Y51: 0 | Z51: 2 | AC51: =_xlfn.CONCAT(" - xform/", "》", $V51, "/", W51, "》", "/") -> - xform/》ip/金》/ | AF51: =_xlfn.CONCAT(" - xform/", "〉", $V51, "/", X51, "〉", "/") -> - xform/〉ip/一ㆴ〉/
A52: 49 | B52: =_xlfn.CONCAT($B$48, "ŋ") -> ɯŋ | C52: irng | H52: ㆨㄥ | N52: =LEN(韻母對照表[[#This Row],[台羅拼音]]) -> 4 | V52: it | W52: 巾 | X52: ㄧㆵ | Y52: 0 | Z52: 2 | AC52: =_xlfn.CONCAT(" - xform/", "》", $V52, "/", W52, "》", "/") -> - xform/》it/巾》/ | AF52: =_xlfn.CONCAT(" - xform/", "〉", $V52, "/", X52, "〉", "/") -> - xform/〉it/ㄧㆵ〉/
A53: 50 | B53: =_xlfn.CONCAT($B$48, "p") -> ɯp | C53: irp | H53: ㆨㆴ | N53: =LEN(韻母對照表[[#This Row],[台羅拼音]]) -> 3 | V53: iu | W53: 丩 | X53: ㄧㄨ | Y53: 0 | Z53: 2 | AC53: =_xlfn.CONCAT(" - xform/", "》", $V53, "/", W53, "》", "/") -> - xform/》iu/丩》/ | AF53: =_xlfn.CONCAT(" - xform/", "〉", $V53, "/", X53, "〉", "/") -> - xform/〉iu/ㄧㄨ〉/
A54: 51 | B54: =_xlfn.CONCAT($B$48, "t") -> ɯt | C54: irt | H54: ㆨㆵ | N54: =LEN(韻母對照表[[#This Row],[台羅拼音]]) -> 3 | V54: mh | W54: 姆 | X54: ㆬㆷ | Y54: 0 | Z54: 2 | AC54: =_xlfn.CONCAT(" - xform/", "》", $V54, "/", W54, "》", "/") -> - xform/》mh/姆》/ | AF54: =_xlfn.CONCAT(" - xform/", "〉", $V54, "/", X54, "〉", "/") -> - xform/〉mh/ㆬㆷ〉/
A55: 52 | B55: =_xlfn.CONCAT($B$48, "k") -> ɯk | C55: irk | H55: ㆨㆻ | N55: =LEN(韻母對照表[[#This Row],[台羅拼音]]) -> 3 | V55: ng | W55: 鋼 | X55: ㆭ | Y55: 0 | Z55: 2 | AC55: =_xlfn.CONCAT(" - xform/", "》", $V55, "/", W55, "》", "/") -> - xform/》ng/鋼》/ | AF55: =_xlfn.CONCAT(" - xform/", "〉", $V55, "/", X55, "〉", "/") -> - xform/〉ng/ㆭ〉/
A56: 53 | B56: =_xlfn.CONCAT("i", "ə") -> iə | C56: io | D56: io | E56: ior | F56: io | G56: io | H56: ㄧㄜ | I56: ㄧㄜ | J56: 茄 | K56: 少 | L56: 茄舒 | N56: =LEN(韻母對照表[[#This Row],[台羅拼音]]) -> 2 | V56: oh | W56: 高 | X56: ㄜㆷ | Y56: 0 | Z56: 2 | AC56: =_xlfn.CONCAT(" - xform/", "》", $V56, "/", W56, "》", "/") -> - xform/》oh/高》/ | AF56: =_xlfn.CONCAT(" - xform/", "〉", $V56, "/", X56, "〉", "/") -> - xform/〉oh/ㄜㆷ〉/
A57: 54 | B57: =_xlfn.CONCAT(B56, "ʔ") -> iəʔ | C57: ioh | D57: ioh | E57: iorh | F57: ioh | G57: ioh | H57: ㄧㄜㆷ | I57: ㄧㄜㄏ | J57: 茄 | K57: 著 | L57: 茄促 | N57: =LEN(韻母對照表[[#This Row],[台羅拼音]]) -> 3 | V57: ok | W57: 公 | X57: ㆦㆻ | Y57: 0 | Z57: 2 | AC57: =_xlfn.CONCAT(" - xform/", "》", $V57, "/", W57, "》", "/") -> - xform/》ok/公》/ | AF57: =_xlfn.CONCAT(" - xform/", "〉", $V57, "/", X57, "〉", "/") -> - xform/〉ok/ㆦㆻ〉/
A58: 55 | B58: iɔ | C58: ioo | D58: ioo | E58: ioo | F58: ioo | G58: ioo | H58: ㄧㆦ | I58: ㄧㄛ | N58: =LEN(韻母對照表[[#This Row],[台羅拼音]]) -> 3 | V58: om | W58: 箴 | X58: ㆱ | Y58: 0 | Z58: 2 | AC58: =_xlfn.CONCAT(" - xform/", "》", $V58, "/", W58, "》", "/") -> - xform/》om/箴》/ | AF58: =_xlfn.CONCAT(" - xform/", "〉", $V58, "/", X58, "〉", "/") -> - xform/〉om/ㆱ〉/
A59: 57 | B59: =_xlfn.CONCAT(B58, "ʔ") -> iɔʔ | C59: iooh | D59: iooh | E59: iooh | H59: ㄧㆦㆷ | I59: ㄧㄛㆷ | N59: =LEN(韻母對照表[[#This Row],[台羅拼音]]) -> 4 | V59: oo | W59: 沽 | X59: ㆦ | Y59: 0 | Z59: 2 | AC59: =_xlfn.CONCAT(" - xform/", "》", $V59, "/", W59, "》", "/") -> - xform/》oo/沽》/ | AF59: =_xlfn.CONCAT(" - xform/", "〉", $V59, "/", X59, "〉", "/") -> - xform/〉oo/ㆦ〉/
A60: 56 | B60: =_xlfn.CONCAT("i", "ɔ", _xlfn.UNICHAR(771)) -> iɔ̃ | C60: ionn | D60: ionn | E60: ioonn | F60: nioo | G60: ioⁿ | H60: ㄧㆧ | I60: ⁰ㄧㄛ | J60: 薑 | K60: 腔 | L60: 薑舒 | M60: 韻-鼻 | N60: 4 | V60: op | W60: 箴 | X60: ㆦㆴ | Y60: 0 | Z60: 2 | AC60: =_xlfn.CONCAT(" - xform/", "》", $V60, "/", W60, "》", "/") -> - xform/》op/箴》/ | AF60: =_xlfn.CONCAT(" - xform/", "〉", $V60, "/", X60, "〉", "/") -> - xform/〉op/ㆦㆴ〉/
A61: 58 | B61: =_xlfn.CONCAT(B58, "k", _xlfn.UNICHAR(794)) -> iɔk̚ | C61: iok | D61: iok | E61: iook | F61: iok | G61: iok | H61: ㄧㆦㆻ | I61: ㄧㄛㄍ | J61: 恭 | K61: 俗 | L61: 恭促 | N61: =LEN(韻母對照表[[#This Row],[台羅拼音]]) -> 3 | V61: ua | W61: 瓜 | X61: ㄨㄚ | Y61: 0 | Z61: 2 | AC61: =_xlfn.CONCAT(" - xform/", "》", $V61, "/", W61, "》", "/") -> - xform/》ua/瓜》/ | AF61: =_xlfn.CONCAT(" - xform/", "〉", $V61, "/", X61, "〉", "/") -> - xform/〉ua/ㄨㄚ〉/
A62: 59 | B62: =_xlfn.CONCAT(B58, "ŋ") -> iɔŋ | C62: iong | D62: iong | E62: iong | F62: iong | G62: iong | H62: ㄧㆲ | I62: ㄧㄛㄥ | J62: 恭 | K62: 中 | L62: 恭舒 | N62: =LEN(韻母對照表[[#This Row],[台羅拼音]]) -> 4 | V62: ue | W62: 檜 | X62: ㄨㆤ | Y62: 0 | Z62: 2 | AC62: =_xlfn.CONCAT(" - xform/", "》", $V62, "/", W62, "》", "/") -> - xform/》ue/檜》/ | AF62: =_xlfn.CONCAT(" - xform/", "〉", $V62, "/", X62, "〉", "/") -> - xform/〉ue/ㄨㆤ〉/
A63: 60 | B63: ip̚ | C63: ip | D63: ip | E63: ip | F63: ip | G63: ip | H63: 一ㆴ | I63: ㄧㄅ | J63: 金 | K63: 蟄 | L63: 金促 | N63: =LEN(韻母對照表[[#This Row],[台羅拼音]]) -> 2 | V63: uh | W63: 艍 | X63: ㄨㆷ | Y63: 0 | Z63: 2 | AC63: =_xlfn.CONCAT(" - xform/", "》", $V63, "/", W63, "》", "/") -> - xform/》uh/艍》/ | AF63: =_xlfn.CONCAT(" - xform/", "〉", $V63, "/", X63, "〉", "/") -> - xform/〉uh/ㄨㆷ〉/
A64: 61 | B64: it̚ | C64: it | D64: it | E64: it | F64: it | G64: it | H64: ㄧㆵ | I64: ㄧㄉ | J64: 巾 | K64: 一 | L64: 巾促 | N64: =LEN(韻母對照表[[#This Row],[台羅拼音]]) -> 2 | V64: ui | W64: 規 | X64: ㄨㄧ | Y64: 0 | Z64: 2 | AC64: =_xlfn.CONCAT(" - xform/", "》", $V64, "/", W64, "》", "/") -> - xform/》ui/規》/ | AF64: =_xlfn.CONCAT(" - xform/", "〉", $V64, "/", X64, "〉", "/") -> - xform/〉ui/ㄨㄧ〉/
A65: 62 | B65: iu | C65: iu | D65: iu | E65: iu | F65: iu | G65: iu | H65: ㄧㄨ | I65: ㄧㄨ | J65: 丩 | K65: 油 | L65: 丩舒 | N65: =LEN(韻母對照表[[#This Row],[台羅拼音]]) -> 2 | V65: un | W65: 君 | X65: ㄨㄣ | Y65: 0 | Z65: 2 | AC65: =_xlfn.CONCAT(" - xform/", "》", $V65, "/", W65, "》", "/") -> - xform/》un/君》/ | AF65: =_xlfn.CONCAT(" - xform/", "〉", $V65, "/", X65, "〉", "/") -> - xform/〉un/ㄨㄣ〉/
A66: 63 | B66: =_xlfn.CONCAT("i", "u", _xlfn.UNICHAR(771)) -> iũ | C66: iunn | D66: iunn | E66: iunn | F66: niu | G66: iuⁿ | H66: ㄧㆫ | I66: ⁰ㄧㄨ | J66: 牛 | K66: 香 | L66: 牛舒 | M66: 韻-鼻 | N66: =LEN(韻母對照表[[#This Row],[台羅拼音]]) -> 4 | V66: ut | W66: 君 | X66: ㄨㆵ | Y66: 0 | Z66: 2 | AC66: =_xlfn.CONCAT(" - xform/", "》", $V66, "/", W66, "》", "/") -> - xform/》ut/君》/ | AF66: =_xlfn.CONCAT(" - xform/", "〉", $V66, "/", X66, "〉", "/") -> - xform/〉ut/ㄨㆵ〉/
A67: 64 | B67: =_xlfn.CONCAT(B66, "ʔ") -> iũʔ | C67: iuhnn | D67: iunnh | E67: iunnh | F67: niuh | G67: iuhⁿ | H67: ㄧㆫㆷ | I67: ⁰ㄧㄨㄏ | J67: 牛 | K67: ◯ | L67: 牛促 | M67: 韻-鼻 | N67: =LEN(韻母對照表[[#This Row],[台羅拼音]]) -> 5 | V67: a | W67: 膠 | X67: ㄚ | Y67: 0 | Z67: 1 | AC67: =_xlfn.CONCAT(" - xform/", "》", $V67, "/", W67, "》", "/") -> - xform/》a/膠》/ | AF67: =_xlfn.CONCAT(" - xform/", "〉", $V67, "/", X67, "〉", "/") -> - xform/〉a/ㄚ〉/
A68: 65 | B68: m̩ | C68: m | D68: m | E68: m | F68: m | G68: m | H68: ㆬ | I68: ㄇ | J68: 姆 | K68: 姆 | L68: 姆舒 | N68: =LEN(韻母對照表[[#This Row],[台羅拼音]]) -> 1 | V68: e | W68: 伽 | X68: ㆤ | Y68: 0 | Z68: 1 | AC68: =_xlfn.CONCAT(" - xform/", "》", $V68, "/", W68, "》", "/") -> - xform/》e/伽》/ | AF68: =_xlfn.CONCAT(" - xform/", "〉", $V68, "/", X68, "〉", "/") -> - xform/〉e/ㆤ〉/
A69: 66 | B69: m̩ʔ | C69: mh | D69: mh | E69: mh | F69: mh | G69: mh | H69: ㆬㆷ | I69: ㄇㄏ | J69: 姆 | K69: ◯ | L69: 姆促 | N69: =LEN(韻母對照表[[#This Row],[台羅拼音]]) -> 2 | V69: i | W69: 居 | X69: ㄧ | Y69: 0 | Z69: 1 | AF69: =_xlfn.CONCAT(" - xform/", "〉", $V69, "/", X69, "〉", "/") -> - xform/〉i/ㄧ〉/
A70: 67 | B70: ŋ̍ | C70: ng | D70: ng | E70: ng | F70: ng | G70: ng | H70: ㆭ | I70: ㄥ | J70: 鋼 | K70: 床 | L70: 鋼舒 | N70: =LEN(韻母對照表[[#This Row],[台羅拼音]]) -> 2 | V70: m | W70: 姆 | X70: ㆬ | Y70: 0 | Z70: 1
A71: 68 | B71: ŋ̍ʔ | C71: ngh | D71: ngh | E71: ngh | F71: ngh | G71: ngh | H71: ㆭㆷ | I71: ㄥㄏ | J71: 鋼 | K71: ◯ | L71: 鋼促 | N71: =LEN(韻母對照表[[#This Row],[台羅拼音]]) -> 3 | V71: o | W71: 高 | X71: ㄜ | Y71: 0 | Z71: 1
A72: 69 | B72: ə | C72: o | D72: o | E72: or | F72: o | G72: o | H72: ㄜ | I72: ㄜ | J72: 高 | K72: 果 | L72: 高舒 | N72: =LEN(韻母對照表[[#This Row],[台羅拼音]]) -> 1 | V72: u | W72: 艍 | X72: ㄨ | Y72: 0 | Z72: 1
A73: 70 | B73: əʔ | C73: oh | D73: oh | E73: orh | F73: oh | G73: oh | H73: ㄜㆷ | I73: ㄜㄏ | J73: 高 | K73: 卜 | L73: 高促 | N73: =LEN(韻母對照表[[#This Row],[台羅拼音]]) -> 2
A74: 71 | B74: ɔk̚ | C74: ok | D74: ok | E74: ok | F74: ok | G74: ok | H74: ㆦㆻ | I74: ㄛㄍ | J74: 公 | K74: 福 | L74: 公促 | N74: =LEN(韻母對照表[[#This Row],[台羅拼音]]) -> 2
A75: 72 | B75: ɔm | C75: om | D75: om | E75: oom | F75: om | G75: om | H75: ㆱ | I75: ㄛㄇ | J75: 箴 | K75: 丼 | L75: 箴舒 | N75: =LEN(韻母對照表[[#This Row],[台羅拼音]]) -> 2
A76: 73 | B76: ɔŋ | C76: ong | D76: ong | E76: ong | F76: ong | G76: ong | H76: ㆲ | I76: ㄛㄥ | J76: 公 | K76: 風 | L76: 公舒 | N76: =LEN(韻母對照表[[#This Row],[台羅拼音]]) -> 3
A77: 74 | B77: ɔ̃ | C77: onn | D77: onn | E77: oonn | F77: noo | G77: oⁿ | H77: ㆧ | I77: ⁰ㄛ | J77: 姑 | K77: 張 | L77: 姑舒 | M77: 韻-鼻 | N77: =LEN(韻母對照表[[#This Row],[台羅拼音]]) -> 3
A78: 75 | B78: ɔ̃ʔ | C78: ohnn | D78: ohnn | E78: onnh | F78: niuh | G78: ohⁿ | H78: ㆧㆷ | I78: ⁰ㄛㄏ | J78: 扛 | K78: ◯ | L78: 扛促 | M78: 韻-鼻 | N78: =LEN(韻母對照表[[#This Row],[台羅拼音]]) -> 4
A79: 76 | B79: ɔ | C79: oo | D79: oo | E79: oo | F79: oo | G79: o͘ | H79: ㆦ | I79: ㄛ | J79: 沽 | K79: 捕 | L79: 沽舒 | N79: =LEN(韻母對照表[[#This Row],[台羅拼音]]) -> 2
A80: 77 | B80: ɔʔ | C80: ooh | D80: ooh | E80: ooh | F80: ooh | G80: o͘h | H80: ㆦㆷ | I80: ㄛㄏ | J80: 沽 | K80: ◯ | L80: 沽促 | N80: =LEN(韻母對照表[[#This Row],[台羅拼音]]) -> 3
A81: 78 | B81: ɔp̚ | C81: op | D81: op | E81: oop | F81: op | G81: op | H81: ㆦㆴ | I81: ㄛㄅ | J81: 箴 | K81: 吷 | L81: 箴促 | N81: =LEN(韻母對照表[[#This Row],[台羅拼音]]) -> 2
A82: 79 | B82: u | C82: u | D82: u | E82: u | F82: u | G82: u | H82: ㄨ | I82: ㄨ | J82: 艍 | K82: 夫 | L82: 艍舒 | N82: =LEN(韻母對照表[[#This Row],[台羅拼音]]) -> 1
A83: 80 | B83: ua | C83: ua | D83: ua | E83: ua | F83: ua | G83: oa | H83: ㄨㄚ | I83: ㄨㄚ | J83: 瓜 | K83: 花 | L83: 瓜舒 | N83: =LEN(韻母對照表[[#This Row],[台羅拼音]]) -> 2
A84: 81 | B84: uaʔ | C84: uah | D84: uah | E84: uah | F84: uah | G84: oah | H84: ㄨㄚㆷ | I84: ㄨㄚㄏ | J84: 瓜 | K84: 缽 | L84: 瓜促 | N84: =LEN(韻母對照表[[#This Row],[台羅拼音]]) -> 3
A85: 82 | B85: uai | C85: uai | D85: uai | E85: uai | F85: uai | G85: oai | H85: ㄨㄞ | I85: ㄨㄞ | J85: 乖 | K85: 怪 | L85: 乖舒 | N85: =LEN(韻母對照表[[#This Row],[台羅拼音]]) -> 3
A86: 83 | B86: uãi | C86: uainn | D86: uainn | E86: uainn | F86: nuai | G86: oaiⁿ | H86: ㄨㆮ | I86: ⁰ㄨㄞ | J86: 閂 | K86: 檨 | L86: 閂舒 | M86: 韻-鼻 | N86: =LEN(韻母對照表[[#This Row],[台羅拼音]]) -> 5
A87: 84 | B87: uaiʔ | C87: uaih | D87: uaih | E87: uaih | F87: uaih | G87: oaih | H87: ㄨㄞㆷ | I87: ㄨㄞㄏ | J87: 乖 | K87: ◯ | L87: 乖促 | N87: =LEN(韻母對照表[[#This Row],[台羅拼音]]) -> 4
A88: 85 | B88: uãiʔ | C88: uaihnn | D88: uaihnn | E88: uainnh | F88: uainnh | G88: oaihⁿ | H88: ㄨㆮㆷ | I88: ⁰ㄨㄞㄏ | J88: 閂 | K88: 蹶 | L88: 閂促 | M88: 韻-鼻 | N88: =LEN(韻母對照表[[#This Row],[台羅拼音]]) -> 6
A89: 86 | B89: uan | C89: uan | D89: uan | E89: uan | F89: uan | G89: oan | H89: ㄨㄢ | I89: ㄨㄢ | J89: 觀 | K89: 猿 | L89: 觀舒 | N89: =LEN(韻母對照表[[#This Row],[台羅拼音]]) -> 3
A90: 87 | B90: uaŋ | C90: uang | D90: uang | E90: uang | F90: uang | G90: oang | H90: ㄨㄤ | I90: ㄨㄤ | J90: 光 | K90: 闖 | L90: 光舒 | N90: =LEN(韻母對照表[[#This Row],[台羅拼音]]) -> 4
A91: 88 | B91: uã | C91: uann | D91: uann | E91: uann | F91: nua | G91: oaⁿ | H91: ㄨㆩ | I91: ⁰ㄨㄚ | J91: 官 | K91: 肝 | L91: 官舒 | N91: =LEN(韻母對照表[[#This Row],[台羅拼音]]) -> 4
A92: 89 | B92: uat̚ | C92: uat | D92: uat | E92: uat | F92: uat | G92: oat | H92: ㄨㄚㆵ | I92: ㄨㄚㄉ | J92: 觀 | K92: 說 | L92: 觀促 | N92: =LEN(韻母對照表[[#This Row],[台羅拼音]]) -> 3
A93: 90 | B93: ue | C93: ue | D93: ue | E93: ue | F93: ue | G93: oe | H93: ㄨㆤ | I93: ㄨㄝ | J93: 檜 | K93: 話 | L93: 檜舒 | N93: =LEN(韻母對照表[[#This Row],[台羅拼音]]) -> 2
A94: 91 | B94: ueʔ | C94: ueh | D94: ueh | E94: ueh | F94: ueh | G94: oeh | H94: ㄨㆤㆷ | I94: ㄨㄝㄏ | J94: 檜 | K94: 拔 | L94: 檜促 | N94: =LEN(韻母對照表[[#This Row],[台羅拼音]]) -> 3
A95: 92 | B95: uʔ | C95: uh | D95: uh | E95: uh | F95: uh | G95: uh | H95: ㄨㆷ | I95: ㄨㄏ | J95: 艍 | K95: 勃 | L95: 艍促 | N95: =LEN(韻母對照表[[#This Row],[台羅拼音]]) -> 2
A96: 93 | B96: ui | C96: ui | D96: ui | E96: ui | F96: ui | G96: ui | H96: ㄨㄧ | I96: ㄨㄧ | J96: 規 | K96: 歸 | L96: 規舒 | N96: =LEN(韻母對照表[[#This Row],[台羅拼音]]) -> 2
A97: 94 | B97: uiʔ | C97: uih | D97: uih | E97: uih | F97: uih | G97: uih | H97: ㄨㄧㆷ | I97: ㄨㄧㄏ | J97: 褌 | K97: ◯ | L97: 褌促 | N97: =LEN(韻母對照表[[#This Row],[台羅拼音]]) -> 3
A98: 95 | B98: uĩ | C98: uinn | D98: uinn | E98: uinn | F98: nui | G98: uiⁿ | H98: ㄨㆪ | I98: ⁰ㄨㄧ | J98: 褌 | K98: 荒 | L98: 褌舒 | M98: 韻-鼻 | N98: =LEN(韻母對照表[[#This Row],[台羅拼音]]) -> 4
A99: 96 | B99: un | C99: un | D99: un | E99: un | F99: un | G99: un | H99: ㄨㄣ | I99: ㄨㄣ | J99: 君 | K99: 汾 | L99: 君舒 | N99: =LEN(韻母對照表[[#This Row],[台羅拼音]]) -> 2
A100: 97 | B100: =_xlfn.CONCAT("u", _xlfn.UNICHAR(771)) -> ũ | C100: unn | D100: unn | E100: unn | F100: nu | G100: uⁿ | H100: ㆫ | I100: ⁰ㄨ | N100: =LEN(韻母對照表[[#This Row],[台羅拼音]]) -> 3
A101: 98 | B101: ut̚ | C101: ut | D101: ut | E101: ut | F101: ut | G101: ut | H101: ㄨㆵ | I101: ㄨㄉ | J101: 君 | K101: 不 | L101: 君促 | N101: =LEN(韻母對照表[[#This Row],[台羅拼音]]) -> 2
...

Sheet 工作表4
B2: 序號 | C2: =COLUMN() - 2 -> 1 | D2: =COLUMN() - 2 -> 2 | E2: =COLUMN() - 2 -> 3 | F2: =COLUMN() - 2 -> 4 | G2: =COLUMN() - 2 -> 5 | H2: =COLUMN() - 2 -> 6 | I2: =COLUMN() - 2 -> 7 | J2: =COLUMN() - 2 -> 8 | ... V2: =COLUMN() - 2 -> 20
B3: 國際音標 | C3: a | D3: i | E3: u | F3: e | G3: ə | H3: ɔ | I3: aɪ | J3: aʊ | K3: an | L3: am | M3: aŋ | N3: m̩ | O3: ŋ̍ | P3: ua | Q3: ue | R3: uai | S3: uan | T3: iŋ | U3: ik̚ | V3: ã
B4: 方音符號 | C4: ㄚ | D4: ㄧ | E4: ㄨ | F4: ㆤ | G4: ㄜ | H4: ㆦ | I4: ㄞ | J4: ㄠ | K4: ㄢ | L4: ㆰ | M4: ㄤ | N4: ㆬ | O4: ㆭ | P4: ㄨㄚ | Q4: ㄨㆤ | R4: ㄨㄞ | S4: ㄨㄢ | T4: ㄧㄥ | U4: ㄧㆻ | V4: ㆩ
B5: 台語注音 | C5: ㄚ | D5: ㄧ | E5: ㄨ | F5: ㄝ | G5: ㄜ | H5: ㄛ | I5: ㄞ | J5: ㄠ | K5: ㄢ | L5: ㄚㄇ | M5: ㄤ | N5: ㄇ | O5: ㄥ | P5: ㄨㄚ | Q5: ㄨㄝ | R5: ㄨㄞ | S5: ㄨㄢ | T5: ㄧㄥ | U5: ㄧㄍ | V5: ⁰ㄚ
B9: 序號 | C9: =COLUMN() - 2 -> 1 | D9: =COLUMN() - 2 -> 2 | E9: =COLUMN() - 2 -> 3 | F9: =COLUMN() - 2 -> 4 | G9: =COLUMN() - 2 -> 5 | H9: =COLUMN() - 2 -> 6 | I9: =COLUMN() - 2 -> 7 | J9: =COLUMN() - 2 -> 8 | ... V9: =COLUMN() - 2 -> 20
B10: 國際音標 | C10: a | D10: i | E10: u | F10: e | G10: ə | H10: ɔ | I10: aɪ | J10: aʊ | K10: an | L10: am | M10: aŋ | N10: m̩ | O10: ŋ̍ | P10: ua | Q10: ue | R10: uai | S10: uan | T10: iŋ | U10: ik̚ | V10: ã
B11: 台羅拼音 | C11: a | D11: i | E11: u | F11: e | G11: o | H11: oo | I11: ai | J11: au | K11: an | L11: am | M11: ang | N11: m | O11: ng | P11: ua | Q11: ue | R11: uai | S11: uan | T11: ing | U11: ik | V11: ann
B12: 台語音標 | C12: a | D12: i | E12: u | F12: e | G12: o | H12: oo | I12: ai | J12: au | K12: an | L12: am | M12: ang | N12: m | O12: ng | P12: ua | Q12: ue | R12: uai | S12: uan | T12: ing | U12: ik | V12: ann
B13: 台語注音二式 | C13: a | D13: i | E13: u | F13: e | G13: or | H13: oo | I13: ai | J13: au | K13: an | L13: am | M13: ang | N13: m | O13: ng | P13: ua | Q13: ue | R13: uai | S13: uan | T13: ing | U13: iek | V13: ann
B14: 閩拼方案 | C14: a | D14: i | E14: u | F14: e | G14: o | H14: oo | I14: ai | J14: ao | K14: an | L14: am | M14: ang | N14: m | O14: ng | P14: ua | Q14: ue | R14: uai | S14: uan | T14: ing | U14: ik | V14: na
B15: 白話字 | C15: a | D15: i | E15: u | F15: e | G15: o | H15: o͘ | I15: ai | J15: au | K15: an | L15: am | M15: ang | N15: m | O15: ng | P15: oa | Q15: oe | R15: oai | S15: oan | T15: eng | U15: ek | V15: aⁿ
B16: 方音符號 | C16: ㄚ | D16: ㄧ | E16: ㄨ | F16: ㆤ | G16: ㄜ | H16: ㆦ | I16: ㄞ | J16: ㄠ | K16: ㄢ | L16: ㆰ | M16: ㄤ | N16: ㆬ | O16: ㆭ | P16: ㄨㄚ | Q16: ㄨㆤ | R16: ㄨㄞ | S16: ㄨㄢ | T16: ㄧㄥ | U16: ㄧㆻ | V16: ㆩ
B17: 台語注音 | C17: ㄚ | D17: ㄧ | E17: ㄨ | F17: ㄝ | G17: ㄜ | H17: ㄛ | I17: ㄞ | J17: ㄠ | K17: ㄢ | L17: ㄚㄇ | M17: ㄤ | N17: ㄇ | O17: ㄥ | P17: ㄨㄚ | Q17: ㄨㄝ | R17: ㄨㄞ | S17: ㄨㄢ | T17: ㄧㄥ | U17: ㄧㄍ | V17: ⁰ㄚ

Sheet 【韻】拉丁字母加調符
C1: 1 | D1: 2 | E1: 3 | F1: 4 | G1: 5 | H1: 6 | I1: 7 | J1: 8 | K1: 9 | L1: 9
D3: U+0301 | E3: U+0300 | G3: U+030C | H3: U+0301 | I3: U+0304 | J3: U+030D | K3: U+030B | L3: U+030A
B4: a | C4: =_xlfn.CONCAT($B4, IF(C$3="", "", _xlfn.UNICHAR( HEX2DEC( RIGHT(C$3,4))))) -> a | D4: =_xlfn.CONCAT($B4, IF(D$3="", "", _xlfn.UNICHAR( HEX2DEC( RIGHT(D$3,4))))) -> á | E4: =_xlfn.CONCAT($B4, IF(E$3="", "", _xlfn.UNICHAR( HEX2DEC( RIGHT(E$3,4))))) -> à | F4: =_xlfn.CONCAT($B4, IF(F$3="", "", _xlfn.UNICHAR( HEX2DEC( RIGHT(F$3,4))))) -> a | G4: =_xlfn.CONCAT($B4, IF(G$3="", "", _xlfn.UNICHAR( HEX2DEC( RIGHT(G$3,4))))) -> ǎ | H4: =_xlfn.CONCAT($B4, IF(H$3="", "", _xlfn.UNICHAR( HEX2DEC( RIGHT(H$3,4))))) -> á | I4: =_xlfn.CONCAT($B4, IF(I$3="", "", _xlfn.UNICHAR( HEX2DEC( RIGHT(I$3,4))))) -> ā | J4: =_xlfn.CONCAT($B4, IF(J$3="", "", _xlfn.UNICHAR( HEX2DEC( RIGHT(J$3,4))))) -> a̍ | ... L4: =_xlfn.CONCAT($B4, IF(L$3="", "", _xlfn.UNICHAR( HEX2DEC( RIGHT(L$3,4))))) -> å | N4: =_xlfn.CONCAT(" - xform/》", $B4, C$1, "/", C4, "/") -> - xform/》a1/a/ | O4: =_xlfn.CONCAT(" - xform/》", $B4, D$1, "/", D4, "/") -> - xform/》a2/á/ | P4: =_xlfn.CONCAT(" - xform/》", $B4, E$1, "/", E4, "/") -> - xform/》a3/à/ | Q4: =_xlfn.CONCAT(" - xform/》", $B4, F$1, "/", F4, "/") -> - xform/》a4/a/ | R4: =_xlfn.CONCAT(" - xform/》", $B4, G$1, "/", G4, "/") -> - xform/》a5/ǎ/ | S4: =_xlfn.CONCAT(" - xform/》", $B4, H$1, "/", H4, "/") -> - xform/》a6/á/ | T4: =_xlfn.CONCAT(" - xform/》", $B4, I$1, "/", I4, "/") -> - xform/》a7/ā/ | U4: =_xlfn.CONCAT(" - xform/》", $B4, J$1, "/", J4, "/") -> - xform/》a8/a̍/ | ... W4: =_xlfn.CONCAT(" - xform/》", $B4, L$1, "/", L4, "/") -> - xform/》a9/å/
B5: i | C5: =_xlfn.CONCAT($B5, IF(C$3="", "", _xlfn.UNICHAR( HEX2DEC( RIGHT(C$3,4))))) -> i | D5: =_xlfn.CONCAT($B5, IF(D$3="", "", _xlfn.UNICHAR( HEX2DEC( RIGHT(D$3,4))))) -> í | E5: =_xlfn.CONCAT($B5, IF(E$3="", "", _xlfn.UNICHAR( HEX2DEC( RIGHT(E$3,4))))) -> ì | F5: =_xlfn.CONCAT($B5, IF(F$3="", "", _xlfn.UNICHAR( HEX2DEC( RIGHT(F$3,4))))) -> i | G5: =_xlfn.CONCAT($B5, IF(G$3="", "", _xlfn.UNICHAR( HEX2DEC( RIGHT(G$3,4))))) -> ǐ | H5: =_xlfn.CONCAT($B5, IF(H$3="", "", _xlfn.UNICHAR( HEX2DEC( RIGHT(H$3,4))))) -> í | I5: =_xlfn.CONCAT($B5, IF(I$3="", "", _xlfn.UNICHAR( HEX2DEC( RIGHT(I$3,4))))) -> ī | J5: =_xlfn.CONCAT($B5, IF(J$3="", "", _xlfn.UNICHAR( HEX2DEC( RIGHT(J$3,4))))) -> i̍ | ... L5: =_xlfn.CONCAT($B5, IF(L$3="", "", _xlfn.UNICHAR( HEX2DEC( RIGHT(L$3,4))))) -> i̊ | N5: =_xlfn.CONCAT(" - xform/》", $B5, C$1, "/", C5, "/") -> - xform/》i1/i/ | O5: =_xlfn.CONCAT(" - xform/》", $B5, D$1, "/", D5, "/") -> - xform/》i2/í/ | P5: =_xlfn.CONCAT(" - xform/》", $B5, E$1, "/", E5, "/") -> - xform/》i3/ì/ | Q5: =_xlfn.CONCAT(" - xform/》", $B5, F$1, "/", F5, "/") -> - xform/》i4/i/ | R5: =_xlfn.CONCAT(" - xform/》", $B5, G$1, "/", G5, "/") -> - xform/》i5/ǐ/ | S5: =_xlfn.CONCAT(" - xform/》", $B5, H$1, "/", H5, "/") -> - xform/》i6/í/ | T5: =_xlfn.CONCAT(" - xform/》", $B5, I$1, "/", I5, "/") -> - xform/》i7/ī/ | U5: =_xlfn.CONCAT(" - xform/》", $B5, J$1, "/", J5, "/") -> - xform/》i8/i̍/ | ... W5: =_xlfn.CONCAT(" - xform/》", $B5, L$1, "/", L5, "/") -> - xform/》i9/i̊/
B6: u | C6: =_xlfn.CONCAT($B6, IF(C$3="", "", _xlfn.UNICHAR( HEX2DEC( RIGHT(C$3,4))))) -> u | D6: =_xlfn.CONCAT($B6, IF(D$3="", "", _xlfn.UNICHAR( HEX2DEC( RIGHT(D$3,4))))) -> ú | E6: =_xlfn.CONCAT($B6, IF(E$3="", "", _xlfn.UNICHAR( HEX2DEC( RIGHT(E$3,4))))) -> ù | F6: =_xlfn.CONCAT($B6, IF(F$3="", "", _xlfn.UNICHAR( HEX2DEC( RIGHT(F$3,4))))) -> u | G6: =_xlfn.CONCAT($B6, IF(G$3="", "", _xlfn.UNICHAR( HEX2DEC( RIGHT(G$3,4))))) -> ǔ | H6: =_xlfn.CONCAT($B6, IF(H$3="", "", _xlfn.UNICHAR( HEX2DEC( RIGHT(H$3,4))))) -> ú | I6: =_xlfn.CONCAT($B6, IF(I$3="", "", _xlfn.UNICHAR( HEX2DEC( RIGHT(I$3,4))))) -> ū | J6: =_xlfn.CONCAT($B6, IF(J$3="", "", _xlfn.UNICHAR( HEX2DEC( RIGHT(J$3,4))))) -> u̍ | ... L6: =_xlfn.CONCAT($B6, IF(L$3="", "", _xlfn.UNICHAR( HEX2DEC( RIGHT(L$3,4))))) -> ů | N6: =_xlfn.CONCAT(" - xform/》", $B6, C$1, "/", C6, "/") -> - xform/》u1/u/ | O6: =_xlfn.CONCAT(" - xform/》", $B6, D$1, "/", D6, "/") -> - xform/》u2/ú/ | P6: =_xlfn.CONCAT(" - xform/》", $B6, E$1, "/", E6, "/") -> - xform/》u3/ù/ | Q6: =_xlfn.CONCAT(" - xform/》", $B6, F$1, "/", F6, "/") -> - xform/》u4/u/ | R6: =_xlfn.CONCAT(" - xform/》", $B6, G$1, "/", G6, "/") -> - xform/》u5/ǔ/ | S6: =_xlfn.CONCAT(" - xform/》", $B6, H$1, "/", H6, "/") -> - xform/》u6/ú/ | T6: =_xlfn.CONCAT(" - xform/》", $B6, I$1, "/", I6, "/") -> - xform/》u7/ū/ | U6: =_xlfn.CONCAT(" - xform/》", $B6, J$1, "/", J6, "/") -> - xform/》u8/u̍/ | ... W6: =_xlfn.CONCAT(" - xform/》", $B6, L$1, "/", L6, "/") -> - xform/》u9/ů/
B7: e | C7: =_xlfn.CONCAT($B7, IF(C$3="", "", _xlfn.UNICHAR( HEX2DEC( RIGHT(C$3,4))))) -> e | D7: =_xlfn.CONCAT($B7, IF(D$3="", "", _xlfn.UNICHAR( HEX2DEC( RIGHT(D$3,4))))) -> é | E7: =_xlfn.CONCAT($B7, IF(E$3="", "", _xlfn.UNICHAR( HEX2DEC( RIGHT(E$3,4))))) -> è | F7: =_xlfn.CONCAT($B7, IF(F$3="", "", _xlfn.UNICHAR( HEX2DEC( RIGHT(F$3,4))))) -> e | G7: =_xlfn.CONCAT($B7, IF(G$3="", "", _xlfn.UNICHAR( HEX2DEC( RIGHT(G$3,4))))) -> ě | H7: =_xlfn.CONCAT($B7, IF(H$3="", "", _xlfn.UNICHAR( HEX2DEC( RIGHT(H$3,4))))) -> é | I7: =_xlfn.CONCAT($B7, IF(I$3="", "", _xlfn.UNICHAR( HEX2DEC( RIGHT(I$3,4))))) -> ē | J7: =_xlfn.CONCAT($B7, IF(J$3="", "", _xlfn.UNICHAR( HEX2DEC( RIGHT(J$3,4))))) -> e̍ | ... L7: =_xlfn.CONCAT($B7, IF(L$3="", "", _xlfn.UNICHAR( HEX2DEC( RIGHT(L$3,4))))) -> e̊ | N7: =_xlfn.CONCAT(" - xform/》", $B7, C$1, "/", C7, "/") -> - xform/》e1/e/ | O7: =_xlfn.CONCAT(" - xform/》", $B7, D$1, "/", D7, "/") -> - xform/》e2/é/ | P7: =_xlfn.CONCAT(" - xform/》", $B7, E$1, "/", E7, "/") -> - xform/》e3/è/ | Q7: =_xlfn.CONCAT(" - xform/》", $B7, F$1, "/", F7, "/") -> - xform/》e4/e/ | R7: =_xlfn.CONCAT(" - xform/》", $B7, G$1, "/", G7, "/") -> - xform/》e5/ě/ | S7: =_xlfn.CONCAT(" - xform/》", $B7, H$1, "/", H7, "/") -> - xform/》e6/é/ | T7: =_xlfn.CONCAT(" - xform/》", $B7, I$1, "/", I7, "/") -> - xform/》e7/ē/ | U7: =_xlfn.CONCAT(" - xform/》", $B7, J$1, "/", J7, "/") -> - xform/》e8/e̍/ | ... W7: =_xlfn.CONCAT(" - xform/》", $B7, L$1, "/", L7, "/") -> - xform/》e9/e̊/
B8: o | C8: =_xlfn.CONCAT($B8, IF(C$3="", "", _xlfn.UNICHAR( HEX2DEC( RIGHT(C$3,4))))) -> o | D8: =_xlfn.CONCAT($B8, IF(D$3="", "", _xlfn.UNICHAR( HEX2DEC( RIGHT(D$3,4))))) -> ó | E8: =_xlfn.CONCAT($B8, IF(E$3="", "", _xlfn.UNICHAR( HEX2DEC( RIGHT(E$3,4))))) -> ò | F8: =_xlfn.CONCAT($B8, IF(F$3="", "", _xlfn.UNICHAR( HEX2DEC( RIGHT(F$3,4))))) -> o | G8: =_xlfn.CONCAT($B8, IF(G$3="", "", _xlfn.UNICHAR( HEX2DEC( RIGHT(G$3,4))))) -> ǒ | H8: =_xlfn.CONCAT($B8, IF(H$3="", "", _xlfn.UNICHAR( HEX2DEC( RIGHT(H$3,4))))) -> ó | I8: =_xlfn.CONCAT($B8, IF(I$3="", "", _xlfn.UNICHAR( HEX2DEC( RIGHT(I$3,4))))) -> ō | J8: =_xlfn.CONCAT($B8, IF(J$3="", "", _xlfn.UNICHAR( HEX2DEC( RIGHT(J$3,4))))) -> o̍ | ... L8: =_xlfn.CONCAT($B8, IF(L$3="", "", _xlfn.UNICHAR( HEX2DEC( RIGHT(L$3,4))))) -> o̊ | N8: =_xlfn.CONCAT(" - xform/》", $B8, C$1, "/", C8, "/") -> - xform/》o1/o/ | O8: =_xlfn.CONCAT(" - xform/》", $B8, D$1, "/", D8, "/") -> - xform/》o2/ó/ | P8: =_xlfn.CONCAT(" - xform/》", $B8, E$1, "/", E8, "/") -> - xform/》o3/ò/ | Q8: =_xlfn.CONCAT(" - xform/》", $B8, F$1, "/", F8, "/") -> - xform/》o4/o/ | R8: =_xlfn.CONCAT(" - xform/》", $B8, G$1, "/", G8, "/") -> - xform/》o5/ǒ/ | S8: =_xlfn.CONCAT(" - xform/》", $B8, H$1, "/", H8, "/") -> - xform/》o6/ó/ | T8: =_xlfn.CONCAT(" - xform/》", $B8, I$1, "/", I8, "/") -> - xform/》o7/ō/ | U8: =_xlfn.CONCAT(" - xform/》", $B8, J$1, "/", J8, "/") -> - xform/》o8/o̍/ | ... W8: =_xlfn.CONCAT(" - xform/》", $B8, L$1, "/", L8, "/") -> - xform/》o9/o̊/
B9: m | C9: =_xlfn.CONCAT($B9, IF(C$3="", "", _xlfn.UNICHAR( HEX2DEC( RIGHT(C$3,4))))) -> m | D9: =_xlfn.CONCAT($B9, IF(D$3="", "", _xlfn.UNICHAR( HEX2DEC( RIGHT(D$3,4))))) -> ḿ | E9: =_xlfn.CONCAT($B9, IF(E$3="", "", _xlfn.UNICHAR( HEX2DEC( RIGHT(E$3,4))))) -> m̀ | F9: =_xlfn.CONCAT($B9, IF(F$3="", "", _xlfn.UNICHAR( HEX2DEC( RIGHT(F$3,4))))) -> m | G9: =_xlfn.CONCAT($B9, IF(G$3="", "", _xlfn.UNICHAR( HEX2DEC( RIGHT(G$3,4))))) -> m̌ | H9: =_xlfn.CONCAT($B9, IF(H$3="", "", _xlfn.UNICHAR( HEX2DEC( RIGHT(H$3,4))))) -> ḿ | I9: =_xlfn.CONCAT($B9, IF(I$3="", "", _xlfn.UNICHAR( HEX2DEC( RIGHT(I$3,4))))) -> m̄ | J9: =_xlfn.CONCAT($B9, IF(J$3="", "", _xlfn.UNICHAR( HEX2DEC( RIGHT(J$3,4))))) -> m̍ | ... L9: =_xlfn.CONCAT($B9, IF(L$3="", "", _xlfn.UNICHAR( HEX2DEC( RIGHT(L$3,4))))) -> m̊ | N9: =_xlfn.CONCAT(" - xform/》", $B9, C$1, "/", C9, "/") -> - xform/》m1/m/ | O9: =_xlfn.CONCAT(" - xform/》", $B9, D$1, "/", D9, "/") -> - xform/》m2/ḿ/ | P9: =_xlfn.CONCAT(" - xform/》", $B9, E$1, "/", E9, "/") -> - xform/》m3/m̀/ | Q9: =_xlfn.CONCAT(" - xform/》", $B9, F$1, "/", F9, "/") -> - xform/》m4/m/ | R9: =_xlfn.CONCAT(" - xform/》", $B9, G$1, "/", G9, "/") -> - xform/》m5/m̌/ | S9: =_xlfn.CONCAT(" - xform/》", $B9, H$1, "/", H9, "/") -> - xform/》m6/ḿ/ | T9: =_xlfn.CONCAT(" - xform/》", $B9, I$1, "/", I9, "/") -> - xform/》m7/m̄/ | U9: =_xlfn.CONCAT(" - xform/》", $B9, J$1, "/", J9, "/") -> - xform/》m8/m̍/ | ... W9: =_xlfn.CONCAT(" - xform/》", $B9, L$1, "/", L9, "/") -> - xform/》m9/m̊/
B10: n | C10: =_xlfn.CONCAT($B10, IF(C$3="", "", _xlfn.UNICHAR( HEX2DEC( RIGHT(C$3,4))))) -> n | D10: =_xlfn.CONCAT($B10, IF(D$3="", "", _xlfn.UNICHAR( HEX2DEC( RIGHT(D$3,4))))) -> ń | E10: =_xlfn.CONCAT($B10, IF(E$3="", "", _xlfn.UNICHAR( HEX2DEC( RIGHT(E$3,4))))) -> ǹ | F10: =_xlfn.CONCAT($B10, IF(F$3="", "", _xlfn.UNICHAR( HEX2DEC( RIGHT(F$3,4))))) -> n | G10: =_xlfn.CONCAT($B10, IF(G$3="", "", _xlfn.UNICHAR( HEX2DEC( RIGHT(G$3,4))))) -> ň | H10: =_xlfn.CONCAT($B10, IF(H$3="", "", _xlfn.UNICHAR( HEX2DEC( RIGHT(H$3,4))))) -> ń | I10: =_xlfn.CONCAT($B10, IF(I$3="", "", _xlfn.UNICHAR( HEX2DEC( RIGHT(I$3,4))))) -> n̄ | J10: =_xlfn.CONCAT($B10, IF(J$3="", "", _xlfn.UNICHAR( HEX2DEC( RIGHT(J$3,4))))) -> n̍ | ... L10: =_xlfn.CONCAT($B10, IF(L$3="", "", _xlfn.UNICHAR( HEX2DEC( RIGHT(L$3,4))))) -> n̊ | N10: =_xlfn.CONCAT(" - xform/》", $B10, C$1, "/", C10, "/") -> - xform/》n1/n/ | O10: =_xlfn.CONCAT(" - xform/》", $B10, D$1, "/", D10, "/") -> - xform/》n2/ń/ | P10: =_xlfn.CONCAT(" - xform/》", $B10, E$1, "/", E10, "/") -> - xform/》n3/ǹ/ | Q10: =_xlfn.CONCAT(" - xform/》", $B10, F$1, "/", F10, "/") -> - xform/》n4/n/ | R10: =_xlfn.CONCAT(" - xform/》", $B10, G$1, "/", G10, "/") -> - xform/》n5/ň/ | S10: =_xlfn.CONCAT(" - xform/》", $B10, H$1, "/", H10, "/") -> - xform/》n6/ń/ | T10: =_xlfn.CONCAT(" - xform/》", $B10, I$1, "/", I10, "/") -> - xform/》n7/n̄/ | U10: =_xlfn.CONCAT(" - xform/》", $B10, J$1, "/", J10, "/") -> - xform/》n8/n̍/ | ... W10: =_xlfn.CONCAT(" - xform/》", $B10, L$1, "/", L10, "/") -> - xform/》n9/n̊/

Sheet 【調】聲調對照表
A1: 識別號 | B1: W調名 | C1: 四聲八調 | D1: 調值 | E1: 台羅調號 | F1: 拼音調符編碼 | G1: 羅馬拼音調符 | H1: 漢字 | I1: 台語音標 | J1: 注音調符編碼 | K1: 注音調符 | L1: 方音符號 | M1: 鍵盤按鍵 | N1: 閩拼調號 | O1: 閩拼上標調號 | P1: IPA上標調號
A2: 1 | B2: 高音調 | C2: 陰平 | D2: 44 | E2: 1 | G2: a | H2: 東 | I2: tong | K2: =_xlfn.CONCAT("ㄚ", IF($J2="", "", _xlfn.UNICHAR(HEX2DEC(RIGHT($J2,4))))) -> ㄚ | L2: ㄉㆲ | M2: ; | N2: 1 | O2: ¹ | P2: ¹
A3: 2 | B3: 中音調 | C3: 陽去 | D3: 22 | E3: 7 | F3: U+0304 | G3: ā | H3: 動 | I3: tōng | J3: U+02EB | K3: =_xlfn.CONCAT("ㄚ", IF($J3="", "", _xlfn.UNICHAR(HEX2DEC(RIGHT($J3,4))))) -> ㄚ˫ | L3: ㄉㆲ˫ | M3: - | N3: 6 | O3: ⁶ | P3: ⁷ | R3: =RIGHT(聲調對照表[[#This Row],[注音調符]],1) -> ˫
A4: 3 | B4: 低音調 | C4: 陰去 | D4: 21 | E4: 3 | F4: U+0300 | G4: à | H4: 棟 | I4: tòng | J4: U+02EA | K4: =_xlfn.CONCAT("ㄚ", IF($J4="", "", _xlfn.UNICHAR(HEX2DEC(RIGHT($J4,4))))) -> ㄚ˪ | L4: ㄉㆲ˪ | M4: _ | N4: 5 | O4: ⁵ | P4: ³ | R4: =RIGHT(聲調對照表[[#This Row],[注音調符]],1) -> ˪
A5: 4 | B5: 高降調 | C5: 陰上 | D5: 53 | E5: 2 | F5: U+0301 | G5: á | H5: 董 | I5: tóng | J5: U+0300 | K5: =_xlfn.CONCAT("ㄚ", IF($J5="", "", _xlfn.UNICHAR(HEX2DEC(RIGHT($J5,4))))) -> ㄚ̀ | L5: ㄉㆲ̀ | M5: \ | N5: 3 | O5: ³ | P5: ² | R5: ˋ
A6: 5 | B6: 低升調 | C6: 陽平 | D6: 13 | E6: 5 | F6: U+030C | G6: ǎ | H6: 同 | I6: tǒng | J6: U+0301 | K6: =_xlfn.CONCAT("ㄚ", IF($J6="", "", _xlfn.UNICHAR(HEX2DEC(RIGHT($J6,4))))) -> ㄚ́ | L6: ㄉㆲ́ | M6: / | N6: 2 | O6: ² | P6: ⁵ | R6: ˊ
A7: 6 | B7: 低促調 | C7: 陰入 | D7: 32 | E7: 4 | G7: ah | H7: 督 | I7: tok | K7: =_xlfn.CONCAT("ㄚ", "ㆷ", IF($J7="", "", _xlfn.UNICHAR(HEX2DEC(RIGHT($J7,4))))) -> ㄚㆷ | L7: ㄉㆦㆻ | M7: [ | N7: 7 | O7: ⁷ | P7: ⁴ | R7: =RIGHT(聲調對照表[[#This Row],[注音調符]],1) -> ㆷ
A8: 7 | B8: 高促調 | C8: 陽入 | D8: 121 | E8: 8 | F8: U+030D | G8: a̍h | H8: 獨 | I8: to̍k | J8: U+02D9 | K8: =_xlfn.CONCAT("ㄚ", "ㆷ", IF($J8="", "", _xlfn.UNICHAR(HEX2DEC(RIGHT($J8,4))))) -> ㄚㆷ˙ | L8: ㄉㆦㆻ˙ | M8: ] | N8: 8 | O8: ⁸ | P8: ⁸ | R8: =RIGHT(聲調對照表[[#This Row],[注音調符]],1) -> ˙
A11: 識別號 | B11: W調名 | C11: 四聲八調 | D11: 調值 | E11: 台羅調號 | F11: 注音調符編碼 | G11: 注音調符 | H11: 方音符號 | I11: 漢字 | J11: 鍵盤按鍵
A12: 1 | B12: 高音調 | C12: 陰平 | D12: 44 | E12: 1 | G12: ㄚ | H12: ㄉㆲ | I12: 東 | J12: : | L12: ㄚ̀
A13: 2 | B13: 中音調 | C13: 陽去 | D13: 22 | E13: 7 | F13: U+02EB | G13: ㄚ˫ | H13: ㄉㆲ˫ | I13: 動 | J13: 5 | L13: ́
A14: 3 | B14: 低音調 | C14: 陰去 | D14: 21 | E14: 3 | F14: U+02EA | G14: ㄚ˪ | H14: ㄉㆲ˪ | I14: 棟 | J14: 3
A15: 4 | B15: 高降調 | C15: 陰上 | D15: 53 | E15: 2 | F15: U+0300 | G15: ㄚ̀ | H15: ㄉㆲ̀ | I15: 董 | J15: 4
A16: 5 | B16: 低升調 | C16: 陽平 | D16: 13 | E16: 5 | F16: U+0301 | G16: ㄚ́ | H16: ㄉㆲ́ | I16: 同 | J16: 6
A17: 6 | B17: 低促調 | C17: 陰入 | D17: 32 | E17: 4 | G17: ㄚㆷ | H17: ㄉㆦㆻ | I17: 督 | J17: [
A18: 7 | B18: 高促調 | C18: 陽入 | D18: 121 | E18: 8 | F18: U+02D9 | G18: ㄚㆷ˙ | H18: ㄉㆦㆻ˙ | I18: 獨 | J18: ]
Q22: Charis
A23: 識別號 | B23: 調名 | G23: 調號 | H23: 鍵盤按鍵 | I23: 台羅調符編碼 | J23: 台羅拼音 | K23: 閩拼調符編碼 | L23: 閩拼方案 | M23: 鍵盤按鍵 | N23: 方音調符編碼 | O23: 方音符號 | Q23: 台羅拼音 | U23: =_xlfn.CONCAT("o", _xlfn.UNICHAR(HEX2DEC(RIGHT("U+0358",4)))) -> o͘ | V23: 白話字
A24: 1 | B24: 上平 | G24: 1 | H24: ; | J24: =IFERROR( _xlfn.CONCAT("a"), "") -> a | K24: U+0304 | L24: =IFERROR( _xlfn.CONCAT("a", _xlfn.UNICHAR(HEX2DEC(RIGHT(K24,4)))), "") -> ā | M24: ' | O24: =IFERROR( _xlfn.CONCAT("ㄚ"), "") -> ㄚ | Q24: =IFERROR( _xlfn.CONCAT("a"), "") -> a | S24: =IFERROR( _xlfn.CONCAT("l", "u", _xlfn.UNICHAR(HEX2DEC(RIGHT($K24,4))), "n"), "") -> lūn | T24: =IFERROR( _xlfn.CONCAT("n", "g", "o", _xlfn.UNICHAR(HEX2DEC(RIGHT($K24,4))), "o"), "") -> ngōo | U24: 1 | V24: =IFERROR( _xlfn.CONCAT("o", _xlfn.UNICHAR(HEX2DEC(RIGHT("U+0358",4))), _xlfn.UNICHAR(HEX2DEC(RIGHT(I24,4)))), $U$23) -> o͘ | W24: =_xlfn.CONCAT(" - xform/", $U$23, U24, "/", V24, "/") -> - xform/o͘1/o͘/
A25: 2 | B25: 上聲 | G25: 2 | H25: \ | I25: U+0301 | J25: =IFERROR( _xlfn.CONCAT("a", _xlfn.UNICHAR(HEX2DEC(RIGHT($I25,4)))), "") -> á | K25: U+030C | L25: =IFERROR( _xlfn.CONCAT("a", _xlfn.UNICHAR(HEX2DEC(RIGHT(K25,4)))), "") -> ǎ | M25: 4 | N25: U+0300 | O25: =IFERROR( _xlfn.CONCAT("ㄚ", _xlfn.UNICHAR(HEX2DEC(RIGHT(N25,4)))), "") -> ㄚ̀ | Q25: =IFERROR( _xlfn.CONCAT("a", _xlfn.UNICHAR(HEX2DEC(RIGHT($I25,4)))), "") -> á | S25: =IFERROR( _xlfn.CONCAT("l", "u", _xlfn.UNICHAR(HEX2DEC(RIGHT($K25,4))), "n"), "") -> lǔn | T25: =IFERROR( _xlfn.CONCAT("n", "g", "o", _xlfn.UNICHAR(HEX2DEC(RIGHT($K25,4))), "o"), "") -> ngǒo | U25: 2 | V25: =IFERROR( _xlfn.CONCAT("o", _xlfn.UNICHAR(HEX2DEC(RIGHT("U+0358",4))), _xlfn.UNICHAR(HEX2DEC(RIGHT(I25,4)))), $U$23) -> ó͘ | W25: =_xlfn.CONCAT(" - xform/", $U$23, U25, "/", V25, "/") -> - xform/o͘2/ó͘/
A26: 3 | B26: 上去 | G26: 3 | H26: _ | I26: U+0300 | J26: =IFERROR( _xlfn.CONCAT("a", _xlfn.UNICHAR(HEX2DEC(RIGHT($I26,4)))), "") -> à | K26: U+0300 | L26: =IFERROR( _xlfn.CONCAT("a", _xlfn.UNICHAR(HEX2DEC(RIGHT(K26,4)))), "") -> à | M26: 3 | N26: U+02EA | O26: =IFERROR( _xlfn.CONCAT("ㄚ", _xlfn.UNICHAR(HEX2DEC(RIGHT(N26,4)))), "") -> ㄚ˪ | Q26: =IFERROR( _xlfn.CONCAT("a", _xlfn.UNICHAR(HEX2DEC(RIGHT($I26,4)))), "") -> à | S26: =IFERROR( _xlfn.CONCAT("l", "u", _xlfn.UNICHAR(HEX2DEC(RIGHT($K26,4))), "n"), "") -> lùn | T26: =IFERROR( _xlfn.CONCAT("n", "g", "o", _xlfn.UNICHAR(HEX2DEC(RIGHT($K26,4))), "o"), "") -> ngòo | U26: 3 | V26: =IFERROR( _xlfn.CONCAT("o", _xlfn.UNICHAR(HEX2DEC(RIGHT("U+0358",4))), _xlfn.UNICHAR(HEX2DEC(RIGHT(I26,4)))), $U$23) -> ò͘ | W26: =_xlfn.CONCAT(" - xform/", $U$23, U26, "/", V26, "/") -> - xform/o͘3/ò͘/
A27: 4 | B27: 上入 | G27: 4 | H27: [ | J27: =IFERROR( _xlfn.CONCAT("a", _xlfn.UNICHAR(HEX2DEC(RIGHT($I27,4)))), "") | K27: U+0304 | L27: =IFERROR( _xlfn.CONCAT("a", _xlfn.UNICHAR(HEX2DEC(RIGHT(K27,4))), "h"), "") -> āh | M27: [ | O27: =IFERROR( _xlfn.CONCAT("ㄚ", "ㆷ"), "") -> ㄚㆷ | Q27: =IFERROR( _xlfn.CONCAT("a", _xlfn.UNICHAR(HEX2DEC(RIGHT($I27,4)))), "") | S27: =IFERROR( _xlfn.CONCAT("l", "u", _xlfn.UNICHAR(HEX2DEC(RIGHT($K27,4))), "n"), "") -> lūn | T27: =IFERROR( _xlfn.CONCAT("n", "g", "o", _xlfn.UNICHAR(HEX2DEC(RIGHT($K27,4))), "o"), "") -> ngōo | U27: 4 | V27: =IFERROR( _xlfn.CONCAT("o", _xlfn.UNICHAR(HEX2DEC(RIGHT("U+0358",4))), _xlfn.UNICHAR(HEX2DEC(RIGHT(I27,4)))), $U$23) -> o͘ | W27: =_xlfn.CONCAT(" - xform/", $U$23, U27, "/", V27, "/") -> - xform/o͘4/o͘/
A28: 5 | B28: 下平 | G28: 5 | H28: / | I28: U+030C | J28: =IFERROR( _xlfn.CONCAT("a", _xlfn.UNICHAR(HEX2DEC(RIGHT($I28,4)))), "") -> ǎ | K28: U+0301 | L28: =IFERROR( _xlfn.CONCAT("a", _xlfn.UNICHAR(HEX2DEC(RIGHT(K28,4)))), "") -> á | M28: 6 | N28: U+0301 | O28: =IFERROR( _xlfn.CONCAT("ㄚ", _xlfn.UNICHAR(HEX2DEC(RIGHT(N28,4)))), "") -> ㄚ́ | Q28: =IFERROR( _xlfn.CONCAT("a", _xlfn.UNICHAR(HEX2DEC(RIGHT($I28,4)))), "") -> ǎ | S28: =IFERROR( _xlfn.CONCAT("l", "u", _xlfn.UNICHAR(HEX2DEC(RIGHT($K28,4))), "n"), "") -> lún | T28: =IFERROR( _xlfn.CONCAT("n", "g", "o", _xlfn.UNICHAR(HEX2DEC(RIGHT($K28,4))), "o"), "") -> ngóo | U28: 5 | V28: =IFERROR( _xlfn.CONCAT("o", _xlfn.UNICHAR(HEX2DEC(RIGHT("U+0358",4))), _xlfn.UNICHAR(HEX2DEC(RIGHT(I28,4)))), "") -> ǒ͘ | W28: =_xlfn.CONCAT(" - xform/", $U$23, U28, "/", V28, "/") -> - xform/o͘5/ǒ͘/
A29: 6 | B29: 上聲 | G29: 6 | I29: U+0301 | J29: =IFERROR( _xlfn.CONCAT("a", _xlfn.UNICHAR(HEX2DEC(RIGHT($I29,4)))), "") -> á | K29: U+030C | L29: =IFERROR( _xlfn.CONCAT("a", _xlfn.UNICHAR(HEX2DEC(RIGHT(K29,4)))), "") -> ǎ | N29: U+0300 | O29: =IFERROR( _xlfn.CONCAT("ㄚ", _xlfn.UNICHAR(HEX2DEC(RIGHT(N29,4)))), "") -> ㄚ̀ | Q29: =IFERROR( _xlfn.CONCAT("a", _xlfn.UNICHAR(HEX2DEC(RIGHT($I29,4)))), "") -> á | S29: =IFERROR( _xlfn.CONCAT("l", "u", _xlfn.UNICHAR(HEX2DEC(RIGHT($K29,4))), "n"), "") -> lǔn | T29: =IFERROR( _xlfn.CONCAT("n", "g", "o", _xlfn.UNICHAR(HEX2DEC(RIGHT($K29,4))), "o"), "") -> ngǒo | U29: 6 | V29: =IFERROR( _xlfn.CONCAT("o", _xlfn.UNICHAR(HEX2DEC(RIGHT("U+0358",4))), _xlfn.UNICHAR(HEX2DEC(RIGHT(I29,4)))), "") -> ó͘ | W29: =_xlfn.CONCAT(" - xform/", $U$23, U29, "/", V29, "/") -> - xform/o͘6/ó͘/
A30: 7 | B30: 下入 | G30: 7 | H30: - | I30: U+0304 | J30: =IFERROR( _xlfn.CONCAT("a", _xlfn.UNICHAR(HEX2DEC(RIGHT($I30,4)))), "") -> ā | K30: U+0302 | L30: =IFERROR( _xlfn.CONCAT("a", _xlfn.UNICHAR(HEX2DEC(RIGHT(K30,4)))), "") -> â | M30: 5 | N30: U+02EB | O30: =IFERROR( _xlfn.CONCAT("ㄚ", _xlfn.UNICHAR(HEX2DEC(RIGHT(N30,4)))), "") -> ㄚ˫ | Q30: =IFERROR( _xlfn.CONCAT("a", _xlfn.UNICHAR(HEX2DEC(RIGHT($I30,4)))), "") -> ā | S30: =IFERROR( _xlfn.CONCAT("l", "u", _xlfn.UNICHAR(HEX2DEC(RIGHT($K30,4))), "n"), "") -> lûn | T30: =IFERROR( _xlfn.CONCAT("n", "g", "o", _xlfn.UNICHAR(HEX2DEC(RIGHT($K30,4))), "o"), "") -> ngôo | U30: 7 | V30: =IFERROR( _xlfn.CONCAT("o", _xlfn.UNICHAR(HEX2DEC(RIGHT("U+0358",4))), _xlfn.UNICHAR(HEX2DEC(RIGHT(I30,4)))), "") -> ō͘ | W30: =_xlfn.CONCAT(" - xform/", $U$23, U30, "/", V30, "/") -> - xform/o͘7/ō͘/
A31: 8 | B31: 下去 | G31: 8 | H31: ] | I31: U+030D | J31: =IFERROR( _xlfn.CONCAT("a", _xlfn.UNICHAR(HEX2DEC(RIGHT($I31,4)))), "") -> a̍ | K31: U+0301 | L31: =IFERROR( _xlfn.CONCAT("a", _xlfn.UNICHAR(HEX2DEC(RIGHT(K31,4))), "h"), "") -> áh | M31: ] | N31: U+02D9 | O31: =IFERROR( _xlfn.CONCAT("ㄚ", "ㆷ", _xlfn.UNICHAR(HEX2DEC(RIGHT(N31,4)))), "") -> ㄚㆷ˙ | Q31: =IFERROR( _xlfn.CONCAT("a", _xlfn.UNICHAR(HEX2DEC(RIGHT($I31,4)))), "") -> a̍ | S31: =IFERROR( _xlfn.CONCAT("l", "u", _xlfn.UNICHAR(HEX2DEC(RIGHT($K31,4))), "n"), "") -> lún | T31: =IFERROR( _xlfn.CONCAT("n", "g", "o", _xlfn.UNICHAR(HEX2DEC(RIGHT($K31,4))), "o"), "") -> ngóo | U31: 8 | V31: =IFERROR( _xlfn.CONCAT("o", _xlfn.UNICHAR(HEX2DEC(RIGHT("U+0358",4))), _xlfn.UNICHAR(HEX2DEC(RIGHT(I31,4)))), "") -> o̍͘ | W31: =_xlfn.CONCAT(" - xform/", $U$23, U31, "/", V31, "/") -> - xform/o͘8/o̍͘/
A32: 9 | B32: 輕聲 | G32: 9 | I32: U+030B | J32: =IFERROR( _xlfn.CONCAT("a", _xlfn.UNICHAR(HEX2DEC(RIGHT($I32,4)))), "") -> a̋ | Q32: =IFERROR( _xlfn.CONCAT("a", _xlfn.UNICHAR(HEX2DEC(RIGHT($I32,4)))), "") -> a̋ | S32: =IFERROR( _xlfn.CONCAT("l", "u", _xlfn.UNICHAR(HEX2DEC(RIGHT(K32,4))), "n"), "") | U32: 9 | V32: =IFERROR( _xlfn.CONCAT("o", _xlfn.UNICHAR(HEX2DEC(RIGHT("U+0358",4))), _xlfn.UNICHAR(HEX2DEC(RIGHT(I32,4)))), "") -> ő͘ | W32: =_xlfn.CONCAT(" - xform/", $U$23, U32, "/", V32, "/") -> - xform/o͘9/ő͘/
A33: 10 | B33: 輕聲 | G33: 0 | I33: U+030A | J33: =IFERROR( _xlfn.CONCAT("a", _xlfn.UNICHAR(HEX2DEC(RIGHT($I33,4)))), "") -> å | M33: 7 | N33: U+030A | O33: =IFERROR( _xlfn.CONCAT("ㄚ", _xlfn.UNICHAR(HEX2DEC(RIGHT(N33,4)))), "") -> ㄚ̊ | Q33: =IFERROR( _xlfn.CONCAT("a", _xlfn.UNICHAR(HEX2DEC(RIGHT($I33,4)))), "") -> å | S33: =IFERROR( _xlfn.CONCAT("l", "u", _xlfn.UNICHAR(HEX2DEC(RIGHT(K33,4))), "n"), "") | U33: 0 | V33: =IFERROR( _xlfn.CONCAT("o", _xlfn.UNICHAR(HEX2DEC(RIGHT("U+0358",4))), _xlfn.UNICHAR(HEX2DEC(RIGHT(I33,4)))), "") -> o̊͘ | W33: =_xlfn.CONCAT(" - xform/", $U$23, U33, "/", V33, "/") -> - xform/o͘0/o̊͘/
A36: 識別號 | B36: 調名 | C36: 閩拼調號 | D36: 鍵盤按鍵 | E36: 閩拼調符編碼 | F36: 閩拼方案 | Y36: o͘ | Z36: 白話字
A37: 1 | B37: 上平 | C37: 1 | D37: ; | E37: U+0304 | F37: =IFERROR( _xlfn.CONCAT("a", _xlfn.UNICHAR(HEX2DEC(RIGHT(E37,4)))), "") -> ā | Y37: 1 | Z37: o͘ | AA37: - xform/o͘1/o͘/
A38: 2 | B38: 下入 | C38: 6 | D38: - | E38: U+0302 | F38: =IFERROR( _xlfn.CONCAT("a", _xlfn.UNICHAR(HEX2DEC(RIGHT(E38,4)))), "") -> â | Y38: 2 | Z38: ó͘ | AA38: - xform/o͘2/ó͘/
A39: 3 | B39: 上去 | C39: 5 | D39: _ | E39: U+0300 | F39: =IFERROR( _xlfn.CONCAT("a", _xlfn.UNICHAR(HEX2DEC(RIGHT(E39,4)))), "") -> à | Y39: 3 | Z39: ò͘ | AA39: - xform/o͘3/ò͘/
A40: 4 | B40: 上聲 | C40: 3 | D40: \ | E40: U+030C | F40: =IFERROR( _xlfn.CONCAT("a", _xlfn.UNICHAR(HEX2DEC(RIGHT(E40,4)))), "") -> ǎ | Y40: 4 | Z40: o͘ | AA40: - xform/o͘4/o͘/
A41: 5 | B41: 下平 | C41: 2 | D41: / | E41: U+0301 | F41: =IFERROR( _xlfn.CONCAT("a", _xlfn.UNICHAR(HEX2DEC(RIGHT(E41,4)))), "") -> á | Y41: 5 | Z41: ǒ͘ | AA41: - xform/o͘5/ǒ͘/
A42: 6 | B42: 上入 | C42: 7 | D42: [ | E42: U+0304 | F42: =IFERROR( _xlfn.CONCAT("a", _xlfn.UNICHAR(HEX2DEC(RIGHT(E42,4))), "h"), "") -> āh | Y42: 6 | Z42: ó͘ | AA42: - xform/o͘6/ó͘/
A43: 7 | B43: 下去 | C43: 8 | D43: ] | E43: U+0301 | F43: =IFERROR( _xlfn.CONCAT("a", _xlfn.UNICHAR(HEX2DEC(RIGHT(E43,4))), "h"), "") -> áh | Y43: 7 | Z43: ō͘ | AA43: - xform/o͘7/ō͘/
Y44: 8 | Z44: o̍͘ | AA44: - xform/o͘8/o̍͘/
U45: 9 | V45: ő͘ | W45: - xform/o͘9/ő͘/
U46: 0 | V46: o̊͘ | W46: - xform/o͘0/o̊͘/
J51: # | K51: 按鍵 | L51: 調號 | M51: 調名 | N51: 方音符號 | O51: 調符編碼
J52: 1 | K52: ' | L52: 一 | M52: 上平 | N52: =IFERROR( _xlfn.CONCAT("ㄚ"), "") -> ㄚ | O52: U+0304
J53: 2 | K53: 4 | L53: 二 | M53: 上聲 | N53: =IFERROR( _xlfn.CONCAT("ㄚ", _xlfn.UNICHAR(HEX2DEC(RIGHT(O53,4)))), "") -> ㄚ̀ | O53: U+0300
J54: 3 | K54: 3 | L54: 三 | M54: 上去 | N54: =IFERROR( _xlfn.CONCAT("ㄚ", _xlfn.UNICHAR(HEX2DEC(RIGHT(O54,4)))), "") -> ㄚ˪ | O54: U+02EA
J55: 4 | K55: [ | L55: 四 | M55: 上入 | N55: =IFERROR( _xlfn.CONCAT("ㄚ", "ㆷ"), "") -> ㄚㆷ
J56: 5 | K56: 6 | L56: 五 | M56: 下平 | N56: =IFERROR( _xlfn.CONCAT("ㄚ", _xlfn.UNICHAR(HEX2DEC(RIGHT(O56,4)))), "") -> ㄚ́ | O56: U+0301
J57: 6 | L57: 六 | M57: 上聲 | N57: =IFERROR( _xlfn.CONCAT("ㄚ", _xlfn.UNICHAR(HEX2DEC(RIGHT(O57,4)))), "") -> ㄚ̀ | O57: U+0300
J58: 7 | K58: 5 | L58: 七 | M58: 下入 | N58: =IFERROR( _xlfn.CONCAT("ㄚ", _xlfn.UNICHAR(HEX2DEC(RIGHT(O58,4)))), "") -> ㄚ˫ | O58: U+02EB
J59: 8 | K59: ] | L59: 八 | M59: 下去 | N59: =IFERROR( _xlfn.CONCAT("ㄚ", "ㆷ", _xlfn.UNICHAR(HEX2DEC(RIGHT(O59,4)))), "") -> ㄚㆷ˙ | O59: U+02D9
J60: 9 | K60: 7 | L60: 入 | M60: 入聲 | N60: =IFERROR( _xlfn.CONCAT("ㄚ", _xlfn.UNICHAR(HEX2DEC(RIGHT(O60,4)))), "") -> ㄚ̊ | O60: U+030A
J63: # | K63: 方音符號 | L63: 調符編碼 | M63: 十五音調號 | N63: 四聲八調名
J64: 1 | K64: ㄚ | L64: U+0304 | M64: 一 | N64: 上平
J65: 2 | K65: ㄚ̀ | L65: U+0300 | M65: 二 | N65: 上聲
J66: 3 | K66: ㄚ˪ | L66: U+02EA | M66: 三 | N66: 上去
J67: 4 | K67: ㄚㆷ | M67: 四 | N67: 上入
J68: 5 | K68: ㄚ́ | L68: U+0301 | M68: 五 | N68: 下平
J69: 6 | K69: ㄚ̀ | L69: U+0300 | M69: 六 | N69: 上聲
J70: 7 | K70: ㄚ˫ | L70: U+02EB | M70: 七 | N70: 下入
J71: 8 | K71: ㄚㆷ˙ | L71: U+02D9 | M71: 八 | N71: 下去
K73: =_xlfn.UNICHAR( HEX2DEC( RIGHT(L73,4))) -> ¯ | L73: U+00AF

Sheet  【TL】鍵盤對映表
B1: 序號 | C1: 鍵盤按鍵 | D1: 字典編碼 | E1: 國際音標 | F1: 台羅拼音 | G1: 台語注音二式 | H1: 注音符號 | I1: 台語注音 | K1: 序號 | L1: 鍵盤按鍵 | M1: 字典編碼 | N1: 國際音標 | O1: 台羅拼音 | P1: 台語注音二式 | Q1: 注音符號 | R1: 台語注音 | T1: 序號 | U1: 鍵盤按鍵 | V1: 字典編碼 | W1: 注音二式 | X1: 方案調號 | Y1: 方音符號 | Z1: 台語注音 | AC1: huan_ciat_tps | CN1: 序號 | CO1: 台羅拼音 | CP1: 字典編碼 | CQ1: 按鍵 | CR1: 注音符號 | CT1: 序號 | CU1: 台羅拼音 | CV1: 字典編碼 | CW1: 按鍵 | CX1: 注音符號 | CZ1: 序號 | DA1: 台羅拼音 | DB1: 字典編碼 | DC1: 按鍵 | DD1: 注音符號
B2: 1 | C2: = | D2: Ø | K2: 1 | L2: 8 | M2: a | N2: a | O2: a | P2: {=INDEX(韻母對照表[台語注音二式], MATCH(TRUE, EXACT(O2, 韻母對照表[台羅拼音]), 0))} -> a | Q2: ㄚ | R2: ㄚ | T2: 1 | U2: " | V2: 1 | W2: 1 | X2: 一 | Z2: ¹ | AE2: {=COLUMN() - COLUMN($AD:$AD)} -> 1 | AF2: {=COLUMN() - COLUMN($AD:$AD)} -> 2 | AG2: {=COLUMN() - COLUMN($AD:$AD)} -> 3 | AH2: {=COLUMN() - COLUMN($AD:$AD)} -> 4 | AI2: {=COLUMN() - COLUMN($AD:$AD)} -> 5 | AJ2: {=COLUMN() - COLUMN($AD:$AD)} -> 6 | AK2: {=COLUMN() - COLUMN($AD:$AD)} -> 7 | AL2: {=COLUMN() - COLUMN($AD:$AD)} -> 8 | ... CL2: {=COLUMN() - COLUMN($AD:$AD)} -> 60 | CN2: 1 | CO2: b | CP2: b | CQ2: ! | CR2: ㆠ | CT2: 1 | CU2: a | CV2: a | CW2: 8 | CX2: ㄚ | CZ2: 1 | DA2: 1 | DB2: 1 | DC2: : | DD2: 一
B3: 2 | C3: ! | D3: b | E3: b | F3: b | G3: {=INDEX(聲母對照表[台語注音二式], MATCH(TRUE, EXACT(F3, 聲母對照表[台羅拼音]), 0))} -> bb | H3: ㆠ | I3: ㄪ | K3: 2 | L3: u | M3: i | N3: i | O3: i | P3: {=INDEX(韻母對照表[台語注音二式], MATCH(TRUE, EXACT(O3, 韻母對照表[台羅拼音]), 0))} -> i | Q3: ㄧ | R3: ㄧ | T3: 2 | U3: 5 | V3: 7 | W3: 7 | X3: 七 | Y3: ˫ | Z3: ⁷ | AC3: 台羅拼音 | AE3: b | AF3: p | AG3: ph | AH3: m | AI3: n | AJ3: t | AK3: th | AL3: l | AM3: g | AN3: k | AO3: kh | AP3: ng | AQ3: j | AR3: z(ts) | AS3: c(tsh) | AT3: s | AU3: h | AV3: j(i) | AW3: z(i) | AX3: c(i) | AY3: s(i) | AZ3: a | BA3: i | BB3: ir | BC3: u | BD3: e | BE3: oo | BF3: o | BG3: -m | BH3: -n | BI3: -ng | BJ3: -p | BK3: -t | BL3: -k | BM3: -h | BN3: ai | BO3: au | BP3: am | BQ3: an | BR3: ang | BS3: om | BT3: ong | BU3: =_xlfn.CONCAT("a", _xlfn.UNICHAR(HEX2DEC(RIGHT("U+207F",4)))) -> aⁿ | BV3: =_xlfn.CONCAT("i", _xlfn.UNICHAR(HEX2DEC(RIGHT("U+207F",4)))) -> iⁿ | BW3: =_xlfn.CONCAT("u", _xlfn.UNICHAR(HEX2DEC(RIGHT("U+207F",4)))) -> uⁿ | BX3: =_xlfn.CONCAT("e", _xlfn.UNICHAR(HEX2DEC(RIGHT("U+207F",4)))) -> eⁿ | BY3: =_xlfn.CONCAT("o", _xlfn.UNICHAR(HEX2DEC(RIGHT("U+207F",4)))) -> oⁿ | BZ3: =_xlfn.CONCAT("ai", _xlfn.UNICHAR(HEX2DEC(RIGHT("U+207F",4)))) -> aiⁿ | CA3: =_xlfn.CONCAT("au", _xlfn.UNICHAR(HEX2DEC(RIGHT("U+207F",4)))) -> auⁿ | CB3: =_xlfn.UNICHAR(HEX2DEC(RIGHT("U+207F",4))) -> ⁿ | CC3: Ø | CD3: 1 | CE3: 7 | CF3: 3 | CG3: 2 | CH3: 5 | CI3: 8 | CJ3: 4 | CK3: 0 | CL3: 4|8 | CN3: 2 | CO3: p | CP3: p | CQ3: 1 | CR3: ㄅ | CT3: 2 | CU3: i | CV3: i | CW3: u | CX3: ㄧ | CZ3: 2 | DA3: 7 | DB3: 7 | DC3: 5 | DD3: 七 | DH3: 1 ! | DK3: 2 @ | DN3: 3 # | DQ3: 4 $ | DT3: 0.05 | DW3: 6 ^ | DZ3: 7 & | EC3: 8 * | EF3: 9 ( | EI3: 0 ) | EL3: - _ | EO3: = +
B4: 3 | C4: 1 | D4: p | E4: p | F4: p | G4: {=INDEX(聲母對照表[台語注音二式], MATCH(TRUE, EXACT(F4, 聲母對照表[台羅拼音]), 0))} -> b | H4: ㄅ | I4: ㄅ | K4: 3 | L4: K | M4: w | N4: ɯ | O4: ir | P4: {=INDEX(韻母對照表[台語注音二式], MATCH(TRUE, EXACT(O4, 韻母對照表[台羅拼音]), 0))} -> 0 | Q4: ㆨ | T4: 3 | U4: 3 | V4: 3 | W4: 3 | X4: 三 | Y4: ˪ | Z4: ³ | AC4: 字典編碼 | AE4: =AE43 -> b | AF4: =AF43 -> p | AG4: =AG43 -> P | AH4: =AH43 -> m | AI4: =AI43 -> n | AJ4: =AJ43 -> t | AK4: =AK43 -> T | AL4: =AL43 -> l | ... CL4: =CL43 -> 6 | CN4: 3 | CO4: ph | CP4: P | CQ4: q | CR4: ㄆ | CT4: 3 | CU4: ir | CV4: w | CW4: K | CX4: ㆨ | CZ4: 3 | DA4: 3 | DB4: 3 | DC4: 3 | DD4: 三 | DH4: ㆠ | DJ4: b | EC4: ㆩ | EE4: ann | EF4: ㆮ | EG4: 0 | EH4: ainn
B5: 4 | C5: q | D5: P | E5: pʰ | F5: ph | G5: {=INDEX(聲母對照表[台語注音二式], MATCH(TRUE, EXACT(F5, 聲母對照表[台羅拼音]), 0))} -> p | H5: ㄆ | I5: ㄆ | K5: 4 | L5: j | M5: u | N5: u | O5: u | P5: {=INDEX(韻母對照表[台語注音二式], MATCH(TRUE, EXACT(O5, 韻母對照表[台羅拼音]), 0))} -> u | Q5: ㄨ | R5: ㄨ | T5: 4 | U5: 4 | V5: 2 | W5: 2 | X5: 二 | Y5: ˋ | Z5: ² | AC5: 鍵盤按鍵 | AE5: =AE44 -> ! | AF5: =AF44 -> 1 | AG5: =AG44 -> q | AH5: =AH44 -> a | AI5: =AI44 -> s | AJ5: =AJ44 -> 2 | AK5: =AK44 -> w | AL5: =AL44 -> x | ... CL5: =CL44 -> 7 | CN5: 4 | CO5: m | CP5: m | CQ5: a | CR5: ㄇ | CT5: 4 | CU5: u | CV5: u | CW5: j | CX5: ㄨ | CZ5: 4 | DA5: 2 | DB5: 2 | DC5: 4 | DD5: 二 | DH5: ㄅ | DJ5: p | DK5: ㄉ | DM5: d | DN5: ˪ | DP5: 陰去 | DQ5: ˋ | DS5: 上声 | DT5: ˫ | DV5: 陽去 | DW5: ˊ | DY5: 陽平 | DZ5: 入 | EB5: ptkh | EC5: ㄚ | EE5: a | EF5: ㄞ | EH5: ai | EI5: ㄢ | EJ5: 0 | EK5: an | EL5: ㄥㄚ | EN5: an | EO5: Ø
B6: 5 | C6: a | D6: m | E6: m | F6: m | G6: {=INDEX(聲母對照表[台語注音二式], MATCH(TRUE, EXACT(F6, 聲母對照表[台羅拼音]), 0))} -> m | H6: ㄇ | I6: ㄇ | K6: 5 | L6: , | M6: e | N6: e | O6: e | P6: {=INDEX(韻母對照表[台語注音二式], MATCH(TRUE, EXACT(O6, 韻母對照表[台羅拼音]), 0))} -> e | Q6: ㆤ | R6: ㄝ | T6: 5 | U6: 6 | V6: 5 | W6: 5 | X6: 五 | Y6: ˊ | Z6: ⁵ | AC6: 注音符號 | AE6: =AE45 -> ㆠ | AF6: =AF45 -> ㄅ | AG6: =AG45 -> ㄆ | AH6: =AH45 -> ㄇ | AI6: =AI45 -> ㄋ | AJ6: =AJ45 -> ㄉ | AK6: =AK45 -> ㄊ | AL6: =AL45 -> ㄌ | ... CL6: =CL45 -> ʔ | CN6: 5 | CO6: n | CP6: n | CQ6: s | CR6: ㄋ | CT6: 5 | CU6: e | CV6: e | CW6: , | CX6: ㆤ | CZ6: 5 | DA6: 5 | DB6: 5 | DC6: 6 | DD6: 五 | DI6: Q | DL6: W | DO6: E | DR6: R | DU6: T | DX6: Y | EA6: U | ED6: I | EG6: O | EJ6: P | EM6: [ { | EP6: ] } | ES6: \ |
B7: 6 | C7: s | D7: n | E7: n | F7: n | G7: {=INDEX(聲母對照表[台語注音二式], MATCH(TRUE, EXACT(F7, 聲母對照表[台羅拼音]), 0))} -> n | H7: ㄋ | I7: ㄋ | K7: 6 | L7: i | M7: O | N7: ɔ | O7: oo | P7: {=INDEX(韻母對照表[台語注音二式], MATCH(TRUE, EXACT(O7, 韻母對照表[台羅拼音]), 0))} -> oo | Q7: ㆦ | R7: ㄛ | T7: 6 | U7: [ | V7: 4 | W7: 4 | X7: 四 | Z7: ⁴ | CN7: 6 | CO7: t | CP7: t | CQ7: 2 | CR7: ㄉ | CT7: 6 | CU7: oo | CV7: O | CW7: i | CX7: ㆦ | CZ7: 6 | DA7: 8 | DB7: 8 | DC7: ] | DD7: 八 | DO7: ㆣ | DQ7: gg | DR7: ㆢ | DT7: jj | DX7: ㆡ | DZ7: zz | EA7: ㆪ | EC7: inn | ED7: ㆧ | EF7: oonn | EG7: ㆱ | EI7: om
B8: 7 | C8: 2 | D8: t | E8: t | F8: t | G8: {=INDEX(聲母對照表[台語注音二式], MATCH(TRUE, EXACT(F8, 聲母對照表[台羅拼音]), 0))} -> d | H8: ㄉ | I8: ㄉ | K8: 7 | L8: k | M8: ə | N8: ə | O8: o | P8: {=INDEX(韻母對照表[台語注音二式], MATCH(TRUE, EXACT(O8, 韻母對照表[台羅拼音]), 0))} -> or | Q8: ㄜ | R8: ㄜ | T8: 7 | U8: ] | V8: 8 | W8: 8 | X8: 八 | Y8: ˙ | Z8: ⁸ | AC8: speller | CN8: 7 | CO8: th | CP8: T | CQ8: w | CR8: ㄊ | CT8: 7 | CU8: o | CV8: ə | CW8: k | CX8: ㄜ | CZ8: 7 | DA8: 4 | DB8: 4 | DC8: [ | DD8: 四 | DI8: ㄆ | DK8: ph | DL8: ㄊ | DN8: t | DO8: ㄍ | DP8: 0 | DQ8: g | DR8: ㄐ | DT8: jj | DU8: ㆵ | DW8: t0 | DX8: ㄗ | DZ8: z | EA8: ㄧ | EC8: i | ED8: ㆦ | EF8: oo | EG8: ㆲ | EI8: ong | EJ8: ㄣ | EL8: -n | EO8: 陰入 | EP8: · | ER8: 陽入
B9: 8 | C9: w | D9: T | E9: tʰ | F9: th | G9: {=INDEX(聲母對照表[台語注音二式], MATCH(TRUE, EXACT(F9, 聲母對照表[台羅拼音]), 0))} -> t | H9: ㄊ | I9: ㄊ | K9: 8 | L9: m | M9: M | N9: m̩ | O9: m | P9: {=INDEX(韻母對照表[台語注音二式], MATCH(TRUE, EXACT(O9, 韻母對照表[台羅拼音]), 0))} -> m | Q9: ㆬ | R9: ㄇ | T9: 8 | U9: . | V9: 0 | W9: 0 | X9: 輕 | Y9: ˙ | Z9: ⁰ | AC9: ./alphabet | AE9: =_xlfn.CONCAT(" alphabet: ","""", AE5:CC5, CD5:CL5, """") -> alphabet: "!1qas2wxEedNcYyhnRrfv8uKj,ikmp/9lM0;Oo*UJ<I(Lbtgz=-"5346[].7" | CN9: 8 | CO9: l | CP9: l | CQ9: x | CR9: ㄌ | CT9: 8 | CU9: -m | CV9: M | CW9: m | CX9: ㆬ | CZ9: 8 | DA9: 0 | DB9: 0 | DC9: 7 | DD9: 入 | DJ9: A | DM9: S | DP9: D | DS9: F | DV9: G | DY9: H | EB9: J | EE9: K | EH9: L | EK9: ; : | EN9: ' "
B10: 9 | C10: x | D10: l | E10: l | F10: l | G10: {=INDEX(聲母對照表[台語注音二式], MATCH(TRUE, EXACT(F10, 聲母對照表[台羅拼音]), 0))} -> l | H10: ㄌ | I10: ㄌ | K10: 9 | L10: p | M10: N | N10: n | O10: n | P10: n | Q10: ㄣ | R10: ㄣ | T10: 9 | U10: 7 | V10: 6 | X10: ʔ | AC10: ./initials | AE10: =_xlfn.CONCAT(" initials: ","""", AE5:CC5, """") -> initials: "!1qas2wxEedNcYyhnRrfv8uKj,ikmp/9lM0;Oo*UJ<I(Lbtgz=-" | CN10: 9 | CO10: ㆣ | CP10: g | CQ10: E | CR10: ㆣ | CT10: 9 | CU10: -n | CV10: N | CW10: p | CX10: ㄣ | CZ10: 9 | DA10: L | DB10: L | DC10: N | DD10: ㄥ | EB10: ㆫ | EC10: 0 | ED10: unn | EE10: ㆨ | EG10: ir | EH10: ㆯ | EJ10: aunn
B11: 10 | C11: E | D11: g | E11: ɡ | F11: g | G11: {=INDEX(聲母對照表[台語注音二式], MATCH(TRUE, EXACT(F11, 聲母對照表[台羅拼音]), 0))} -> gg | H11: ㆣ | I11: ㄫ | K11: 10 | L11: / | M11: G | N11: ŋ̍ | O11: ng | P11: {=INDEX(韻母對照表[台語注音二式], MATCH(TRUE, EXACT(O11, 韻母對照表[台羅拼音]), 0))} -> ng | Q11: ㆭ | R11: ㄥ | AC11: ./finals | AE11: =_xlfn.CONCAT(" finals: ","""", CD5:CL5, """") -> finals: ""5346[].7" | CN11: 10 | CO11: k | CP11: k | CQ11: e | CR11: ㄍ | CT11: 10 | CU11: -ng | CV11: G | CW11: / | CX11: ㆭ | DJ11: ㄇ | DL11: m- | DM11: ㄋ | DO11: n- | DP11: ㄎ | DQ11: 0 | DR11: k | DS11: ㄑ | DU11: ch | DV11: ㆻ | DX11: k0 | DY11: ㄘ | EA11: c | EB11: ㄨ | ED11: u | EE11: ㄜ | EG11: or | EH11: ㄠ | EJ11: au | EK11: ㄤ | EM11: ang | EP11: 陰平
B12: 11 | C12: e | D12: k | E12: k | F12: k | G12: {=INDEX(聲母對照表[台語注音二式], MATCH(TRUE, EXACT(F12, 聲母對照表[台羅拼音]), 0))} -> g | H12: ㄍ | I12: ㄍ | K12: 11 | L12: 9 | M12: I | N12: aɪ | O12: ai | P12: {=INDEX(韻母對照表[台語注音二式], MATCH(TRUE, EXACT(O12, 韻母對照表[台羅拼音]), 0))} -> ai | Q12: ㄞ | R12: ㄞ | CN12: 11 | CO12: kh | CP12: K | CQ12: d | CR12: ㄎ | CT12: 11 | CU12: -p | CV12: R | CW12: b | CX12: ㆴ | DK12: Z | DN12: X | DQ12: C | DT12: V | DW12: B | DZ12: N | EC12: M | EF12: , < | EI12: . > | EL12: / ?
B13: 12 | C13: d | D13: K | E13: kʰ | F13: kh | G13: {=INDEX(聲母對照表[台語注音二式], MATCH(TRUE, EXACT(F13, 聲母對照表[台羅拼音]), 0))} -> k | H13: ㄎ | I13: ㄎ | K13: 12 | L13: l | M13: U | N13: aʊ | O13: au | P13: {=INDEX(韻母對照表[台語注音二式], MATCH(TRUE, EXACT(O13, 韻母對照表[台羅拼音]), 0))} -> au | Q13: ㄠ | R13: ㄠ | T13: 序號 | U13: 鍵盤按鍵 | V13: 字典編碼 | W13: 台羅拼音 | X13: 注音符號 | Y13: 台語注音 | AC13: algebra: | CN13: 12 | CO13: ng | CP13: ŋ | CQ13: G | CR13: ㄫ | CT13: 12 | CU13: -t | CV13: F | CW13: t | CX13: ㆵ | DZ13: ㄫ | EB13: ng- | EC13: ㆰ | EE13: am | EF13: ㆥ | EG13: 0 | EH13: enn
B14: 13 | C14: N | D14: ŋ | E14: ŋ | F14: ng | G14: {=INDEX(聲母對照表[台語注音二式], MATCH(TRUE, EXACT(F14, 聲母對照表[台羅拼音]), 0))} -> ng | H14: ㄫ | I14: ⁰ㄫ | K14: 13 | L14: M | M14: Y | N14: am | O14: am | P14: {=INDEX(韻母對照表[台語注音二式], MATCH(TRUE, EXACT(O14, 韻母對照表[台羅拼音]), 0))} -> am | Q14: ㆰ | R14: ㄚㄇ | T14: 1 | U14: ; | V14: 1 | W14: 1 | Y14: ¹ | AC14: 字典編碼 | AD14: =LEN(AE14) -> 60 | AE14: {=_xlfn.CONCAT( TRANSPOSE(D3:D23), TRANSPOSE(M2:M29), TRANSPOSE(M33:M34), TRANSPOSE(V2:V10))} -> bpPmntTlgkKŋhjzcsJZCSaiwueOəMNGIUY@AWHdfqrvxyRFQVØL173254806 | CN14: 13 | CO14: j | CP14: j | CQ14: Y | CR14: ㆡ | CT14: 13 | CU14: -k | CV14: Q | CW14: g | CX14: ㆻ | DK14: ㆷ | DM14: h0 | DN14: ㄌ | DP14: l | DQ14: ㄏ | DS14: h | DT14: ㄒ | DV14: sh | DW14: ㆴ | DY14: p0 | DZ14: ㄙ | EB14: s | EC14: ㆬ | EE14: -m | EF14: ㆤ | EG14: 0 | EH14: e | EL14: ㆭ | EN14: -ng
B15: 14 | C15: c | D15: h | E15: h | F15: h | G15: {=INDEX(聲母對照表[台語注音二式], MATCH(TRUE, EXACT(F15, 聲母對照表[台羅拼音]), 0))} -> h | H15: ㄏ | I15: ㄏ | K15: 14 | L15: 0 | M15: @ | N15: an | O15: an | P15: {=INDEX(韻母對照表[台語注音二式], MATCH(TRUE, EXACT(O15, 韻母對照表[台羅拼音]), 0))} -> an | Q15: ㄢ | R15: ㄢ | T15: 2 | U15: - | V15: 7 | W15: 7 | X15: ˫ | Y15: ⁷ | AC15: 按鍵 | AD15: =LEN(AE15) -> 60 | AE15: {=_xlfn.CONCAT( TRANSPOSE(C3:C23), TRANSPOSE(L2:L29), TRANSPOSE(L33:L34), TRANSPOSE(U2:U10))} -> !1qas2wxEedNcYyhnRrfv8uKj,ikmp/9lM0;Oo*UJ<I(Lbtgz=-"5346[].7 | CN15: 14 | CO15: z(ts) | CP15: z | CQ15: y | CR15: ㄗ | CT15: 14 | CU15: -h | CV15: V | CW15: z | CX15: ㆷ
B16: 15 | C16: Y | D16: j | E16: ʣ | F16: j | G16: {=INDEX(聲母對照表[台語注音二式], MATCH(TRUE, EXACT(F16, 聲母對照表[台羅拼音]), 0))} -> zz | H16: ㆡ | I16: ㄖ | K16: 15 | L16: ; | M16: A | N16: aŋ | O16: ang | P16: {=INDEX(韻母對照表[台語注音二式], MATCH(TRUE, EXACT(O16, 韻母對照表[台羅拼音]), 0))} -> ang | Q16: ㄤ | R16: ㄤ | T16: 3 | U16: _ | V16: 3 | W16: 3 | X16: ˪ | Y16: ³ | AE16: =_xlfn.CONCAT(" - xlit|", AE14, "|", AE15, "|") -> - xlit|bpPmntTlgkKŋhjzcsJZCSaiwueOəMNGIUY@AWHdfqrvxyRFQVØL173254806|!1qas2wxEedNcYyhnRrfv8uKj,ikmp/9lM0;Oo*UJ<I(Lbtgz=-"5346[].7| | CN16: 15 | CO16: c(tsh) | CP16: c | CQ16: h | CR16: ㄘ | CT16: 15 | CU16: ai | CV16: I | CW16: 9 | CX16: ㄞ
B17: 16 | C17: y | D17: z | E17: ʦ | F17: ts | G17: {=INDEX(聲母對照表[台語注音二式], MATCH(TRUE, EXACT(F17, 聲母對照表[台羅拼音]), 0))} -> z | H17: ㄗ | I17: ㄗ | K17: 16 | L17: O | M17: W | N17: ɔm | O17: om | P17: {=INDEX(韻母對照表[台語注音二式], MATCH(TRUE, EXACT(O17, 韻母對照表[台羅拼音]), 0))} -> oom | Q17: ㆱ | R17: ㄛㄇ | T17: 4 | U17: \ | V17: 2 | W17: 2 | X17: ˋ | Y17: ² | AE17: - xlit|bpPmntTlgkKŋjzcshJZCSaiwueOəMNGRFQVIUY@AWHdfqrvxy8732541L&|!1qas2wxEedGYyhncRrfv8uKj,ikmp/btgz9lM0;Oo*UJ<I(L75346][N.| | CN17: 16 | CO17: s | CP17: s | CQ17: n | CR17: ㄙ | CT17: 16 | CU17: au | CV17: U | CW17: l | CX17: ㄠ
B18: 17 | C18: h | D18: c | E18: ʦʰ | F18: tsh | G18: {=INDEX(聲母對照表[台語注音二式], MATCH(TRUE, EXACT(F18, 聲母對照表[台羅拼音]), 0))} -> c | H18: ㄘ | I18: ㄘ | K18: 17 | L18: o | M18: H | N18: ɔŋ | O18: ong | P18: {=INDEX(韻母對照表[台語注音二式], MATCH(TRUE, EXACT(O18, 韻母對照表[台羅拼音]), 0))} -> ong | Q18: ㆲ | R18: ㄛㄥ | T18: 5 | U18: / | V18: 5 | W18: 5 | X18: ˊ | Y18: ⁵ | AC18: 第1個 |： | AD18: =SEARCH("|", $AE$16) -> 11 | CN18: 17 | CO18: h | CP18: h | CQ18: c | CR18: ㄏ | CT18: 17 | CU18: am | CV18: Y | CW18: M | CX18: ㆰ
B19: 18 | C19: n | D19: s | E19: s | F19: s | G19: {=INDEX(聲母對照表[台語注音二式], MATCH(TRUE, EXACT(F19, 聲母對照表[台羅拼音]), 0))} -> s | H19: ㄙ | I19: ㄙ | K19: 18 | L19: * | M19: d | N19: ã | O19: ann | P19: {=INDEX(韻母對照表[台語注音二式], MATCH(TRUE, EXACT(O19, 韻母對照表[台羅拼音]), 0))} -> ann | Q19: ㆩ | R19: ⁰ㄚ | T19: 6 | U19: [ | V19: 4 | W19: 4 | Y19: ⁴ | AC19: 第2個 |： | AD19: =SEARCH("|", $AE$16, AD18+1) -> 72 | CN19: 18 | CO19: j(i) | CP19: J | CQ19: R | CR19: ㆢ | CT19: 18 | CU19: an | CV19: @ | CW19: 0 | CX19: ㄢ
B20: 19 | C20: R | D20: J | E20: ʥ | F20: ji | G20: {=INDEX(聲母對照表[台語注音二式], MATCH(TRUE, EXACT(F20, 聲母對照表[台羅拼音]), 0))} -> jj | H20: ㆢ | I20: ㄖ | K20: 19 | L20: U | M20: f | N20: ĩ | O20: inn | P20: {=INDEX(韻母對照表[台語注音二式], MATCH(TRUE, EXACT(O20, 韻母對照表[台羅拼音]), 0))} -> inn | Q20: ㆪ | R20: ⁰ㄧ | T20: 7 | U20: ] | V20: 8 | W20: 8 | X20: ˙ | Y20: ⁸ | AC20: 第3個 |： | AD20: =SEARCH("|", $AE$16, AD19+1) -> 133 | CN20: 19 | CO20: z(i) | CP20: Z | CQ20: r | CR20: ㄐ | CT20: 19 | CU20: ang | CV20: A | CW20: ; | CX20: ㄤ
B21: 20 | C21: r | D21: Z | E21: ʨ | F21: tsi | G21: {=INDEX(聲母對照表[台語注音二式], MATCH(TRUE, EXACT(F21, 聲母對照表[台羅拼音]), 0))} -> j | H21: ㄐ | I21: ㄐ | K21: 20 | L21: J | M21: q | N21: ũ | O21: unn | P21: {=INDEX(韻母對照表[台語注音二式], MATCH(TRUE, EXACT(O21, 韻母對照表[台羅拼音]), 0))} -> unn | Q21: ㆫ | R21: ⁰ㄨ | CN21: 20 | CO21: c(i) | CP21: C | CQ21: f | CR21: ㄑ | CT21: 20 | CU21: om | CV21: W | CW21: O | CX21: ㆱ
B22: 21 | C22: f | D22: C | E22: ʨʰ | F22: tshi | G22: {=INDEX(聲母對照表[台語注音二式], MATCH(TRUE, EXACT(F22, 聲母對照表[台羅拼音]), 0))} -> ch | H22: ㄑ | I22: ㄑ | K22: 21 | L22: < | M22: r | N22: ẽ | O22: enn | P22: {=INDEX(韻母對照表[台語注音二式], MATCH(TRUE, EXACT(O22, 韻母對照表[台羅拼音]), 0))} -> enn | Q22: ㆥ | R22: ⁰ㄝ | AC22: 字典編碼 | AD22: =LEN(AE22) -> 60 | AE22: =MID($AE$16,AD18+1, (AD19-AD18-1)) -> bpPmntTlgkKŋhjzcsJZCSaiwueOəMNGIUY@AWHdfqrvxyRFQVØL173254806 | CN22: 21 | CO22: s(i) | CP22: S | CQ22: v | CR22: ㄒ | CT22: 21 | CU22: ong | CV22: H | CW22: o | CX22: ㆲ
B23: 22 | C23: v | D23: S | E23: ɕ | F23: si | G23: {=INDEX(聲母對照表[台語注音二式], MATCH(TRUE, EXACT(F23, 聲母對照表[台羅拼音]), 0))} -> sh | H23: ㄒ | I23: ㄒ | K23: 22 | L23: I | M23: v | N23: ɔ̃ | O23: onn | P23: {=INDEX(韻母對照表[台語注音二式], MATCH(TRUE, EXACT(O23, 韻母對照表[台羅拼音]), 0))} -> oonn | Q23: ㆧ | R23: ⁰ㄛ | AC23: 按鍵 | AD23: =LEN(AE23) -> 60 | AE23: =MID($AE$16,AD19+1, (AD20-AD19-1)) -> !1qas2wxEedNcYyhnRrfv8uKj,ikmp/9lM0;Oo*UJ<I(Lbtgz=-"5346[].7 | CT23: 22 | CU23: aⁿ | CV23: d | CW23: * | CX23: ㆩ
K24: 23 | L24: ( | M24: x | N24: ãɪ | O24: ainn | P24: {=INDEX(韻母對照表[台語注音二式], MATCH(TRUE, EXACT(O24, 韻母對照表[台羅拼音]), 0))} -> ainn | Q24: ㆮ | R24: ⁰ㄞ | T24: 序號 | U24: 鍵盤按鍵 | V24: 字典編碼 | W24: 閩拼方案 | X24: 閩拼調號 | Y24: 閩拼調符 | Z24: Unicode | CT24: 23 | CU24: iⁿ | CV24: f | CW24: U | CX24: ㆪ
K25: 24 | L25: L | M25: y | N25: ãʊ | O25: aunn | P25: {=INDEX(韻母對照表[台語注音二式], MATCH(TRUE, EXACT(O25, 韻母對照表[台羅拼音]), 0))} -> aunn | Q25: ㆯ | R25: ⁰ㄠ | T25: 1 | U25: ; | V25: 1 | W25: 1 | X25: ¹ | Y25: ā | Z25: U+0304 | AE25: {=COLUMN() - COLUMN($AD:$AD)} -> 1 | AF25: {=COLUMN() - COLUMN($AD:$AD)} -> 2 | AG25: {=COLUMN() - COLUMN($AD:$AD)} -> 3 | AH25: {=COLUMN() - COLUMN($AD:$AD)} -> 4 | AI25: {=COLUMN() - COLUMN($AD:$AD)} -> 5 | AJ25: {=COLUMN() - COLUMN($AD:$AD)} -> 6 | AK25: {=COLUMN() - COLUMN($AD:$AD)} -> 7 | AL25: {=COLUMN() - COLUMN($AD:$AD)} -> 8 | ... CL25: {=COLUMN() - COLUMN($AD:$AD)} -> 60 | CT25: 24 | CU25: uⁿ | CV25: q | CW25: J | CX25: ㆫ
K26: 25 | L26: b | M26: R | N26: p̚ | O26: p | P26: p | Q26: ㆴ | R26: ㄅ | T26: 2 | U26: - | V26: 7 | W26: 6 | X26: ⁶ | Y26: â | Z26: U+0302 | AC26: 字典編碼 | AE26: =MID($AE$22,AE$25,1) -> b | AF26: =MID($AE$22,AF$25,1) -> p | AG26: =MID($AE$22,AG$25,1) -> P | AH26: =MID($AE$22,AH$25,1) -> m | AI26: =MID($AE$22,AI$25,1) -> n | AJ26: =MID($AE$22,AJ$25,1) -> t | AK26: =MID($AE$22,AK$25,1) -> T | AL26: =MID($AE$22,AL$25,1) -> l | ... CL26: =MID($AE$22,CL$25,1) -> 6 | CT26: 25 | CU26: eⁿ | CV26: r | CW26: < | CX26: ㆥ
K27: 26 | L27: t | M27: F | N27: t̚ | O27: t | P27: t | Q27: ㆵ | R27: ㄉ | T27: 3 | U27: _ | V27: 3 | W27: 5 | X27: ⁵ | Y27: à | Z27: U+0300 | AC27: 鍵盤按鍵 | AE27: =MID($AE$23,AE$25,1) -> ! | AF27: =MID($AE$23,AF$25,1) -> 1 | AG27: =MID($AE$23,AG$25,1) -> q | AH27: =MID($AE$23,AH$25,1) -> a | AI27: =MID($AE$23,AI$25,1) -> s | AJ27: =MID($AE$23,AJ$25,1) -> 2 | AK27: =MID($AE$23,AK$25,1) -> w | AL27: =MID($AE$23,AL$25,1) -> x | ... CL27: =MID($AE$23,CL$25,1) -> 7 | CT27: 26 | CU27: oⁿ | CV27: v | CW27: I | CX27: ㆧ
K28: 27 | L28: g | M28: Q | N28: k̚ | O28: k | P28: k | Q28: ㆻ | R28: ㄍ | T28: 4 | U28: \ | V28: 2 | W28: 3 | X28: ³ | Y28: ǎ | Z28: U+030C | CT28: 27 | CU28: aiⁿ | CV28: x | CW28: ( | CX28: ㆮ
K29: 28 | L29: z | M29: V | N29: ʔ | O29: h | P29: h | Q29: ㆷ | R29: ㄏ | T29: 5 | U29: / | V29: 5 | W29: 2 | X29: ² | Y29: á | Z29: U+0301 | CT29: 28 | CU29: auⁿ | CV29: y | CW29: L | CX29: ㆯ
T30: 6 | U30: [ | V30: 4 | W30: 7 | X30: ⁷ | Y30: āh | Z30: U+0304 | AC30: preedit_format:
T31: 7 | U31: ] | V31: 8 | W31: 8 | X31: ⁸ | Y31: áh | Z31: U+0301 | AC31: 按鍵 | AD31: =AD23 -> 60 | AE31: =AE23 -> !1qas2wxEedNcYyhnRrfv8uKj,ikmp/9lM0;Oo*UJ<I(Lbtgz=-"5346[].7
K32: 序號 | L32: 鍵盤按鍵 | M32: 字典編碼 | N32: 國際音標 | O32: 台羅拼音 | P32: 台語注音二式 | Q32: 注音符號 | R32: 台語注音 | AC32: 注音符號 | AD32: =LEN(AE32) -> 60 | AE32: {=_xlfn.CONCAT( TRANSPOSE(H3:H23), TRANSPOSE(Q2:Q29), TRANSPOSE(Q33:Q34), TRANSPOSE(X2:X10))} -> ㆠㄅㄆㄇㄋㄉㄊㄌㆣㄍㄎㄫㄏㆡㄗㄘㄙㆢㄐㄑㄒㄚㄧㆨㄨㆤㆦㄜㆬㄣㆭㄞㄠㆰㄢㄤㆱㆲㆩㆪㆫㆥㆧㆮㆯㆴㆵㆻㆷØㄥ一七三二五四八輕ʔ
K33: 1 | L33: = | M33: Ø | P33: Ø | Q33: Ø | R33: Ø | AE33: =_xlfn.CONCAT(" - xlit|", AE31, "|", AE32, "|") -> - xlit|!1qas2wxEedNcYyhnRrfv8uKj,ikmp/9lM0;Oo*UJ<I(Lbtgz=-"5346[].7|ㆠㄅㄆㄇㄋㄉㄊㄌㆣㄍㄎㄫㄏㆡㄗㄘㄙㆢㄐㄑㄒㄚㄧㆨㄨㆤㆦㄜㆬㄣㆭㄞㄠㆰㄢㄤㆱㆲㆩㆪㆫㆥㆧㆮㆯㆴㆵㆻㆷØㄥ一七三二五四八輕ʔ|
K34: 2 | L34: - | M34: L | P34: nn | Q34: ㄥ | R34: ⁰ | AE34: - xlit|!1qas2wxEedNYyhncRrfv8uKj,ikmp/btgz9lM0;Oo*UJ<I(L-="5346][.7|ㆠㄅㄆㄇㄋㄉㄊㄌㆣㄍㄎㄫㆡㄗㄘㄙㄏㆢㄐㄑㄒㄚㄧㆨㄨㆤㆦㄜㆬㄣㆭㆴㆵㆻㆷㄞㄠㆰㄢㄤㆱㆲㆩㆪㆫㆥㆧㆮㆯㄥØ一七三二五八四輕入|
T35: ⁿ | U35: U+207F | X35: =_xlfn.UNICHAR(HEX2DEC(RIGHT("U+207F",4))) -> ⁿ | AC35: 第1個 |： | AD35: =SEARCH("|", $AE$33) -> 11
AC36: 第2個 |： | AD36: =SEARCH("|", $AE$33, AD35+1) -> 72
AC37: 第3個 |： | AD37: =SEARCH("|", $AE$33, AD36+1) -> 133
AC39: 按鍵 | AD39: =LEN(AE39) -> 60 | AE39: =MID($AE$33,AD35+1, (AD36-AD35-1)) -> !1qas2wxEedNcYyhnRrfv8uKj,ikmp/9lM0;Oo*UJ<I(Lbtgz=-"5346[].7
AC40: 注音符號 | AD40: =LEN(AE40) -> 60 | AE40: =MID($AE$33,AD36+1, (AD37-AD36-1)) -> ㆠㄅㄆㄇㄋㄉㄊㄌㆣㄍㄎㄫㄏㆡㄗㄘㄙㆢㄐㄑㄒㄚㄧㆨㄨㆤㆦㄜㆬㄣㆭㄞㄠㆰㄢㄤㆱㆲㆩㆪㆫㆥㆧㆮㆯㆴㆵㆻㆷØㄥ一七三二五四八輕ʔ
AE42: {=COLUMN() - COLUMN($AD:$AD)} -> 1 | AF42: {=COLUMN() - COLUMN($AD:$AD)} -> 2 | AG42: {=COLUMN() - COLUMN($AD:$AD)} -> 3 | AH42: {=COLUMN() - COLUMN($AD:$AD)} -> 4 | AI42: {=COLUMN() - COLUMN($AD:$AD)} -> 5 | AJ42: {=COLUMN() - COLUMN($AD:$AD)} -> 6 | AK42: {=COLUMN() - COLUMN($AD:$AD)} -> 7 | AL42: {=COLUMN() - COLUMN($AD:$AD)} -> 8 | ... CL42: {=COLUMN() - COLUMN($AD:$AD)} -> 60
AC43: 字典編碼 | AE43: =AE26 -> b | AF43: =AF26 -> p | AG43: =AG26 -> P | AH43: =AH26 -> m | AI43: =AI26 -> n | AJ43: =AJ26 -> t | AK43: =AK26 -> T | AL43: =AL26 -> l | ... CJ43: =CJ26 -> 8 | CK43: =_xlfn.XLOOKUP(CK44, $AE$27:$CL$27,$AE$26:$CL$26, "") -> 0 | CL43: =_xlfn.XLOOKUP(CL44, $AE$27:$CL$27,$AE$26:$CL$26, "") -> 6
AC44: 鍵盤按鍵 | AE44: =MID($AE$39,AE$42,1) -> ! | AF44: =MID($AE$39,AF$42,1) -> 1 | AG44: =MID($AE$39,AG$42,1) -> q | AH44: =MID($AE$39,AH$42,1) -> a | AI44: =MID($AE$39,AI$42,1) -> s | AJ44: =MID($AE$39,AJ$42,1) -> 2 | AK44: =MID($AE$39,AK$42,1) -> w | AL44: =MID($AE$39,AL$42,1) -> x | ... CL44: =MID($AE$39,CL$42,1) -> 7
AC45: 注音符號 | AE45: =MID($AE$40,AE$42,1) -> ㆠ | AF45: =MID($AE$40,AF$42,1) -> ㄅ | AG45: =MID($AE$40,AG$42,1) -> ㄆ | AH45: =MID($AE$40,AH$42,1) -> ㄇ | AI45: =MID($AE$40,AI$42,1) -> ㄋ | AJ45: =MID($AE$40,AJ$42,1) -> ㄉ | AK45: =MID($AE$40,AK$42,1) -> ㄊ | AL45: =MID($AE$40,AL$42,1) -> ㄌ | ... CL45: =MID($AE$40,CL$42,1) -> ʔ

Sheet 工作表1
B3: 聲母對照表
B4: 序 號 | C4: =COLUMN() - 2 -> 1 | D4: =COLUMN() - 2 -> 2 | E4: =COLUMN() - 2 -> 3 | F4: =COLUMN() - 2 -> 4 | G4: =COLUMN() - 2 -> 5 | H4: =COLUMN() - 2 -> 6 | I4: =COLUMN() - 2 -> 7 | J4: =COLUMN() - 2 -> 8 | ... W4: =COLUMN() - 2 -> 21
B5: 注音符號 | C5: {=TRANSPOSE(' 【TL】鍵盤對映表'!H3:I23)} -> ㆠ | D5: ㄅ | E5: ㄆ | F5: ㄇ | G5: ㄋ | H5: ㄉ | I5: ㄊ | J5: ㄌ | K5: ㆣ | L5: ㄍ | M5: ㄎ | N5: ㄫ | O5: ㄏ | P5: ㆡ | Q5: ㄗ | R5: ㄘ | S5: ㄙ | T5: ㆢ | U5: ㄐ | V5: ㄑ | W5: ㄒ
B6: 台語注音 | C6: ㄪ | D6: ㄅ | E6: ㄆ | F6: ㄇ | G6: ㄋ | H6: ㄉ | I6: ㄊ | J6: ㄌ | K6: ㄫ | L6: ㄍ | M6: ㄎ | N6: ⁰ㄫ | O6: ㄏ | P6: ㄖ | Q6: ㄗ | R6: ㄘ | S6: ㄙ | T6: ㄖ | U6: ㄐ | V6: ㄑ | W6: ㄒ
B7: 國際音標 | C7: {=TRANSPOSE(【聲】聲母對照表!B3:B23)} -> m | D7: b | E7: p | F7: pʰ | G7: n | H7: l | I7: t | J7: tʰ | K7: ŋ | L7: ɡ | M7: k | N7: kʰ | O7: ʣ | P7: ʦ | Q7: ʦʰ | R7: s | S7: ʥ | T7: ʨ | U7: ʨʰ | V7: ɕ | W7: h
B10: 韻母對照表
B11: 序 號 | C11: =COLUMN() - 2 -> 1 | D11: =COLUMN() - 2 -> 2 | E11: =COLUMN() - 2 -> 3 | F11: =COLUMN() - 2 -> 4 | G11: =COLUMN() - 2 -> 5 | H11: =COLUMN() - 2 -> 6 | I11: =COLUMN() - 2 -> 7 | J11: =COLUMN() - 2 -> 8 | ... AD11: =COLUMN() - 2 -> 28
B12: 注音符號 | C12: {=TRANSPOSE(' 【TL】鍵盤對映表'!Q2:Q29)} -> ㄚ | D12: ㄧ | E12: ㆨ | F12: ㄨ | G12: ㆤ | H12: ㆦ | I12: ㄜ | J12: ㆬ | K12: ㄣ | L12: ㆭ | M12: ㄞ | N12: ㄠ | O12: ㆰ | P12: ㄢ | Q12: ㄤ | R12: ㆱ | S12: ㆲ | T12: ㆩ | U12: ㆪ | V12: ㆫ | W12: ㆥ | X12: ㆧ | Y12: ㆮ | Z12: ㆯ | AA12: ㆴ | AB12: ㆵ | AC12: ㆻ | AD12: ㆷ
B13: 台語注音 | C13: {=TRANSPOSE(' 【TL】鍵盤對映表'!R2:R29)} -> ㄚ | D13: ㄧ | E13: 0 | F13: ㄨ | G13: ㄝ | H13: ㄛ | I13: ㄜ | J13: ㄇ | K13: ㄣ | L13: ㄥ | M13: ㄞ | N13: ㄠ | O13: ㄚㄇ | P13: ㄢ | Q13: ㄤ | R13: ㄛㄇ | S13: ㄛㄥ | T13: ⁰ㄚ | U13: ⁰ㄧ | V13: ⁰ㄨ | W13: ⁰ㄝ | X13: ⁰ㄛ | Y13: ⁰ㄞ | Z13: ⁰ㄠ | AA13: ㄅ | AB13: ㄉ | AC13: ㄍ | AD13: ㄏ
B14: 國際音標 | C14: {=TRANSPOSE(' 【TL】鍵盤對映表'!N2:N29)} -> a | D14: i | E14: ɯ | F14: u | G14: e | H14: ɔ | I14: ə | J14: m̩ | K14: n | L14: ŋ̍ | M14: aɪ | N14: aʊ | O14: am | P14: an | Q14: aŋ | R14: ɔm | S14: ɔŋ | T14: ã | U14: ĩ | V14: ũ | W14: ẽ | X14: ɔ̃ | Y14: ãɪ | Z14: ãʊ | AA14: p̚ | AB14: t̚ | AC14: k̚ | AD14: ʔ
B18: 聲母對照表
B19: 序 號 | C19: =COLUMN() - 2 -> 1 | D19: =COLUMN() - 2 -> 2 | E19: =COLUMN() - 2 -> 3 | F19: =COLUMN() - 2 -> 4 | G19: =COLUMN() - 2 -> 5 | H19: =COLUMN() - 2 -> 6 | I19: =COLUMN() - 2 -> 7 | J19: =COLUMN() - 2 -> 8 | ... W19: =COLUMN() - 2 -> 21
B20: 台語音標 | C20: {=TRANSPOSE(' 【TL】鍵盤對映表'!F3:G23)} -> b | D20: p | E20: ph | F20: m | G20: n | H20: t | I20: th | J20: l | K20: g | L20: k | M20: kh | N20: ng | O20: h | P20: j | Q20: ts | R20: tsh | S20: s | T20: ji | U20: tsi | V20: tshi | W20: si
B21: 台語注音二式 | C21: bb | D21: b | E21: p | F21: m | G21: n | H21: d | I21: t | J21: l | K21: gg | L21: g | M21: k | N21: ng | O21: h | P21: zz | Q21: z | R21: c | S21: s | T21: jj | U21: j | V21: ch | W21: sh
B22: 國際音標 | C22: {=TRANSPOSE(【聲】聲母對照表!B3:B23)} -> m | D22: b | E22: p | F22: pʰ | G22: n | H22: l | I22: t | J22: tʰ | K22: ŋ | L22: ɡ | M22: k | N22: kʰ | O22: ʣ | P22: ʦ | Q22: ʦʰ | R22: s | S22: ʥ | T22: ʨ | U22: ʨʰ | V22: ɕ | W22: h
B25: 韻母對照表
B26: 序 號 | C26: =COLUMN() - 2 -> 1 | D26: =COLUMN() - 2 -> 2 | E26: =COLUMN() - 2 -> 3 | F26: =COLUMN() - 2 -> 4 | G26: =COLUMN() - 2 -> 5 | H26: =COLUMN() - 2 -> 6 | I26: =COLUMN() - 2 -> 7 | J26: =COLUMN() - 2 -> 8 | ... AD26: =COLUMN() - 2 -> 28
B27: 台語音標 | C27: {=TRANSPOSE(' 【TL】鍵盤對映表'!O2:O29)} -> a | D27: i | E27: ir | F27: u | G27: e | H27: oo | I27: o | J27: m | K27: n | L27: ng | M27: ai | N27: au | O27: am | P27: an | Q27: ang | R27: om | S27: ong | T27: ann | U27: inn | V27: unn | W27: enn | X27: onn | Y27: ainn | Z27: aunn | AA27: p | AB27: t | AC27: k | AD27: h
B28: 台語注音二式 | C28: {=TRANSPOSE(' 【TL】鍵盤對映表'!P2:P29)} -> a | D28: i | E28: 0 | F28: u | G28: e | H28: oo | I28: or | J28: m | K28: n | L28: ng | M28: ai | N28: au | O28: am | P28: an | Q28: ang | R28: oom | S28: ong | T28: ann | U28: inn | V28: unn | W28: enn | X28: oonn | Y28: ainn | Z28: aunn | AA28: p | AB28: t | AC28: k | AD28: h
B29: 國際音標 | C29: {=TRANSPOSE(' 【TL】鍵盤對映表'!N2:N29)} -> a | D29: i | E29: ɯ | F29: u | G29: e | H29: ɔ | I29: ə | J29: m̩ | K29: n | L29: ŋ̍ | M29: aɪ | N29: aʊ | O29: am | P29: an | Q29: aŋ | R29: ɔm | S29: ɔŋ | T29: ã | U29: ĩ | V29: ũ | W29: ẽ | X29: ɔ̃ | Y29: ãɪ | Z29: ãʊ | AA29: p̚ | AB29: t̚ | AC29: k̚ | AD29: ʔ

Sheet 【TL】韻母對照表
B2: 台羅拼音 | C2: 十五音 | D2: 方音符號 | E2: 聲韻調類 | F2: 字長 | H2: 台羅拼音 | I2: 十五音 | J2: 方音符號 | K2: 聲韻調類 | L2: 字長
B3: {=_xlfn.LET(_xlpm.crit,韻母對照表[聲韻調類]="韻-鼻",_xlfn.SORTBY(_xlfn._xlws.FILTER(_xlfn.HSTACK(韻母對照表[台羅拼音],韻母對照表[十五音],韻母對照表[方音符號],韻母對照表[聲韻調類],韻母對照表[字長]),_xlpm.crit,"無符合資料"),_xlfn._xlws.FILTER(韻母對照表[字長],_xlpm.crit),-1))} -> uaihnn | C3: 閂 | D3: ㄨㆮㆷ | E3: 韻-鼻 | F3: 6 | H3: {=_xlfn.LET(_xlpm.crit,(韻母對照表[聲韻調類]<>"韻-鼻")*(韻母對照表[台語注音二式]<>""),_xlfn.SORTBY(_xlfn._xlws.FILTER(_xlfn.HSTACK(韻母對照表[台語音標],韻母對照表[十五音],韻母對照表[方音符號],韻母對照表[聲韻調類],韻母對照表[字長]),_xlpm.crit,"無符合資料"),_xlfn._xlws.FILTER(韻母對照表[字長],_xlpm.crit),-1))} -> aunn | I3: 爻 | J3: ㆯ | K3: 0 | L3: 4 | N3: =_xlfn.CONCAT(" - xform/", "》", $B3, "/", C3, "》", "/") -> - xform/》uaihnn/閂》/ | O3: =_xlfn.CONCAT(" - xform/", "》", $H3, "/", I3, "》", "/") -> - xform/》aunn/爻》/ | Q3: =_xlfn.CONCAT(" - xform/", "〉", $B3, "/", D3, "〉", "/") -> - xform/〉uaihnn/ㄨㆮㆷ〉/ | R3: =_xlfn.CONCAT(" - xform/", "〉", $H3, "/", J3, "〉", "/") -> - xform/〉aunn/ㆯ〉/
B4: iahnn | C4: 迦 | D4: ㄧㆩㆷ | E4: 韻-鼻 | F4: 5 | H4: iang | I4: 姜 | J4: ㄧㄤ | K4: 0 | L4: 4 | N4: =_xlfn.CONCAT(" - xform/", "》", $B4, "/", C4, "》", "/") -> - xform/》iahnn/迦》/ | O4: =_xlfn.CONCAT(" - xform/", "》", $H4, "/", I4, "》", "/") -> - xform/》iang/姜》/ | Q4: =_xlfn.CONCAT(" - xform/", "〉", $B4, "/", D4, "〉", "/") -> - xform/〉iahnn/ㄧㆩㆷ〉/ | R4: =_xlfn.CONCAT(" - xform/", "〉", $H4, "/", J4, "〉", "/") -> - xform/〉iang/ㄧㄤ〉/
B5: iaunn | C5: 嘄 | D5: ㄧㆯ | E5: 韻-鼻 | F5: 5 | H5: iauh | I5: 嬌 | J5: ㄧㄠㆷ | K5: 0 | L5: 4 | N5: =_xlfn.CONCAT(" - xform/", "》", $B5, "/", C5, "》", "/") -> - xform/》iaunn/嘄》/ | O5: =_xlfn.CONCAT(" - xform/", "》", $H5, "/", I5, "》", "/") -> - xform/》iauh/嬌》/ | Q5: =_xlfn.CONCAT(" - xform/", "〉", $B5, "/", D5, "〉", "/") -> - xform/〉iaunn/ㄧㆯ〉/ | R5: =_xlfn.CONCAT(" - xform/", "〉", $H5, "/", J5, "〉", "/") -> - xform/〉iauh/ㄧㄠㆷ〉/
B6: iuhnn | C6: 牛 | D6: ㄧㆫㆷ | E6: 韻-鼻 | F6: 5 | H6: iooh | I6: 0 | J6: ㄧㆦㆷ | K6: 0 | L6: 4 | N6: =_xlfn.CONCAT(" - xform/", "》", $B6, "/", C6, "》", "/") -> - xform/》iuhnn/牛》/ | O6: =_xlfn.CONCAT(" - xform/", "》", $H6, "/", I6, "》", "/") -> - xform/》iooh/0》/ | Q6: =_xlfn.CONCAT(" - xform/", "〉", $B6, "/", D6, "〉", "/") -> - xform/〉iuhnn/ㄧㆫㆷ〉/ | R6: =_xlfn.CONCAT(" - xform/", "〉", $H6, "/", J6, "〉", "/") -> - xform/〉iooh/ㄧㆦㆷ〉/
B7: uainn | C7: 閂 | D7: ㄨㆮ | E7: 韻-鼻 | F7: 5 | H7: iong | I7: 恭 | J7: ㄧㆲ | K7: 0 | L7: 4 | N7: =_xlfn.CONCAT(" - xform/", "》", $B7, "/", C7, "》", "/") -> - xform/》uainn/閂》/ | O7: =_xlfn.CONCAT(" - xform/", "》", $H7, "/", I7, "》", "/") -> - xform/》iong/恭》/ | Q7: =_xlfn.CONCAT(" - xform/", "〉", $B7, "/", D7, "〉", "/") -> - xform/〉uainn/ㄨㆮ〉/ | R7: =_xlfn.CONCAT(" - xform/", "〉", $H7, "/", J7, "〉", "/") -> - xform/〉iong/ㄧㆲ〉/
B8: ainn | C8: 閒 | D8: ㆮ | E8: 韻-鼻 | F8: 4 | H8: uaih | I8: 乖 | J8: ㄨㄞㆷ | K8: 0 | L8: 4 | N8: =_xlfn.CONCAT(" - xform/", "》", $B8, "/", C8, "》", "/") -> - xform/》ainn/閒》/ | O8: =_xlfn.CONCAT(" - xform/", "》", $H8, "/", I8, "》", "/") -> - xform/》uaih/乖》/ | Q8: =_xlfn.CONCAT(" - xform/", "〉", $B8, "/", D8, "〉", "/") -> - xform/〉ainn/ㆮ〉/ | R8: =_xlfn.CONCAT(" - xform/", "〉", $H8, "/", J8, "〉", "/") -> - xform/〉uaih/ㄨㄞㆷ〉/
B9: ahnn | C9: 監 | D9: ㆩㆷ | E9: 韻-鼻 | F9: 4 | H9: uang | I9: 光 | J9: ㄨㄤ | K9: 0 | L9: 4 | N9: =_xlfn.CONCAT(" - xform/", "》", $B9, "/", C9, "》", "/") -> - xform/》ahnn/監》/ | O9: =_xlfn.CONCAT(" - xform/", "》", $H9, "/", I9, "》", "/") -> - xform/》uang/光》/ | Q9: =_xlfn.CONCAT(" - xform/", "〉", $B9, "/", D9, "〉", "/") -> - xform/〉ahnn/ㆩㆷ〉/ | R9: =_xlfn.CONCAT(" - xform/", "〉", $H9, "/", J9, "〉", "/") -> - xform/〉uang/ㄨㄤ〉/
B10: ehnn | C10: 更 | D10: ㆥㆷ | E10: 韻-鼻 | F10: 4 | H10: uann | I10: 官 | J10: ㄨㆩ | K10: 0 | L10: 4 | N10: =_xlfn.CONCAT(" - xform/", "》", $B10, "/", C10, "》", "/") -> - xform/》ehnn/更》/ | O10: =_xlfn.CONCAT(" - xform/", "》", $H10, "/", I10, "》", "/") -> - xform/》uann/官》/ | Q10: =_xlfn.CONCAT(" - xform/", "〉", $B10, "/", D10, "〉", "/") -> - xform/〉ehnn/ㆥㆷ〉/ | R10: =_xlfn.CONCAT(" - xform/", "〉", $H10, "/", J10, "〉", "/") -> - xform/〉uann/ㄨㆩ〉/
B11: iann | C11: 驚 | D11: ㄧㆩ | E11: 韻-鼻 | F11: 4 | H11: aih | I11: 皆 | J11: ㄞㆷ | K11: 0 | L11: 3 | N11: =_xlfn.CONCAT(" - xform/", "》", $B11, "/", C11, "》", "/") -> - xform/》iann/驚》/ | O11: =_xlfn.CONCAT(" - xform/", "》", $H11, "/", I11, "》", "/") -> - xform/》aih/皆》/ | Q11: =_xlfn.CONCAT(" - xform/", "〉", $B11, "/", D11, "〉", "/") -> - xform/〉iann/ㄧㆩ〉/ | R11: =_xlfn.CONCAT(" - xform/", "〉", $H11, "/", J11, "〉", "/") -> - xform/〉aih/ㄞㆷ〉/
B12: ionn | C12: 薑 | D12: ㄧㆧ | E12: 韻-鼻 | F12: 4 | H12: ang | I12: 江 | J12: ㄤ | K12: 0 | L12: 3 | N12: =_xlfn.CONCAT(" - xform/", "》", $B12, "/", C12, "》", "/") -> - xform/》ionn/薑》/ | O12: =_xlfn.CONCAT(" - xform/", "》", $H12, "/", I12, "》", "/") -> - xform/》ang/江》/ | Q12: =_xlfn.CONCAT(" - xform/", "〉", $B12, "/", D12, "〉", "/") -> - xform/〉ionn/ㄧㆧ〉/ | R12: =_xlfn.CONCAT(" - xform/", "〉", $H12, "/", J12, "〉", "/") -> - xform/〉ang/ㄤ〉/
B13: iunn | C13: 牛 | D13: ㄧㆫ | E13: 韻-鼻 | F13: 4 | H13: auh | I13: 交 | J13: ㄠㆷ | K13: 0 | L13: 3 | N13: =_xlfn.CONCAT(" - xform/", "》", $B13, "/", C13, "》", "/") -> - xform/》iunn/牛》/ | O13: =_xlfn.CONCAT(" - xform/", "》", $H13, "/", I13, "》", "/") -> - xform/》auh/交》/ | Q13: =_xlfn.CONCAT(" - xform/", "〉", $B13, "/", D13, "〉", "/") -> - xform/〉iunn/ㄧㆫ〉/ | R13: =_xlfn.CONCAT(" - xform/", "〉", $H13, "/", J13, "〉", "/") -> - xform/〉auh/ㄠㆷ〉/
B14: ohnn | C14: 扛 | D14: ㆧㆷ | E14: 韻-鼻 | F14: 4 | H14: iah | I14: 迦 | J14: ㄧㄚㆷ | K14: 0 | L14: 3 | N14: =_xlfn.CONCAT(" - xform/", "》", $B14, "/", C14, "》", "/") -> - xform/》ohnn/扛》/ | O14: =_xlfn.CONCAT(" - xform/", "》", $H14, "/", I14, "》", "/") -> - xform/》iah/迦》/ | Q14: =_xlfn.CONCAT(" - xform/", "〉", $B14, "/", D14, "〉", "/") -> - xform/〉ohnn/ㆧㆷ〉/ | R14: =_xlfn.CONCAT(" - xform/", "〉", $H14, "/", J14, "〉", "/") -> - xform/〉iah/ㄧㄚㆷ〉/
B15: uinn | C15: 褌 | D15: ㄨㆪ | E15: 韻-鼻 | F15: 4 | H15: iak | I15: 姜 | J15: ㄧㄚㆻ | K15: 0 | L15: 3 | N15: =_xlfn.CONCAT(" - xform/", "》", $B15, "/", C15, "》", "/") -> - xform/》uinn/褌》/ | O15: =_xlfn.CONCAT(" - xform/", "》", $H15, "/", I15, "》", "/") -> - xform/》iak/姜》/ | Q15: =_xlfn.CONCAT(" - xform/", "〉", $B15, "/", D15, "〉", "/") -> - xform/〉uinn/ㄨㆪ〉/ | R15: =_xlfn.CONCAT(" - xform/", "〉", $H15, "/", J15, "〉", "/") -> - xform/〉iak/ㄧㄚㆻ〉/
B16: ann | C16: 監 | D16: ㆩ | E16: 韻-鼻 | F16: 3 | H16: iam | I16: 兼 | J16: ㄧㆰ | K16: 0 | L16: 3 | N16: =_xlfn.CONCAT(" - xform/", "》", $B16, "/", C16, "》", "/") -> - xform/》ann/監》/ | O16: =_xlfn.CONCAT(" - xform/", "》", $H16, "/", I16, "》", "/") -> - xform/》iam/兼》/ | Q16: =_xlfn.CONCAT(" - xform/", "〉", $B16, "/", D16, "〉", "/") -> - xform/〉ann/ㆩ〉/ | R16: =_xlfn.CONCAT(" - xform/", "〉", $H16, "/", J16, "〉", "/") -> - xform/〉iam/ㄧㆰ〉/
B17: enn | C17: 更 | D17: ㆥ | E17: 韻-鼻 | F17: 3 | H17: ian | I17: 堅 | J17: ㄧㄢ | K17: 0 | L17: 3 | N17: =_xlfn.CONCAT(" - xform/", "》", $B17, "/", C17, "》", "/") -> - xform/》enn/更》/ | O17: =_xlfn.CONCAT(" - xform/", "》", $H17, "/", I17, "》", "/") -> - xform/》ian/堅》/ | Q17: =_xlfn.CONCAT(" - xform/", "〉", $B17, "/", D17, "〉", "/") -> - xform/〉enn/ㆥ〉/ | R17: =_xlfn.CONCAT(" - xform/", "〉", $H17, "/", J17, "〉", "/") -> - xform/〉ian/ㄧㄢ〉/
B18: inn | C18: 梔 | D18: ㆪ | E18: 韻-鼻 | F18: 3 | H18: iap | I18: 兼 | J18: ㄧㄚㆴ | K18: 0 | L18: 3 | N18: =_xlfn.CONCAT(" - xform/", "》", $B18, "/", C18, "》", "/") -> - xform/》inn/梔》/ | O18: =_xlfn.CONCAT(" - xform/", "》", $H18, "/", I18, "》", "/") -> - xform/》iap/兼》/ | Q18: =_xlfn.CONCAT(" - xform/", "〉", $B18, "/", D18, "〉", "/") -> - xform/〉inn/ㆪ〉/ | R18: =_xlfn.CONCAT(" - xform/", "〉", $H18, "/", J18, "〉", "/") -> - xform/〉iap/ㄧㄚㆴ〉/
B19: onn | C19: 姑 | D19: ㆧ | E19: 韻-鼻 | F19: 3 | H19: iat | I19: 堅 | J19: ㄧㄚㆵ | K19: 0 | L19: 3 | N19: =_xlfn.CONCAT(" - xform/", "》", $B19, "/", C19, "》", "/") -> - xform/》onn/姑》/ | O19: =_xlfn.CONCAT(" - xform/", "》", $H19, "/", I19, "》", "/") -> - xform/》iat/堅》/ | R19: =_xlfn.CONCAT(" - xform/", "〉", $H19, "/", J19, "〉", "/") -> - xform/〉iat/ㄧㄚㆵ〉/
H20: iau | I20: 嬌 | J20: ㄧㄠ | K20: 0 | L20: 3 | O20: =_xlfn.CONCAT(" - xform/", "》", $H20, "/", I20, "》", "/") -> - xform/》iau/嬌》/ | R20: =_xlfn.CONCAT(" - xform/", "〉", $H20, "/", J20, "〉", "/") -> - xform/〉iau/ㄧㄠ〉/
H21: ing | I21: 經 | J21: ㄧㄥ | K21: 0 | L21: 3 | O21: =_xlfn.CONCAT(" - xform/", "》", $H21, "/", I21, "》", "/") -> - xform/》ing/經》/ | R21: =_xlfn.CONCAT(" - xform/", "〉", $H21, "/", J21, "〉", "/") -> - xform/〉ing/ㄧㄥ〉/
H22: ioh | I22: 茄 | J22: ㄧㄜㆷ | K22: 0 | L22: 3 | O22: =_xlfn.CONCAT(" - xform/", "》", $H22, "/", I22, "》", "/") -> - xform/》ioh/茄》/ | R22: =_xlfn.CONCAT(" - xform/", "〉", $H22, "/", J22, "〉", "/") -> - xform/〉ioh/ㄧㄜㆷ〉/
H23: ioo | I23: 0 | J23: ㄧㆦ | K23: 0 | L23: 3 | O23: =_xlfn.CONCAT(" - xform/", "》", $H23, "/", I23, "》", "/") -> - xform/》ioo/0》/ | R23: =_xlfn.CONCAT(" - xform/", "〉", $H23, "/", J23, "〉", "/") -> - xform/〉ioo/ㄧㆦ〉/
H24: iok | I24: 恭 | J24: ㄧㆦㆻ | K24: 0 | L24: 3 | O24: =_xlfn.CONCAT(" - xform/", "》", $H24, "/", I24, "》", "/") -> - xform/》iok/恭》/ | R24: =_xlfn.CONCAT(" - xform/", "〉", $H24, "/", J24, "〉", "/") -> - xform/〉iok/ㄧㆦㆻ〉/
H25: ngh | I25: 鋼 | J25: ㆭㆷ | K25: 0 | L25: 3 | O25: =_xlfn.CONCAT(" - xform/", "》", $H25, "/", I25, "》", "/") -> - xform/》ngh/鋼》/ | R25: =_xlfn.CONCAT(" - xform/", "〉", $H25, "/", J25, "〉", "/") -> - xform/〉ngh/ㆭㆷ〉/
H26: ong | I26: 公 | J26: ㆲ | K26: 0 | L26: 3 | O26: =_xlfn.CONCAT(" - xform/", "》", $H26, "/", I26, "》", "/") -> - xform/》ong/公》/ | R26: =_xlfn.CONCAT(" - xform/", "〉", $H26, "/", J26, "〉", "/") -> - xform/〉ong/ㆲ〉/
H27: ooh | I27: 沽 | J27: ㆦㆷ | K27: 0 | L27: 3 | O27: =_xlfn.CONCAT(" - xform/", "》", $H27, "/", I27, "》", "/") -> - xform/》ooh/沽》/ | R27: =_xlfn.CONCAT(" - xform/", "〉", $H27, "/", J27, "〉", "/") -> - xform/〉ooh/ㆦㆷ〉/
H28: uah | I28: 瓜 | J28: ㄨㄚㆷ | K28: 0 | L28: 3 | O28: =_xlfn.CONCAT(" - xform/", "》", $H28, "/", I28, "》", "/") -> - xform/》uah/瓜》/ | R28: =_xlfn.CONCAT(" - xform/", "〉", $H28, "/", J28, "〉", "/") -> - xform/〉uah/ㄨㄚㆷ〉/
H29: uai | I29: 乖 | J29: ㄨㄞ | K29: 0 | L29: 3 | O29: =_xlfn.CONCAT(" - xform/", "》", $H29, "/", I29, "》", "/") -> - xform/》uai/乖》/ | R29: =_xlfn.CONCAT(" - xform/", "〉", $H29, "/", J29, "〉", "/") -> - xform/〉uai/ㄨㄞ〉/
H30: uan | I30: 觀 | J30: ㄨㄢ | K30: 0 | L30: 3 | O30: =_xlfn.CONCAT(" - xform/", "》", $H30, "/", I30, "》", "/") -> - xform/》uan/觀》/ | R30: =_xlfn.CONCAT(" - xform/", "〉", $H30, "/", J30, "〉", "/") -> - xform/〉uan/ㄨㄢ〉/
H31: uat | I31: 觀 | J31: ㄨㄚㆵ | K31: 0 | L31: 3 | O31: =_xlfn.CONCAT(" - xform/", "》", $H31, "/", I31, "》", "/") -> - xform/》uat/觀》/ | R31: =_xlfn.CONCAT(" - xform/", "〉", $H31, "/", J31, "〉", "/") -> - xform/〉uat/ㄨㄚㆵ〉/
H32: ueh | I32: 檜 | J32: ㄨㆤㆷ | K32: 0 | L32: 3 | O32: =_xlfn.CONCAT(" - xform/", "》", $H32, "/", I32, "》", "/") -> - xform/》ueh/檜》/ | R32: =_xlfn.CONCAT(" - xform/", "〉", $H32, "/", J32, "〉", "/") -> - xform/〉ueh/ㄨㆤㆷ〉/
H33: uih | I33: 褌 | J33: ㄨㄧㆷ | K33: 0 | L33: 3 | O33: =_xlfn.CONCAT(" - xform/", "》", $H33, "/", I33, "》", "/") -> - xform/》uih/褌》/ | R33: =_xlfn.CONCAT(" - xform/", "〉", $H33, "/", J33, "〉", "/") -> - xform/〉uih/ㄨㄧㆷ〉/
H34: unn | I34: 0 | J34: ㆫ | K34: 0 | L34: 3 | O34: =_xlfn.CONCAT(" - xform/", "》", $H34, "/", I34, "》", "/") -> - xform/》unn/0》/ | R34: =_xlfn.CONCAT(" - xform/", "〉", $H34, "/", J34, "〉", "/") -> - xform/〉unn/ㆫ〉/
H35: ah | I35: 膠 | J35: ㄚㆷ | K35: 0 | L35: 2 | O35: =_xlfn.CONCAT(" - xform/", "》", $H35, "/", I35, "》", "/") -> - xform/》ah/膠》/ | R35: =_xlfn.CONCAT(" - xform/", "〉", $H35, "/", J35, "〉", "/") -> - xform/〉ah/ㄚㆷ〉/
H36: ai | I36: 皆 | J36: ㄞ | K36: 0 | L36: 2 | O36: =_xlfn.CONCAT(" - xform/", "》", $H36, "/", I36, "》", "/") -> - xform/》ai/皆》/ | R36: =_xlfn.CONCAT(" - xform/", "〉", $H36, "/", J36, "〉", "/") -> - xform/〉ai/ㄞ〉/
H37: ak | I37: 江 | J37: ㄚㆻ | K37: 0 | L37: 2 | O37: =_xlfn.CONCAT(" - xform/", "》", $H37, "/", I37, "》", "/") -> - xform/》ak/江》/ | R37: =_xlfn.CONCAT(" - xform/", "〉", $H37, "/", J37, "〉", "/") -> - xform/〉ak/ㄚㆻ〉/
H38: am | I38: 甘 | J38: ㆰ | K38: 0 | L38: 2 | O38: =_xlfn.CONCAT(" - xform/", "》", $H38, "/", I38, "》", "/") -> - xform/》am/甘》/ | R38: =_xlfn.CONCAT(" - xform/", "〉", $H38, "/", J38, "〉", "/") -> - xform/〉am/ㆰ〉/
H39: an | I39: 干 | J39: ㄢ | K39: 0 | L39: 2 | O39: =_xlfn.CONCAT(" - xform/", "》", $H39, "/", I39, "》", "/") -> - xform/》an/干》/ | R39: =_xlfn.CONCAT(" - xform/", "〉", $H39, "/", J39, "〉", "/") -> - xform/〉an/ㄢ〉/
H40: ap | I40: 甘 | J40: ㄚㆴ | K40: 0 | L40: 2 | O40: =_xlfn.CONCAT(" - xform/", "》", $H40, "/", I40, "》", "/") -> - xform/》ap/甘》/ | R40: =_xlfn.CONCAT(" - xform/", "〉", $H40, "/", J40, "〉", "/") -> - xform/〉ap/ㄚㆴ〉/
H41: at | I41: 干 | J41: ㄚㆵ | K41: 0 | L41: 2 | O41: =_xlfn.CONCAT(" - xform/", "》", $H41, "/", I41, "》", "/") -> - xform/》at/干》/ | R41: =_xlfn.CONCAT(" - xform/", "〉", $H41, "/", J41, "〉", "/") -> - xform/〉at/ㄚㆵ〉/
H42: au | I42: 交 | J42: ㄠ | K42: 0 | L42: 2 | O42: =_xlfn.CONCAT(" - xform/", "》", $H42, "/", I42, "》", "/") -> - xform/》au/交》/ | R42: =_xlfn.CONCAT(" - xform/", "〉", $H42, "/", J42, "〉", "/") -> - xform/〉au/ㄠ〉/
H43: eh | I43: 伽 | J43: ㆤㆷ | K43: 0 | L43: 2 | O43: =_xlfn.CONCAT(" - xform/", "》", $H43, "/", I43, "》", "/") -> - xform/》eh/伽》/ | R43: =_xlfn.CONCAT(" - xform/", "〉", $H43, "/", J43, "〉", "/") -> - xform/〉eh/ㆤㆷ〉/
H44: ia | I44: 迦 | J44: ㄧㄚ | K44: 0 | L44: 2 | O44: =_xlfn.CONCAT(" - xform/", "》", $H44, "/", I44, "》", "/") -> - xform/》ia/迦》/ | R44: =_xlfn.CONCAT(" - xform/", "〉", $H44, "/", J44, "〉", "/") -> - xform/〉ia/ㄧㄚ〉/
H45: ih | I45: 居 | J45: ㄧㆷ | K45: 0 | L45: 2 | O45: =_xlfn.CONCAT(" - xform/", "》", $H45, "/", I45, "》", "/") -> - xform/》ih/居》/ | R45: =_xlfn.CONCAT(" - xform/", "〉", $H45, "/", J45, "〉", "/") -> - xform/〉ih/ㄧㆷ〉/
H46: ik | I46: 經 | J46: ㄧㆻ | K46: 0 | L46: 2 | O46: =_xlfn.CONCAT(" - xform/", "》", $H46, "/", I46, "》", "/") -> - xform/》ik/經》/ | R46: =_xlfn.CONCAT(" - xform/", "〉", $H46, "/", J46, "〉", "/") -> - xform/〉ik/ㄧㆻ〉/
... H67: e | I67: 伽 | J67: ㆤ | K67: 0 | L67: 1 | O67: =_xlfn.CONCAT(" - xform/", "》", $H67, "/", I67, "》", "/") -> - xform/》e/伽》/ | R67: =_xlfn.CONCAT(" - xform/", "〉", $H67, "/", J67, "〉", "/") -> - xform/〉e/ㆤ〉/
H68: i | I68: 居 | J68: ㄧ | K68: 0 | L68: 1 | R68: =_xlfn.CONCAT(" - xform/", "〉", $H68, "/", J68, "〉", "/") -> - xform/〉i/ㄧ〉/
H69: m | I69: 姆 | J69: ㆬ | K69: 0 | L69: 1
H70: o | I70: 高 | J70: ㄜ | K70: 0 | L70: 1
H71: u | I71: 艍 | J71: ㄨ | K71: 0 | L71: 1

Sheet  【BPM2】鍵盤對映表
B1: 序號 | C1: 鍵盤按鍵 | D1: 字典編碼 | E1: 注音二式 | F1: 方音符號 | G1: 台語注音 | I1: 序號 | J1: 鍵盤按鍵 | K1: 字典編碼 | L1: 注音二式 | M1: 方音符號 | N1: 台語注音 | P1: 序號 | Q1: 鍵盤按鍵 | R1: 字典編碼 | S1: 注音二式 | T1: 方案調號 | U1: 方音符號 | V1: 台語注音 | Y1: huan_ciat_tps | CJ1: 序號 | CK1: 台羅拼音 | CL1: 字典編碼 | CM1: 按鍵 | CN1: 注音符號 | CP1: 序號 | CQ1: 台羅拼音 | CR1: 字典編碼 | CS1: 按鍵 | CT1: 注音符號 | CV1: 序號 | CW1: 台羅拼音 | CX1: 字典編碼 | CY1: 按鍵 | CZ1: 注音符號
B2: 1 | C2: = | D2: Ø | I2: 1 | J2: 8 | K2: a | L2: a | M2: ㄚ | N2: ㄚ | P2: 1 | Q2: " | R2: 1 | S2: 1 | T2: 一 | V2: ¹ | AA2: {=COLUMN() - COLUMN($Z:$Z)} -> 1 | AB2: {=COLUMN() - COLUMN($Z:$Z)} -> 2 | AC2: {=COLUMN() - COLUMN($Z:$Z)} -> 3 | AD2: {=COLUMN() - COLUMN($Z:$Z)} -> 4 | AE2: {=COLUMN() - COLUMN($Z:$Z)} -> 5 | AF2: {=COLUMN() - COLUMN($Z:$Z)} -> 6 | AG2: {=COLUMN() - COLUMN($Z:$Z)} -> 7 | AH2: {=COLUMN() - COLUMN($Z:$Z)} -> 8 | ... CH2: {=COLUMN() - COLUMN($Z:$Z)} -> 60 | CJ2: 1 | CK2: b | CL2: b | CM2: ! | CN2: ㆠ | CP2: 1 | CQ2: a | CR2: a | CS2: 8 | CT2: ㄚ | CV2: 1 | CW2: 1 | CX2: 1 | CY2: : | CZ2: 一
B3: 2 | C3: ! | D3: B | E3: bb | F3: ㆠ | G3: ㄪ | I3: 2 | J3: u | K3: i | L3: i | M3: ㄧ | N3: ㄧ | P3: 2 | Q3: 5 | R3: 7 | S3: 7 | T3: 七 | U3: ˫ | V3: ⁷ | Y3: 台語注音二式 | AA3: bb | AB3: b | AC3: p | AD3: m | AE3: n | AF3: d | AG3: t | AH3: l | AI3: gg | AJ3: g | AK3: k | AL3: ng | AM3: zz | AN3: z | AO3: c | AP3: s | AQ3: h | AR3: jj | AS3: j | AT3: ch | AU3: sh | AV3: a | AW3: i | AX3: ir | AY3: u | AZ3: e | BA3: oo | BB3: o | BC3: ai | BD3: au | BE3: aⁿ | BF3: iⁿ | BG3: uⁿ | BH3: eⁿ | BI3: ooⁿ | BJ3: ai | BK3: au | BL3: -m | BM3: -ng | BN3: -n | BO3: am | BP3: an | BQ3: ang | BR3: om | BS3: ong | BT3: -p | BU3: -t | BV3: -k | BW3: -h | BX3: Ø | BY3: =_xlfn.UNICHAR(HEX2DEC(RIGHT("U+207F",4))) -> ⁿ | BZ3: [48] | CA3: 1 | CB3: 7 | CC3: 3 | CD3: 2 | CE3: 5 | CF3: 8 | CG3: 0 | CH3: 4|8 | CJ3: 2 | CK3: p | CL3: p | CM3: 1 | CN3: ㄅ | CP3: 2 | CQ3: i | CR3: i | CS3: u | CT3: ㄧ | CV3: 2 | CW3: 7 | CX3: 7 | CY3: 5 | CZ3: 七
B4: 3 | C4: 1 | D4: b | E4: b | F4: ㄅ | G4: ㄅ | I4: 3 | J4: K | K4: w | L4: ir | M4: ㆨ | P4: 3 | Q4: 3 | R4: 3 | S4: 3 | T4: 三 | U4: ˪ | V4: ³ | Y4: 字典編碼 | AA4: =AA45 -> B | AB4: =AB45 -> b | AC4: =AC45 -> p | AD4: =AD45 -> m | AE4: =AE45 -> d | AF4: =AF45 -> t | AG4: =AG45 -> n | AH4: =AH45 -> l | ... CH4: =CH45 -> 6 | CJ4: 3 | CK4: ph | CL4: P | CM4: q | CN4: ㄆ | CP4: 3 | CQ4: ir | CR4: w | CS4: K | CT4: ㆨ | CV4: 3 | CW4: 3 | CX4: 3 | CY4: 3 | CZ4: 三
B5: 4 | C5: q | D5: p | E5: p | F5: ㄆ | G5: ㄆ | I5: 4 | J5: j | K5: u | L5: u | M5: ㄨ | N5: ㄨ | P5: 4 | Q5: 4 | R5: 2 | S5: 2 | T5: 二 | U5: ˋ | V5: ² | Y5: 鍵盤按鍵 | AA5: =AA46 -> ! | AB5: =AB46 -> 1 | AC5: =AC46 -> q | AD5: =AD46 -> a | AE5: =AE46 -> 2 | AF5: =AF46 -> w | AG5: =AG46 -> s | AH5: =AH46 -> x | ... CH5: =CH46 -> 7 | CJ5: 4 | CK5: m | CL5: m | CM5: a | CN5: ㄇ | CP5: 4 | CQ5: u | CR5: u | CS5: j | CT5: ㄨ | CV5: 4 | CW5: 2 | CX5: 2 | CY5: 4 | CZ5: 二
B6: 5 | C6: a | D6: m | E6: m | F6: ㄇ | G6: {=INDEX(聲母對照表[台語注音], MATCH(TRUE, EXACT(' 【BPM2】鍵盤對映表'!E6, 聲母對照表[台羅拼音]), 0))} -> ㄇ | I6: 5 | J6: , | K6: e | L6: e | M6: ㆤ | N6: ㄝ | P6: 5 | Q6: 6 | R6: 5 | S6: 5 | T6: 五 | U6: ˊ | V6: ⁵ | Y6: 注音符號 | AA6: =AA47 -> ㆠ | AB6: =AB47 -> ㄅ | AC6: =AC47 -> ㄆ | AD6: =AD47 -> ㄇ | AE6: =AE47 -> ㄉ | AF6: =AF47 -> ㄊ | AG6: =AG47 -> ㄋ | AH6: =AH47 -> ㄌ | ... CH6: =CH47 -> ʔ | CJ6: 5 | CK6: n | CL6: n | CM6: s | CN6: ㄋ | CP6: 5 | CQ6: e | CR6: e | CS6: , | CT6: ㆤ | CV6: 5 | CW6: 5 | CX6: 5 | CY6: 6 | CZ6: 五
B7: 6 | C7: 2 | D7: d | E7: d | F7: ㄉ | G7: ㄉ | I7: 6 | J7: i | K7: O | L7: oo | M7: ㆦ | N7: ㄛ | P7: 6 | Q7: [ | R7: 4 | S7: 4 | T7: 四 | V7: ⁴ | CJ7: 6 | CK7: t | CL7: t | CM7: 2 | CN7: ㄉ | CP7: 6 | CQ7: oo | CR7: O | CS7: i | CT7: ㆦ | CV7: 6 | CW7: 8 | CX7: 8 | CY7: ] | CZ7: 八
B8: 7 | C8: w | D8: t | E8: t | F8: ㄊ | G8: ㄊ | I8: 7 | J8: k | K8: ə | L8: o | M8: ㄜ | N8: ㄜ | P8: 7 | Q8: ] | R8: 8 | S8: 8 | T8: 八 | U8: ˙ | V8: ⁸ | Y8: speller | CJ8: 7 | CK8: th | CL8: T | CM8: w | CN8: ㄊ | CP8: 7 | CQ8: o | CR8: ə | CS8: k | CT8: ㄜ | CV8: 7 | CW8: 4 | CX8: 4 | CY8: [ | CZ8: 四
B9: 8 | C9: s | D9: n | E9: n | F9: ㄋ | G9: ㄋ | I9: 8 | J9: 9 | K9: I | L9: ai | M9: ㄞ | N9: ㄞ | P9: 8 | Q9: . | R9: 0 | S9: 0 | T9: 輕 | U9: ˙ | V9: ⁰ | Y9: ./alphabet | AA9: =_xlfn.CONCAT(" alphabet: ","""", AA5:BY5, BZ5:CH5, """") -> alphabet: "!1qa2wsxEedNcYyhnRrfv8uKj,ik9l*UJ<I(Lm/pM0;Oobtgz=-"5346[].7" | CJ9: 8 | CK9: l | CL9: l | CM9: x | CN9: ㄌ | CP9: 8 | CQ9: -m | CR9: M | CS9: m | CT9: ㆬ | CV9: 8 | CW9: 0 | CX9: 0 | CY9: 7 | CZ9: 入
B10: 9 | C10: x | D10: l | E10: l | F10: ㄌ | G10: ㄌ | I10: 9 | J10: l | K10: U | L10: au | M10: ㄠ | N10: ㄠ | P10: 9 | Q10: 7 | R10: 6 | S10: 4|8 | T10: ʔ | V10: 4|8 | Y10: ./initials | AA10: =_xlfn.CONCAT(" initials: ","""", AA5:BZ5, """") -> initials: "!1qa2wsxEedNcYyhnRrfv8uKj,ik9l*UJ<I(Lm/pM0;Oobtgz=-"" | CJ10: 9 | CK10: ㆣ | CL10: g | CM10: E | CN10: ㆣ | CP10: 9 | CQ10: -n | CR10: N | CS10: p | CT10: ㄣ | CV10: 9 | CW10: L | CX10: L | CY10: N | CZ10: ㄥ
B11: 10 | C11: E | D11: Ğ | E11: gg | F11: ㆣ | G11: ㄫ | I11: 10 | J11: * | K11: D | L11: ann | M11: ㆩ | N11: ⁰ㄚ | Y11: ./finals | AA11: =_xlfn.CONCAT(" finals: ","""", CA5:CH5, """") -> finals: "5346[].7" | CJ11: 10 | CK11: k | CL11: k | CM11: e | CN11: ㄍ | CP11: 10 | CQ11: -ng | CR11: G | CS11: / | CT11: ㆭ
B12: 11 | C12: e | D12: g | E12: g | F12: ㄍ | G12: ㄍ | I12: 11 | J12: U | K12: f | L12: inn | M12: ㆪ | N12: ⁰ㄧ | CJ12: 11 | CK12: kh | CL12: K | CM12: d | CN12: ㄎ | CP12: 11 | CQ12: -p | CR12: R | CS12: b | CT12: ㆴ
B13: 12 | C13: d | D13: k | E13: k | F13: ㄎ | G13: ㄎ | I13: 12 | J13: J | K13: q | L13: unn | M13: ㆫ | N13: ⁰ㄨ | P13: 序號 | Q13: 鍵盤按鍵 | R13: 字典編碼 | S13: 注音二式 | T13: 方音符號 | U13: 台語注音 | Y13: algebra: | CJ13: 12 | CK13: ng | CL13: ŋ | CM13: G | CN13: ㄫ | CP13: 12 | CQ13: -t | CR13: F | CS13: t | CT13: ㆵ
B14: 13 | C14: N | D14: ŋ | E14: ng | F14: ㄫ | G14: {=INDEX(聲母對照表[台語注音], MATCH(TRUE, EXACT(' 【BPM2】鍵盤對映表'!E14, 聲母對照表[台羅拼音]), 0))} -> ⁰ㄫ | I14: 13 | J14: < | K14: r | L14: enn | M14: ㆥ | N14: ⁰ㄝ | P14: 1 | Q14: ; | R14: 1 | S14: 1 | U14: ¹ | Z14: =LEN(AA14) -> 60 | AA14: {=_xlfn.CONCAT( TRANSPOSE(D3:D23), TRANSPOSE(K2:K29), TRANSPOSE(K33:K34), TRANSPOSE(R2:R10))} -> BbpmdtnlĞgkŋhZzcsJjCSaiwueOəIUDfqrvxyMGNY@AWHRFQVØL173254806 | CJ14: 13 | CK14: j | CL14: j | CM14: Y | CN14: ㆡ | CP14: 13 | CQ14: -k | CR14: Q | CS14: g | CT14: ㆻ
B15: 14 | C15: c | D15: h | E15: h | F15: ㄏ | G15: ㄏ | I15: 14 | J15: I | K15: v | L15: oonn | M15: ㆧ | N15: ⁰ㄛ | P15: 2 | Q15: - | R15: 7 | S15: 7 | T15: ˫ | U15: ⁷ | Z15: =LEN(AA15) -> 60 | AA15: {=_xlfn.CONCAT( TRANSPOSE(C3:C23), TRANSPOSE(J2:J29), TRANSPOSE(J33:J34), TRANSPOSE(Q2:Q10))} -> !1qa2wsxEedNcYyhnRrfv8uKj,ik9l*UJ<I(Lm/pM0;Oobtgz=-"5346[].7 | CJ15: 14 | CK15: z(ts) | CL15: z | CM15: y | CN15: ㄗ | CP15: 14 | CQ15: -h | CR15: V | CS15: z | CT15: ㆷ
B16: 15 | C16: Y | D16: Z | E16: zz | F16: ㆡ | G16: ㄖ | I16: 15 | J16: ( | K16: x | L16: ainn | M16: ㆮ | N16: ⁰ㄞ | P16: 3 | Q16: _ | R16: 3 | S16: 3 | T16: ˪ | U16: ³ | AA16: =_xlfn.CONCAT(" - xlit|", AA14, "|", AA15, "|") -> - xlit|BbpmdtnlĞgkŋhZzcsJjCSaiwueOəIUDfqrvxyMGNY@AWHRFQVØL173254806|!1qa2wsxEedNcYyhnRrfv8uKj,ik9l*UJ<I(Lm/pM0;Oobtgz=-"5346[].7| | CJ16: 15 | CK16: c(tsh) | CL16: c | CM16: h | CN16: ㄘ | CP16: 15 | CQ16: ai | CR16: I | CS16: 9 | CT16: ㄞ
B17: 16 | C17: y | D17: z | E17: z | F17: ㄗ | G17: ㄗ | I17: 16 | J17: L | K17: y | L17: aunn | M17: ㆯ | N17: ⁰ㄠ | P17: 4 | Q17: \ | R17: 2 | S17: 2 | T17: ˋ | U17: ² | CJ17: 16 | CK17: s | CL17: s | CM17: n | CN17: ㄙ | CP17: 16 | CQ17: au | CR17: U | CS17: l | CT17: ㄠ
B18: 17 | C18: h | D18: c | E18: c | F18: ㄘ | G18: ㄘ | I18: 17 | J18: m | K18: M | L18: m | M18: ㆬ | N18: ㄇ | P18: 5 | Q18: / | R18: 5 | S18: 5 | T18: ˊ | U18: ⁵ | CJ18: 17 | CK18: h | CL18: h | CM18: c | CN18: ㄏ | CP18: 17 | CQ18: am | CR18: Y | CS18: M | CT18: ㆰ
B19: 18 | C19: n | D19: s | E19: s | F19: ㄙ | G19: ㄙ | I19: 18 | J19: / | K19: G | L19: ng | M19: ㆭ | N19: ㄥ | P19: 6 | Q19: [ | R19: 4 | S19: 4 | U19: ⁴ | Y19: 第1個 |： | Z19: =SEARCH("|", $AA$16) -> 11 | CJ19: 18 | CK19: j(i) | CL19: J | CM19: R | CN19: ㆢ | CP19: 18 | CQ19: an | CR19: @ | CS19: 0 | CT19: ㄢ
B20: 19 | C20: R | D20: J | E20: jj | F20: ㆢ | G20: ㄖ | I20: 19 | J20: p | K20: N | L20: n | M20: ㄣ | N20: ㄣ | P20: 7 | Q20: ] | R20: 8 | S20: 8 | T20: ˙ | U20: ⁸ | Y20: 第2個 |： | Z20: =SEARCH("|", $AA$16, Z19+1) -> 72 | CJ20: 19 | CK20: z(i) | CL20: Z | CM20: r | CN20: ㄐ | CP20: 19 | CQ20: ang | CR20: A | CS20: ; | CT20: ㄤ
B21: 20 | C21: r | D21: j | E21: j | F21: ㄐ | G21: ㄐ | I21: 20 | J21: M | K21: Y | L21: am | M21: ㆰ | N21: ㄚㄇ | Y21: 第3個 |： | Z21: =SEARCH("|", $AA$16, Z20+1) -> 133 | CJ21: 20 | CK21: c(i) | CL21: C | CM21: f | CN21: ㄑ | CP21: 20 | CQ21: om | CR21: W | CS21: O | CT21: ㆱ
B22: 21 | C22: f | D22: C | E22: ch | F22: ㄑ | G22: ㄑ | I22: 21 | J22: 0 | K22: @ | L22: an | M22: ㄢ | N22: ㄢ | CJ22: 21 | CK22: s(i) | CL22: S | CM22: v | CN22: ㄒ | CP22: 21 | CQ22: ong | CR22: H | CS22: o | CT22: ㆲ
B23: 22 | C23: v | D23: S | E23: sh | F23: ㄒ | G23: ㄒ | I23: 22 | J23: ; | K23: A | L23: ang | M23: ㄤ | N23: ㄤ | Y23: 字典編碼 | Z23: =LEN(AA23) -> 60 | AA23: =MID($AA$16, Z19+1, (Z20-Z19-1)) -> BbpmdtnlĞgkŋhZzcsJjCSaiwueOəIUDfqrvxyMGNY@AWHRFQVØL173254806 | CP23: 22 | CQ23: aⁿ | CR23: d | CS23: * | CT23: ㆩ
I24: 23 | J24: O | K24: W | L24: om | M24: ㆱ | N24: ㄛㄇ | P24: 序號 | Q24: 鍵盤按鍵 | R24: 字典編碼 | S24: 閩拼方案 | T24: 閩拼調號 | U24: 閩拼調符 | V24: Unicode | Y24: 按鍵 | Z24: =LEN(AA24) -> 60 | AA24: =MID($AA$16, Z20+1, (Z21-Z20-1)) -> !1qa2wsxEedNcYyhnRrfv8uKj,ik9l*UJ<I(Lm/pM0;Oobtgz=-"5346[].7 | CP24: 23 | CQ24: iⁿ | CR24: f | CS24: U | CT24: ㆪ
I25: 24 | J25: o | K25: H | L25: ong | M25: ㆲ | N25: ㄛㄥ | P25: 1 | Q25: ; | R25: 1 | S25: 1 | T25: ¹ | U25: ā | V25: U+0304 | CP25: 24 | CQ25: uⁿ | CR25: q | CS25: J | CT25: ㆫ
I26: 25 | J26: b | K26: R | L26: p | M26: ㆴ | N26: ㄅ | P26: 2 | Q26: - | R26: 7 | S26: 6 | T26: ⁶ | U26: â | V26: U+0302 | AA26: {=COLUMN() - COLUMN($Z:$Z)} -> 1 | AB26: {=COLUMN() - COLUMN($Z:$Z)} -> 2 | AC26: {=COLUMN() - COLUMN($Z:$Z)} -> 3 | AD26: {=COLUMN() - COLUMN($Z:$Z)} -> 4 | AE26: {=COLUMN() - COLUMN($Z:$Z)} -> 5 | AF26: {=COLUMN() - COLUMN($Z:$Z)} -> 6 | AG26: {=COLUMN() - COLUMN($Z:$Z)} -> 7 | AH26: {=COLUMN() - COLUMN($Z:$Z)} -> 8 | ... CH26: {=COLUMN() - COLUMN($Z:$Z)} -> 60 | CP26: 25 | CQ26: eⁿ | CR26: r | CS26: < | CT26: ㆥ
I27: 26 | J27: t | K27: F | L27: t | M27: ㆵ | N27: ㄉ | P27: 3 | Q27: _ | R27: 3 | S27: 5 | T27: ⁵ | U27: à | V27: U+0300 | Y27: 字典編碼 | AA27: =MID($AA$23,AA$26,1) -> B | AB27: =MID($AA$23,AB$26,1) -> b | AC27: =MID($AA$23,AC$26,1) -> p | AD27: =MID($AA$23,AD$26,1) -> m | AE27: =MID($AA$23,AE$26,1) -> d | AF27: =MID($AA$23,AF$26,1) -> t | AG27: =MID($AA$23,AG$26,1) -> n | AH27: =MID($AA$23,AH$26,1) -> l | ... CH27: =MID($AA$23,CH$26,1) -> 6 | CP27: 26 | CQ27: oⁿ | CR27: v | CS27: I | CT27: ㆧ
I28: 27 | J28: g | K28: Q | L28: k | M28: ㆻ | N28: ㄍ | P28: 4 | Q28: \ | R28: 2 | S28: 3 | T28: ³ | U28: ǎ | V28: U+030C | Y28: 鍵盤按鍵 | AA28: =MID($AA$24,AA$26,1) -> ! | AB28: =MID($AA$24,AB$26,1) -> 1 | AC28: =MID($AA$24,AC$26,1) -> q | AD28: =MID($AA$24,AD$26,1) -> a | AE28: =MID($AA$24,AE$26,1) -> 2 | AF28: =MID($AA$24,AF$26,1) -> w | AG28: =MID($AA$24,AG$26,1) -> s | AH28: =MID($AA$24,AH$26,1) -> x | ... CH28: =MID($AA$24,CH$26,1) -> 7 | CP28: 27 | CQ28: aiⁿ | CR28: x | CS28: ( | CT28: ㆮ
I29: 28 | J29: z | K29: V | L29: h | M29: ㆷ | N29: ㄏ | P29: 5 | Q29: / | R29: 5 | S29: 2 | T29: ² | U29: á | V29: U+0301 | CP29: 28 | CQ29: auⁿ | CR29: y | CS29: L | CT29: ㆯ
P30: 6 | Q30: [ | R30: 4 | S30: 7 | T30: ⁷ | U30: āh | V30: U+0304
P31: 7 | Q31: ] | R31: 8 | S31: 8 | T31: ⁸ | U31: áh | V31: U+0301 | Y31: preedit_format:
I32: 序號 | J32: 鍵盤按鍵 | K32: 字典編碼 | L32: 注音二式 | M32: 方音符號 | N32: 台語注音 | Z32: =LEN(AA32) -> 60 | AA32: =AA15 -> !1qa2wsxEedNcYyhnRrfv8uKj,ik9l*UJ<I(Lm/pM0;Oobtgz=-"5346[].7
I33: 1 | J33: = | K33: Ø | L33: Ø | M33: Ø | N33: Ø | Z33: =LEN(AA33) -> 60 | AA33: {=_xlfn.CONCAT( TRANSPOSE(F2:F23), TRANSPOSE(M2:M29), TRANSPOSE(M33:M34), TRANSPOSE(T2:T10))} -> ㆠㄅㄆㄇㄉㄊㄋㄌㆣㄍㄎㄫㄏㆡㄗㄘㄙㆢㄐㄑㄒㄚㄧㆨㄨㆤㆦㄜㄞㄠㆩㆪㆫㆥㆧㆮㆯㆬㆭㄣㆰㄢㄤㆱㆲㆴㆵㆻㆷØㄥ一七三二五四八輕ʔ
I34: 2 | J34: - | K34: L | L34: nn | M34: ㄥ | N34: ⁰ | AA34: =_xlfn.CONCAT(" - xlit|", AA32, "|", AA33, "|") -> - xlit|!1qa2wsxEedNcYyhnRrfv8uKj,ik9l*UJ<I(Lm/pM0;Oobtgz=-"5346[].7|ㆠㄅㄆㄇㄉㄊㄋㄌㆣㄍㄎㄫㄏㆡㄗㄘㄙㆢㄐㄑㄒㄚㄧㆨㄨㆤㆦㄜㄞㄠㆩㆪㆫㆥㆧㆮㆯㆬㆭㄣㆰㄢㄤㆱㆲㆴㆵㆻㆷØㄥ一七三二五四八輕ʔ|
I37: U+207F | L37: =_xlfn.UNICHAR(HEX2DEC(RIGHT("U+207F",4))) -> ⁿ | Y37: 第1個 |： | Z37: =SEARCH("|", $AA$34) -> 11
Y38: 第2個 |： | Z38: =SEARCH("|", $AA$34, Z37+1) -> 72
Y39: 第3個 |： | Z39: =SEARCH("|", $AA$34, Z38+1) -> 133
Y41: 按鍵 | Z41: =LEN(AA41) -> 60 | AA41: =MID($AA$34, Z37+1, (Z38-Z37-1)) -> !1qa2wsxEedNcYyhnRrfv8uKj,ik9l*UJ<I(Lm/pM0;Oobtgz=-"5346[].7
Y42: 注音符號 | Z42: =LEN(AA42) -> 60 | AA42: =MID($AA$34, Z38+1, (Z39-Z38-1)) -> ㆠㄅㄆㄇㄉㄊㄋㄌㆣㄍㄎㄫㄏㆡㄗㄘㄙㆢㄐㄑㄒㄚㄧㆨㄨㆤㆦㄜㄞㄠㆩㆪㆫㆥㆧㆮㆯㆬㆭㄣㆰㄢㄤㆱㆲㆴㆵㆻㆷØㄥ一七三二五四八輕ʔ
AA44: {=COLUMN() - COLUMN($Z:$Z)} -> 1 | AB44: {=COLUMN() - COLUMN($Z:$Z)} -> 2 | AC44: {=COLUMN() - COLUMN($Z:$Z)} -> 3 | AD44: {=COLUMN() - COLUMN($Z:$Z)} -> 4 | AE44: {=COLUMN() - COLUMN($Z:$Z)} -> 5 | AF44: {=COLUMN() - COLUMN($Z:$Z)} -> 6 | AG44: {=COLUMN() - COLUMN($Z:$Z)} -> 7 | AH44: {=COLUMN() - COLUMN($Z:$Z)} -> 8 | ... CH44: {=COLUMN() - COLUMN($Z:$Z)} -> 60
Y45: 字典編碼 | AA45: =AA27 -> B | AB45: =AB27 -> b | AC45: =AC27 -> p | AD45: =AD27 -> m | AE45: =AE27 -> d | AF45: =AF27 -> t | AG45: =AG27 -> n | AH45: =AH27 -> l | ... CF45: =CF27 -> 8 | CG45: =_xlfn.XLOOKUP(CG46, $AA$28:$CH$28,$AA$27:$CH$27, "") -> 0 | CH45: =_xlfn.XLOOKUP(CH46, $AA$28:$CH$28,$AA$27:$CH$27, "") -> 6
Y46: 鍵盤按鍵 | AA46: =MID($AA$41,AA$44,1) -> ! | AB46: =MID($AA$41,AB$44,1) -> 1 | AC46: =MID($AA$41,AC$44,1) -> q | AD46: =MID($AA$41,AD$44,1) -> a | AE46: =MID($AA$41,AE$44,1) -> 2 | AF46: =MID($AA$41,AF$44,1) -> w | AG46: =MID($AA$41,AG$44,1) -> s | AH46: =MID($AA$41,AH$44,1) -> x | ... CH46: =MID($AA$41,CH$44,1) -> 7
Y47: 注音符號 | AA47: =MID($AA$42,AA$44,1) -> ㆠ | AB47: =MID($AA$42,AB$44,1) -> ㄅ | AC47: =MID($AA$42,AC$44,1) -> ㄆ | AD47: =MID($AA$42,AD$44,1) -> ㄇ | AE47: =MID($AA$42,AE$44,1) -> ㄉ | AF47: =MID($AA$42,AF$44,1) -> ㄊ | AG47: =MID($AA$42,AG$44,1) -> ㄋ | AH47: =MID($AA$42,AH$44,1) -> ㄌ | ... CH47: =MID($AA$42,CH$44,1) -> ʔ

Sheet 【BPM2】韻母對照表
B2: 台語注音二式 | C2: 十五音 | D2: 方音符號 | E2: 聲韻調類 | F2: 字長 | H2: 台語注音二式 | I2: 十五音 | J2: 方音符號 | K2: 聲韻調類 | L2: 字長
B3: {=_xlfn.LET(_xlpm.crit,韻母對照表[聲韻調類]="韻-鼻",_xlfn.SORTBY(_xlfn._xlws.FILTER(_xlfn.HSTACK(韻母對照表[台語注音二式],韻母對照表[十五音],韻母對照表[方音符號],韻母對照表[聲韻調類]),_xlpm.crit,"無符合資料"),_xlfn._xlws.FILTER(韻母對照表[字長],_xlpm.crit),-1))} -> uainnh | C3: 閂 | D3: ㄨㆮㆷ | E3: 韻-鼻 | F3: =LEN(B3) -> 6 | H3: {=_xlfn.LET(_xlpm.crit,(韻母對照表[聲韻調類]<>"韻-鼻")*(韻母對照表[台語注音二式]<>""),_xlfn.SORTBY(_xlfn._xlws.FILTER(_xlfn.HSTACK(韻母對照表[台語注音二式],韻母對照表[十五音],韻母對照表[方音符號],韻母對照表[聲韻調類]),_xlpm.crit,"無符合資料"),_xlfn._xlws.FILTER(韻母對照表[字長],_xlpm.crit),-1))} -> aunn | I3: 爻 | J3: ㆯ | K3: 0 | L3: =LEN(H3) -> 4 | N3: =_xlfn.CONCAT(" - xform/", "》", $B3, "/", C3, "》", "/") -> - xform/》uainnh/閂》/ | O3: =_xlfn.CONCAT(" - xform/", "》", $H3, "/", I3, "》", "/") -> - xform/》aunn/爻》/ | Q3: =_xlfn.CONCAT(" - xform/", "〉", $B3, "/", D3, "〉", "/") -> - xform/〉uainnh/ㄨㆮㆷ〉/ | R3: =_xlfn.CONCAT(" - xform/", "〉", $H3, "/", J3, "〉", "/") -> - xform/〉aunn/ㆯ〉/
B4: iannh | C4: 迦 | D4: ㄧㆩㆷ | E4: 韻-鼻 | F4: =LEN(B4) -> 5 | H4: iang | I4: 姜 | J4: ㄧㄤ | K4: 0 | L4: =LEN(H4) -> 4 | N4: =_xlfn.CONCAT(" - xform/", "》", $B4, "/", C4, "》", "/") -> - xform/》iannh/迦》/ | O4: =_xlfn.CONCAT(" - xform/", "》", $H4, "/", I4, "》", "/") -> - xform/》iang/姜》/ | Q4: =_xlfn.CONCAT(" - xform/", "〉", $B4, "/", D4, "〉", "/") -> - xform/〉iannh/ㄧㆩㆷ〉/ | R4: =_xlfn.CONCAT(" - xform/", "〉", $H4, "/", J4, "〉", "/") -> - xform/〉iang/ㄧㄤ〉/
B5: iaunn | C5: 嘄 | D5: ㄧㆯ | E5: 韻-鼻 | F5: =LEN(B5) -> 5 | H5: iauh | I5: 嬌 | J5: ㄧㄠㆷ | K5: 0 | L5: =LEN(H5) -> 4 | N5: =_xlfn.CONCAT(" - xform/", "》", $B5, "/", C5, "》", "/") -> - xform/》iaunn/嘄》/ | O5: =_xlfn.CONCAT(" - xform/", "》", $H5, "/", I5, "》", "/") -> - xform/》iauh/嬌》/ | Q5: =_xlfn.CONCAT(" - xform/", "〉", $B5, "/", D5, "〉", "/") -> - xform/〉iaunn/ㄧㆯ〉/ | R5: =_xlfn.CONCAT(" - xform/", "〉", $H5, "/", J5, "〉", "/") -> - xform/〉iauh/ㄧㄠㆷ〉/
B6: iunnh | C6: 牛 | D6: ㄧㆫㆷ | E6: 韻-鼻 | F6: =LEN(B6) -> 5 | H6: iooh | I6: 0 | J6: ㄧㆦㆷ | K6: 0 | L6: =LEN(H6) -> 4 | N6: =_xlfn.CONCAT(" - xform/", "》", $B6, "/", C6, "》", "/") -> - xform/》iunnh/牛》/ | O6: =_xlfn.CONCAT(" - xform/", "》", $H6, "/", I6, "》", "/") -> - xform/》iooh/0》/ | Q6: =_xlfn.CONCAT(" - xform/", "〉", $B6, "/", D6, "〉", "/") -> - xform/〉iunnh/ㄧㆫㆷ〉/ | R6: =_xlfn.CONCAT(" - xform/", "〉", $H6, "/", J6, "〉", "/") -> - xform/〉iooh/ㄧㆦㆷ〉/
B7: uainn | C7: 閂 | D7: ㄨㆮ | E7: 韻-鼻 | F7: =LEN(B7) -> 5 | H7: iong | I7: 恭 | J7: ㄧㆲ | K7: 0 | L7: =LEN(H7) -> 4 | N7: =_xlfn.CONCAT(" - xform/", "》", $B7, "/", C7, "》", "/") -> - xform/》uainn/閂》/ | O7: =_xlfn.CONCAT(" - xform/", "》", $H7, "/", I7, "》", "/") -> - xform/》iong/恭》/ | Q7: =_xlfn.CONCAT(" - xform/", "〉", $B7, "/", D7, "〉", "/") -> - xform/〉uainn/ㄨㆮ〉/ | R7: =_xlfn.CONCAT(" - xform/", "〉", $H7, "/", J7, "〉", "/") -> - xform/〉iong/ㄧㆲ〉/
B8: ainn | C8: 閒 | D8: ㆮ | E8: 韻-鼻 | F8: =LEN(B8) -> 4 | H8: uaih | I8: 乖 | J8: ㄨㄞㆷ | K8: 0 | L8: =LEN(H8) -> 4 | N8: =_xlfn.CONCAT(" - xform/", "》", $B8, "/", C8, "》", "/") -> - xform/》ainn/閒》/ | O8: =_xlfn.CONCAT(" - xform/", "》", $H8, "/", I8, "》", "/") -> - xform/》uaih/乖》/ | Q8: =_xlfn.CONCAT(" - xform/", "〉", $B8, "/", D8, "〉", "/") -> - xform/〉ainn/ㆮ〉/ | R8: =_xlfn.CONCAT(" - xform/", "〉", $H8, "/", J8, "〉", "/") -> - xform/〉uaih/ㄨㄞㆷ〉/
B9: annh | C9: 監 | D9: ㆩㆷ | E9: 韻-鼻 | F9: =LEN(B9) -> 4 | H9: uang | I9: 光 | J9: ㄨㄤ | K9: 0 | L9: =LEN(H9) -> 4 | N9: =_xlfn.CONCAT(" - xform/", "》", $B9, "/", C9, "》", "/") -> - xform/》annh/監》/ | O9: =_xlfn.CONCAT(" - xform/", "》", $H9, "/", I9, "》", "/") -> - xform/》uang/光》/ | Q9: =_xlfn.CONCAT(" - xform/", "〉", $B9, "/", D9, "〉", "/") -> - xform/〉annh/ㆩㆷ〉/ | R9: =_xlfn.CONCAT(" - xform/", "〉", $H9, "/", J9, "〉", "/") -> - xform/〉uang/ㄨㄤ〉/
B10: ennh | C10: 更 | D10: ㆥㆷ | E10: 韻-鼻 | F10: =LEN(B10) -> 4 | H10: uann | I10: 官 | J10: ㄨㆩ | K10: 0 | L10: =LEN(H10) -> 4 | N10: =_xlfn.CONCAT(" - xform/", "》", $B10, "/", C10, "》", "/") -> - xform/》ennh/更》/ | O10: =_xlfn.CONCAT(" - xform/", "》", $H10, "/", I10, "》", "/") -> - xform/》uann/官》/ | Q10: =_xlfn.CONCAT(" - xform/", "〉", $B10, "/", D10, "〉", "/") -> - xform/〉ennh/ㆥㆷ〉/ | R10: =_xlfn.CONCAT(" - xform/", "〉", $H10, "/", J10, "〉", "/") -> - xform/〉uann/ㄨㆩ〉/
B11: iann | C11: 驚 | D11: ㄧㆩ | E11: 韻-鼻 | F11: =LEN(B11) -> 4 | H11: aih | I11: 皆 | J11: ㄞㆷ | K11: 0 | L11: =LEN(H11) -> 3 | N11: =_xlfn.CONCAT(" - xform/", "》", $B11, "/", C11, "》", "/") -> - xform/》iann/驚》/ | O11: =_xlfn.CONCAT(" - xform/", "》", $H11, "/", I11, "》", "/") -> - xform/》aih/皆》/ | Q11: =_xlfn.CONCAT(" - xform/", "〉", $B11, "/", D11, "〉", "/") -> - xform/〉iann/ㄧㆩ〉/ | R11: =_xlfn.CONCAT(" - xform/", "〉", $H11, "/", J11, "〉", "/") -> - xform/〉aih/ㄞㆷ〉/
B12: ioonn | C12: 薑 | D12: ㄧㆧ | E12: 韻-鼻 | F12: =LEN(B12) -> 5 | H12: ang | I12: 江 | J12: ㄤ | K12: 0 | L12: =LEN(H12) -> 3 | N12: =_xlfn.CONCAT(" - xform/", "》", $B12, "/", C12, "》", "/") -> - xform/》ioonn/薑》/ | O12: =_xlfn.CONCAT(" - xform/", "》", $H12, "/", I12, "》", "/") -> - xform/》ang/江》/ | Q12: =_xlfn.CONCAT(" - xform/", "〉", $B12, "/", D12, "〉", "/") -> - xform/〉ioonn/ㄧㆧ〉/ | R12: =_xlfn.CONCAT(" - xform/", "〉", $H12, "/", J12, "〉", "/") -> - xform/〉ang/ㄤ〉/
B13: iunn | C13: 牛 | D13: ㄧㆫ | E13: 韻-鼻 | F13: =LEN(B13) -> 4 | H13: auh | I13: 交 | J13: ㄠㆷ | K13: 0 | L13: =LEN(H13) -> 3 | N13: =_xlfn.CONCAT(" - xform/", "》", $B13, "/", C13, "》", "/") -> - xform/》iunn/牛》/ | O13: =_xlfn.CONCAT(" - xform/", "》", $H13, "/", I13, "》", "/") -> - xform/》auh/交》/ | Q13: =_xlfn.CONCAT(" - xform/", "〉", $B13, "/", D13, "〉", "/") -> - xform/〉iunn/ㄧㆫ〉/ | R13: =_xlfn.CONCAT(" - xform/", "〉", $H13, "/", J13, "〉", "/") -> - xform/〉auh/ㄠㆷ〉/
B14: onnh | C14: 扛 | D14: ㆧㆷ | E14: 韻-鼻 | F14: =LEN(B14) -> 4 | H14: iah | I14: 迦 | J14: ㄧㄚㆷ | K14: 0 | L14: =LEN(H14) -> 3 | N14: =_xlfn.CONCAT(" - xform/", "》", $B14, "/", C14, "》", "/") -> - xform/》onnh/扛》/ | O14: =_xlfn.CONCAT(" - xform/", "》", $H14, "/", I14, "》", "/") -> - xform/》iah/迦》/ | Q14: =_xlfn.CONCAT(" - xform/", "〉", $B14, "/", D14, "〉", "/") -> - xform/〉onnh/ㆧㆷ〉/ | R14: =_xlfn.CONCAT(" - xform/", "〉", $H14, "/", J14, "〉", "/") -> - xform/〉iah/ㄧㄚㆷ〉/
B15: uinn | C15: 褌 | D15: ㄨㆪ | E15: 韻-鼻 | F15: =LEN(B15) -> 4 | H15: iak | I15: 姜 | J15: ㄧㄚㆻ | K15: 0 | L15: =LEN(H15) -> 3 | N15: =_xlfn.CONCAT(" - xform/", "》", $B15, "/", C15, "》", "/") -> - xform/》uinn/褌》/ | O15: =_xlfn.CONCAT(" - xform/", "》", $H15, "/", I15, "》", "/") -> - xform/》iak/姜》/ | Q15: =_xlfn.CONCAT(" - xform/", "〉", $B15, "/", D15, "〉", "/") -> - xform/〉uinn/ㄨㆪ〉/ | R15: =_xlfn.CONCAT(" - xform/", "〉", $H15, "/", J15, "〉", "/") -> - xform/〉iak/ㄧㄚㆻ〉/
B16: ann | C16: 監 | D16: ㆩ | E16: 韻-鼻 | F16: =LEN(B16) -> 3 | H16: iam | I16: 兼 | J16: ㄧㆰ | K16: 0 | L16: =LEN(H16) -> 3 | N16: =_xlfn.CONCAT(" - xform/", "》", $B16, "/", C16, "》", "/") -> - xform/》ann/監》/ | O16: =_xlfn.CONCAT(" - xform/", "》", $H16, "/", I16, "》", "/") -> - xform/》iam/兼》/ | Q16: =_xlfn.CONCAT(" - xform/", "〉", $B16, "/", D16, "〉", "/") -> - xform/〉ann/ㆩ〉/ | R16: =_xlfn.CONCAT(" - xform/", "〉", $H16, "/", J16, "〉", "/") -> - xform/〉iam/ㄧㆰ〉/
B17: enn | C17: 更 | D17: ㆥ | E17: 韻-鼻 | F17: =LEN(B17) -> 3 | H17: ian | I17: 堅 | J17: ㄧㄢ | K17: 0 | L17: =LEN(H17) -> 3 | N17: =_xlfn.CONCAT(" - xform/", "》", $B17, "/", C17, "》", "/") -> - xform/》enn/更》/ | O17: =_xlfn.CONCAT(" - xform/", "》", $H17, "/", I17, "》", "/") -> - xform/》ian/堅》/ | Q17: =_xlfn.CONCAT(" - xform/", "〉", $B17, "/", D17, "〉", "/") -> - xform/〉enn/ㆥ〉/ | R17: =_xlfn.CONCAT(" - xform/", "〉", $H17, "/", J17, "〉", "/") -> - xform/〉ian/ㄧㄢ〉/
B18: inn | C18: 梔 | D18: ㆪ | E18: 韻-鼻 | F18: =LEN(B18) -> 3 | H18: iap | I18: 兼 | J18: ㄧㄚㆴ | K18: 0 | L18: =LEN(H18) -> 3 | N18: =_xlfn.CONCAT(" - xform/", "》", $B18, "/", C18, "》", "/") -> - xform/》inn/梔》/ | O18: =_xlfn.CONCAT(" - xform/", "》", $H18, "/", I18, "》", "/") -> - xform/》iap/兼》/ | Q18: =_xlfn.CONCAT(" - xform/", "〉", $B18, "/", D18, "〉", "/") -> - xform/〉inn/ㆪ〉/ | R18: =_xlfn.CONCAT(" - xform/", "〉", $H18, "/", J18, "〉", "/") -> - xform/〉iap/ㄧㄚㆴ〉/
B19: oonn | C19: 姑 | D19: ㆧ | E19: 韻-鼻 | F19: =LEN(B19) -> 4 | H19: iat | I19: 堅 | J19: ㄧㄚㆵ | K19: 0 | L19: =LEN(H19) -> 3 | N19: =_xlfn.CONCAT(" - xform/", "》", $B19, "/", C19, "》", "/") -> - xform/》oonn/姑》/ | O19: =_xlfn.CONCAT(" - xform/", "》", $H19, "/", I19, "》", "/") -> - xform/》iat/堅》/ | R19: =_xlfn.CONCAT(" - xform/", "〉", $H19, "/", J19, "〉", "/") -> - xform/〉iat/ㄧㄚㆵ〉/
H20: iau | I20: 嬌 | J20: ㄧㄠ | K20: 0 | L20: =LEN(H20) -> 3 | O20: =_xlfn.CONCAT(" - xform/", "》", $H20, "/", I20, "》", "/") -> - xform/》iau/嬌》/ | R20: =_xlfn.CONCAT(" - xform/", "〉", $H20, "/", J20, "〉", "/") -> - xform/〉iau/ㄧㄠ〉/
H21: ing | I21: 經 | J21: ㄧㄥ | K21: 0 | L21: =LEN(H21) -> 3 | O21: =_xlfn.CONCAT(" - xform/", "》", $H21, "/", I21, "》", "/") -> - xform/》ing/經》/ | R21: =_xlfn.CONCAT(" - xform/", "〉", $H21, "/", J21, "〉", "/") -> - xform/〉ing/ㄧㄥ〉/
H22: iorh | I22: 茄 | J22: ㄧㄜㆷ | K22: 0 | L22: =LEN(H22) -> 4 | O22: =_xlfn.CONCAT(" - xform/", "》", $H22, "/", I22, "》", "/") -> - xform/》iorh/茄》/ | R22: =_xlfn.CONCAT(" - xform/", "〉", $H22, "/", J22, "〉", "/") -> - xform/〉iorh/ㄧㄜㆷ〉/
H23: ioo | I23: 0 | J23: ㄧㆦ | K23: 0 | L23: =LEN(H23) -> 3 | O23: =_xlfn.CONCAT(" - xform/", "》", $H23, "/", I23, "》", "/") -> - xform/》ioo/0》/ | R23: =_xlfn.CONCAT(" - xform/", "〉", $H23, "/", J23, "〉", "/") -> - xform/〉ioo/ㄧㆦ〉/
H24: iook | I24: 恭 | J24: ㄧㆦㆻ | K24: 0 | L24: =LEN(H24) -> 4 | O24: =_xlfn.CONCAT(" - xform/", "》", $H24, "/", I24, "》", "/") -> - xform/》iook/恭》/ | R24: =_xlfn.CONCAT(" - xform/", "〉", $H24, "/", J24, "〉", "/") -> - xform/〉iook/ㄧㆦㆻ〉/
H25: ngh | I25: 鋼 | J25: ㆭㆷ | K25: 0 | L25: =LEN(H25) -> 3 | O25: =_xlfn.CONCAT(" - xform/", "》", $H25, "/", I25, "》", "/") -> - xform/》ngh/鋼》/ | R25: =_xlfn.CONCAT(" - xform/", "〉", $H25, "/", J25, "〉", "/") -> - xform/〉ngh/ㆭㆷ〉/
H26: ong | I26: 公 | J26: ㆲ | K26: 0 | L26: =LEN(H26) -> 3 | O26: =_xlfn.CONCAT(" - xform/", "》", $H26, "/", I26, "》", "/") -> - xform/》ong/公》/ | R26: =_xlfn.CONCAT(" - xform/", "〉", $H26, "/", J26, "〉", "/") -> - xform/〉ong/ㆲ〉/
H27: ooh | I27: 沽 | J27: ㆦㆷ | K27: 0 | L27: =LEN(H27) -> 3 | O27: =_xlfn.CONCAT(" - xform/", "》", $H27, "/", I27, "》", "/") -> - xform/》ooh/沽》/ | R27: =_xlfn.CONCAT(" - xform/", "〉", $H27, "/", J27, "〉", "/") -> - xform/〉ooh/ㆦㆷ〉/
H28: uah | I28: 瓜 | J28: ㄨㄚㆷ | K28: 0 | L28: =LEN(H28) -> 3 | O28: =_xlfn.CONCAT(" - xform/", "》", $H28, "/", I28, "》", "/") -> - xform/》uah/瓜》/ | R28: =_xlfn.CONCAT(" - xform/", "〉", $H28, "/", J28, "〉", "/") -> - xform/〉uah/ㄨㄚㆷ〉/
H29: uai | I29: 乖 | J29: ㄨㄞ | K29: 0 | L29: =LEN(H29) -> 3 | O29: =_xlfn.CONCAT(" - xform/", "》", $H29, "/", I29, "》", "/") -> - xform/》uai/乖》/ | R29: =_xlfn.CONCAT(" - xform/", "〉", $H29, "/", J29, "〉", "/") -> - xform/〉uai/ㄨㄞ〉/
H30: uan | I30: 觀 | J30: ㄨㄢ | K30: 0 | L30: =LEN(H30) -> 3 | O30: =_xlfn.CONCAT(" - xform/", "》", $H30, "/", I30, "》", "/") -> - xform/》uan/觀》/ | R30: =_xlfn.CONCAT(" - xform/", "〉", $H30, "/", J30, "〉", "/") -> - xform/〉uan/ㄨㄢ〉/
H31: uat | I31: 觀 | J31: ㄨㄚㆵ | K31: 0 | L31: =LEN(H31) -> 3 | O31: =_xlfn.CONCAT(" - xform/", "》", $H31, "/", I31, "》", "/") -> - xform/》uat/觀》/ | R31: =_xlfn.CONCAT(" - xform/", "〉", $H31, "/", J31, "〉", "/") -> - xform/〉uat/ㄨㄚㆵ〉/
H32: ueh | I32: 檜 | J32: ㄨㆤㆷ | K32: 0 | L32: =LEN(H32) -> 3 | O32: =_xlfn.CONCAT(" - xform/", "》", $H32, "/", I32, "》", "/") -> - xform/》ueh/檜》/ | R32: =_xlfn.CONCAT(" - xform/", "〉", $H32, "/", J32, "〉", "/") -> - xform/〉ueh/ㄨㆤㆷ〉/
H33: uih | I33: 褌 | J33: ㄨㄧㆷ | K33: 0 | L33: =LEN(H33) -> 3 | O33: =_xlfn.CONCAT(" - xform/", "》", $H33, "/", I33, "》", "/") -> - xform/》uih/褌》/ | R33: =_xlfn.CONCAT(" - xform/", "〉", $H33, "/", J33, "〉", "/") -> - xform/〉uih/ㄨㄧㆷ〉/
H34: unn | I34: 0 | J34: ㆫ | K34: 0 | L34: =LEN(H34) -> 3 | O34: =_xlfn.CONCAT(" - xform/", "》", $H34, "/", I34, "》", "/") -> - xform/》unn/0》/ | R34: =_xlfn.CONCAT(" - xform/", "〉", $H34, "/", J34, "〉", "/") -> - xform/〉unn/ㆫ〉/
H35: ah | I35: 膠 | J35: ㄚㆷ | K35: 0 | L35: =LEN(H35) -> 2 | O35: =_xlfn.CONCAT(" - xform/", "》", $H35, "/", I35, "》", "/") -> - xform/》ah/膠》/ | R35: =_xlfn.CONCAT(" - xform/", "〉", $H35, "/", J35, "〉", "/") -> - xform/〉ah/ㄚㆷ〉/
H36: ai | I36: 皆 | J36: ㄞ | K36: 0 | L36: =LEN(H36) -> 2 | O36: =_xlfn.CONCAT(" - xform/", "》", $H36, "/", I36, "》", "/") -> - xform/》ai/皆》/ | R36: =_xlfn.CONCAT(" - xform/", "〉", $H36, "/", J36, "〉", "/") -> - xform/〉ai/ㄞ〉/
H37: ak | I37: 江 | J37: ㄚㆻ | K37: 0 | L37: =LEN(H37) -> 2 | O37: =_xlfn.CONCAT(" - xform/", "》", $H37, "/", I37, "》", "/") -> - xform/》ak/江》/ | R37: =_xlfn.CONCAT(" - xform/", "〉", $H37, "/", J37, "〉", "/") -> - xform/〉ak/ㄚㆻ〉/
H38: am | I38: 甘 | J38: ㆰ | K38: 0 | L38: =LEN(H38) -> 2 | O38: =_xlfn.CONCAT(" - xform/", "》", $H38, "/", I38, "》", "/") -> - xform/》am/甘》/ | R38: =_xlfn.CONCAT(" - xform/", "〉", $H38, "/", J38, "〉", "/") -> - xform/〉am/ㆰ〉/
H39: an | I39: 干 | J39: ㄢ | K39: 0 | L39: =LEN(H39) -> 2 | O39: =_xlfn.CONCAT(" - xform/", "》", $H39, "/", I39, "》", "/") -> - xform/》an/干》/ | R39: =_xlfn.CONCAT(" - xform/", "〉", $H39, "/", J39, "〉", "/") -> - xform/〉an/ㄢ〉/
H40: ap | I40: 甘 | J40: ㄚㆴ | K40: 0 | L40: =LEN(H40) -> 2 | O40: =_xlfn.CONCAT(" - xform/", "》", $H40, "/", I40, "》", "/") -> - xform/》ap/甘》/ | R40: =_xlfn.CONCAT(" - xform/", "〉", $H40, "/", J40, "〉", "/") -> - xform/〉ap/ㄚㆴ〉/
H41: at | I41: 干 | J41: ㄚㆵ | K41: 0 | L41: =LEN(H41) -> 2 | O41: =_xlfn.CONCAT(" - xform/", "》", $H41, "/", I41, "》", "/") -> - xform/》at/干》/ | R41: =_xlfn.CONCAT(" - xform/", "〉", $H41, "/", J41, "〉", "/") -> - xform/〉at/ㄚㆵ〉/
H42: au | I42: 交 | J42: ㄠ | K42: 0 | L42: =LEN(H42) -> 2 | O42: =_xlfn.CONCAT(" - xform/", "》", $H42, "/", I42, "》", "/") -> - xform/》au/交》/ | R42: =_xlfn.CONCAT(" - xform/", "〉", $H42, "/", J42, "〉", "/") -> - xform/〉au/ㄠ〉/
H43: eh | I43: 伽 | J43: ㆤㆷ | K43: 0 | L43: =LEN(H43) -> 2 | O43: =_xlfn.CONCAT(" - xform/", "》", $H43, "/", I43, "》", "/") -> - xform/》eh/伽》/ | R43: =_xlfn.CONCAT(" - xform/", "〉", $H43, "/", J43, "〉", "/") -> - xform/〉eh/ㆤㆷ〉/
H44: ia | I44: 迦 | J44: ㄧㄚ | K44: 0 | L44: =LEN(H44) -> 2 | O44: =_xlfn.CONCAT(" - xform/", "》", $H44, "/", I44, "》", "/") -> - xform/》ia/迦》/ | R44: =_xlfn.CONCAT(" - xform/", "〉", $H44, "/", J44, "〉", "/") -> - xform/〉ia/ㄧㄚ〉/
H45: ih | I45: 居 | J45: ㄧㆷ | K45: 0 | L45: =LEN(H45) -> 2 | O45: =_xlfn.CONCAT(" - xform/", "》", $H45, "/", I45, "》", "/") -> - xform/》ih/居》/ | R45: =_xlfn.CONCAT(" - xform/", "〉", $H45, "/", J45, "〉", "/") -> - xform/〉ih/ㄧㆷ〉/
H46: iek | I46: 經 | J46: ㄧㆻ | K46: 0 | L46: =LEN(H46) -> 3 | O46: =_xlfn.CONCAT(" - xform/", "》", $H46, "/", I46, "》", "/") -> - xform/》iek/經》/ | R46: =_xlfn.CONCAT(" - xform/", "〉", $H46, "/", J46, "〉", "/") -> - xform/〉iek/ㄧㆻ〉/
... H67: e | I67: 伽 | J67: ㆤ | K67: 0 | L67: =LEN(H67) -> 1 | O67: =_xlfn.CONCAT(" - xform/", "》", $H67, "/", I67, "》", "/") -> - xform/》e/伽》/ | R67: =_xlfn.CONCAT(" - xform/", "〉", $H67, "/", J67, "〉", "/") -> - xform/〉e/ㆤ〉/
H68: i | I68: 居 | J68: ㄧ | K68: 0 | O68: =_xlfn.CONCAT(" - xform/", "》", $H68, "/", I68, "》", "/") -> - xform/》i/居》/ | R68: =_xlfn.CONCAT(" - xform/", "〉", $H68, "/", J68, "〉", "/") -> - xform/〉i/ㄧ〉/
H69: m | I69: 姆 | J69: ㆬ | K69: 0
H70: or | I70: 高 | J70: ㄜ | K70: 0
H71: u | I71: 艍 | J71: ㄨ | K71: 0
