Workbook

Sheet 工作表1
B2: 序號 | C2: =COLUMN() -2 -> 1 | D2: =COLUMN() -2 -> 2 | E2: =COLUMN() -2 -> 3 | F2: =COLUMN() -2 -> 4 | G2: =COLUMN() -2 -> 5 | H2: =COLUMN() -2 -> 6 | I2: =COLUMN() -2 -> 7 | J2: =COLUMN() -2 -> 8 | ... R2: =COLUMN() -2 -> 16
B3: 漢字 | C3: 黄 | D3: 河 | E3: 遠 | F3: 上 | G3: 白 | H3: 雲 | I3: 間 | J3: ， | K3: 一 | L3: 片 | M3: 孤 | N3: 城 | O3: 萬 | P3: 仞 | Q3: 山 | R3: 。
B4: 台語音標 | C4: hong5 | D4: ho5 | E4: uan2 | F4: siong2 | G4: pik8 | H4: hun5 | I4: kan1 | J4: , | K4: it4 | L4: phian3 | M4: koo1 | N4: sing5 | O4: ban7 | P4: jim7 | Q4: san1 | R4: .
B5: 台羅拼音 | C5: hông | D5: hô | E5: uán | F5: sióng | G5: pi̍k | H5: hûn | I5: kan | J5: , | K5: it | L5: phiàn | M5: koo | N5: sîng | O5: bān | P5: jīm | Q5: san | R5: .
B6: 白話字 | C6: hông | D6: hô | E6: oán | F6: sióng | G6: pe̍k | H6: hûn | I6: kan | J6: , | K6: it | L6: phiàn | M6: ko͘ | N6: sêng | O6: bān | P6: jīm | Q6: san | R6: .
B7: 國際音標 | C7: hɔŋ² | D7: hə² | E7: uan³ | F7: sɪɔŋ³ | G7: pik̚⁸ | H7: hun² | I7: kan¹ | J7: , | K7: it̚⁷ | L7: pʰɪan⁵ | M7: kɔ¹ | N7: siŋ² | O7: ban³ | P7: ʣim⁶ | Q7: san¹ | R7: .
B8: 閩拼方案 | C8: hóng | D8: hó | E8: wǎn | F8: siǒng | G8: pík | H8: hún | I8: kān | J8: , | K8: yīt | L8: piàn | M8: gōo | N8: síng | O8: bbân | P8: zzîm | Q8: sān | R8: .
B9: 台語注音二式 | C9: hong5 | D9: hor5 | E9: uan2 | F9: shiong2 | G9: biek8 | H9: hun5 | I9: gan1 | J9: , | K9: it4 | L9: pian3 | M9: goo1 | N9: sing5 | O9: bban7 | P9: jjim7 | Q9: san1 | R9: .

Sheet 輸入工具
C2: 漢字 | D2: 閩拼方案 | E2: 國際音標 | F2: 聲母 | G2: 韻母 | H2: 音調 | J2: 聲母 | K2: 韻母 | L2: 音調
B3: 【閩拼方案】 | C3: 了 | D3: liao3 | E3: =IF(AND(F3<>"",G3<>"",H3<>""), _xlfn.CONCAT(J3:L3), "") -> lɪaʊ3 | F3: l | G3: iao | H3: 3 | J3: {=IF(F3<>"", INDEX(聲母對照表[國際音標], MATCH(TRUE, EXACT(輸入工具!F3, 聲母對照表[閩拼方案]), 0)), "")} -> l | K3: {=IF(G3<>"", INDEX(韻母對照表[國際音標], MATCH(TRUE, EXACT(輸入工具!G3, 韻母對照表[閩拼方案]), 0)), "")} -> ɪaʊ | L3: {=IF(H3<>"", INDEX(音調對照表[傳統調號], MATCH(TRUE, EXACT(輸入工具!H3, 音調對照表[傳統調號]), 0)), "")} -> 3
B4: 【閩拼方案】 | C4: 門 | D4: bbng2 | E4: =IF(AND(F4<>"",G4<>"",H4<>""), _xlfn.CONCAT(J4:L4), "") -> mŋ̍2 | F4: bbn | G4: ng | H4: 2 | J4: {=IF(F4<>"", INDEX(聲母對照表[國際音標], MATCH(TRUE, EXACT(輸入工具!F4, 聲母對照表[閩拼方案]), 0)), "")} -> m | K4: {=IF(G4<>"", INDEX(韻母對照表[國際音標], MATCH(TRUE, EXACT(輸入工具!G4, 韻母對照表[閩拼方案]), 0)), "")} -> ŋ̍ | L4: {=IF(H4<>"", INDEX(音調對照表[傳統調號], MATCH(TRUE, EXACT(輸入工具!H4, 音調對照表[傳統調號]), 0)), "")} -> 2
B5: 【閩拼方案】 | C5: 仞 | D5: zzim6 | E5: =IF(AND(F5<>"",G5<>"",H5<>""), _xlfn.CONCAT(J5:L5), "") -> ʣim6 | F5: zz | G5: im | H5: 6 | J5: {=IF(F5<>"", INDEX(聲母對照表[國際音標], MATCH(TRUE, EXACT(輸入工具!F5, 聲母對照表[閩拼方案]), 0)), "")} -> ʣ | K5: {=IF(G5<>"", INDEX(韻母對照表[國際音標], MATCH(TRUE, EXACT(輸入工具!G5, 韻母對照表[閩拼方案]), 0)), "")} -> im | L5: {=IF(H5<>"", INDEX(音調對照表[傳統調號], MATCH(TRUE, EXACT(輸入工具!H5, 音調對照表[傳統調號]), 0)), "")} -> 6
B6: 【閩拼方案】 | C6: 羌 | D6: gniu1 | E6: =IF(AND(F6<>"",G6<>"",H6<>""), _xlfn.CONCAT(J6:L6), "") -> kɪũ1 | F6: g | G6: niu | H6: 1 | J6: {=IF(F6<>"", INDEX(聲母對照表[國際音標], MATCH(TRUE, EXACT(輸入工具!F6, 聲母對照表[閩拼方案]), 0)), "")} -> k | K6: {=IF(G6<>"", INDEX(韻母對照表[國際音標], MATCH(TRUE, EXACT(輸入工具!G6, 韻母對照表[閩拼方案]), 0)), "")} -> ɪũ | L6: {=IF(H6<>"", INDEX(音調對照表[傳統調號], MATCH(TRUE, EXACT(輸入工具!H6, 音調對照表[傳統調號]), 0)), "")} -> 1
B7: 【閩拼方案】 | C7: 楊 | D7: ynu2 | E7: =IF(AND(F7<>"",G7<>"",H7<>""), _xlfn.CONCAT(J7:L7), "") -> ɪũ2 | F7: y | G7: niu | H7: 2 | J7: {=IFERROR( IF(F7<>"", INDEX(聲母對照表[國際音標], MATCH(TRUE, EXACT(輸入工具!F7, 聲母對照表[閩拼方案]), 0)), ""), "")} | K7: {=IF(G7<>"", INDEX(韻母對照表[國際音標], MATCH(TRUE, EXACT(輸入工具!G7, 韻母對照表[閩拼方案]), 0)), "")} -> ɪũ | L7: {=IF(H7<>"", INDEX(音調對照表[傳統調號], MATCH(TRUE, EXACT(輸入工具!H7, 音調對照表[傳統調號]), 0)), "")} -> 2
B8: 【閩拼方案】 | C8: 柳 | D8: liu3 | E8: =IF(AND(F8<>"",G8<>"",H8<>""), _xlfn.CONCAT(J8:L8), "") -> lɪu3 | F8: l | G8: iu | H8: 3 | J8: {=IF(F8<>"", INDEX(聲母對照表[國際音標], MATCH(TRUE, EXACT(輸入工具!F8, 聲母對照表[閩拼方案]), 0)), "")} -> l | K8: {=IF(G8<>"", INDEX(韻母對照表[國際音標], MATCH(TRUE, EXACT(輸入工具!G8, 韻母對照表[閩拼方案]), 0)), "")} -> ɪu | L8: {=IF(H8<>"", INDEX(音調對照表[傳統調號], MATCH(TRUE, EXACT(輸入工具!H8, 音調對照表[傳統調號]), 0)), "")} -> 3
B9: 【閩拼方案】 | E9: =IF(AND(F9<>"",G9<>"",H9<>""), _xlfn.CONCAT(J9:L9), "") | J9: {=IF(F9<>"", INDEX(聲母對照表[國際音標], MATCH(TRUE, EXACT(輸入工具!F9, 聲母對照表[閩拼方案]), 0)), "")} | K9: {=IF(G9<>"", INDEX(韻母對照表[國際音標], MATCH(TRUE, EXACT(輸入工具!G9, 韻母對照表[閩拼方案]), 0)), "")} | L9: {=IF(H9<>"", INDEX(#REF!, MATCH(TRUE, EXACT(輸入工具!H9,#REF!), 0)), "")}

Sheet 輸入工具 (閩拼方案)
B2: =_xlfn.CONCAT("【", D4, "】") -> 【閩拼方案】
B4: 序號 | C4: 漢字 | D4: 閩拼方案 | E4: 國際音標 | F4: 聲母 | G4: 韻母 | H4: 音調 | J4: 聲母 | K4: 韻母 | L4: 音調
B5: =ROW() - 4 -> 1 | C5: 黄 | D5: hong2 | E5: =IF(AND(F5<>"",G5<>"",H5<>""), _xlfn.CONCAT(J5:L5), "") -> hɔŋ² | F5: h | G5: =IFERROR( MID(D5, LEN(F5)+1, LEN(D5) - LEN(F5) - 1), "") -> ong | H5: =RIGHT(D5,1) -> 2 | J5: {=IFERROR( IF(F5<>"", INDEX(聲母對照表[國際音標], MATCH(TRUE, EXACT('輸入工具 (閩拼方案)'!F5, 聲母對照表[閩拼方案]), 0)), ""), "")} -> h | K5: {=IFERROR( IF(G5<>"", INDEX(韻母對照表[國際音標], MATCH(TRUE, EXACT('輸入工具 (閩拼方案)'!G5, 韻母對照表[閩拼方案]), 0)), ""), "")} -> ɔŋ | L5: {=IF(H5<>"", INDEX(上標對照表[上標值], MATCH(TRUE, EXACT('輸入工具 (閩拼方案)'!H5, 上標對照表[調號]), 0)), "")} -> ²
B6: =ROW() - 4 -> 2 | C6: 河 | D6: ho2 | E6: =IF(AND(F6<>"",G6<>"",H6<>""), _xlfn.CONCAT(J6:L6), "") -> hə² | F6: h | G6: =IFERROR( MID(D6, LEN(F6)+1, LEN(D6) - LEN(F6) - 1), "") -> o | H6: =RIGHT(D6,1) -> 2 | J6: {=IFERROR( IF(F6<>"", INDEX(聲母對照表[國際音標], MATCH(TRUE, EXACT('輸入工具 (閩拼方案)'!F6, 聲母對照表[閩拼方案]), 0)), ""), "")} -> h | K6: {=IFERROR( IF(G6<>"", INDEX(韻母對照表[國際音標], MATCH(TRUE, EXACT('輸入工具 (閩拼方案)'!G6, 韻母對照表[閩拼方案]), 0)), ""), "")} -> ə | L6: {=IF(H6<>"", INDEX(上標對照表[上標值], MATCH(TRUE, EXACT('輸入工具 (閩拼方案)'!H6, 上標對照表[調號]), 0)), "")} -> ²
B7: =ROW() - 4 -> 3 | C7: 遠 | D7: wan3 | E7: =IF(AND(F7<>"",G7<>"",H7<>""), _xlfn.CONCAT(J7:L7), "") -> uan³ | F7: w | G7: uan | H7: =RIGHT(D7,1) -> 3 | J7: {=IFERROR( IF(F7<>"", INDEX(聲母對照表[國際音標], MATCH(TRUE, EXACT('輸入工具 (閩拼方案)'!F7, 聲母對照表[閩拼方案]), 0)), ""), "")} | K7: {=IFERROR( IF(G7<>"", INDEX(韻母對照表[國際音標], MATCH(TRUE, EXACT('輸入工具 (閩拼方案)'!G7, 韻母對照表[閩拼方案]), 0)), ""), "")} -> uan | L7: {=IF(H7<>"", INDEX(上標對照表[上標值], MATCH(TRUE, EXACT('輸入工具 (閩拼方案)'!H7, 上標對照表[調號]), 0)), "")} -> ³
B8: =ROW() - 4 -> 4 | C8: 上 | D8: siong3 | E8: =IF(AND(F8<>"",G8<>"",H8<>""), _xlfn.CONCAT(J8:L8), "") -> sɪɔŋ³ | F8: s | G8: =IFERROR( MID(D8, LEN(F8)+1, LEN(D8) - LEN(F8) - 1), "") -> iong | H8: =RIGHT(D8,1) -> 3 | J8: {=IFERROR( IF(F8<>"", INDEX(聲母對照表[國際音標], MATCH(TRUE, EXACT('輸入工具 (閩拼方案)'!F8, 聲母對照表[閩拼方案]), 0)), ""), "")} -> s | K8: {=IFERROR( IF(G8<>"", INDEX(韻母對照表[國際音標], MATCH(TRUE, EXACT('輸入工具 (閩拼方案)'!G8, 韻母對照表[閩拼方案]), 0)), ""), "")} -> ɪɔŋ | L8: {=IF(H8<>"", INDEX(上標對照表[上標值], MATCH(TRUE, EXACT('輸入工具 (閩拼方案)'!H8, 上標對照表[調號]), 0)), "")} -> ³
B9: =ROW() - 4 -> 5 | C9: 白 | D9: bik8 | E9: =IF(AND(F9<>"",G9<>"",H9<>""), _xlfn.CONCAT(J9:L9), "") -> pik̚⁸ | F9: b | G9: =IFERROR( MID(D9, LEN(F9)+1, LEN(D9) - LEN(F9) - 1), "") -> ik | H9: =RIGHT(D9,1) -> 8 | J9: {=IFERROR( IF(F9<>"", INDEX(聲母對照表[國際音標], MATCH(TRUE, EXACT('輸入工具 (閩拼方案)'!F9, 聲母對照表[閩拼方案]), 0)), ""), "")} -> p | K9: {=IFERROR( IF(G9<>"", INDEX(韻母對照表[國際音標], MATCH(TRUE, EXACT('輸入工具 (閩拼方案)'!G9, 韻母對照表[閩拼方案]), 0)), ""), "")} -> ik̚ | L9: {=IF(H9<>"", INDEX(上標對照表[上標值], MATCH(TRUE, EXACT('輸入工具 (閩拼方案)'!H9, 上標對照表[調號]), 0)), "")} -> ⁸
B10: =ROW() - 4 -> 6 | C10: 雲 | D10: hun2 | E10: =IF(AND(F10<>"",G10<>"",H10<>""), _xlfn.CONCAT(J10:L10), "") -> hun² | F10: h | G10: =IFERROR( MID(D10, LEN(F10)+1, LEN(D10) - LEN(F10) - 1), "") -> un | H10: =RIGHT(D10,1) -> 2 | J10: {=IFERROR( IF(F10<>"", INDEX(聲母對照表[國際音標], MATCH(TRUE, EXACT('輸入工具 (閩拼方案)'!F10, 聲母對照表[閩拼方案]), 0)), ""), "")} -> h | K10: {=IFERROR( IF(G10<>"", INDEX(韻母對照表[國際音標], MATCH(TRUE, EXACT('輸入工具 (閩拼方案)'!G10, 韻母對照表[閩拼方案]), 0)), ""), "")} -> un | L10: {=IF(H10<>"", INDEX(上標對照表[上標值], MATCH(TRUE, EXACT('輸入工具 (閩拼方案)'!H10, 上標對照表[調號]), 0)), "")} -> ²
B11: =ROW() - 4 -> 7 | C11: 間 | D11: ging1 | E11: =IF(AND(F11<>"",G11<>"",H11<>""), _xlfn.CONCAT(J11:L11), "") -> kiŋ¹ | F11: g | G11: =IFERROR( MID(D11, LEN(F11)+1, LEN(D11) - LEN(F11) - 1), "") -> ing | H11: =RIGHT(D11,1) -> 1 | J11: {=IFERROR( IF(F11<>"", INDEX(聲母對照表[國際音標], MATCH(TRUE, EXACT('輸入工具 (閩拼方案)'!F11, 聲母對照表[閩拼方案]), 0)), ""), "")} -> k | K11: {=IFERROR( IF(G11<>"", INDEX(韻母對照表[國際音標], MATCH(TRUE, EXACT('輸入工具 (閩拼方案)'!G11, 韻母對照表[閩拼方案]), 0)), ""), "")} -> iŋ | L11: {=IF(H11<>"", INDEX(上標對照表[上標值], MATCH(TRUE, EXACT('輸入工具 (閩拼方案)'!H11, 上標對照表[調號]), 0)), "")} -> ¹
B12: =ROW() - 4 -> 8 | C12: ， | E12: =IF(AND(F12<>"",G12<>"",H12<>""), _xlfn.CONCAT(J12:L12), "") | G12: =IFERROR( MID(D12, LEN(F12)+1, LEN(D12) - LEN(F12) - 1), "") | H12: =RIGHT(D12,1) | J12: {=IFERROR( IF(F12<>"", INDEX(聲母對照表[國際音標], MATCH(TRUE, EXACT('輸入工具 (閩拼方案)'!F12, 聲母對照表[閩拼方案]), 0)), ""), "")} | K12: {=IFERROR( IF(G12<>"", INDEX(韻母對照表[國際音標], MATCH(TRUE, EXACT('輸入工具 (閩拼方案)'!G12, 韻母對照表[閩拼方案]), 0)), ""), "")} | L12: {=IF(H12<>"", INDEX(上標對照表[上標值], MATCH(TRUE, EXACT('輸入工具 (閩拼方案)'!H12, 上標對照表[調號]), 0)), "")}
B13: =ROW() - 4 -> 9 | C13: 一 | D13: yit7 | E13: =IF(AND(F13<>"",G13<>"",H13<>""), _xlfn.CONCAT(J13:L13), "") -> it̚⁷ | F13: y | G13: =IFERROR( MID(D13, LEN(F13)+1, LEN(D13) - LEN(F13) - 1), "") -> it | H13: =RIGHT(D13,1) -> 7 | J13: {=IFERROR( IF(F13<>"", INDEX(聲母對照表[國際音標], MATCH(TRUE, EXACT('輸入工具 (閩拼方案)'!F13, 聲母對照表[閩拼方案]), 0)), ""), "")} | K13: {=IFERROR( IF(G13<>"", INDEX(韻母對照表[國際音標], MATCH(TRUE, EXACT('輸入工具 (閩拼方案)'!G13, 韻母對照表[閩拼方案]), 0)), ""), "")} -> it̚ | L13: {=IF(H13<>"", INDEX(上標對照表[上標值], MATCH(TRUE, EXACT('輸入工具 (閩拼方案)'!H13, 上標對照表[調號]), 0)), "")} -> ⁷
B14: =ROW() - 4 -> 10 | C14: 片 | D14: pian5 | E14: =IF(AND(F14<>"",G14<>"",H14<>""), _xlfn.CONCAT(J14:L14), "") -> pʰɪan⁵ | F14: p | G14: =IFERROR( MID(D14, LEN(F14)+1, LEN(D14) - LEN(F14) - 1), "") -> ian | H14: =RIGHT(D14,1) -> 5 | J14: {=IFERROR( IF(F14<>"", INDEX(聲母對照表[國際音標], MATCH(TRUE, EXACT('輸入工具 (閩拼方案)'!F14, 聲母對照表[閩拼方案]), 0)), ""), "")} -> pʰ | K14: {=IFERROR( IF(G14<>"", INDEX(韻母對照表[國際音標], MATCH(TRUE, EXACT('輸入工具 (閩拼方案)'!G14, 韻母對照表[閩拼方案]), 0)), ""), "")} -> ɪan | L14: {=IF(H14<>"", INDEX(上標對照表[上標值], MATCH(TRUE, EXACT('輸入工具 (閩拼方案)'!H14, 上標對照表[調號]), 0)), "")} -> ⁵
B15: =ROW() - 4 -> 11 | C15: 孤 | D15: goo1 | E15: =IF(AND(F15<>"",G15<>"",H15<>""), _xlfn.CONCAT(J15:L15), "") -> kɔ¹ | F15: g | G15: =IFERROR( MID(D15, LEN(F15)+1, LEN(D15) - LEN(F15) - 1), "") -> oo | H15: =RIGHT(D15,1) -> 1 | J15: {=IFERROR( IF(F15<>"", INDEX(聲母對照表[國際音標], MATCH(TRUE, EXACT('輸入工具 (閩拼方案)'!F15, 聲母對照表[閩拼方案]), 0)), ""), "")} -> k | K15: {=IFERROR( IF(G15<>"", INDEX(韻母對照表[國際音標], MATCH(TRUE, EXACT('輸入工具 (閩拼方案)'!G15, 韻母對照表[閩拼方案]), 0)), ""), "")} -> ɔ | L15: {=IF(H15<>"", INDEX(上標對照表[上標值], MATCH(TRUE, EXACT('輸入工具 (閩拼方案)'!H15, 上標對照表[調號]), 0)), "")} -> ¹
B16: =ROW() - 4 -> 12 | C16: 城 | D16: sing2 | E16: =IF(AND(F16<>"",G16<>"",H16<>""), _xlfn.CONCAT(J16:L16), "") -> siŋ² | F16: s | G16: =IFERROR( MID(D16, LEN(F16)+1, LEN(D16) - LEN(F16) - 1), "") -> ing | H16: =RIGHT(D16,1) -> 2 | J16: {=IFERROR( IF(F16<>"", INDEX(聲母對照表[國際音標], MATCH(TRUE, EXACT('輸入工具 (閩拼方案)'!F16, 聲母對照表[閩拼方案]), 0)), ""), "")} -> s | K16: {=IFERROR( IF(G16<>"", INDEX(韻母對照表[國際音標], MATCH(TRUE, EXACT('輸入工具 (閩拼方案)'!G16, 韻母對照表[閩拼方案]), 0)), ""), "")} -> iŋ | L16: {=IF(H16<>"", INDEX(上標對照表[上標值], MATCH(TRUE, EXACT('輸入工具 (閩拼方案)'!H16, 上標對照表[調號]), 0)), "")} -> ²
B17: =ROW() - 4 -> 13 | C17: 萬 | D17: bban3 | E17: =IF(AND(F17<>"",G17<>"",H17<>""), _xlfn.CONCAT(J17:L17), "") -> ban³ | F17: bb | G17: =IFERROR( MID(D17, LEN(F17)+1, LEN(D17) - LEN(F17) - 1), "") -> an | H17: =RIGHT(D17,1) -> 3 | J17: {=IFERROR( IF(F17<>"", INDEX(聲母對照表[國際音標], MATCH(TRUE, EXACT('輸入工具 (閩拼方案)'!F17, 聲母對照表[閩拼方案]), 0)), ""), "")} -> b | K17: {=IFERROR( IF(G17<>"", INDEX(韻母對照表[國際音標], MATCH(TRUE, EXACT('輸入工具 (閩拼方案)'!G17, 韻母對照表[閩拼方案]), 0)), ""), "")} -> an | L17: {=IF(H17<>"", INDEX(上標對照表[上標值], MATCH(TRUE, EXACT('輸入工具 (閩拼方案)'!H17, 上標對照表[調號]), 0)), "")} -> ³
B18: =ROW() - 4 -> 14 | C18: 仞 | D18: zzim6 | E18: =IF(AND(F18<>"",G18<>"",H18<>""), _xlfn.CONCAT(J18:L18), "") -> ʣim⁶ | F18: zz | G18: =IFERROR( MID(D18, LEN(F18)+1, LEN(D18) - LEN(F18) - 1), "") -> im | H18: =RIGHT(D18,1) -> 6 | J18: {=IFERROR( IF(F18<>"", INDEX(聲母對照表[國際音標], MATCH(TRUE, EXACT('輸入工具 (閩拼方案)'!F18, 聲母對照表[閩拼方案]), 0)), ""), "")} -> ʣ | K18: {=IFERROR( IF(G18<>"", INDEX(韻母對照表[國際音標], MATCH(TRUE, EXACT('輸入工具 (閩拼方案)'!G18, 韻母對照表[閩拼方案]), 0)), ""), "")} -> im | L18: {=IF(H18<>"", INDEX(上標對照表[上標值], MATCH(TRUE, EXACT('輸入工具 (閩拼方案)'!H18, 上標對照表[調號]), 0)), "")} -> ⁶
B19: =ROW() - 4 -> 15 | C19: 山 | D19: san1 | E19: =IF(AND(F19<>"",G19<>"",H19<>""), _xlfn.CONCAT(J19:L19), "") -> san¹ | F19: s | G19: =IFERROR( MID(D19, LEN(F19)+1, LEN(D19) - LEN(F19) - 1), "") -> an | H19: =RIGHT(D19,1) -> 1 | J19: {=IFERROR( IF(F19<>"", INDEX(聲母對照表[國際音標], MATCH(TRUE, EXACT('輸入工具 (閩拼方案)'!F19, 聲母對照表[閩拼方案]), 0)), ""), "")} -> s | K19: {=IFERROR( IF(G19<>"", INDEX(韻母對照表[國際音標], MATCH(TRUE, EXACT('輸入工具 (閩拼方案)'!G19, 韻母對照表[閩拼方案]), 0)), ""), "")} -> an | L19: {=IF(H19<>"", INDEX(上標對照表[上標值], MATCH(TRUE, EXACT('輸入工具 (閩拼方案)'!H19, 上標對照表[調號]), 0)), "")} -> ¹
B20: =ROW() - 4 -> 16 | C20: 。 | G20: =IFERROR( MID(D20, LEN(F20)+1, LEN(D20) - LEN(F20) - 1), "") | H20: =RIGHT(D20,1) | J20: {=IFERROR( IF(F20<>"", INDEX(聲母對照表[國際音標], MATCH(TRUE, EXACT('輸入工具 (閩拼方案)'!F20, 聲母對照表[閩拼方案]), 0)), ""), "")} | K20: {=IFERROR( IF(G20<>"", INDEX(韻母對照表[國際音標], MATCH(TRUE, EXACT('輸入工具 (閩拼方案)'!G20, 韻母對照表[閩拼方案]), 0)), ""), "")} | L20: {=IF(H20<>"", INDEX(上標對照表[上標值], MATCH(TRUE, EXACT('輸入工具 (閩拼方案)'!H20, 上標對照表[調號]), 0)), "")}
B21: =ROW() - 4 -> 17 | C21: 羌 | D21: gniu1 | E21: =IF(AND(F21<>"",G21<>"",H21<>""), _xlfn.CONCAT(J21:L21), "") -> kɪũ¹ | F21: g | G21: =IFERROR( MID(D21, LEN(F21)+1, LEN(D21) - LEN(F21) - 1), "") -> niu | H21: =RIGHT(D21,1) -> 1 | J21: {=IFERROR( IF(F21<>"", INDEX(聲母對照表[國際音標], MATCH(TRUE, EXACT('輸入工具 (閩拼方案)'!F21, 聲母對照表[閩拼方案]), 0)), ""), "")} -> k | K21: {=IFERROR( IF(G21<>"", INDEX(韻母對照表[國際音標], MATCH(TRUE, EXACT('輸入工具 (閩拼方案)'!G21, 韻母對照表[閩拼方案]), 0)), ""), "")} -> ɪũ | L21: {=IF(H21<>"", INDEX(上標對照表[上標值], MATCH(TRUE, EXACT('輸入工具 (閩拼方案)'!H21, 上標對照表[調號]), 0)), "")} -> ¹
B22: =ROW() - 4 -> 18 | C22: 笛 | D22: dik8 | E22: =IF(AND(F22<>"",G22<>"",H22<>""), _xlfn.CONCAT(J22:L22), "") -> tik̚⁸ | F22: d | G22: =IFERROR( MID(D22, LEN(F22)+1, LEN(D22) - LEN(F22) - 1), "") -> ik | H22: =RIGHT(D22,1) -> 8 | J22: {=IFERROR( IF(F22<>"", INDEX(聲母對照表[國際音標], MATCH(TRUE, EXACT('輸入工具 (閩拼方案)'!F22, 聲母對照表[閩拼方案]), 0)), ""), "")} -> t | K22: {=IFERROR( IF(G22<>"", INDEX(韻母對照表[國際音標], MATCH(TRUE, EXACT('輸入工具 (閩拼方案)'!G22, 韻母對照表[閩拼方案]), 0)), ""), "")} -> ik̚ | L22: {=IF(H22<>"", INDEX(上標對照表[上標值], MATCH(TRUE, EXACT('輸入工具 (閩拼方案)'!H22, 上標對照表[調號]), 0)), "")} -> ⁸
B23: =ROW() - 4 -> 19 | C23: 何 | D23: ho2 | E23: =IF(AND(F23<>"",G23<>"",H23<>""), _xlfn.CONCAT(J23:L23), "") -> hə² | F23: h | G23: =IFERROR( MID(D23, LEN(F23)+1, LEN(D23) - LEN(F23) - 1), "") -> o | H23: =RIGHT(D23,1) -> 2 | J23: {=IFERROR( IF(F23<>"", INDEX(聲母對照表[國際音標], MATCH(TRUE, EXACT('輸入工具 (閩拼方案)'!F23, 聲母對照表[閩拼方案]), 0)), ""), "")} -> h | K23: {=IFERROR( IF(G23<>"", INDEX(韻母對照表[國際音標], MATCH(TRUE, EXACT('輸入工具 (閩拼方案)'!G23, 韻母對照表[閩拼方案]), 0)), ""), "")} -> ə | L23: {=IF(H23<>"", INDEX(上標對照表[上標值], MATCH(TRUE, EXACT('輸入工具 (閩拼方案)'!H23, 上標對照表[調號]), 0)), "")} -> ²
B24: =ROW() - 4 -> 20 | C24: 須 | D24: su1 | E24: =IF(AND(F24<>"",G24<>"",H24<>""), _xlfn.CONCAT(J24:L24), "") -> su¹ | F24: s | G24: =IFERROR( MID(D24, LEN(F24)+1, LEN(D24) - LEN(F24) - 1), "") -> u | H24: =RIGHT(D24,1) -> 1 | J24: {=IFERROR( IF(F24<>"", INDEX(聲母對照表[國際音標], MATCH(TRUE, EXACT('輸入工具 (閩拼方案)'!F24, 聲母對照表[閩拼方案]), 0)), ""), "")} -> s | K24: {=IFERROR( IF(G24<>"", INDEX(韻母對照表[國際音標], MATCH(TRUE, EXACT('輸入工具 (閩拼方案)'!G24, 韻母對照表[閩拼方案]), 0)), ""), "")} -> u | L24: {=IF(H24<>"", INDEX(上標對照表[上標值], MATCH(TRUE, EXACT('輸入工具 (閩拼方案)'!H24, 上標對照表[調號]), 0)), "")} -> ¹
B25: =ROW() - 4 -> 21 | C25: 怨 | D25: wan5 | E25: =IF(AND(F25<>"",G25<>"",H25<>""), _xlfn.CONCAT(J25:L25), "") -> uan⁵ | F25: w | G25: uan | H25: =RIGHT(D25,1) -> 5 | J25: {=IFERROR( IF(F25<>"", INDEX(聲母對照表[國際音標], MATCH(TRUE, EXACT('輸入工具 (閩拼方案)'!F25, 聲母對照表[閩拼方案]), 0)), ""), "")} | K25: {=IFERROR( IF(G25<>"", INDEX(韻母對照表[國際音標], MATCH(TRUE, EXACT('輸入工具 (閩拼方案)'!G25, 韻母對照表[閩拼方案]), 0)), ""), "")} -> uan | L25: {=IF(H25<>"", INDEX(上標對照表[上標值], MATCH(TRUE, EXACT('輸入工具 (閩拼方案)'!H25, 上標對照表[調號]), 0)), "")} -> ⁵
B26: =ROW() - 4 -> 22 | C26: 楊 | D26: ynu2 | E26: =IF(AND(F26<>"",G26<>"",H26<>""), _xlfn.CONCAT(J26:L26), "") -> ɪũ² | F26: y | G26: niu | H26: =RIGHT(D26,1) -> 2 | J26: {=IFERROR( IF(F26<>"", INDEX(聲母對照表[國際音標], MATCH(TRUE, EXACT('輸入工具 (閩拼方案)'!F26, 聲母對照表[閩拼方案]), 0)), ""), "")} | K26: {=IFERROR( IF(G26<>"", INDEX(韻母對照表[國際音標], MATCH(TRUE, EXACT('輸入工具 (閩拼方案)'!G26, 韻母對照表[閩拼方案]), 0)), ""), "")} -> ɪũ | L26: {=IF(H26<>"", INDEX(上標對照表[上標值], MATCH(TRUE, EXACT('輸入工具 (閩拼方案)'!H26, 上標對照表[調號]), 0)), "")} -> ²
B27: =ROW() - 4 -> 23 | C27: 柳 | D27: liu3 | E27: =IF(AND(F27<>"",G27<>"",H27<>""), _xlfn.CONCAT(J27:L27), "") -> lɪu³ | F27: l | G27: =IFERROR( MID(D27, LEN(F27)+1, LEN(D27) - LEN(F27) - 1), "") -> iu | H27: =RIGHT(D27,1) -> 3 | J27: {=IFERROR( IF(F27<>"", INDEX(聲母對照表[國際音標], MATCH(TRUE, EXACT('輸入工具 (閩拼方案)'!F27, 聲母對照表[閩拼方案]), 0)), ""), "")} -> l | K27: {=IFERROR( IF(G27<>"", INDEX(韻母對照表[國際音標], MATCH(TRUE, EXACT('輸入工具 (閩拼方案)'!G27, 韻母對照表[閩拼方案]), 0)), ""), "")} -> ɪu | L27: {=IF(H27<>"", INDEX(上標對照表[上標值], MATCH(TRUE, EXACT('輸入工具 (閩拼方案)'!H27, 上標對照表[調號]), 0)), "")} -> ³
B28: =ROW() - 4 -> 24 | C28: ， | E28: =IF(AND(F28<>"",G28<>"",H28<>""), _xlfn.CONCAT(J28:L28), "") | G28: =IFERROR( MID(D28, LEN(F28)+1, LEN(D28) - LEN(F28) - 1), "") | H28: =RIGHT(D28,1) | J28: {=IFERROR( IF(F28<>"", INDEX(聲母對照表[國際音標], MATCH(TRUE, EXACT('輸入工具 (閩拼方案)'!F28, 聲母對照表[閩拼方案]), 0)), ""), "")} | K28: {=IFERROR( IF(G28<>"", INDEX(韻母對照表[國際音標], MATCH(TRUE, EXACT('輸入工具 (閩拼方案)'!G28, 韻母對照表[閩拼方案]), 0)), ""), "")} | L28: {=IF(H28<>"", INDEX(上標對照表[上標值], MATCH(TRUE, EXACT('輸入工具 (閩拼方案)'!H28, 上標對照表[調號]), 0)), "")}
B29: =ROW() - 4 -> 25 | C29: 春 | D29: cun1 | E29: =IF(AND(F29<>"",G29<>"",H29<>""), _xlfn.CONCAT(J29:L29), "") -> ʦʰun¹ | F29: c | G29: =IFERROR( MID(D29, LEN(F29)+1, LEN(D29) - LEN(F29) - 1), "") -> un | H29: =RIGHT(D29,1) -> 1 | J29: {=IFERROR( IF(F29<>"", INDEX(聲母對照表[國際音標], MATCH(TRUE, EXACT('輸入工具 (閩拼方案)'!F29, 聲母對照表[閩拼方案]), 0)), ""), "")} -> ʦʰ | K29: {=IFERROR( IF(G29<>"", INDEX(韻母對照表[國際音標], MATCH(TRUE, EXACT('輸入工具 (閩拼方案)'!G29, 韻母對照表[閩拼方案]), 0)), ""), "")} -> un | L29: {=IF(H29<>"", INDEX(上標對照表[上標值], MATCH(TRUE, EXACT('輸入工具 (閩拼方案)'!H29, 上標對照表[調號]), 0)), "")} -> ¹
B30: =ROW() - 4 -> 26 | C30: 風 | D30: hong1 | E30: =IF(AND(F30<>"",G30<>"",H30<>""), _xlfn.CONCAT(J30:L30), "") -> hɔŋ¹ | F30: h | G30: =IFERROR( MID(D30, LEN(F30)+1, LEN(D30) - LEN(F30) - 1), "") -> ong | H30: =RIGHT(D30,1) -> 1 | J30: {=IFERROR( IF(F30<>"", INDEX(聲母對照表[國際音標], MATCH(TRUE, EXACT('輸入工具 (閩拼方案)'!F30, 聲母對照表[閩拼方案]), 0)), ""), "")} -> h | K30: {=IFERROR( IF(G30<>"", INDEX(韻母對照表[國際音標], MATCH(TRUE, EXACT('輸入工具 (閩拼方案)'!G30, 韻母對照表[閩拼方案]), 0)), ""), "")} -> ɔŋ | L30: {=IF(H30<>"", INDEX(上標對照表[上標值], MATCH(TRUE, EXACT('輸入工具 (閩拼方案)'!H30, 上標對照表[調號]), 0)), "")} -> ¹
B31: =ROW() - 4 -> 27 | C31: 不 | D31: but7 | E31: =IF(AND(F31<>"",G31<>"",H31<>""), _xlfn.CONCAT(J31:L31), "") -> put̚⁷ | F31: b | G31: =IFERROR( MID(D31, LEN(F31)+1, LEN(D31) - LEN(F31) - 1), "") -> ut | H31: =RIGHT(D31,1) -> 7 | J31: {=IFERROR( IF(F31<>"", INDEX(聲母對照表[國際音標], MATCH(TRUE, EXACT('輸入工具 (閩拼方案)'!F31, 聲母對照表[閩拼方案]), 0)), ""), "")} -> p | K31: {=IFERROR( IF(G31<>"", INDEX(韻母對照表[國際音標], MATCH(TRUE, EXACT('輸入工具 (閩拼方案)'!G31, 韻母對照表[閩拼方案]), 0)), ""), "")} -> ut̚ | L31: {=IF(H31<>"", INDEX(上標對照表[上標值], MATCH(TRUE, EXACT('輸入工具 (閩拼方案)'!H31, 上標對照表[調號]), 0)), "")} -> ⁷
B32: =ROW() - 4 -> 28 | C32: 度 | D32: doo6 | E32: =IF(AND(F32<>"",G32<>"",H32<>""), _xlfn.CONCAT(J32:L32), "") -> tɔ⁶ | F32: d | G32: =IFERROR( MID(D32, LEN(F32)+1, LEN(D32) - LEN(F32) - 1), "") -> oo | H32: =RIGHT(D32,1) -> 6 | J32: {=IFERROR( IF(F32<>"", INDEX(聲母對照表[國際音標], MATCH(TRUE, EXACT('輸入工具 (閩拼方案)'!F32, 聲母對照表[閩拼方案]), 0)), ""), "")} -> t | K32: {=IFERROR( IF(G32<>"", INDEX(韻母對照表[國際音標], MATCH(TRUE, EXACT('輸入工具 (閩拼方案)'!G32, 韻母對照表[閩拼方案]), 0)), ""), "")} -> ɔ | L32: {=IF(H32<>"", INDEX(上標對照表[上標值], MATCH(TRUE, EXACT('輸入工具 (閩拼方案)'!H32, 上標對照表[調號]), 0)), "")} -> ⁶
B33: =ROW() - 4 -> 29 | C33: 玉 | D33: ggiok8 | E33: =IF(AND(F33<>"",G33<>"",H33<>""), _xlfn.CONCAT(J33:L33), "") -> ɡɪɔk̚⁸ | F33: gg | G33: =IFERROR( MID(D33, LEN(F33)+1, LEN(D33) - LEN(F33) - 1), "") -> iok | H33: =RIGHT(D33,1) -> 8 | J33: {=IFERROR( IF(F33<>"", INDEX(聲母對照表[國際音標], MATCH(TRUE, EXACT('輸入工具 (閩拼方案)'!F33, 聲母對照表[閩拼方案]), 0)), ""), "")} -> ɡ | K33: {=IFERROR( IF(G33<>"", INDEX(韻母對照表[國際音標], MATCH(TRUE, EXACT('輸入工具 (閩拼方案)'!G33, 韻母對照表[閩拼方案]), 0)), ""), "")} -> ɪɔk̚ | L33: {=IF(H33<>"", INDEX(上標對照表[上標值], MATCH(TRUE, EXACT('輸入工具 (閩拼方案)'!H33, 上標對照表[調號]), 0)), "")} -> ⁸
B34: =ROW() - 4 -> 30 | C34: 門 | D34: bbng2 | E34: =IF(AND(F34<>"",G34<>"",H34<>""), _xlfn.CONCAT(J34:L34), "") -> bŋ̍² | F34: bb | G34: =IFERROR( MID(D34, LEN(F34)+1, LEN(D34) - LEN(F34) - 1), "") -> ng | H34: =RIGHT(D34,1) -> 2 | J34: {=IFERROR( IF(F34<>"", INDEX(聲母對照表[國際音標], MATCH(TRUE, EXACT('輸入工具 (閩拼方案)'!F34, 聲母對照表[閩拼方案]), 0)), ""), "")} -> b | K34: {=IFERROR( IF(G34<>"", INDEX(韻母對照表[國際音標], MATCH(TRUE, EXACT('輸入工具 (閩拼方案)'!G34, 韻母對照表[閩拼方案]), 0)), ""), "")} -> ŋ̍ | L34: {=IF(H34<>"", INDEX(上標對照表[上標值], MATCH(TRUE, EXACT('輸入工具 (閩拼方案)'!H34, 上標對照表[調號]), 0)), "")} -> ²
B35: =ROW() - 4 -> 31 | C35: 關 | D35: guan1 | E35: =IF(AND(F35<>"",G35<>"",H35<>""), _xlfn.CONCAT(J35:L35), "") -> kuan¹ | F35: g | G35: =IFERROR( MID(D35, LEN(F35)+1, LEN(D35) - LEN(F35) - 1), "") -> uan | H35: =RIGHT(D35,1) -> 1 | J35: {=IFERROR( IF(F35<>"", INDEX(聲母對照表[國際音標], MATCH(TRUE, EXACT('輸入工具 (閩拼方案)'!F35, 聲母對照表[閩拼方案]), 0)), ""), "")} -> k | K35: {=IFERROR( IF(G35<>"", INDEX(韻母對照表[國際音標], MATCH(TRUE, EXACT('輸入工具 (閩拼方案)'!G35, 韻母對照表[閩拼方案]), 0)), ""), "")} -> uan | L35: {=IF(H35<>"", INDEX(上標對照表[上標值], MATCH(TRUE, EXACT('輸入工具 (閩拼方案)'!H35, 上標對照表[調號]), 0)), "")} -> ¹
B36: =ROW() - 4 -> 32 | C36: 。 | G36: =IFERROR( MID(D36, LEN(F36)+1, LEN(D36) - LEN(F36) - 1), "") | H36: =RIGHT(D36,1) | J36: {=IFERROR( IF(F36<>"", INDEX(聲母對照表[國際音標], MATCH(TRUE, EXACT('輸入工具 (閩拼方案)'!F36, 聲母對照表[閩拼方案]), 0)), ""), "")} | K36: {=IFERROR( IF(G36<>"", INDEX(韻母對照表[國際音標], MATCH(TRUE, EXACT('輸入工具 (閩拼方案)'!G36, 韻母對照表[閩拼方案]), 0)), ""), "")} | L36: {=IF(H36<>"", INDEX(上標對照表[上標值], MATCH(TRUE, EXACT('輸入工具 (閩拼方案)'!H36, 上標對照表[調號]), 0)), "")}
J39: {=IF(F39<>"", INDEX(聲母對照表[國際音標], MATCH(TRUE, EXACT('輸入工具 (閩拼方案)'!F39, 聲母對照表[閩拼方案]), 0)), "")} | K39: {=IF(G39<>"", INDEX(韻母對照表[國際音標], MATCH(TRUE, EXACT('輸入工具 (閩拼方案)'!G39, 韻母對照表[閩拼方案]), 0)), "")} | L39: {=IF(H39<>"", INDEX(#REF!, MATCH(TRUE, EXACT('輸入工具 (閩拼方案)'!H39,#REF!), 0)), "")}

Sheet 輸入工具 (台語注音二式)
B2: =_xlfn.CONCAT("【", D4, "】") -> 【閩拼方案】
B4: 序號 | C4: 漢字 | D4: 閩拼方案 | E4: 國際音標 | F4: 聲母 | G4: 韻母 | H4: 音調 | J4: 聲母 | K4: 韻母 | L4: 音調
B5: =ROW() - 4 -> 1 | C5: 黄 | D5: hong5 | E5: =IF(AND(G5<>"",H5<>""), _xlfn.CONCAT(J5:L5), "") -> hɔŋ⁵ | F5: h | G5: =IFERROR( MID(D5, LEN(F5)+1, LEN(D5) - LEN(F5) - 1), "") -> ong | H5: =RIGHT(D5,1) -> 5 | J5: {=IFERROR( IF(F5<>"", INDEX(聲母對照表[國際音標], MATCH(TRUE, EXACT('輸入工具 (台語注音二式)'!F5, 聲母對照表[注音二式]), 0)), ""), "")} -> h | K5: {=IFERROR( IF(G5<>"", INDEX(韻母對照表[國際音標], MATCH(TRUE, EXACT('輸入工具 (台語注音二式)'!G5, 韻母對照表[台語注音二式]), 0)), ""), "")} -> ɔŋ | L5: {=IF(H5<>"", INDEX(上標對照表[上標值], MATCH(TRUE, EXACT(H5, 上標對照表[調號]), 0)), "")} -> ⁵
B6: =ROW() - 4 -> 2 | C6: 河 | D6: hor5 | E6: =IF(AND(G6<>"",H6<>""), _xlfn.CONCAT(J6:L6), "") -> hə⁵ | F6: h | G6: =IFERROR( MID(D6, LEN(F6)+1, LEN(D6) - LEN(F6) - 1), "") -> or | H6: =RIGHT(D6,1) -> 5 | J6: {=IFERROR( IF(F6<>"", INDEX(聲母對照表[國際音標], MATCH(TRUE, EXACT('輸入工具 (台語注音二式)'!F6, 聲母對照表[注音二式]), 0)), ""), "")} -> h | K6: {=IFERROR( IF(G6<>"", INDEX(韻母對照表[國際音標], MATCH(TRUE, EXACT('輸入工具 (台語注音二式)'!G6, 韻母對照表[台語注音二式]), 0)), ""), "")} -> ə | L6: {=IF(H6<>"", INDEX(上標對照表[上標值], MATCH(TRUE, EXACT(H6, 上標對照表[調號]), 0)), "")} -> ⁵
B7: =ROW() - 4 -> 3 | C7: 遠 | D7: uan2 | E7: =IF(AND(G7<>"",H7<>""), _xlfn.CONCAT(J7:L7), "") -> uan² | G7: uan | H7: =RIGHT(D7,1) -> 2 | J7: {=IFERROR( IF(F7<>"", INDEX(聲母對照表[國際音標], MATCH(TRUE, EXACT('輸入工具 (台語注音二式)'!F7, 聲母對照表[注音二式]), 0)), ""), "")} | K7: {=IFERROR( IF(G7<>"", INDEX(韻母對照表[國際音標], MATCH(TRUE, EXACT('輸入工具 (台語注音二式)'!G7, 韻母對照表[台語注音二式]), 0)), ""), "")} -> uan | L7: {=IF(H7<>"", INDEX(上標對照表[上標值], MATCH(TRUE, EXACT(H7, 上標對照表[調號]), 0)), "")} -> ²
B8: =ROW() - 4 -> 4 | C8: 上 | D8: shiong2 | E8: =IF(AND(G8<>"",H8<>""), _xlfn.CONCAT(J8:L8), "") -> ɕɪɔŋ² | F8: sh | G8: =IFERROR( MID(D8, LEN(F8)+1, LEN(D8) - LEN(F8) - 1), "") -> iong | H8: =RIGHT(D8,1) -> 2 | J8: {=IFERROR( IF(F8<>"", INDEX(聲母對照表[國際音標], MATCH(TRUE, EXACT('輸入工具 (台語注音二式)'!F8, 聲母對照表[注音二式]), 0)), ""), "")} -> ɕ | K8: {=IFERROR( IF(G8<>"", INDEX(韻母對照表[國際音標], MATCH(TRUE, EXACT('輸入工具 (台語注音二式)'!G8, 韻母對照表[台語注音二式]), 0)), ""), "")} -> ɪɔŋ | L8: {=IF(H8<>"", INDEX(上標對照表[上標值], MATCH(TRUE, EXACT(H8, 上標對照表[調號]), 0)), "")} -> ²
B9: =ROW() - 4 -> 5 | C9: 白 | D9: biek8 | E9: =IF(AND(G9<>"",H9<>""), _xlfn.CONCAT(J9:L9), "") -> pik̚⁸ | F9: b | G9: =IFERROR( MID(D9, LEN(F9)+1, LEN(D9) - LEN(F9) - 1), "") -> iek | H9: =RIGHT(D9,1) -> 8 | J9: {=IFERROR( IF(F9<>"", INDEX(聲母對照表[國際音標], MATCH(TRUE, EXACT('輸入工具 (台語注音二式)'!F9, 聲母對照表[注音二式]), 0)), ""), "")} -> p | K9: {=IFERROR( IF(G9<>"", INDEX(韻母對照表[國際音標], MATCH(TRUE, EXACT('輸入工具 (台語注音二式)'!G9, 韻母對照表[台語注音二式]), 0)), ""), "")} -> ik̚ | L9: {=IF(H9<>"", INDEX(上標對照表[上標值], MATCH(TRUE, EXACT(H9, 上標對照表[調號]), 0)), "")} -> ⁸
B10: =ROW() - 4 -> 6 | C10: 雲 | D10: hun5 | E10: =IF(AND(G10<>"",H10<>""), _xlfn.CONCAT(J10:L10), "") -> hun⁵ | F10: h | G10: =IFERROR( MID(D10, LEN(F10)+1, LEN(D10) - LEN(F10) - 1), "") -> un | H10: =RIGHT(D10,1) -> 5 | J10: {=IFERROR( IF(F10<>"", INDEX(聲母對照表[國際音標], MATCH(TRUE, EXACT('輸入工具 (台語注音二式)'!F10, 聲母對照表[注音二式]), 0)), ""), "")} -> h | K10: {=IFERROR( IF(G10<>"", INDEX(韻母對照表[國際音標], MATCH(TRUE, EXACT('輸入工具 (台語注音二式)'!G10, 韻母對照表[台語注音二式]), 0)), ""), "")} -> un | L10: {=IF(H10<>"", INDEX(上標對照表[上標值], MATCH(TRUE, EXACT(H10, 上標對照表[調號]), 0)), "")} -> ⁵
B11: =ROW() - 4 -> 7 | C11: 間 | D11: gan1 | E11: =IF(AND(G11<>"",H11<>""), _xlfn.CONCAT(J11:L11), "") -> kan¹ | F11: g | G11: =IFERROR( MID(D11, LEN(F11)+1, LEN(D11) - LEN(F11) - 1), "") -> an | H11: =RIGHT(D11,1) -> 1 | J11: {=IFERROR( IF(F11<>"", INDEX(聲母對照表[國際音標], MATCH(TRUE, EXACT('輸入工具 (台語注音二式)'!F11, 聲母對照表[注音二式]), 0)), ""), "")} -> k | K11: {=IFERROR( IF(G11<>"", INDEX(韻母對照表[國際音標], MATCH(TRUE, EXACT('輸入工具 (台語注音二式)'!G11, 韻母對照表[台語注音二式]), 0)), ""), "")} -> an | L11: {=IF(H11<>"", INDEX(上標對照表[上標值], MATCH(TRUE, EXACT(H11, 上標對照表[調號]), 0)), "")} -> ¹
B12: =ROW() - 4 -> 8 | C12: ， | E12: =IF(AND(G12<>"",H12<>""), _xlfn.CONCAT(J12:L12), "") | G12: =IFERROR( MID(D12, LEN(F12)+1, LEN(D12) - LEN(F12) - 1), "") | H12: =RIGHT(D12,1) | J12: {=IFERROR( IF(F12<>"", INDEX(聲母對照表[國際音標], MATCH(TRUE, EXACT('輸入工具 (台語注音二式)'!F12, 聲母對照表[注音二式]), 0)), ""), "")} | K12: {=IFERROR( IF(G12<>"", INDEX(韻母對照表[國際音標], MATCH(TRUE, EXACT('輸入工具 (台語注音二式)'!G12, 韻母對照表[台語注音二式]), 0)), ""), "")} | L12: {=IF(H12<>"", INDEX(上標對照表[上標值], MATCH(TRUE, EXACT(H12, 上標對照表[調號]), 0)), "")}
B13: =ROW() - 4 -> 9 | C13: 一 | D13: it4 | E13: =IF(AND(G13<>"",H13<>""), _xlfn.CONCAT(J13:L13), "") -> it̚⁴ | G13: =IFERROR( MID(D13, LEN(F13)+1, LEN(D13) - LEN(F13) - 1), "") -> it | H13: =RIGHT(D13,1) -> 4 | J13: {=IFERROR( IF(F13<>"", INDEX(聲母對照表[國際音標], MATCH(TRUE, EXACT('輸入工具 (台語注音二式)'!F13, 聲母對照表[注音二式]), 0)), ""), "")} | K13: {=IFERROR( IF(G13<>"", INDEX(韻母對照表[國際音標], MATCH(TRUE, EXACT('輸入工具 (台語注音二式)'!G13, 韻母對照表[台語注音二式]), 0)), ""), "")} -> it̚ | L13: {=IF(H13<>"", INDEX(上標對照表[上標值], MATCH(TRUE, EXACT(H13, 上標對照表[調號]), 0)), "")} -> ⁴
B14: =ROW() - 4 -> 10 | C14: 片 | D14: pian3 | E14: =IF(AND(G14<>"",H14<>""), _xlfn.CONCAT(J14:L14), "") -> pʰɪan³ | F14: p | G14: =IFERROR( MID(D14, LEN(F14)+1, LEN(D14) - LEN(F14) - 1), "") -> ian | H14: =RIGHT(D14,1) -> 3 | J14: {=IFERROR( IF(F14<>"", INDEX(聲母對照表[國際音標], MATCH(TRUE, EXACT('輸入工具 (台語注音二式)'!F14, 聲母對照表[注音二式]), 0)), ""), "")} -> pʰ | K14: {=IFERROR( IF(G14<>"", INDEX(韻母對照表[國際音標], MATCH(TRUE, EXACT('輸入工具 (台語注音二式)'!G14, 韻母對照表[台語注音二式]), 0)), ""), "")} -> ɪan | L14: {=IF(H14<>"", INDEX(上標對照表[上標值], MATCH(TRUE, EXACT(H14, 上標對照表[調號]), 0)), "")} -> ³
B15: =ROW() - 4 -> 11 | C15: 孤 | D15: goo1 | E15: =IF(AND(G15<>"",H15<>""), _xlfn.CONCAT(J15:L15), "") -> kɔ¹ | F15: g | G15: =IFERROR( MID(D15, LEN(F15)+1, LEN(D15) - LEN(F15) - 1), "") -> oo | H15: =RIGHT(D15,1) -> 1 | J15: {=IFERROR( IF(F15<>"", INDEX(聲母對照表[國際音標], MATCH(TRUE, EXACT('輸入工具 (台語注音二式)'!F15, 聲母對照表[注音二式]), 0)), ""), "")} -> k | K15: {=IFERROR( IF(G15<>"", INDEX(韻母對照表[國際音標], MATCH(TRUE, EXACT('輸入工具 (台語注音二式)'!G15, 韻母對照表[台語注音二式]), 0)), ""), "")} -> ɔ | L15: {=IF(H15<>"", INDEX(上標對照表[上標值], MATCH(TRUE, EXACT(H15, 上標對照表[調號]), 0)), "")} -> ¹
B16: =ROW() - 4 -> 12 | C16: 城 | D16: sing5 | E16: =IF(AND(G16<>"",H16<>""), _xlfn.CONCAT(J16:L16), "") -> siŋ⁵ | F16: s | G16: =IFERROR( MID(D16, LEN(F16)+1, LEN(D16) - LEN(F16) - 1), "") -> ing | H16: =RIGHT(D16,1) -> 5 | J16: {=IFERROR( IF(F16<>"", INDEX(聲母對照表[國際音標], MATCH(TRUE, EXACT('輸入工具 (台語注音二式)'!F16, 聲母對照表[注音二式]), 0)), ""), "")} -> s | K16: {=IFERROR( IF(G16<>"", INDEX(韻母對照表[國際音標], MATCH(TRUE, EXACT('輸入工具 (台語注音二式)'!G16, 韻母對照表[台語注音二式]), 0)), ""), "")} -> iŋ | L16: {=IF(H16<>"", INDEX(上標對照表[上標值], MATCH(TRUE, EXACT(H16, 上標對照表[調號]), 0)), "")} -> ⁵
B17: =ROW() - 4 -> 13 | C17: 萬 | D17: bban7 | E17: =IF(AND(G17<>"",H17<>""), _xlfn.CONCAT(J17:L17), "") -> ban⁷ | F17: bb | G17: =IFERROR( MID(D17, LEN(F17)+1, LEN(D17) - LEN(F17) - 1), "") -> an | H17: =RIGHT(D17,1) -> 7 | J17: {=IFERROR( IF(F17<>"", INDEX(聲母對照表[國際音標], MATCH(TRUE, EXACT('輸入工具 (台語注音二式)'!F17, 聲母對照表[注音二式]), 0)), ""), "")} -> b | K17: {=IFERROR( IF(G17<>"", INDEX(韻母對照表[國際音標], MATCH(TRUE, EXACT('輸入工具 (台語注音二式)'!G17, 韻母對照表[台語注音二式]), 0)), ""), "")} -> an | L17: {=IF(H17<>"", INDEX(上標對照表[上標值], MATCH(TRUE, EXACT(H17, 上標對照表[調號]), 0)), "")} -> ⁷
B18: =ROW() - 4 -> 14 | C18: 仞 | D18: jjim7 | E18: =IF(AND(G18<>"",H18<>""), _xlfn.CONCAT(J18:L18), "") -> ʥim⁷ | F18: jj | G18: =IFERROR( MID(D18, LEN(F18)+1, LEN(D18) - LEN(F18) - 1), "") -> im | H18: =RIGHT(D18,1) -> 7 | J18: {=IFERROR( IF(F18<>"", INDEX(聲母對照表[國際音標], MATCH(TRUE, EXACT('輸入工具 (台語注音二式)'!F18, 聲母對照表[注音二式]), 0)), ""), "")} -> ʥ | K18: {=IFERROR( IF(G18<>"", INDEX(韻母對照表[國際音標], MATCH(TRUE, EXACT('輸入工具 (台語注音二式)'!G18, 韻母對照表[台語注音二式]), 0)), ""), "")} -> im | L18: {=IF(H18<>"", INDEX(上標對照表[上標值], MATCH(TRUE, EXACT(H18, 上標對照表[調號]), 0)), "")} -> ⁷
B19: =ROW() - 4 -> 15 | C19: 山 | D19: san1 | E19: =IF(AND(G19<>"",H19<>""), _xlfn.CONCAT(J19:L19), "") -> san¹ | F19: s | G19: =IFERROR( MID(D19, LEN(F19)+1, LEN(D19) - LEN(F19) - 1), "") -> an | H19: =RIGHT(D19,1) -> 1 | J19: {=IFERROR( IF(F19<>"", INDEX(聲母對照表[國際音標], MATCH(TRUE, EXACT('輸入工具 (台語注音二式)'!F19, 聲母對照表[注音二式]), 0)), ""), "")} -> s | K19: {=IFERROR( IF(G19<>"", INDEX(韻母對照表[國際音標], MATCH(TRUE, EXACT('輸入工具 (台語注音二式)'!G19, 韻母對照表[台語注音二式]), 0)), ""), "")} -> an | L19: {=IF(H19<>"", INDEX(上標對照表[上標值], MATCH(TRUE, EXACT(H19, 上標對照表[調號]), 0)), "")} -> ¹
B20: =ROW() - 4 -> 16 | C20: 。 | E20: =IF(AND(G20<>"",H20<>""), _xlfn.CONCAT(J20:L20), "") | G20: =IFERROR( MID(D20, LEN(F20)+1, LEN(D20) - LEN(F20) - 1), "") | H20: =RIGHT(D20,1) | J20: {=IFERROR( IF(F20<>"", INDEX(聲母對照表[國際音標], MATCH(TRUE, EXACT('輸入工具 (台語注音二式)'!F20, 聲母對照表[注音二式]), 0)), ""), "")} | K20: {=IFERROR( IF(G20<>"", INDEX(韻母對照表[國際音標], MATCH(TRUE, EXACT('輸入工具 (台語注音二式)'!G20, 韻母對照表[台語注音二式]), 0)), ""), "")} | L20: {=IF(H20<>"", INDEX(上標對照表[上標值], MATCH(TRUE, EXACT(H20, 上標對照表[調號]), 0)), "")}
B21: =ROW() - 4 -> 17 | C21: 羌 | D21: giunn1 | E21: =IF(AND(G21<>"",H21<>""), _xlfn.CONCAT(J21:L21), "") -> kɪũ¹ | F21: g | G21: =IFERROR( MID(D21, LEN(F21)+1, LEN(D21) - LEN(F21) - 1), "") -> iunn | H21: =RIGHT(D21,1) -> 1 | J21: {=IFERROR( IF(F21<>"", INDEX(聲母對照表[國際音標], MATCH(TRUE, EXACT('輸入工具 (台語注音二式)'!F21, 聲母對照表[注音二式]), 0)), ""), "")} -> k | K21: {=IFERROR( IF(G21<>"", INDEX(韻母對照表[國際音標], MATCH(TRUE, EXACT('輸入工具 (台語注音二式)'!G21, 韻母對照表[台語注音二式]), 0)), ""), "")} -> ɪũ | L21: {=IF(H21<>"", INDEX(上標對照表[上標值], MATCH(TRUE, EXACT(H21, 上標對照表[調號]), 0)), "")} -> ¹
B22: =ROW() - 4 -> 18 | C22: 笛 | D22: diek8 | E22: =IF(AND(G22<>"",H22<>""), _xlfn.CONCAT(J22:L22), "") -> tik̚⁸ | F22: d | G22: =IFERROR( MID(D22, LEN(F22)+1, LEN(D22) - LEN(F22) - 1), "") -> iek | H22: =RIGHT(D22,1) -> 8 | J22: {=IFERROR( IF(F22<>"", INDEX(聲母對照表[國際音標], MATCH(TRUE, EXACT('輸入工具 (台語注音二式)'!F22, 聲母對照表[注音二式]), 0)), ""), "")} -> t | K22: {=IFERROR( IF(G22<>"", INDEX(韻母對照表[國際音標], MATCH(TRUE, EXACT('輸入工具 (台語注音二式)'!G22, 韻母對照表[台語注音二式]), 0)), ""), "")} -> ik̚ | L22: {=IF(H22<>"", INDEX(上標對照表[上標值], MATCH(TRUE, EXACT(H22, 上標對照表[調號]), 0)), "")} -> ⁸
B23: =ROW() - 4 -> 19 | C23: 何 | D23: hor5 | E23: =IF(AND(G23<>"",H23<>""), _xlfn.CONCAT(J23:L23), "") -> hə⁵ | F23: h | G23: =IFERROR( MID(D23, LEN(F23)+1, LEN(D23) - LEN(F23) - 1), "") -> or | H23: =RIGHT(D23,1) -> 5 | J23: {=IFERROR( IF(F23<>"", INDEX(聲母對照表[國際音標], MATCH(TRUE, EXACT('輸入工具 (台語注音二式)'!F23, 聲母對照表[注音二式]), 0)), ""), "")} -> h | K23: {=IFERROR( IF(G23<>"", INDEX(韻母對照表[國際音標], MATCH(TRUE, EXACT('輸入工具 (台語注音二式)'!G23, 韻母對照表[台語注音二式]), 0)), ""), "")} -> ə | L23: {=IF(H23<>"", INDEX(上標對照表[上標值], MATCH(TRUE, EXACT(H23, 上標對照表[調號]), 0)), "")} -> ⁵
B24: =ROW() - 4 -> 20 | C24: 須 | D24: su1 | E24: =IF(AND(G24<>"",H24<>""), _xlfn.CONCAT(J24:L24), "") -> su¹ | F24: s | G24: =IFERROR( MID(D24, LEN(F24)+1, LEN(D24) - LEN(F24) - 1), "") -> u | H24: =RIGHT(D24,1) -> 1 | J24: {=IFERROR( IF(F24<>"", INDEX(聲母對照表[國際音標], MATCH(TRUE, EXACT('輸入工具 (台語注音二式)'!F24, 聲母對照表[注音二式]), 0)), ""), "")} -> s | K24: {=IFERROR( IF(G24<>"", INDEX(韻母對照表[國際音標], MATCH(TRUE, EXACT('輸入工具 (台語注音二式)'!G24, 韻母對照表[台語注音二式]), 0)), ""), "")} -> u | L24: {=IF(H24<>"", INDEX(上標對照表[上標值], MATCH(TRUE, EXACT(H24, 上標對照表[調號]), 0)), "")} -> ¹
B25: =ROW() - 4 -> 21 | C25: 怨 | D25: uan3 | E25: =IF(AND(G25<>"",H25<>""), _xlfn.CONCAT(J25:L25), "") -> uan³ | G25: =IFERROR( MID(D25, LEN(F25)+1, LEN(D25) - LEN(F25) - 1), "") -> uan | H25: =RIGHT(D25,1) -> 3 | J25: {=IFERROR( IF(F25<>"", INDEX(聲母對照表[國際音標], MATCH(TRUE, EXACT('輸入工具 (台語注音二式)'!F25, 聲母對照表[注音二式]), 0)), ""), "")} | K25: {=IFERROR( IF(G25<>"", INDEX(韻母對照表[國際音標], MATCH(TRUE, EXACT('輸入工具 (台語注音二式)'!G25, 韻母對照表[台語注音二式]), 0)), ""), "")} -> uan | L25: {=IF(H25<>"", INDEX(上標對照表[上標值], MATCH(TRUE, EXACT(H25, 上標對照表[調號]), 0)), "")} -> ³
B26: =ROW() - 4 -> 22 | C26: 楊 | D26: iunn5 | E26: =IF(AND(G26<>"",H26<>""), _xlfn.CONCAT(J26:L26), "") -> ɪũ⁵ | G26: =IFERROR( MID(D26, LEN(F26)+1, LEN(D26) - LEN(F26) - 1), "") -> iunn | H26: =RIGHT(D26,1) -> 5 | J26: {=IFERROR( IF(F26<>"", INDEX(聲母對照表[國際音標], MATCH(TRUE, EXACT('輸入工具 (台語注音二式)'!F26, 聲母對照表[注音二式]), 0)), ""), "")} | K26: {=IFERROR( IF(G26<>"", INDEX(韻母對照表[國際音標], MATCH(TRUE, EXACT('輸入工具 (台語注音二式)'!G26, 韻母對照表[台語注音二式]), 0)), ""), "")} -> ɪũ | L26: {=IF(H26<>"", INDEX(上標對照表[上標值], MATCH(TRUE, EXACT(H26, 上標對照表[調號]), 0)), "")} -> ⁵
B27: =ROW() - 4 -> 23 | C27: 柳 | D27: liu2 | E27: =IF(AND(G27<>"",H27<>""), _xlfn.CONCAT(J27:L27), "") -> lɪu² | F27: l | G27: =IFERROR( MID(D27, LEN(F27)+1, LEN(D27) - LEN(F27) - 1), "") -> iu | H27: =RIGHT(D27,1) -> 2 | J27: {=IFERROR( IF(F27<>"", INDEX(聲母對照表[國際音標], MATCH(TRUE, EXACT('輸入工具 (台語注音二式)'!F27, 聲母對照表[注音二式]), 0)), ""), "")} -> l | K27: {=IFERROR( IF(G27<>"", INDEX(韻母對照表[國際音標], MATCH(TRUE, EXACT('輸入工具 (台語注音二式)'!G27, 韻母對照表[台語注音二式]), 0)), ""), "")} -> ɪu | L27: {=IF(H27<>"", INDEX(上標對照表[上標值], MATCH(TRUE, EXACT(H27, 上標對照表[調號]), 0)), "")} -> ²
B28: =ROW() - 4 -> 24 | C28: ， | E28: =IF(AND(G28<>"",H28<>""), _xlfn.CONCAT(J28:L28), "") | G28: =IFERROR( MID(D28, LEN(F28)+1, LEN(D28) - LEN(F28) - 1), "") | H28: =RIGHT(D28,1) | J28: {=IFERROR( IF(F28<>"", INDEX(聲母對照表[國際音標], MATCH(TRUE, EXACT('輸入工具 (台語注音二式)'!F28, 聲母對照表[注音二式]), 0)), ""), "")} | K28: {=IFERROR( IF(G28<>"", INDEX(韻母對照表[國際音標], MATCH(TRUE, EXACT('輸入工具 (台語注音二式)'!G28, 韻母對照表[台語注音二式]), 0)), ""), "")} | L28: {=IF(H28<>"", INDEX(上標對照表[上標值], MATCH(TRUE, EXACT(H28, 上標對照表[調號]), 0)), "")}
B29: =ROW() - 4 -> 25 | C29: 春 | D29: cun1 | E29: =IF(AND(G29<>"",H29<>""), _xlfn.CONCAT(J29:L29), "") -> ʦʰun¹ | F29: c | G29: =IFERROR( MID(D29, LEN(F29)+1, LEN(D29) - LEN(F29) - 1), "") -> un | H29: =RIGHT(D29,1) -> 1 | J29: {=IFERROR( IF(F29<>"", INDEX(聲母對照表[國際音標], MATCH(TRUE, EXACT('輸入工具 (台語注音二式)'!F29, 聲母對照表[注音二式]), 0)), ""), "")} -> ʦʰ | K29: {=IFERROR( IF(G29<>"", INDEX(韻母對照表[國際音標], MATCH(TRUE, EXACT('輸入工具 (台語注音二式)'!G29, 韻母對照表[台語注音二式]), 0)), ""), "")} -> un | L29: {=IF(H29<>"", INDEX(上標對照表[上標值], MATCH(TRUE, EXACT(H29, 上標對照表[調號]), 0)), "")} -> ¹
B30: =ROW() - 4 -> 26 | C30: 風 | D30: hong1 | E30: =IF(AND(G30<>"",H30<>""), _xlfn.CONCAT(J30:L30), "") -> hɔŋ¹ | F30: h | G30: =IFERROR( MID(D30, LEN(F30)+1, LEN(D30) - LEN(F30) - 1), "") -> ong | H30: =RIGHT(D30,1) -> 1 | J30: {=IFERROR( IF(F30<>"", INDEX(聲母對照表[國際音標], MATCH(TRUE, EXACT('輸入工具 (台語注音二式)'!F30, 聲母對照表[注音二式]), 0)), ""), "")} -> h | K30: {=IFERROR( IF(G30<>"", INDEX(韻母對照表[國際音標], MATCH(TRUE, EXACT('輸入工具 (台語注音二式)'!G30, 韻母對照表[台語注音二式]), 0)), ""), "")} -> ɔŋ | L30: {=IF(H30<>"", INDEX(上標對照表[上標值], MATCH(TRUE, EXACT(H30, 上標對照表[調號]), 0)), "")} -> ¹
B31: =ROW() - 4 -> 27 | C31: 不 | D31: but4 | E31: =IF(AND(G31<>"",H31<>""), _xlfn.CONCAT(J31:L31), "") -> put̚⁴ | F31: b | G31: =IFERROR( MID(D31, LEN(F31)+1, LEN(D31) - LEN(F31) - 1), "") -> ut | H31: =RIGHT(D31,1) -> 4 | J31: {=IFERROR( IF(F31<>"", INDEX(聲母對照表[國際音標], MATCH(TRUE, EXACT('輸入工具 (台語注音二式)'!F31, 聲母對照表[注音二式]), 0)), ""), "")} -> p | K31: {=IFERROR( IF(G31<>"", INDEX(韻母對照表[國際音標], MATCH(TRUE, EXACT('輸入工具 (台語注音二式)'!G31, 韻母對照表[台語注音二式]), 0)), ""), "")} -> ut̚ | L31: {=IF(H31<>"", INDEX(上標對照表[上標值], MATCH(TRUE, EXACT(H31, 上標對照表[調號]), 0)), "")} -> ⁴
B32: =ROW() - 4 -> 28 | C32: 度 | D32: doo7 | E32: =IF(AND(G32<>"",H32<>""), _xlfn.CONCAT(J32:L32), "") -> tɔ⁷ | F32: d | G32: =IFERROR( MID(D32, LEN(F32)+1, LEN(D32) - LEN(F32) - 1), "") -> oo | H32: =RIGHT(D32,1) -> 7 | J32: {=IFERROR( IF(F32<>"", INDEX(聲母對照表[國際音標], MATCH(TRUE, EXACT('輸入工具 (台語注音二式)'!F32, 聲母對照表[注音二式]), 0)), ""), "")} -> t | K32: {=IFERROR( IF(G32<>"", INDEX(韻母對照表[國際音標], MATCH(TRUE, EXACT('輸入工具 (台語注音二式)'!G32, 韻母對照表[台語注音二式]), 0)), ""), "")} -> ɔ | L32: {=IF(H32<>"", INDEX(上標對照表[上標值], MATCH(TRUE, EXACT(H32, 上標對照表[調號]), 0)), "")} -> ⁷
B33: =ROW() - 4 -> 29 | C33: 玉 | D33: ggiook8 | E33: =IF(AND(G33<>"",H33<>""), _xlfn.CONCAT(J33:L33), "") -> ɡɪɔk̚⁸ | F33: gg | G33: =IFERROR( MID(D33, LEN(F33)+1, LEN(D33) - LEN(F33) - 1), "") -> iook | H33: =RIGHT(D33,1) -> 8 | J33: {=IFERROR( IF(F33<>"", INDEX(聲母對照表[國際音標], MATCH(TRUE, EXACT('輸入工具 (台語注音二式)'!F33, 聲母對照表[注音二式]), 0)), ""), "")} -> ɡ | K33: {=IFERROR( IF(G33<>"", INDEX(韻母對照表[國際音標], MATCH(TRUE, EXACT('輸入工具 (台語注音二式)'!G33, 韻母對照表[台語注音二式]), 0)), ""), "")} -> ɪɔk̚ | L33: {=IF(H33<>"", INDEX(上標對照表[上標值], MATCH(TRUE, EXACT(H33, 上標對照表[調號]), 0)), "")} -> ⁸
B34: =ROW() - 4 -> 30 | C34: 門 | D34: mng5 | E34: =IF(AND(G34<>"",H34<>""), _xlfn.CONCAT(J34:L34), "") -> mŋ̍⁵ | F34: m | G34: =IFERROR( MID(D34, LEN(F34)+1, LEN(D34) - LEN(F34) - 1), "") -> ng | H34: =RIGHT(D34,1) -> 5 | J34: {=IFERROR( IF(F34<>"", INDEX(聲母對照表[國際音標], MATCH(TRUE, EXACT('輸入工具 (台語注音二式)'!F34, 聲母對照表[注音二式]), 0)), ""), "")} -> m | K34: {=IFERROR( IF(G34<>"", INDEX(韻母對照表[國際音標], MATCH(TRUE, EXACT('輸入工具 (台語注音二式)'!G34, 韻母對照表[台語注音二式]), 0)), ""), "")} -> ŋ̍ | L34: {=IF(H34<>"", INDEX(上標對照表[上標值], MATCH(TRUE, EXACT(H34, 上標對照表[調號]), 0)), "")} -> ⁵
B35: =ROW() - 4 -> 31 | C35: 關 | D35: guan1 | E35: =IF(AND(G35<>"",H35<>""), _xlfn.CONCAT(J35:L35), "") -> kuan¹ | F35: g | G35: =IFERROR( MID(D35, LEN(F35)+1, LEN(D35) - LEN(F35) - 1), "") -> uan | H35: =RIGHT(D35,1) -> 1 | J35: {=IFERROR( IF(F35<>"", INDEX(聲母對照表[國際音標], MATCH(TRUE, EXACT('輸入工具 (台語注音二式)'!F35, 聲母對照表[注音二式]), 0)), ""), "")} -> k | K35: {=IFERROR( IF(G35<>"", INDEX(韻母對照表[國際音標], MATCH(TRUE, EXACT('輸入工具 (台語注音二式)'!G35, 韻母對照表[台語注音二式]), 0)), ""), "")} -> uan | L35: {=IF(H35<>"", INDEX(上標對照表[上標值], MATCH(TRUE, EXACT(H35, 上標對照表[調號]), 0)), "")} -> ¹
B36: =ROW() - 4 -> 32 | C36: 。 | E36: =IF(AND(G36<>"",H36<>""), _xlfn.CONCAT(J36:L36), "") | G36: =IFERROR( MID(D36, LEN(F36)+1, LEN(D36) - LEN(F36) - 1), "") | H36: =RIGHT(D36,1) | J36: {=IFERROR( IF(F36<>"", INDEX(聲母對照表[國際音標], MATCH(TRUE, EXACT('輸入工具 (台語注音二式)'!F36, 聲母對照表[閩拼方案]), 0)), ""), "")} | K36: {=IFERROR( IF(G36<>"", INDEX(韻母對照表[國際音標], MATCH(TRUE, EXACT('輸入工具 (台語注音二式)'!G36, 韻母對照表[閩拼方案]), 0)), ""), "")} | L36: {=IF(H36<>"", INDEX(上標對照表[上標值], MATCH(TRUE, EXACT(H36, 上標對照表[調號]), 0)), "")}
J39: {=IF(F39<>"", INDEX(聲母對照表[國際音標], MATCH(TRUE, EXACT('輸入工具 (台語注音二式)'!F39, 聲母對照表[閩拼方案]), 0)), "")} | K39: {=IF(G39<>"", INDEX(韻母對照表[國際音標], MATCH(TRUE, EXACT('輸入工具 (台語注音二式)'!G39, 韻母對照表[閩拼方案]), 0)), "")} | L39: {=IF(H39<>"", INDEX(#REF!, MATCH(TRUE, EXACT('輸入工具 (台語注音二式)'!H39,#REF!), 0)), "")}

Sheet 輸入工具 (台語音標)
B2: =_xlfn.CONCAT("【", D4, "】") -> 【台語音標】
B4: 序號 | C4: 漢字 | D4: 台語音標 | E4: 國際音標 | F4: 聲母 | G4: 韻母 | H4: 音調 | J4: 聲母 | K4: 韻母 | L4: 音調
B5: =ROW() - 4 -> 1 | C5: 黄 | D5: hong5 | E5: =IF(AND(G5<>"",H5<>""), _xlfn.CONCAT(J5:L5), "") -> hɔŋ⁵ | F5: h | G5: =IFERROR( MID(D5, LEN(F5)+1, LEN(D5) - LEN(F5) - 1), "") -> ong | H5: =RIGHT(D5,1) -> 5 | J5: {=IFERROR( IF(F5<>"", INDEX(聲母對照表[國際音標], MATCH(TRUE, EXACT('輸入工具 (台語音標)'!F5, 聲母對照表[台語音標]), 0)), ""), "")} -> h | K5: {=IFERROR( IF(G5<>"", INDEX(韻母對照表[國際音標], MATCH(TRUE, EXACT('輸入工具 (台語音標)'!G5, 韻母對照表[台語音標]), 0)), ""), "")} -> ɔŋ | L5: {=IF(H5<>"", INDEX(上標對照表[上標值], MATCH(TRUE, EXACT(H5, 上標對照表[調號]), 0)), "")} -> ⁵
B6: =ROW() - 4 -> 2 | C6: 河 | D6: ho5 | E6: =IF(AND(G6<>"",H6<>""), _xlfn.CONCAT(J6:L6), "") -> hə⁵ | F6: h | G6: =IFERROR( MID(D6, LEN(F6)+1, LEN(D6) - LEN(F6) - 1), "") -> o | H6: =RIGHT(D6,1) -> 5 | J6: {=IFERROR( IF(F6<>"", INDEX(聲母對照表[國際音標], MATCH(TRUE, EXACT('輸入工具 (台語音標)'!F6, 聲母對照表[台語音標]), 0)), ""), "")} -> h | K6: {=IFERROR( IF(G6<>"", INDEX(韻母對照表[國際音標], MATCH(TRUE, EXACT('輸入工具 (台語音標)'!G6, 韻母對照表[台語音標]), 0)), ""), "")} -> ə | L6: {=IF(H6<>"", INDEX(上標對照表[上標值], MATCH(TRUE, EXACT(H6, 上標對照表[調號]), 0)), "")} -> ⁵
B7: =ROW() - 4 -> 3 | C7: 遠 | D7: uan2 | E7: =IF(AND(G7<>"",H7<>""), _xlfn.CONCAT(J7:L7), "") -> uan² | G7: uan | H7: =RIGHT(D7,1) -> 2 | J7: {=IFERROR( IF(F7<>"", INDEX(聲母對照表[國際音標], MATCH(TRUE, EXACT('輸入工具 (台語音標)'!F7, 聲母對照表[台語音標]), 0)), ""), "")} | K7: {=IFERROR( IF(G7<>"", INDEX(韻母對照表[國際音標], MATCH(TRUE, EXACT('輸入工具 (台語音標)'!G7, 韻母對照表[台語音標]), 0)), ""), "")} -> uan | L7: {=IF(H7<>"", INDEX(上標對照表[上標值], MATCH(TRUE, EXACT(H7, 上標對照表[調號]), 0)), "")} -> ²
B8: =ROW() - 4 -> 4 | C8: 上 | D8: siong2 | E8: =IF(AND(G8<>"",H8<>""), _xlfn.CONCAT(J8:L8), "") -> sɪɔŋ² | F8: s | G8: =IFERROR( MID(D8, LEN(F8)+1, LEN(D8) - LEN(F8) - 1), "") -> iong | H8: =RIGHT(D8,1) -> 2 | J8: {=IFERROR( IF(F8<>"", INDEX(聲母對照表[國際音標], MATCH(TRUE, EXACT('輸入工具 (台語音標)'!F8, 聲母對照表[台語音標]), 0)), ""), "")} -> s | K8: {=IFERROR( IF(G8<>"", INDEX(韻母對照表[國際音標], MATCH(TRUE, EXACT('輸入工具 (台語音標)'!G8, 韻母對照表[台語音標]), 0)), ""), "")} -> ɪɔŋ | L8: {=IF(H8<>"", INDEX(上標對照表[上標值], MATCH(TRUE, EXACT(H8, 上標對照表[調號]), 0)), "")} -> ²
B9: =ROW() - 4 -> 5 | C9: 白 | D9: pik8 | E9: =IF(AND(G9<>"",H9<>""), _xlfn.CONCAT(J9:L9), "") -> pik̚⁸ | F9: p | G9: =IFERROR( MID(D9, LEN(F9)+1, LEN(D9) - LEN(F9) - 1), "") -> ik | H9: =RIGHT(D9,1) -> 8 | J9: {=IFERROR( IF(F9<>"", INDEX(聲母對照表[國際音標], MATCH(TRUE, EXACT('輸入工具 (台語音標)'!F9, 聲母對照表[台語音標]), 0)), ""), "")} -> p | K9: {=IFERROR( IF(G9<>"", INDEX(韻母對照表[國際音標], MATCH(TRUE, EXACT('輸入工具 (台語音標)'!G9, 韻母對照表[台語音標]), 0)), ""), "")} -> ik̚ | L9: {=IF(H9<>"", INDEX(上標對照表[上標值], MATCH(TRUE, EXACT(H9, 上標對照表[調號]), 0)), "")} -> ⁸
B10: =ROW() - 4 -> 6 | C10: 雲 | D10: hun5 | E10: =IF(AND(G10<>"",H10<>""), _xlfn.CONCAT(J10:L10), "") -> hun⁵ | F10: h | G10: =IFERROR( MID(D10, LEN(F10)+1, LEN(D10) - LEN(F10) - 1), "") -> un | H10: =RIGHT(D10,1) -> 5 | J10: {=IFERROR( IF(F10<>"", INDEX(聲母對照表[國際音標], MATCH(TRUE, EXACT('輸入工具 (台語音標)'!F10, 聲母對照表[台語音標]), 0)), ""), "")} -> h | K10: {=IFERROR( IF(G10<>"", INDEX(韻母對照表[國際音標], MATCH(TRUE, EXACT('輸入工具 (台語音標)'!G10, 韻母對照表[台語音標]), 0)), ""), "")} -> un | L10: {=IF(H10<>"", INDEX(上標對照表[上標值], MATCH(TRUE, EXACT(H10, 上標對照表[調號]), 0)), "")} -> ⁵
B11: =ROW() - 4 -> 7 | C11: 間 | D11: kan1 | E11: =IF(AND(G11<>"",H11<>""), _xlfn.CONCAT(J11:L11), "") -> kan¹ | F11: k | G11: =IFERROR( MID(D11, LEN(F11)+1, LEN(D11) - LEN(F11) - 1), "") -> an | H11: =RIGHT(D11,1) -> 1 | J11: {=IFERROR( IF(F11<>"", INDEX(聲母對照表[國際音標], MATCH(TRUE, EXACT('輸入工具 (台語音標)'!F11, 聲母對照表[台語音標]), 0)), ""), "")} -> k | K11: {=IFERROR( IF(G11<>"", INDEX(韻母對照表[國際音標], MATCH(TRUE, EXACT('輸入工具 (台語音標)'!G11, 韻母對照表[台語音標]), 0)), ""), "")} -> an | L11: {=IF(H11<>"", INDEX(上標對照表[上標值], MATCH(TRUE, EXACT(H11, 上標對照表[調號]), 0)), "")} -> ¹
B12: =ROW() - 4 -> 8 | C12: ， | E12: =IF(AND(G12<>"",H12<>""), _xlfn.CONCAT(J12:L12), "") | G12: =IFERROR( MID(D12, LEN(F12)+1, LEN(D12) - LEN(F12) - 1), "") | H12: =RIGHT(D12,1) | J12: {=IFERROR( IF(F12<>"", INDEX(聲母對照表[國際音標], MATCH(TRUE, EXACT('輸入工具 (台語音標)'!F12, 聲母對照表[台語音標]), 0)), ""), "")} | K12: {=IFERROR( IF(G12<>"", INDEX(韻母對照表[國際音標], MATCH(TRUE, EXACT('輸入工具 (台語音標)'!G12, 韻母對照表[台語音標]), 0)), ""), "")} | L12: {=IF(H12<>"", INDEX(上標對照表[上標值], MATCH(TRUE, EXACT(H12, 上標對照表[調號]), 0)), "")}
B13: =ROW() - 4 -> 9 | C13: 一 | D13: it4 | E13: =IF(AND(G13<>"",H13<>""), _xlfn.CONCAT(J13:L13), "") -> it̚⁴ | G13: =IFERROR( MID(D13, LEN(F13)+1, LEN(D13) - LEN(F13) - 1), "") -> it | H13: =RIGHT(D13,1) -> 4 | J13: {=IFERROR( IF(F13<>"", INDEX(聲母對照表[國際音標], MATCH(TRUE, EXACT('輸入工具 (台語音標)'!F13, 聲母對照表[台語音標]), 0)), ""), "")} | K13: {=IFERROR( IF(G13<>"", INDEX(韻母對照表[國際音標], MATCH(TRUE, EXACT('輸入工具 (台語音標)'!G13, 韻母對照表[台語音標]), 0)), ""), "")} -> it̚ | L13: {=IF(H13<>"", INDEX(上標對照表[上標值], MATCH(TRUE, EXACT(H13, 上標對照表[調號]), 0)), "")} -> ⁴
B14: =ROW() - 4 -> 10 | C14: 片 | D14: phian3 | E14: =IF(AND(G14<>"",H14<>""), _xlfn.CONCAT(J14:L14), "") -> pʰɪan³ | F14: ph | G14: =IFERROR( MID(D14, LEN(F14)+1, LEN(D14) - LEN(F14) - 1), "") -> ian | H14: =RIGHT(D14,1) -> 3 | J14: {=IFERROR( IF(F14<>"", INDEX(聲母對照表[國際音標], MATCH(TRUE, EXACT('輸入工具 (台語音標)'!F14, 聲母對照表[台語音標]), 0)), ""), "")} -> pʰ | K14: {=IFERROR( IF(G14<>"", INDEX(韻母對照表[國際音標], MATCH(TRUE, EXACT('輸入工具 (台語音標)'!G14, 韻母對照表[台語音標]), 0)), ""), "")} -> ɪan | L14: {=IF(H14<>"", INDEX(上標對照表[上標值], MATCH(TRUE, EXACT(H14, 上標對照表[調號]), 0)), "")} -> ³
B15: =ROW() - 4 -> 11 | C15: 孤 | D15: koo1 | E15: =IF(AND(G15<>"",H15<>""), _xlfn.CONCAT(J15:L15), "") -> ɡɔ¹ | F15: g | G15: =IFERROR( MID(D15, LEN(F15)+1, LEN(D15) - LEN(F15) - 1), "") -> oo | H15: =RIGHT(D15,1) -> 1 | J15: {=IFERROR( IF(F15<>"", INDEX(聲母對照表[國際音標], MATCH(TRUE, EXACT('輸入工具 (台語音標)'!F15, 聲母對照表[台語音標]), 0)), ""), "")} -> ɡ | K15: {=IFERROR( IF(G15<>"", INDEX(韻母對照表[國際音標], MATCH(TRUE, EXACT('輸入工具 (台語音標)'!G15, 韻母對照表[台語音標]), 0)), ""), "")} -> ɔ | L15: {=IF(H15<>"", INDEX(上標對照表[上標值], MATCH(TRUE, EXACT(H15, 上標對照表[調號]), 0)), "")} -> ¹
B16: =ROW() - 4 -> 12 | C16: 城 | D16: sing5 | E16: =IF(AND(G16<>"",H16<>""), _xlfn.CONCAT(J16:L16), "") -> siŋ⁵ | F16: s | G16: =IFERROR( MID(D16, LEN(F16)+1, LEN(D16) - LEN(F16) - 1), "") -> ing | H16: =RIGHT(D16,1) -> 5 | J16: {=IFERROR( IF(F16<>"", INDEX(聲母對照表[國際音標], MATCH(TRUE, EXACT('輸入工具 (台語音標)'!F16, 聲母對照表[台語音標]), 0)), ""), "")} -> s | K16: {=IFERROR( IF(G16<>"", INDEX(韻母對照表[國際音標], MATCH(TRUE, EXACT('輸入工具 (台語音標)'!G16, 韻母對照表[台語音標]), 0)), ""), "")} -> iŋ | L16: {=IF(H16<>"", INDEX(上標對照表[上標值], MATCH(TRUE, EXACT(H16, 上標對照表[調號]), 0)), "")} -> ⁵
B17: =ROW() - 4 -> 13 | C17: 萬 | D17: ban7 | E17: =IF(AND(G17<>"",H17<>""), _xlfn.CONCAT(J17:L17), "") -> ban⁷ | F17: b | G17: =IFERROR( MID(D17, LEN(F17)+1, LEN(D17) - LEN(F17) - 1), "") -> an | H17: =RIGHT(D17,1) -> 7 | J17: {=IFERROR( IF(F17<>"", INDEX(聲母對照表[國際音標], MATCH(TRUE, EXACT('輸入工具 (台語音標)'!F17, 聲母對照表[台語音標]), 0)), ""), "")} -> b | K17: {=IFERROR( IF(G17<>"", INDEX(韻母對照表[國際音標], MATCH(TRUE, EXACT('輸入工具 (台語音標)'!G17, 韻母對照表[台語音標]), 0)), ""), "")} -> an | L17: {=IF(H17<>"", INDEX(上標對照表[上標值], MATCH(TRUE, EXACT(H17, 上標對照表[調號]), 0)), "")} -> ⁷
B18: =ROW() - 4 -> 14 | C18: 仞 | D18: jim7 | E18: =IF(AND(G18<>"",H18<>""), _xlfn.CONCAT(J18:L18), "") -> ʣim⁷ | F18: j | G18: =IFERROR( MID(D18, LEN(F18)+1, LEN(D18) - LEN(F18) - 1), "") -> im | H18: =RIGHT(D18,1) -> 7 | J18: {=IFERROR( IF(F18<>"", INDEX(聲母對照表[國際音標], MATCH(TRUE, EXACT('輸入工具 (台語音標)'!F18, 聲母對照表[台語音標]), 0)), ""), "")} -> ʣ | K18: {=IFERROR( IF(G18<>"", INDEX(韻母對照表[國際音標], MATCH(TRUE, EXACT('輸入工具 (台語音標)'!G18, 韻母對照表[台語音標]), 0)), ""), "")} -> im | L18: {=IF(H18<>"", INDEX(上標對照表[上標值], MATCH(TRUE, EXACT(H18, 上標對照表[調號]), 0)), "")} -> ⁷
B19: =ROW() - 4 -> 15 | C19: 山 | D19: san1 | E19: =IF(AND(G19<>"",H19<>""), _xlfn.CONCAT(J19:L19), "") -> san¹ | F19: s | G19: =IFERROR( MID(D19, LEN(F19)+1, LEN(D19) - LEN(F19) - 1), "") -> an | H19: =RIGHT(D19,1) -> 1 | J19: {=IFERROR( IF(F19<>"", INDEX(聲母對照表[國際音標], MATCH(TRUE, EXACT('輸入工具 (台語音標)'!F19, 聲母對照表[台語音標]), 0)), ""), "")} -> s | K19: {=IFERROR( IF(G19<>"", INDEX(韻母對照表[國際音標], MATCH(TRUE, EXACT('輸入工具 (台語音標)'!G19, 韻母對照表[台語音標]), 0)), ""), "")} -> an | L19: {=IF(H19<>"", INDEX(上標對照表[上標值], MATCH(TRUE, EXACT(H19, 上標對照表[調號]), 0)), "")} -> ¹
B20: =ROW() - 4 -> 16 | C20: 。 | E20: =IF(AND(G20<>"",H20<>""), _xlfn.CONCAT(J20:L20), "") | G20: =IFERROR( MID(D20, LEN(F20)+1, LEN(D20) - LEN(F20) - 1), "") | H20: =RIGHT(D20,1) | J20: {=IFERROR( IF(F20<>"", INDEX(聲母對照表[國際音標], MATCH(TRUE, EXACT('輸入工具 (台語音標)'!F20, 聲母對照表[台語音標]), 0)), ""), "")} | K20: {=IFERROR( IF(G20<>"", INDEX(韻母對照表[國際音標], MATCH(TRUE, EXACT('輸入工具 (台語音標)'!G20, 韻母對照表[台語音標]), 0)), ""), "")} | L20: {=IF(H20<>"", INDEX(上標對照表[上標值], MATCH(TRUE, EXACT(H20, 上標對照表[調號]), 0)), "")}
B21: =ROW() - 4 -> 17 | C21: 羌 | D21: kiunn1 | E21: =IF(AND(G21<>"",H21<>""), _xlfn.CONCAT(J21:L21), "") -> kɪũ¹ | F21: k | G21: =IFERROR( MID(D21, LEN(F21)+1, LEN(D21) - LEN(F21) - 1), "") -> iunn | H21: =RIGHT(D21,1) -> 1 | J21: {=IFERROR( IF(F21<>"", INDEX(聲母對照表[國際音標], MATCH(TRUE, EXACT('輸入工具 (台語音標)'!F21, 聲母對照表[台語音標]), 0)), ""), "")} -> k | K21: {=IFERROR( IF(G21<>"", INDEX(韻母對照表[國際音標], MATCH(TRUE, EXACT('輸入工具 (台語音標)'!G21, 韻母對照表[台語音標]), 0)), ""), "")} -> ɪũ | L21: {=IF(H21<>"", INDEX(上標對照表[上標值], MATCH(TRUE, EXACT(H21, 上標對照表[調號]), 0)), "")} -> ¹
B22: =ROW() - 4 -> 18 | C22: 笛 | D22: tik8 | E22: =IF(AND(G22<>"",H22<>""), _xlfn.CONCAT(J22:L22), "") -> tik̚⁸ | F22: t | G22: =IFERROR( MID(D22, LEN(F22)+1, LEN(D22) - LEN(F22) - 1), "") -> ik | H22: =RIGHT(D22,1) -> 8 | J22: {=IFERROR( IF(F22<>"", INDEX(聲母對照表[國際音標], MATCH(TRUE, EXACT('輸入工具 (台語音標)'!F22, 聲母對照表[台語音標]), 0)), ""), "")} -> t | K22: {=IFERROR( IF(G22<>"", INDEX(韻母對照表[國際音標], MATCH(TRUE, EXACT('輸入工具 (台語音標)'!G22, 韻母對照表[台語音標]), 0)), ""), "")} -> ik̚ | L22: {=IF(H22<>"", INDEX(上標對照表[上標值], MATCH(TRUE, EXACT(H22, 上標對照表[調號]), 0)), "")} -> ⁸
B23: =ROW() - 4 -> 19 | C23: 何 | D23: ho5 | E23: =IF(AND(G23<>"",H23<>""), _xlfn.CONCAT(J23:L23), "") -> hə⁵ | F23: h | G23: =IFERROR( MID(D23, LEN(F23)+1, LEN(D23) - LEN(F23) - 1), "") -> o | H23: =RIGHT(D23,1) -> 5 | J23: {=IFERROR( IF(F23<>"", INDEX(聲母對照表[國際音標], MATCH(TRUE, EXACT('輸入工具 (台語音標)'!F23, 聲母對照表[台語音標]), 0)), ""), "")} -> h | K23: {=IFERROR( IF(G23<>"", INDEX(韻母對照表[國際音標], MATCH(TRUE, EXACT('輸入工具 (台語音標)'!G23, 韻母對照表[台語音標]), 0)), ""), "")} -> ə | L23: {=IF(H23<>"", INDEX(上標對照表[上標值], MATCH(TRUE, EXACT(H23, 上標對照表[調號]), 0)), "")} -> ⁵
B24: =ROW() - 4 -> 20 | C24: 須 | D24: su1 | E24: =IF(AND(G24<>"",H24<>""), _xlfn.CONCAT(J24:L24), "") -> su¹ | F24: s | G24: =IFERROR( MID(D24, LEN(F24)+1, LEN(D24) - LEN(F24) - 1), "") -> u | H24: =RIGHT(D24,1) -> 1 | J24: {=IFERROR( IF(F24<>"", INDEX(聲母對照表[國際音標], MATCH(TRUE, EXACT('輸入工具 (台語音標)'!F24, 聲母對照表[台語音標]), 0)), ""), "")} -> s | K24: {=IFERROR( IF(G24<>"", INDEX(韻母對照表[國際音標], MATCH(TRUE, EXACT('輸入工具 (台語音標)'!G24, 韻母對照表[台語音標]), 0)), ""), "")} -> u | L24: {=IF(H24<>"", INDEX(上標對照表[上標值], MATCH(TRUE, EXACT(H24, 上標對照表[調號]), 0)), "")} -> ¹
B25: =ROW() - 4 -> 21 | C25: 怨 | D25: uan3 | E25: =IF(AND(G25<>"",H25<>""), _xlfn.CONCAT(J25:L25), "") -> uan³ | G25: =IFERROR( MID(D25, LEN(F25)+1, LEN(D25) - LEN(F25) - 1), "") -> uan | H25: =RIGHT(D25,1) -> 3 | J25: {=IFERROR( IF(F25<>"", INDEX(聲母對照表[國際音標], MATCH(TRUE, EXACT('輸入工具 (台語音標)'!F25, 聲母對照表[台語音標]), 0)), ""), "")} | K25: {=IFERROR( IF(G25<>"", INDEX(韻母對照表[國際音標], MATCH(TRUE, EXACT('輸入工具 (台語音標)'!G25, 韻母對照表[台語音標]), 0)), ""), "")} -> uan | L25: {=IF(H25<>"", INDEX(上標對照表[上標值], MATCH(TRUE, EXACT(H25, 上標對照表[調號]), 0)), "")} -> ³
B26: =ROW() - 4 -> 22 | C26: 楊 | D26: iunn5 | E26: =IF(AND(G26<>"",H26<>""), _xlfn.CONCAT(J26:L26), "") -> ɪũ⁵ | G26: =IFERROR( MID(D26, LEN(F26)+1, LEN(D26) - LEN(F26) - 1), "") -> iunn | H26: =RIGHT(D26,1) -> 5 | J26: {=IFERROR( IF(F26<>"", INDEX(聲母對照表[國際音標], MATCH(TRUE, EXACT('輸入工具 (台語音標)'!F26, 聲母對照表[台語音標]), 0)), ""), "")} | K26: {=IFERROR( IF(G26<>"", INDEX(韻母對照表[國際音標], MATCH(TRUE, EXACT('輸入工具 (台語音標)'!G26, 韻母對照表[台語音標]), 0)), ""), "")} -> ɪũ | L26: {=IF(H26<>"", INDEX(上標對照表[上標值], MATCH(TRUE, EXACT(H26, 上標對照表[調號]), 0)), "")} -> ⁵
B27: =ROW() - 4 -> 23 | C27: 柳 | D27: liu2 | E27: =IF(AND(G27<>"",H27<>""), _xlfn.CONCAT(J27:L27), "") -> lɪu² | F27: l | G27: =IFERROR( MID(D27, LEN(F27)+1, LEN(D27) - LEN(F27) - 1), "") -> iu | H27: =RIGHT(D27,1) -> 2 | J27: {=IFERROR( IF(F27<>"", INDEX(聲母對照表[國際音標], MATCH(TRUE, EXACT('輸入工具 (台語音標)'!F27, 聲母對照表[台語音標]), 0)), ""), "")} -> l | K27: {=IFERROR( IF(G27<>"", INDEX(韻母對照表[國際音標], MATCH(TRUE, EXACT('輸入工具 (台語音標)'!G27, 韻母對照表[台語音標]), 0)), ""), "")} -> ɪu | L27: {=IF(H27<>"", INDEX(上標對照表[上標值], MATCH(TRUE, EXACT(H27, 上標對照表[調號]), 0)), "")} -> ²
B28: =ROW() - 4 -> 24 | C28: ， | E28: =IF(AND(G28<>"",H28<>""), _xlfn.CONCAT(J28:L28), "") | G28: =IFERROR( MID(D28, LEN(F28)+1, LEN(D28) - LEN(F28) - 1), "") | H28: =RIGHT(D28,1) | J28: {=IFERROR( IF(F28<>"", INDEX(聲母對照表[國際音標], MATCH(TRUE, EXACT('輸入工具 (台語音標)'!F28, 聲母對照表[台語音標]), 0)), ""), "")} | K28: {=IFERROR( IF(G28<>"", INDEX(韻母對照表[國際音標], MATCH(TRUE, EXACT('輸入工具 (台語音標)'!G28, 韻母對照表[台語音標]), 0)), ""), "")} | L28: {=IF(H28<>"", INDEX(上標對照表[上標值], MATCH(TRUE, EXACT(H28, 上標對照表[調號]), 0)), "")}
B29: =ROW() - 4 -> 25 | C29: 春 | D29: cun1 | E29: =IF(AND(G29<>"",H29<>""), _xlfn.CONCAT(J29:L29), "") -> ʦʰun¹ | F29: c | G29: =IFERROR( MID(D29, LEN(F29)+1, LEN(D29) - LEN(F29) - 1), "") -> un | H29: =RIGHT(D29,1) -> 1 | J29: {=IFERROR( IF(F29<>"", INDEX(聲母對照表[國際音標], MATCH(TRUE, EXACT('輸入工具 (台語音標)'!F29, 聲母對照表[台語音標]), 0)), ""), "")} -> ʦʰ | K29: {=IFERROR( IF(G29<>"", INDEX(韻母對照表[國際音標], MATCH(TRUE, EXACT('輸入工具 (台語音標)'!G29, 韻母對照表[台語音標]), 0)), ""), "")} -> un | L29: {=IF(H29<>"", INDEX(上標對照表[上標值], MATCH(TRUE, EXACT(H29, 上標對照表[調號]), 0)), "")} -> ¹
B30: =ROW() - 4 -> 26 | C30: 風 | D30: hong1 | E30: =IF(AND(G30<>"",H30<>""), _xlfn.CONCAT(J30:L30), "") -> hɔŋ¹ | F30: h | G30: =IFERROR( MID(D30, LEN(F30)+1, LEN(D30) - LEN(F30) - 1), "") -> ong | H30: =RIGHT(D30,1) -> 1 | J30: {=IFERROR( IF(F30<>"", INDEX(聲母對照表[國際音標], MATCH(TRUE, EXACT('輸入工具 (台語音標)'!F30, 聲母對照表[台語音標]), 0)), ""), "")} -> h | K30: {=IFERROR( IF(G30<>"", INDEX(韻母對照表[國際音標], MATCH(TRUE, EXACT('輸入工具 (台語音標)'!G30, 韻母對照表[台語音標]), 0)), ""), "")} -> ɔŋ | L30: {=IF(H30<>"", INDEX(上標對照表[上標值], MATCH(TRUE, EXACT(H30, 上標對照表[調號]), 0)), "")} -> ¹
B31: =ROW() - 4 -> 27 | C31: 不 | D31: put4 | E31: =IF(AND(G31<>"",H31<>""), _xlfn.CONCAT(J31:L31), "") -> put̚⁴ | F31: p | G31: =IFERROR( MID(D31, LEN(F31)+1, LEN(D31) - LEN(F31) - 1), "") -> ut | H31: =RIGHT(D31,1) -> 4 | J31: {=IFERROR( IF(F31<>"", INDEX(聲母對照表[國際音標], MATCH(TRUE, EXACT('輸入工具 (台語音標)'!F31, 聲母對照表[台語音標]), 0)), ""), "")} -> p | K31: {=IFERROR( IF(G31<>"", INDEX(韻母對照表[國際音標], MATCH(TRUE, EXACT('輸入工具 (台語音標)'!G31, 韻母對照表[台語音標]), 0)), ""), "")} -> ut̚ | L31: {=IF(H31<>"", INDEX(上標對照表[上標值], MATCH(TRUE, EXACT(H31, 上標對照表[調號]), 0)), "")} -> ⁴
B32: =ROW() - 4 -> 28 | C32: 度 | D32: too7 | E32: =IF(AND(G32<>"",H32<>""), _xlfn.CONCAT(J32:L32), "") -> tɔ⁷ | F32: t | G32: =IFERROR( MID(D32, LEN(F32)+1, LEN(D32) - LEN(F32) - 1), "") -> oo | H32: =RIGHT(D32,1) -> 7 | J32: {=IFERROR( IF(F32<>"", INDEX(聲母對照表[國際音標], MATCH(TRUE, EXACT('輸入工具 (台語音標)'!F32, 聲母對照表[台語音標]), 0)), ""), "")} -> t | K32: {=IFERROR( IF(G32<>"", INDEX(韻母對照表[國際音標], MATCH(TRUE, EXACT('輸入工具 (台語音標)'!G32, 韻母對照表[台語音標]), 0)), ""), "")} -> ɔ | L32: {=IF(H32<>"", INDEX(上標對照表[上標值], MATCH(TRUE, EXACT(H32, 上標對照表[調號]), 0)), "")} -> ⁷
B33: =ROW() - 4 -> 29 | C33: 玉 | D33: giok8 | E33: =IF(AND(G33<>"",H33<>""), _xlfn.CONCAT(J33:L33), "") -> ɡɪɔk̚⁸ | F33: g | G33: =IFERROR( MID(D33, LEN(F33)+1, LEN(D33) - LEN(F33) - 1), "") -> iok | H33: =RIGHT(D33,1) -> 8 | J33: {=IFERROR( IF(F33<>"", INDEX(聲母對照表[國際音標], MATCH(TRUE, EXACT('輸入工具 (台語音標)'!F33, 聲母對照表[台語音標]), 0)), ""), "")} -> ɡ | K33: {=IFERROR( IF(G33<>"", INDEX(韻母對照表[國際音標], MATCH(TRUE, EXACT('輸入工具 (台語音標)'!G33, 韻母對照表[台語音標]), 0)), ""), "")} -> ɪɔk̚ | L33: {=IF(H33<>"", INDEX(上標對照表[上標值], MATCH(TRUE, EXACT(H33, 上標對照表[調號]), 0)), "")} -> ⁸
B34: =ROW() - 4 -> 30 | C34: 門 | D34: mng5 | E34: =IF(AND(G34<>"",H34<>""), _xlfn.CONCAT(J34:L34), "") -> mŋ̍⁵ | F34: m | G34: =IFERROR( MID(D34, LEN(F34)+1, LEN(D34) - LEN(F34) - 1), "") -> ng | H34: =RIGHT(D34,1) -> 5 | J34: {=IFERROR( IF(F34<>"", INDEX(聲母對照表[國際音標], MATCH(TRUE, EXACT('輸入工具 (台語音標)'!F34, 聲母對照表[台語音標]), 0)), ""), "")} -> m | K34: {=IFERROR( IF(G34<>"", INDEX(韻母對照表[國際音標], MATCH(TRUE, EXACT('輸入工具 (台語音標)'!G34, 韻母對照表[台語音標]), 0)), ""), "")} -> ŋ̍ | L34: {=IF(H34<>"", INDEX(上標對照表[上標值], MATCH(TRUE, EXACT(H34, 上標對照表[調號]), 0)), "")} -> ⁵
B35: =ROW() - 4 -> 31 | C35: 關 | D35: kuan1 | E35: =IF(AND(G35<>"",H35<>""), _xlfn.CONCAT(J35:L35), "") -> kuan¹ | F35: k | G35: =IFERROR( MID(D35, LEN(F35)+1, LEN(D35) - LEN(F35) - 1), "") -> uan | H35: =RIGHT(D35,1) -> 1 | J35: {=IFERROR( IF(F35<>"", INDEX(聲母對照表[國際音標], MATCH(TRUE, EXACT('輸入工具 (台語音標)'!F35, 聲母對照表[台語音標]), 0)), ""), "")} -> k | K35: {=IFERROR( IF(G35<>"", INDEX(韻母對照表[國際音標], MATCH(TRUE, EXACT('輸入工具 (台語音標)'!G35, 韻母對照表[台語音標]), 0)), ""), "")} -> uan | L35: {=IF(H35<>"", INDEX(上標對照表[上標值], MATCH(TRUE, EXACT(H35, 上標對照表[調號]), 0)), "")} -> ¹
B36: =ROW() - 4 -> 32 | C36: 。 | E36: =IF(AND(G36<>"",H36<>""), _xlfn.CONCAT(J36:L36), "") | G36: =IFERROR( MID(D36, LEN(F36)+1, LEN(D36) - LEN(F36) - 1), "") | H36: =RIGHT(D36,1) | J36: {=IFERROR( IF(F36<>"", INDEX(聲母對照表[國際音標], MATCH(TRUE, EXACT('輸入工具 (台語音標)'!F36, 聲母對照表[台語音標]), 0)), ""), "")} | K36: {=IFERROR( IF(G36<>"", INDEX(韻母對照表[國際音標], MATCH(TRUE, EXACT('輸入工具 (台語音標)'!G36, 韻母對照表[台語音標]), 0)), ""), "")} | L36: {=IF(H36<>"", INDEX(上標對照表[上標值], MATCH(TRUE, EXACT(H36, 上標對照表[調號]), 0)), "")}
J39: {=IF(F39<>"", INDEX(聲母對照表[國際音標], MATCH(TRUE, EXACT('輸入工具 (台語音標)'!F39, 聲母對照表[閩拼方案]), 0)), "")} | K39: {=IF(G39<>"", INDEX(韻母對照表[國際音標], MATCH(TRUE, EXACT('輸入工具 (台語音標)'!G39, 韻母對照表[閩拼方案]), 0)), "")} | L39: {=IF(H39<>"", INDEX(#REF!, MATCH(TRUE, EXACT('輸入工具 (台語音標)'!H39,#REF!), 0)), "")}

Sheet 輸入工具 (台羅拼音)
B2: =_xlfn.CONCAT("【", D4, "】") -> 【閩拼方案】
B4: 序號 | C4: 漢字 | D4: 閩拼方案 | E4: 國際音標 | F4: 聲母 | G4: 韻母 | H4: 音調 | J4: 聲母 | K4: 韻母 | L4: 音調
B5: =ROW() - 4 -> 1 | C5: 黄 | D5: hong5 | E5: =IF(AND(G5<>"",H5<>""), _xlfn.CONCAT(J5:L5), "") -> hɔŋ⁵ | F5: h | G5: =IFERROR( MID(D5, LEN(F5)+1, LEN(D5) - LEN(F5) - 1), "") -> ong | H5: =RIGHT(D5,1) -> 5 | J5: {=IFERROR( IF(F5<>"", INDEX(聲母對照表[國際音標], MATCH(TRUE, EXACT('輸入工具 (台羅拼音)'!F5, 聲母對照表[台羅拼音]), 0)), ""), "")} -> h | K5: {=IFERROR( IF(G5<>"", INDEX(韻母對照表[國際音標], MATCH(TRUE, EXACT('輸入工具 (台羅拼音)'!G5, 韻母對照表[台羅拼音]), 0)), ""), "")} -> ɔŋ | L5: {=IF(H5<>"", INDEX(上標對照表[上標值], MATCH(TRUE, EXACT(H5, 上標對照表[調號]), 0)), "")} -> ⁵
B6: =ROW() - 4 -> 2 | C6: 河 | D6: ho5 | E6: =IF(AND(G6<>"",H6<>""), _xlfn.CONCAT(J6:L6), "") -> hə⁵ | F6: h | G6: =IFERROR( MID(D6, LEN(F6)+1, LEN(D6) - LEN(F6) - 1), "") -> o | H6: =RIGHT(D6,1) -> 5 | J6: {=IFERROR( IF(F6<>"", INDEX(聲母對照表[國際音標], MATCH(TRUE, EXACT('輸入工具 (台羅拼音)'!F6, 聲母對照表[台羅拼音]), 0)), ""), "")} -> h | K6: {=IFERROR( IF(G6<>"", INDEX(韻母對照表[國際音標], MATCH(TRUE, EXACT('輸入工具 (台羅拼音)'!G6, 韻母對照表[台羅拼音]), 0)), ""), "")} -> ə | L6: {=IF(H6<>"", INDEX(上標對照表[上標值], MATCH(TRUE, EXACT(H6, 上標對照表[調號]), 0)), "")} -> ⁵
B7: =ROW() - 4 -> 3 | C7: 遠 | D7: uan2 | E7: =IF(AND(G7<>"",H7<>""), _xlfn.CONCAT(J7:L7), "") -> uan² | G7: uan | H7: =RIGHT(D7,1) -> 2 | J7: {=IFERROR( IF(F7<>"", INDEX(聲母對照表[國際音標], MATCH(TRUE, EXACT('輸入工具 (台羅拼音)'!F7, 聲母對照表[台羅拼音]), 0)), ""), "")} | K7: {=IFERROR( IF(G7<>"", INDEX(韻母對照表[國際音標], MATCH(TRUE, EXACT('輸入工具 (台羅拼音)'!G7, 韻母對照表[台羅拼音]), 0)), ""), "")} -> uan | L7: {=IF(H7<>"", INDEX(上標對照表[上標值], MATCH(TRUE, EXACT(H7, 上標對照表[調號]), 0)), "")} -> ²
B8: =ROW() - 4 -> 4 | C8: 上 | D8: siong2 | E8: =IF(AND(G8<>"",H8<>""), _xlfn.CONCAT(J8:L8), "") -> sɪɔŋ² | F8: s | G8: =IFERROR( MID(D8, LEN(F8)+1, LEN(D8) - LEN(F8) - 1), "") -> iong | H8: =RIGHT(D8,1) -> 2 | J8: {=IFERROR( IF(F8<>"", INDEX(聲母對照表[國際音標], MATCH(TRUE, EXACT('輸入工具 (台羅拼音)'!F8, 聲母對照表[台羅拼音]), 0)), ""), "")} -> s | K8: {=IFERROR( IF(G8<>"", INDEX(韻母對照表[國際音標], MATCH(TRUE, EXACT('輸入工具 (台羅拼音)'!G8, 韻母對照表[台羅拼音]), 0)), ""), "")} -> ɪɔŋ | L8: {=IF(H8<>"", INDEX(上標對照表[上標值], MATCH(TRUE, EXACT(H8, 上標對照表[調號]), 0)), "")} -> ²
B9: =ROW() - 4 -> 5 | C9: 白 | D9: pik8 | E9: =IF(AND(G9<>"",H9<>""), _xlfn.CONCAT(J9:L9), "") -> pik̚⁸ | F9: p | G9: =IFERROR( MID(D9, LEN(F9)+1, LEN(D9) - LEN(F9) - 1), "") -> ik | H9: =RIGHT(D9,1) -> 8 | J9: {=IFERROR( IF(F9<>"", INDEX(聲母對照表[國際音標], MATCH(TRUE, EXACT('輸入工具 (台羅拼音)'!F9, 聲母對照表[台羅拼音]), 0)), ""), "")} -> p | K9: {=IFERROR( IF(G9<>"", INDEX(韻母對照表[國際音標], MATCH(TRUE, EXACT('輸入工具 (台羅拼音)'!G9, 韻母對照表[台羅拼音]), 0)), ""), "")} -> ik̚ | L9: {=IF(H9<>"", INDEX(上標對照表[上標值], MATCH(TRUE, EXACT(H9, 上標對照表[調號]), 0)), "")} -> ⁸
B10: =ROW() - 4 -> 6 | C10: 雲 | D10: hun5 | E10: =IF(AND(G10<>"",H10<>""), _xlfn.CONCAT(J10:L10), "") -> hun⁵ | F10: h | G10: =IFERROR( MID(D10, LEN(F10)+1, LEN(D10) - LEN(F10) - 1), "") -> un | H10: =RIGHT(D10,1) -> 5 | J10: {=IFERROR( IF(F10<>"", INDEX(聲母對照表[國際音標], MATCH(TRUE, EXACT('輸入工具 (台羅拼音)'!F10, 聲母對照表[台羅拼音]), 0)), ""), "")} -> h | K10: {=IFERROR( IF(G10<>"", INDEX(韻母對照表[國際音標], MATCH(TRUE, EXACT('輸入工具 (台羅拼音)'!G10, 韻母對照表[台羅拼音]), 0)), ""), "")} -> un | L10: {=IF(H10<>"", INDEX(上標對照表[上標值], MATCH(TRUE, EXACT(H10, 上標對照表[調號]), 0)), "")} -> ⁵
B11: =ROW() - 4 -> 7 | C11: 間 | D11: king1 | E11: =IF(AND(G11<>"",H11<>""), _xlfn.CONCAT(J11:L11), "") -> kiŋ¹ | F11: k | G11: =IFERROR( MID(D11, LEN(F11)+1, LEN(D11) - LEN(F11) - 1), "") -> ing | H11: =RIGHT(D11,1) -> 1 | J11: {=IFERROR( IF(F11<>"", INDEX(聲母對照表[國際音標], MATCH(TRUE, EXACT('輸入工具 (台羅拼音)'!F11, 聲母對照表[台羅拼音]), 0)), ""), "")} -> k | K11: {=IFERROR( IF(G11<>"", INDEX(韻母對照表[國際音標], MATCH(TRUE, EXACT('輸入工具 (台羅拼音)'!G11, 韻母對照表[台羅拼音]), 0)), ""), "")} -> iŋ | L11: {=IF(H11<>"", INDEX(上標對照表[上標值], MATCH(TRUE, EXACT(H11, 上標對照表[調號]), 0)), "")} -> ¹
B12: =ROW() - 4 -> 8 | C12: ， | E12: =IF(AND(G12<>"",H12<>""), _xlfn.CONCAT(J12:L12), "") | G12: =IFERROR( MID(D12, LEN(F12)+1, LEN(D12) - LEN(F12) - 1), "") | H12: =RIGHT(D12,1) | J12: {=IFERROR( IF(F12<>"", INDEX(聲母對照表[國際音標], MATCH(TRUE, EXACT('輸入工具 (台羅拼音)'!F12, 聲母對照表[台羅拼音]), 0)), ""), "")} | K12: {=IFERROR( IF(G12<>"", INDEX(韻母對照表[國際音標], MATCH(TRUE, EXACT('輸入工具 (台羅拼音)'!G12, 韻母對照表[台羅拼音]), 0)), ""), "")} | L12: {=IF(H12<>"", INDEX(上標對照表[上標值], MATCH(TRUE, EXACT(H12, 上標對照表[調號]), 0)), "")}
B13: =ROW() - 4 -> 9 | C13: 一 | D13: it4 | E13: =IF(AND(G13<>"",H13<>""), _xlfn.CONCAT(J13:L13), "") -> it̚⁴ | G13: =IFERROR( MID(D13, LEN(F13)+1, LEN(D13) - LEN(F13) - 1), "") -> it | H13: =RIGHT(D13,1) -> 4 | J13: {=IFERROR( IF(F13<>"", INDEX(聲母對照表[國際音標], MATCH(TRUE, EXACT('輸入工具 (台羅拼音)'!F13, 聲母對照表[台羅拼音]), 0)), ""), "")} | K13: {=IFERROR( IF(G13<>"", INDEX(韻母對照表[國際音標], MATCH(TRUE, EXACT('輸入工具 (台羅拼音)'!G13, 韻母對照表[台羅拼音]), 0)), ""), "")} -> it̚ | L13: {=IF(H13<>"", INDEX(上標對照表[上標值], MATCH(TRUE, EXACT(H13, 上標對照表[調號]), 0)), "")} -> ⁴
B14: =ROW() - 4 -> 10 | C14: 片 | D14: phian3 | E14: =IF(AND(G14<>"",H14<>""), _xlfn.CONCAT(J14:L14), "") -> pʰɪan³ | F14: ph | G14: =IFERROR( MID(D14, LEN(F14)+1, LEN(D14) - LEN(F14) - 1), "") -> ian | H14: =RIGHT(D14,1) -> 3 | J14: {=IFERROR( IF(F14<>"", INDEX(聲母對照表[國際音標], MATCH(TRUE, EXACT('輸入工具 (台羅拼音)'!F14, 聲母對照表[台羅拼音]), 0)), ""), "")} -> pʰ | K14: {=IFERROR( IF(G14<>"", INDEX(韻母對照表[國際音標], MATCH(TRUE, EXACT('輸入工具 (台羅拼音)'!G14, 韻母對照表[台羅拼音]), 0)), ""), "")} -> ɪan | L14: {=IF(H14<>"", INDEX(上標對照表[上標值], MATCH(TRUE, EXACT(H14, 上標對照表[調號]), 0)), "")} -> ³
B15: =ROW() - 4 -> 11 | C15: 孤 | D15: koo1 | E15: =IF(AND(G15<>"",H15<>""), _xlfn.CONCAT(J15:L15), "") -> ɡɔ¹ | F15: g | G15: =IFERROR( MID(D15, LEN(F15)+1, LEN(D15) - LEN(F15) - 1), "") -> oo | H15: =RIGHT(D15,1) -> 1 | J15: {=IFERROR( IF(F15<>"", INDEX(聲母對照表[國際音標], MATCH(TRUE, EXACT('輸入工具 (台羅拼音)'!F15, 聲母對照表[台羅拼音]), 0)), ""), "")} -> ɡ | K15: {=IFERROR( IF(G15<>"", INDEX(韻母對照表[國際音標], MATCH(TRUE, EXACT('輸入工具 (台羅拼音)'!G15, 韻母對照表[台羅拼音]), 0)), ""), "")} -> ɔ | L15: {=IF(H15<>"", INDEX(上標對照表[上標值], MATCH(TRUE, EXACT(H15, 上標對照表[調號]), 0)), "")} -> ¹
B16: =ROW() - 4 -> 12 | C16: 城 | D16: sing5 | E16: =IF(AND(G16<>"",H16<>""), _xlfn.CONCAT(J16:L16), "") -> siŋ⁵ | F16: s | G16: =IFERROR( MID(D16, LEN(F16)+1, LEN(D16) - LEN(F16) - 1), "") -> ing | H16: =RIGHT(D16,1) -> 5 | J16: {=IFERROR( IF(F16<>"", INDEX(聲母對照表[國際音標], MATCH(TRUE, EXACT('輸入工具 (台羅拼音)'!F16, 聲母對照表[台羅拼音]), 0)), ""), "")} -> s | K16: {=IFERROR( IF(G16<>"", INDEX(韻母對照表[國際音標], MATCH(TRUE, EXACT('輸入工具 (台羅拼音)'!G16, 韻母對照表[台羅拼音]), 0)), ""), "")} -> iŋ | L16: {=IF(H16<>"", INDEX(上標對照表[上標值], MATCH(TRUE, EXACT(H16, 上標對照表[調號]), 0)), "")} -> ⁵
B17: =ROW() - 4 -> 13 | C17: 萬 | D17: ban7 | E17: =IF(AND(G17<>"",H17<>""), _xlfn.CONCAT(J17:L17), "") -> ban⁷ | F17: b | G17: =IFERROR( MID(D17, LEN(F17)+1, LEN(D17) - LEN(F17) - 1), "") -> an | H17: =RIGHT(D17,1) -> 7 | J17: {=IFERROR( IF(F17<>"", INDEX(聲母對照表[國際音標], MATCH(TRUE, EXACT('輸入工具 (台羅拼音)'!F17, 聲母對照表[台羅拼音]), 0)), ""), "")} -> b | K17: {=IFERROR( IF(G17<>"", INDEX(韻母對照表[國際音標], MATCH(TRUE, EXACT('輸入工具 (台羅拼音)'!G17, 韻母對照表[台羅拼音]), 0)), ""), "")} -> an | L17: {=IF(H17<>"", INDEX(上標對照表[上標值], MATCH(TRUE, EXACT(H17, 上標對照表[調號]), 0)), "")} -> ⁷
B18: =ROW() - 4 -> 14 | C18: 仞 | D18: jim7 | E18: =IF(AND(G18<>"",H18<>""), _xlfn.CONCAT(J18:L18), "") -> ʣim⁷ | F18: j | G18: =IFERROR( MID(D18, LEN(F18)+1, LEN(D18) - LEN(F18) - 1), "") -> im | H18: =RIGHT(D18,1) -> 7 | J18: {=IFERROR( IF(F18<>"", INDEX(聲母對照表[國際音標], MATCH(TRUE, EXACT('輸入工具 (台羅拼音)'!F18, 聲母對照表[台羅拼音]), 0)), ""), "")} -> ʣ | K18: {=IFERROR( IF(G18<>"", INDEX(韻母對照表[國際音標], MATCH(TRUE, EXACT('輸入工具 (台羅拼音)'!G18, 韻母對照表[台羅拼音]), 0)), ""), "")} -> im | L18: {=IF(H18<>"", INDEX(上標對照表[上標值], MATCH(TRUE, EXACT(H18, 上標對照表[調號]), 0)), "")} -> ⁷
B19: =ROW() - 4 -> 15 | C19: 山 | D19: san1 | E19: =IF(AND(G19<>"",H19<>""), _xlfn.CONCAT(J19:L19), "") -> san¹ | F19: s | G19: =IFERROR( MID(D19, LEN(F19)+1, LEN(D19) - LEN(F19) - 1), "") -> an | H19: =RIGHT(D19,1) -> 1 | J19: {=IFERROR( IF(F19<>"", INDEX(聲母對照表[國際音標], MATCH(TRUE, EXACT('輸入工具 (台羅拼音)'!F19, 聲母對照表[台羅拼音]), 0)), ""), "")} -> s | K19: {=IFERROR( IF(G19<>"", INDEX(韻母對照表[國際音標], MATCH(TRUE, EXACT('輸入工具 (台羅拼音)'!G19, 韻母對照表[台羅拼音]), 0)), ""), "")} -> an | L19: {=IF(H19<>"", INDEX(上標對照表[上標值], MATCH(TRUE, EXACT(H19, 上標對照表[調號]), 0)), "")} -> ¹
B20: =ROW() - 4 -> 16 | C20: 。 | E20: =IF(AND(G20<>"",H20<>""), _xlfn.CONCAT(J20:L20), "") | G20: =IFERROR( MID(D20, LEN(F20)+1, LEN(D20) - LEN(F20) - 1), "") | H20: =RIGHT(D20,1) | J20: {=IFERROR( IF(F20<>"", INDEX(聲母對照表[國際音標], MATCH(TRUE, EXACT('輸入工具 (台羅拼音)'!F20, 聲母對照表[台羅拼音]), 0)), ""), "")} | K20: {=IFERROR( IF(G20<>"", INDEX(韻母對照表[國際音標], MATCH(TRUE, EXACT('輸入工具 (台羅拼音)'!G20, 韻母對照表[台羅拼音]), 0)), ""), "")} | L20: {=IF(H20<>"", INDEX(上標對照表[上標值], MATCH(TRUE, EXACT(H20, 上標對照表[調號]), 0)), "")}
B21: =ROW() - 4 -> 17 | C21: 羌 | D21: kiunn1 | E21: =IF(AND(G21<>"",H21<>""), _xlfn.CONCAT(J21:L21), "") -> kɪũ¹ | F21: k | G21: =IFERROR( MID(D21, LEN(F21)+1, LEN(D21) - LEN(F21) - 1), "") -> iunn | H21: =RIGHT(D21,1) -> 1 | J21: {=IFERROR( IF(F21<>"", INDEX(聲母對照表[國際音標], MATCH(TRUE, EXACT('輸入工具 (台羅拼音)'!F21, 聲母對照表[台羅拼音]), 0)), ""), "")} -> k | K21: {=IFERROR( IF(G21<>"", INDEX(韻母對照表[國際音標], MATCH(TRUE, EXACT('輸入工具 (台羅拼音)'!G21, 韻母對照表[台羅拼音]), 0)), ""), "")} -> ɪũ | L21: {=IF(H21<>"", INDEX(上標對照表[上標值], MATCH(TRUE, EXACT(H21, 上標對照表[調號]), 0)), "")} -> ¹
B22: =ROW() - 4 -> 18 | C22: 笛 | D22: tik8 | E22: =IF(AND(G22<>"",H22<>""), _xlfn.CONCAT(J22:L22), "") -> tik̚⁸ | F22: t | G22: =IFERROR( MID(D22, LEN(F22)+1, LEN(D22) - LEN(F22) - 1), "") -> ik | H22: =RIGHT(D22,1) -> 8 | J22: {=IFERROR( IF(F22<>"", INDEX(聲母對照表[國際音標], MATCH(TRUE, EXACT('輸入工具 (台羅拼音)'!F22, 聲母對照表[台羅拼音]), 0)), ""), "")} -> t | K22: {=IFERROR( IF(G22<>"", INDEX(韻母對照表[國際音標], MATCH(TRUE, EXACT('輸入工具 (台羅拼音)'!G22, 韻母對照表[台羅拼音]), 0)), ""), "")} -> ik̚ | L22: {=IF(H22<>"", INDEX(上標對照表[上標值], MATCH(TRUE, EXACT(H22, 上標對照表[調號]), 0)), "")} -> ⁸
B23: =ROW() - 4 -> 19 | C23: 何 | D23: ho5 | E23: =IF(AND(G23<>"",H23<>""), _xlfn.CONCAT(J23:L23), "") -> hə⁵ | F23: h | G23: =IFERROR( MID(D23, LEN(F23)+1, LEN(D23) - LEN(F23) - 1), "") -> o | H23: =RIGHT(D23,1) -> 5 | J23: {=IFERROR( IF(F23<>"", INDEX(聲母對照表[國際音標], MATCH(TRUE, EXACT('輸入工具 (台羅拼音)'!F23, 聲母對照表[台羅拼音]), 0)), ""), "")} -> h | K23: {=IFERROR( IF(G23<>"", INDEX(韻母對照表[國際音標], MATCH(TRUE, EXACT('輸入工具 (台羅拼音)'!G23, 韻母對照表[台羅拼音]), 0)), ""), "")} -> ə | L23: {=IF(H23<>"", INDEX(上標對照表[上標值], MATCH(TRUE, EXACT(H23, 上標對照表[調號]), 0)), "")} -> ⁵
B24: =ROW() - 4 -> 20 | C24: 須 | D24: su1 | E24: =IF(AND(G24<>"",H24<>""), _xlfn.CONCAT(J24:L24), "") -> su¹ | F24: s | G24: =IFERROR( MID(D24, LEN(F24)+1, LEN(D24) - LEN(F24) - 1), "") -> u | H24: =RIGHT(D24,1) -> 1 | J24: {=IFERROR( IF(F24<>"", INDEX(聲母對照表[國際音標], MATCH(TRUE, EXACT('輸入工具 (台羅拼音)'!F24, 聲母對照表[台羅拼音]), 0)), ""), "")} -> s | K24: {=IFERROR( IF(G24<>"", INDEX(韻母對照表[國際音標], MATCH(TRUE, EXACT('輸入工具 (台羅拼音)'!G24, 韻母對照表[台羅拼音]), 0)), ""), "")} -> u | L24: {=IF(H24<>"", INDEX(上標對照表[上標值], MATCH(TRUE, EXACT(H24, 上標對照表[調號]), 0)), "")} -> ¹
B25: =ROW() - 4 -> 21 | C25: 怨 | D25: uan3 | E25: =IF(AND(G25<>"",H25<>""), _xlfn.CONCAT(J25:L25), "") -> uan³ | G25: =IFERROR( MID(D25, LEN(F25)+1, LEN(D25) - LEN(F25) - 1), "") -> uan | H25: =RIGHT(D25,1) -> 3 | J25: {=IFERROR( IF(F25<>"", INDEX(聲母對照表[國際音標], MATCH(TRUE, EXACT('輸入工具 (台羅拼音)'!F25, 聲母對照表[台羅拼音]), 0)), ""), "")} | K25: {=IFERROR( IF(G25<>"", INDEX(韻母對照表[國際音標], MATCH(TRUE, EXACT('輸入工具 (台羅拼音)'!G25, 韻母對照表[台羅拼音]), 0)), ""), "")} -> uan | L25: {=IF(H25<>"", INDEX(上標對照表[上標值], MATCH(TRUE, EXACT(H25, 上標對照表[調號]), 0)), "")} -> ³
B26: =ROW() - 4 -> 22 | C26: 楊 | D26: iunn5 | E26: =IF(AND(G26<>"",H26<>""), _xlfn.CONCAT(J26:L26), "") -> ɪũ⁵ | G26: =IFERROR( MID(D26, LEN(F26)+1, LEN(D26) - LEN(F26) - 1), "") -> iunn | H26: =RIGHT(D26,1) -> 5 | J26: {=IFERROR( IF(F26<>"", INDEX(聲母對照表[國際音標], MATCH(TRUE, EXACT('輸入工具 (台羅拼音)'!F26, 聲母對照表[台羅拼音]), 0)), ""), "")} | K26: {=IFERROR( IF(G26<>"", INDEX(韻母對照表[國際音標], MATCH(TRUE, EXACT('輸入工具 (台羅拼音)'!G26, 韻母對照表[台羅拼音]), 0)), ""), "")} -> ɪũ | L26: {=IF(H26<>"", INDEX(上標對照表[上標值], MATCH(TRUE, EXACT(H26, 上標對照表[調號]), 0)), "")} -> ⁵
B27: =ROW() - 4 -> 23 | C27: 柳 | D27: liu2 | E27: =IF(AND(G27<>"",H27<>""), _xlfn.CONCAT(J27:L27), "") -> lɪu² | F27: l | G27: =IFERROR( MID(D27, LEN(F27)+1, LEN(D27) - LEN(F27) - 1), "") -> iu | H27: =RIGHT(D27,1) -> 2 | J27: {=IFERROR( IF(F27<>"", INDEX(聲母對照表[國際音標], MATCH(TRUE, EXACT('輸入工具 (台羅拼音)'!F27, 聲母對照表[台羅拼音]), 0)), ""), "")} -> l | K27: {=IFERROR( IF(G27<>"", INDEX(韻母對照表[國際音標], MATCH(TRUE, EXACT('輸入工具 (台羅拼音)'!G27, 韻母對照表[台羅拼音]), 0)), ""), "")} -> ɪu | L27: {=IF(H27<>"", INDEX(上標對照表[上標值], MATCH(TRUE, EXACT(H27, 上標對照表[調號]), 0)), "")} -> ²
B28: =ROW() - 4 -> 24 | C28: ， | E28: =IF(AND(G28<>"",H28<>""), _xlfn.CONCAT(J28:L28), "") | G28: =IFERROR( MID(D28, LEN(F28)+1, LEN(D28) - LEN(F28) - 1), "") | H28: =RIGHT(D28,1) | J28: {=IFERROR( IF(F28<>"", INDEX(聲母對照表[國際音標], MATCH(TRUE, EXACT('輸入工具 (台羅拼音)'!F28, 聲母對照表[台羅拼音]), 0)), ""), "")} | K28: {=IFERROR( IF(G28<>"", INDEX(韻母對照表[國際音標], MATCH(TRUE, EXACT('輸入工具 (台羅拼音)'!G28, 韻母對照表[台羅拼音]), 0)), ""), "")} | L28: {=IF(H28<>"", INDEX(上標對照表[上標值], MATCH(TRUE, EXACT(H28, 上標對照表[調號]), 0)), "")}
B29: =ROW() - 4 -> 25 | C29: 春 | D29: tshun1 | E29: =IF(AND(G29<>"",H29<>""), _xlfn.CONCAT(J29:L29), "") -> ʦʰun¹ | F29: tsh | G29: =IFERROR( MID(D29, LEN(F29)+1, LEN(D29) - LEN(F29) - 1), "") -> un | H29: =RIGHT(D29,1) -> 1 | J29: {=IFERROR( IF(F29<>"", INDEX(聲母對照表[國際音標], MATCH(TRUE, EXACT('輸入工具 (台羅拼音)'!F29, 聲母對照表[台羅拼音]), 0)), ""), "")} -> ʦʰ | K29: {=IFERROR( IF(G29<>"", INDEX(韻母對照表[國際音標], MATCH(TRUE, EXACT('輸入工具 (台羅拼音)'!G29, 韻母對照表[台羅拼音]), 0)), ""), "")} -> un | L29: {=IF(H29<>"", INDEX(上標對照表[上標值], MATCH(TRUE, EXACT(H29, 上標對照表[調號]), 0)), "")} -> ¹
B30: =ROW() - 4 -> 26 | C30: 風 | D30: hong1 | E30: =IF(AND(G30<>"",H30<>""), _xlfn.CONCAT(J30:L30), "") -> hɔŋ¹ | F30: h | G30: =IFERROR( MID(D30, LEN(F30)+1, LEN(D30) - LEN(F30) - 1), "") -> ong | H30: =RIGHT(D30,1) -> 1 | J30: {=IFERROR( IF(F30<>"", INDEX(聲母對照表[國際音標], MATCH(TRUE, EXACT('輸入工具 (台羅拼音)'!F30, 聲母對照表[台羅拼音]), 0)), ""), "")} -> h | K30: {=IFERROR( IF(G30<>"", INDEX(韻母對照表[國際音標], MATCH(TRUE, EXACT('輸入工具 (台羅拼音)'!G30, 韻母對照表[台羅拼音]), 0)), ""), "")} -> ɔŋ | L30: {=IF(H30<>"", INDEX(上標對照表[上標值], MATCH(TRUE, EXACT(H30, 上標對照表[調號]), 0)), "")} -> ¹
B31: =ROW() - 4 -> 27 | C31: 不 | D31: put4 | E31: =IF(AND(G31<>"",H31<>""), _xlfn.CONCAT(J31:L31), "") -> put̚⁴ | F31: p | G31: =IFERROR( MID(D31, LEN(F31)+1, LEN(D31) - LEN(F31) - 1), "") -> ut | H31: =RIGHT(D31,1) -> 4 | J31: {=IFERROR( IF(F31<>"", INDEX(聲母對照表[國際音標], MATCH(TRUE, EXACT('輸入工具 (台羅拼音)'!F31, 聲母對照表[台羅拼音]), 0)), ""), "")} -> p | K31: {=IFERROR( IF(G31<>"", INDEX(韻母對照表[國際音標], MATCH(TRUE, EXACT('輸入工具 (台羅拼音)'!G31, 韻母對照表[台羅拼音]), 0)), ""), "")} -> ut̚ | L31: {=IF(H31<>"", INDEX(上標對照表[上標值], MATCH(TRUE, EXACT(H31, 上標對照表[調號]), 0)), "")} -> ⁴
B32: =ROW() - 4 -> 28 | C32: 度 | D32: too7 | E32: =IF(AND(G32<>"",H32<>""), _xlfn.CONCAT(J32:L32), "") -> tɔ⁷ | F32: t | G32: =IFERROR( MID(D32, LEN(F32)+1, LEN(D32) - LEN(F32) - 1), "") -> oo | H32: =RIGHT(D32,1) -> 7 | J32: {=IFERROR( IF(F32<>"", INDEX(聲母對照表[國際音標], MATCH(TRUE, EXACT('輸入工具 (台羅拼音)'!F32, 聲母對照表[台羅拼音]), 0)), ""), "")} -> t | K32: {=IFERROR( IF(G32<>"", INDEX(韻母對照表[國際音標], MATCH(TRUE, EXACT('輸入工具 (台羅拼音)'!G32, 韻母對照表[台羅拼音]), 0)), ""), "")} -> ɔ | L32: {=IF(H32<>"", INDEX(上標對照表[上標值], MATCH(TRUE, EXACT(H32, 上標對照表[調號]), 0)), "")} -> ⁷
B33: =ROW() - 4 -> 29 | C33: 玉 | D33: giok8 | E33: =IF(AND(G33<>"",H33<>""), _xlfn.CONCAT(J33:L33), "") -> ɡɪɔk̚⁸ | F33: g | G33: =IFERROR( MID(D33, LEN(F33)+1, LEN(D33) - LEN(F33) - 1), "") -> iok | H33: =RIGHT(D33,1) -> 8 | J33: {=IFERROR( IF(F33<>"", INDEX(聲母對照表[國際音標], MATCH(TRUE, EXACT('輸入工具 (台羅拼音)'!F33, 聲母對照表[台羅拼音]), 0)), ""), "")} -> ɡ | K33: {=IFERROR( IF(G33<>"", INDEX(韻母對照表[國際音標], MATCH(TRUE, EXACT('輸入工具 (台羅拼音)'!G33, 韻母對照表[台羅拼音]), 0)), ""), "")} -> ɪɔk̚ | L33: {=IF(H33<>"", INDEX(上標對照表[上標值], MATCH(TRUE, EXACT(H33, 上標對照表[調號]), 0)), "")} -> ⁸
B34: =ROW() - 4 -> 30 | C34: 門 | D34: mng5 | E34: =IF(AND(G34<>"",H34<>""), _xlfn.CONCAT(J34:L34), "") -> mŋ̍⁵ | F34: m | G34: =IFERROR( MID(D34, LEN(F34)+1, LEN(D34) - LEN(F34) - 1), "") -> ng | H34: =RIGHT(D34,1) -> 5 | J34: {=IFERROR( IF(F34<>"", INDEX(聲母對照表[國際音標], MATCH(TRUE, EXACT('輸入工具 (台羅拼音)'!F34, 聲母對照表[台羅拼音]), 0)), ""), "")} -> m | K34: {=IFERROR( IF(G34<>"", INDEX(韻母對照表[國際音標], MATCH(TRUE, EXACT('輸入工具 (台羅拼音)'!G34, 韻母對照表[台羅拼音]), 0)), ""), "")} -> ŋ̍ | L34: {=IF(H34<>"", INDEX(上標對照表[上標值], MATCH(TRUE, EXACT(H34, 上標對照表[調號]), 0)), "")} -> ⁵
B35: =ROW() - 4 -> 31 | C35: 關 | D35: kuan1 | E35: =IF(AND(G35<>"",H35<>""), _xlfn.CONCAT(J35:L35), "") -> kuan¹ | F35: k | G35: =IFERROR( MID(D35, LEN(F35)+1, LEN(D35) - LEN(F35) - 1), "") -> uan | H35: =RIGHT(D35,1) -> 1 | J35: {=IFERROR( IF(F35<>"", INDEX(聲母對照表[國際音標], MATCH(TRUE, EXACT('輸入工具 (台羅拼音)'!F35, 聲母對照表[台羅拼音]), 0)), ""), "")} -> k | K35: {=IFERROR( IF(G35<>"", INDEX(韻母對照表[國際音標], MATCH(TRUE, EXACT('輸入工具 (台羅拼音)'!G35, 韻母對照表[台羅拼音]), 0)), ""), "")} -> uan | L35: {=IF(H35<>"", INDEX(上標對照表[上標值], MATCH(TRUE, EXACT(H35, 上標對照表[調號]), 0)), "")} -> ¹
B36: =ROW() - 4 -> 32 | C36: 。 | E36: =IF(AND(G36<>"",H36<>""), _xlfn.CONCAT(J36:L36), "") | G36: =IFERROR( MID(D36, LEN(F36)+1, LEN(D36) - LEN(F36) - 1), "") | H36: =RIGHT(D36,1) | J36: {=IFERROR( IF(F36<>"", INDEX(聲母對照表[國際音標], MATCH(TRUE, EXACT('輸入工具 (台羅拼音)'!F36, 聲母對照表[台羅拼音]), 0)), ""), "")} | K36: {=IFERROR( IF(G36<>"", INDEX(韻母對照表[國際音標], MATCH(TRUE, EXACT('輸入工具 (台羅拼音)'!G36, 韻母對照表[台羅拼音]), 0)), ""), "")} | L36: {=IF(H36<>"", INDEX(上標對照表[上標值], MATCH(TRUE, EXACT(H36, 上標對照表[調號]), 0)), "")}
J39: {=IF(F39<>"", INDEX(聲母對照表[國際音標], MATCH(TRUE, EXACT('輸入工具 (台羅拼音)'!F39, 聲母對照表[閩拼方案]), 0)), "")} | K39: {=IF(G39<>"", INDEX(韻母對照表[國際音標], MATCH(TRUE, EXACT('輸入工具 (台羅拼音)'!G39, 韻母對照表[閩拼方案]), 0)), "")} | L39: {=IF(H39<>"", INDEX(#REF!, MATCH(TRUE, EXACT('輸入工具 (台羅拼音)'!H39,#REF!), 0)), "")}

Sheet 輸入工具 (白話字)
B2: =_xlfn.CONCAT("【", D4, "】") -> 【白話字】
B4: 序號 | C4: 漢字 | D4: 白話字 | E4: 國際音標 | F4: 聲母 | G4: 韻母 | H4: 音調 | J4: 聲母 | K4: 韻母 | L4: 音調
B5: =ROW() - 4 -> 1 | C5: 黄 | D5: hong5 | E5: =IF(AND(G5<>"",H5<>""), _xlfn.CONCAT(J5:L5), "") -> hong⁵ | F5: h | G5: =IFERROR( MID(D5, LEN(F5)+1, LEN(D5) - LEN(F5) - 1), "") -> ong | H5: =RIGHT(D5,1) -> 5 | J5: {=IFERROR( IF(F5<>"", INDEX(聲母對照表[白話字], MATCH(TRUE, EXACT('輸入工具 (白話字)'!F5, 聲母對照表[白話字]), 0)), ""), "")} -> h | K5: {=IFERROR( IF(G5<>"", INDEX(韻母對照表[白話字], MATCH(TRUE, EXACT('輸入工具 (白話字)'!G5, 韻母對照表[白話字]), 0)), ""), "")} -> ong | L5: {=IF(H5<>"", INDEX(上標對照表[上標值], MATCH(TRUE, EXACT(H5, 上標對照表[調號]), 0)), "")} -> ⁵
B6: =ROW() - 4 -> 2 | C6: 河 | D6: ho5 | E6: =IF(AND(G6<>"",H6<>""), _xlfn.CONCAT(J6:L6), "") -> hə⁵ | F6: h | G6: =IFERROR( MID(D6, LEN(F6)+1, LEN(D6) - LEN(F6) - 1), "") -> o | H6: =RIGHT(D6,1) -> 5 | J6: {=IFERROR( IF(F6<>"", INDEX(聲母對照表[國際音標], MATCH(TRUE, EXACT('輸入工具 (白話字)'!F6, 聲母對照表[白話字]), 0)), ""), "")} -> h | K6: {=IFERROR( IF(G6<>"", INDEX(韻母對照表[國際音標], MATCH(TRUE, EXACT('輸入工具 (白話字)'!G6, 韻母對照表[白話字]), 0)), ""), "")} -> ə | L6: {=IF(H6<>"", INDEX(上標對照表[上標值], MATCH(TRUE, EXACT(H6, 上標對照表[調號]), 0)), "")} -> ⁵
B7: =ROW() - 4 -> 3 | C7: 遠 | D7: oan2 | E7: =IF(AND(G7<>"",H7<>""), _xlfn.CONCAT(J7:L7), "") -> uan² | G7: =IFERROR( MID(D7, LEN(F7)+1, LEN(D7) - LEN(F7) - 1), "") -> oan | H7: =RIGHT(D7,1) -> 2 | J7: {=IFERROR( IF(F7<>"", INDEX(聲母對照表[國際音標], MATCH(TRUE, EXACT('輸入工具 (白話字)'!F7, 聲母對照表[白話字]), 0)), ""), "")} | K7: {=IFERROR( IF(G7<>"", INDEX(韻母對照表[國際音標], MATCH(TRUE, EXACT('輸入工具 (白話字)'!G7, 韻母對照表[白話字]), 0)), ""), "")} -> uan | L7: {=IF(H7<>"", INDEX(上標對照表[上標值], MATCH(TRUE, EXACT(H7, 上標對照表[調號]), 0)), "")} -> ²
B8: =ROW() - 4 -> 4 | C8: 上 | D8: siong2 | E8: =IF(AND(G8<>"",H8<>""), _xlfn.CONCAT(J8:L8), "") -> sɪɔŋ² | F8: s | G8: =IFERROR( MID(D8, LEN(F8)+1, LEN(D8) - LEN(F8) - 1), "") -> iong | H8: =RIGHT(D8,1) -> 2 | J8: {=IFERROR( IF(F8<>"", INDEX(聲母對照表[國際音標], MATCH(TRUE, EXACT('輸入工具 (白話字)'!F8, 聲母對照表[白話字]), 0)), ""), "")} -> s | K8: {=IFERROR( IF(G8<>"", INDEX(韻母對照表[國際音標], MATCH(TRUE, EXACT('輸入工具 (白話字)'!G8, 韻母對照表[白話字]), 0)), ""), "")} -> ɪɔŋ | L8: {=IF(H8<>"", INDEX(上標對照表[上標值], MATCH(TRUE, EXACT(H8, 上標對照表[調號]), 0)), "")} -> ²
B9: =ROW() - 4 -> 5 | C9: 白 | D9: pek8 | E9: =IF(AND(G9<>"",H9<>""), _xlfn.CONCAT(J9:L9), "") -> pik̚⁸ | F9: p | G9: =IFERROR( MID(D9, LEN(F9)+1, LEN(D9) - LEN(F9) - 1), "") -> ek | H9: =RIGHT(D9,1) -> 8 | J9: {=IFERROR( IF(F9<>"", INDEX(聲母對照表[國際音標], MATCH(TRUE, EXACT('輸入工具 (白話字)'!F9, 聲母對照表[白話字]), 0)), ""), "")} -> p | K9: {=IFERROR( IF(G9<>"", INDEX(韻母對照表[國際音標], MATCH(TRUE, EXACT('輸入工具 (白話字)'!G9, 韻母對照表[白話字]), 0)), ""), "")} -> ik̚ | L9: {=IF(H9<>"", INDEX(上標對照表[上標值], MATCH(TRUE, EXACT(H9, 上標對照表[調號]), 0)), "")} -> ⁸
B10: =ROW() - 4 -> 6 | C10: 雲 | D10: hun5 | E10: =IF(AND(G10<>"",H10<>""), _xlfn.CONCAT(J10:L10), "") -> hun⁵ | F10: h | G10: =IFERROR( MID(D10, LEN(F10)+1, LEN(D10) - LEN(F10) - 1), "") -> un | H10: =RIGHT(D10,1) -> 5 | J10: {=IFERROR( IF(F10<>"", INDEX(聲母對照表[國際音標], MATCH(TRUE, EXACT('輸入工具 (白話字)'!F10, 聲母對照表[白話字]), 0)), ""), "")} -> h | K10: {=IFERROR( IF(G10<>"", INDEX(韻母對照表[國際音標], MATCH(TRUE, EXACT('輸入工具 (白話字)'!G10, 韻母對照表[白話字]), 0)), ""), "")} -> un | L10: {=IF(H10<>"", INDEX(上標對照表[上標值], MATCH(TRUE, EXACT(H10, 上標對照表[調號]), 0)), "")} -> ⁵
B11: =ROW() - 4 -> 7 | C11: 間 | D11: keng1 | E11: =IF(AND(G11<>"",H11<>""), _xlfn.CONCAT(J11:L11), "") -> kiŋ¹ | F11: k | G11: =IFERROR( MID(D11, LEN(F11)+1, LEN(D11) - LEN(F11) - 1), "") -> eng | H11: =RIGHT(D11,1) -> 1 | J11: {=IFERROR( IF(F11<>"", INDEX(聲母對照表[國際音標], MATCH(TRUE, EXACT('輸入工具 (白話字)'!F11, 聲母對照表[白話字]), 0)), ""), "")} -> k | K11: {=IFERROR( IF(G11<>"", INDEX(韻母對照表[國際音標], MATCH(TRUE, EXACT('輸入工具 (白話字)'!G11, 韻母對照表[白話字]), 0)), ""), "")} -> iŋ | L11: {=IF(H11<>"", INDEX(上標對照表[上標值], MATCH(TRUE, EXACT(H11, 上標對照表[調號]), 0)), "")} -> ¹
B12: =ROW() - 4 -> 8 | C12: ， | E12: =IF(AND(G12<>"",H12<>""), _xlfn.CONCAT(J12:L12), "") | G12: =IFERROR( MID(D12, LEN(F12)+1, LEN(D12) - LEN(F12) - 1), "") | H12: =RIGHT(D12,1) | J12: {=IFERROR( IF(F12<>"", INDEX(聲母對照表[國際音標], MATCH(TRUE, EXACT('輸入工具 (白話字)'!F12, 聲母對照表[白話字]), 0)), ""), "")} | K12: {=IFERROR( IF(G12<>"", INDEX(韻母對照表[國際音標], MATCH(TRUE, EXACT('輸入工具 (白話字)'!G12, 韻母對照表[白話字]), 0)), ""), "")} | L12: {=IF(H12<>"", INDEX(上標對照表[上標值], MATCH(TRUE, EXACT(H12, 上標對照表[調號]), 0)), "")}
B13: =ROW() - 4 -> 9 | C13: 一 | D13: it4 | E13: =IF(AND(G13<>"",H13<>""), _xlfn.CONCAT(J13:L13), "") -> it̚⁴ | G13: =IFERROR( MID(D13, LEN(F13)+1, LEN(D13) - LEN(F13) - 1), "") -> it | H13: =RIGHT(D13,1) -> 4 | J13: {=IFERROR( IF(F13<>"", INDEX(聲母對照表[國際音標], MATCH(TRUE, EXACT('輸入工具 (白話字)'!F13, 聲母對照表[白話字]), 0)), ""), "")} | K13: {=IFERROR( IF(G13<>"", INDEX(韻母對照表[國際音標], MATCH(TRUE, EXACT('輸入工具 (白話字)'!G13, 韻母對照表[白話字]), 0)), ""), "")} -> it̚ | L13: {=IF(H13<>"", INDEX(上標對照表[上標值], MATCH(TRUE, EXACT(H13, 上標對照表[調號]), 0)), "")} -> ⁴
B14: =ROW() - 4 -> 10 | C14: 片 | D14: phian3 | E14: =IF(AND(G14<>"",H14<>""), _xlfn.CONCAT(J14:L14), "") -> pʰɪan³ | F14: ph | G14: =IFERROR( MID(D14, LEN(F14)+1, LEN(D14) - LEN(F14) - 1), "") -> ian | H14: =RIGHT(D14,1) -> 3 | J14: {=IFERROR( IF(F14<>"", INDEX(聲母對照表[國際音標], MATCH(TRUE, EXACT('輸入工具 (白話字)'!F14, 聲母對照表[白話字]), 0)), ""), "")} -> pʰ | K14: {=IFERROR( IF(G14<>"", INDEX(韻母對照表[國際音標], MATCH(TRUE, EXACT('輸入工具 (白話字)'!G14, 韻母對照表[白話字]), 0)), ""), "")} -> ɪan | L14: {=IF(H14<>"", INDEX(上標對照表[上標值], MATCH(TRUE, EXACT(H14, 上標對照表[調號]), 0)), "")} -> ³
B15: =ROW() - 4 -> 11 | C15: 孤 | D15: =_xlfn.CONCAT("k", N15, "1") -> ko͘1 | E15: =IF(AND(G15<>"",H15<>""), _xlfn.CONCAT(J15:L15), "") -> ɡɔ¹ | F15: g | G15: =IFERROR( MID(D15, LEN(F15)+1, LEN(D15) - LEN(F15) - 1), "") -> o͘ | H15: =RIGHT(D15,1) -> 1 | J15: {=IFERROR( IF(F15<>"", INDEX(聲母對照表[國際音標], MATCH(TRUE, EXACT('輸入工具 (白話字)'!F15, 聲母對照表[白話字]), 0)), ""), "")} -> ɡ | K15: {=IFERROR( IF(G15<>"", INDEX(韻母對照表[國際音標], MATCH(TRUE, EXACT('輸入工具 (白話字)'!G15, 韻母對照表[白話字]), 0)), ""), "")} -> ɔ | L15: {=IF(H15<>"", INDEX(上標對照表[上標值], MATCH(TRUE, EXACT(H15, 上標對照表[調號]), 0)), "")} -> ¹ | N15: o͘
B16: =ROW() - 4 -> 12 | C16: 城 | D16: seng5 | E16: =IF(AND(G16<>"",H16<>""), _xlfn.CONCAT(J16:L16), "") -> siŋ⁵ | F16: s | G16: =IFERROR( MID(D16, LEN(F16)+1, LEN(D16) - LEN(F16) - 1), "") -> eng | H16: =RIGHT(D16,1) -> 5 | J16: {=IFERROR( IF(F16<>"", INDEX(聲母對照表[國際音標], MATCH(TRUE, EXACT('輸入工具 (白話字)'!F16, 聲母對照表[白話字]), 0)), ""), "")} -> s | K16: {=IFERROR( IF(G16<>"", INDEX(韻母對照表[國際音標], MATCH(TRUE, EXACT('輸入工具 (白話字)'!G16, 韻母對照表[白話字]), 0)), ""), "")} -> iŋ | L16: {=IF(H16<>"", INDEX(上標對照表[上標值], MATCH(TRUE, EXACT(H16, 上標對照表[調號]), 0)), "")} -> ⁵
B17: =ROW() - 4 -> 13 | C17: 萬 | D17: ban7 | E17: =IF(AND(G17<>"",H17<>""), _xlfn.CONCAT(J17:L17), "") -> ban⁷ | F17: b | G17: =IFERROR( MID(D17, LEN(F17)+1, LEN(D17) - LEN(F17) - 1), "") -> an | H17: =RIGHT(D17,1) -> 7 | J17: {=IFERROR( IF(F17<>"", INDEX(聲母對照表[國際音標], MATCH(TRUE, EXACT('輸入工具 (白話字)'!F17, 聲母對照表[白話字]), 0)), ""), "")} -> b | K17: {=IFERROR( IF(G17<>"", INDEX(韻母對照表[國際音標], MATCH(TRUE, EXACT('輸入工具 (白話字)'!G17, 韻母對照表[白話字]), 0)), ""), "")} -> an | L17: {=IF(H17<>"", INDEX(上標對照表[上標值], MATCH(TRUE, EXACT(H17, 上標對照表[調號]), 0)), "")} -> ⁷
B18: =ROW() - 4 -> 14 | C18: 仞 | D18: jim7 | E18: =IF(AND(G18<>"",H18<>""), _xlfn.CONCAT(J18:L18), "") -> ʣim⁷ | F18: j | G18: =IFERROR( MID(D18, LEN(F18)+1, LEN(D18) - LEN(F18) - 1), "") -> im | H18: =RIGHT(D18,1) -> 7 | J18: {=IFERROR( IF(F18<>"", INDEX(聲母對照表[國際音標], MATCH(TRUE, EXACT('輸入工具 (白話字)'!F18, 聲母對照表[白話字]), 0)), ""), "")} -> ʣ | K18: {=IFERROR( IF(G18<>"", INDEX(韻母對照表[國際音標], MATCH(TRUE, EXACT('輸入工具 (白話字)'!G18, 韻母對照表[白話字]), 0)), ""), "")} -> im | L18: {=IF(H18<>"", INDEX(上標對照表[上標值], MATCH(TRUE, EXACT(H18, 上標對照表[調號]), 0)), "")} -> ⁷
B19: =ROW() - 4 -> 15 | C19: 山 | D19: san1 | E19: =IF(AND(G19<>"",H19<>""), _xlfn.CONCAT(J19:L19), "") -> san¹ | F19: s | G19: =IFERROR( MID(D19, LEN(F19)+1, LEN(D19) - LEN(F19) - 1), "") -> an | H19: =RIGHT(D19,1) -> 1 | J19: {=IFERROR( IF(F19<>"", INDEX(聲母對照表[國際音標], MATCH(TRUE, EXACT('輸入工具 (白話字)'!F19, 聲母對照表[白話字]), 0)), ""), "")} -> s | K19: {=IFERROR( IF(G19<>"", INDEX(韻母對照表[國際音標], MATCH(TRUE, EXACT('輸入工具 (白話字)'!G19, 韻母對照表[白話字]), 0)), ""), "")} -> an | L19: {=IF(H19<>"", INDEX(上標對照表[上標值], MATCH(TRUE, EXACT(H19, 上標對照表[調號]), 0)), "")} -> ¹
B20: =ROW() - 4 -> 16 | C20: 。 | E20: =IF(AND(G20<>"",H20<>""), _xlfn.CONCAT(J20:L20), "") | G20: =IFERROR( MID(D20, LEN(F20)+1, LEN(D20) - LEN(F20) - 1), "") | H20: =RIGHT(D20,1) | J20: {=IFERROR( IF(F20<>"", INDEX(聲母對照表[國際音標], MATCH(TRUE, EXACT('輸入工具 (白話字)'!F20, 聲母對照表[白話字]), 0)), ""), "")} | K20: {=IFERROR( IF(G20<>"", INDEX(韻母對照表[國際音標], MATCH(TRUE, EXACT('輸入工具 (白話字)'!G20, 韻母對照表[白話字]), 0)), ""), "")} | L20: {=IF(H20<>"", INDEX(上標對照表[上標值], MATCH(TRUE, EXACT(H20, 上標對照表[調號]), 0)), "")}
B21: =ROW() - 4 -> 17 | C21: 羌 | D21: kiuⁿ1 | E21: =IF(AND(G21<>"",H21<>""), _xlfn.CONCAT(J21:L21), "") -> kɪũ¹ | F21: k | G21: =IFERROR( MID(D21, LEN(F21)+1, LEN(D21) - LEN(F21) - 1), "") -> iuⁿ | H21: =RIGHT(D21,1) -> 1 | J21: {=IFERROR( IF(F21<>"", INDEX(聲母對照表[國際音標], MATCH(TRUE, EXACT('輸入工具 (白話字)'!F21, 聲母對照表[白話字]), 0)), ""), "")} -> k | K21: {=IFERROR( IF(G21<>"", INDEX(韻母對照表[國際音標], MATCH(TRUE, EXACT('輸入工具 (白話字)'!G21, 韻母對照表[白話字]), 0)), ""), "")} -> ɪũ | L21: {=IF(H21<>"", INDEX(上標對照表[上標值], MATCH(TRUE, EXACT(H21, 上標對照表[調號]), 0)), "")} -> ¹
B22: =ROW() - 4 -> 18 | C22: 笛 | D22: tek8 | E22: =IF(AND(G22<>"",H22<>""), _xlfn.CONCAT(J22:L22), "") -> tik̚⁸ | F22: t | G22: =IFERROR( MID(D22, LEN(F22)+1, LEN(D22) - LEN(F22) - 1), "") -> ek | H22: =RIGHT(D22,1) -> 8 | J22: {=IFERROR( IF(F22<>"", INDEX(聲母對照表[國際音標], MATCH(TRUE, EXACT('輸入工具 (白話字)'!F22, 聲母對照表[白話字]), 0)), ""), "")} -> t | K22: {=IFERROR( IF(G22<>"", INDEX(韻母對照表[國際音標], MATCH(TRUE, EXACT('輸入工具 (白話字)'!G22, 韻母對照表[白話字]), 0)), ""), "")} -> ik̚ | L22: {=IF(H22<>"", INDEX(上標對照表[上標值], MATCH(TRUE, EXACT(H22, 上標對照表[調號]), 0)), "")} -> ⁸
B23: =ROW() - 4 -> 19 | C23: 何 | D23: ho5 | E23: =IF(AND(G23<>"",H23<>""), _xlfn.CONCAT(J23:L23), "") -> hə⁵ | F23: h | G23: =IFERROR( MID(D23, LEN(F23)+1, LEN(D23) - LEN(F23) - 1), "") -> o | H23: =RIGHT(D23,1) -> 5 | J23: {=IFERROR( IF(F23<>"", INDEX(聲母對照表[國際音標], MATCH(TRUE, EXACT('輸入工具 (白話字)'!F23, 聲母對照表[白話字]), 0)), ""), "")} -> h | K23: {=IFERROR( IF(G23<>"", INDEX(韻母對照表[國際音標], MATCH(TRUE, EXACT('輸入工具 (白話字)'!G23, 韻母對照表[白話字]), 0)), ""), "")} -> ə | L23: {=IF(H23<>"", INDEX(上標對照表[上標值], MATCH(TRUE, EXACT(H23, 上標對照表[調號]), 0)), "")} -> ⁵
B24: =ROW() - 4 -> 20 | C24: 須 | D24: su1 | E24: =IF(AND(G24<>"",H24<>""), _xlfn.CONCAT(J24:L24), "") -> su¹ | F24: s | G24: =IFERROR( MID(D24, LEN(F24)+1, LEN(D24) - LEN(F24) - 1), "") -> u | H24: =RIGHT(D24,1) -> 1 | J24: {=IFERROR( IF(F24<>"", INDEX(聲母對照表[國際音標], MATCH(TRUE, EXACT('輸入工具 (白話字)'!F24, 聲母對照表[白話字]), 0)), ""), "")} -> s | K24: {=IFERROR( IF(G24<>"", INDEX(韻母對照表[國際音標], MATCH(TRUE, EXACT('輸入工具 (白話字)'!G24, 韻母對照表[白話字]), 0)), ""), "")} -> u | L24: {=IF(H24<>"", INDEX(上標對照表[上標值], MATCH(TRUE, EXACT(H24, 上標對照表[調號]), 0)), "")} -> ¹
B25: =ROW() - 4 -> 21 | C25: 怨 | D25: uan3 | E25: =IF(AND(G25<>"",H25<>""), _xlfn.CONCAT(J25:L25), "") -> uan³ | G25: oan | H25: =RIGHT(D25,1) -> 3 | J25: {=IFERROR( IF(F25<>"", INDEX(聲母對照表[國際音標], MATCH(TRUE, EXACT('輸入工具 (白話字)'!F25, 聲母對照表[白話字]), 0)), ""), "")} | K25: {=IFERROR( IF(G25<>"", INDEX(韻母對照表[國際音標], MATCH(TRUE, EXACT('輸入工具 (白話字)'!G25, 韻母對照表[白話字]), 0)), ""), "")} -> uan | L25: {=IF(H25<>"", INDEX(上標對照表[上標值], MATCH(TRUE, EXACT(H25, 上標對照表[調號]), 0)), "")} -> ³
B26: =ROW() - 4 -> 22 | C26: 楊 | D26: iuⁿ5 | E26: =IF(AND(G26<>"",H26<>""), _xlfn.CONCAT(J26:L26), "") -> ɪũ⁵ | G26: =IFERROR( MID(D26, LEN(F26)+1, LEN(D26) - LEN(F26) - 1), "") -> iuⁿ | H26: =RIGHT(D26,1) -> 5 | J26: {=IFERROR( IF(F26<>"", INDEX(聲母對照表[國際音標], MATCH(TRUE, EXACT('輸入工具 (白話字)'!F26, 聲母對照表[白話字]), 0)), ""), "")} | K26: {=IFERROR( IF(G26<>"", INDEX(韻母對照表[國際音標], MATCH(TRUE, EXACT('輸入工具 (白話字)'!G26, 韻母對照表[白話字]), 0)), ""), "")} -> ɪũ | L26: {=IF(H26<>"", INDEX(上標對照表[上標值], MATCH(TRUE, EXACT(H26, 上標對照表[調號]), 0)), "")} -> ⁵
B27: =ROW() - 4 -> 23 | C27: 柳 | D27: liu2 | E27: =IF(AND(G27<>"",H27<>""), _xlfn.CONCAT(J27:L27), "") -> lɪu² | F27: l | G27: =IFERROR( MID(D27, LEN(F27)+1, LEN(D27) - LEN(F27) - 1), "") -> iu | H27: =RIGHT(D27,1) -> 2 | J27: {=IFERROR( IF(F27<>"", INDEX(聲母對照表[國際音標], MATCH(TRUE, EXACT('輸入工具 (白話字)'!F27, 聲母對照表[白話字]), 0)), ""), "")} -> l | K27: {=IFERROR( IF(G27<>"", INDEX(韻母對照表[國際音標], MATCH(TRUE, EXACT('輸入工具 (白話字)'!G27, 韻母對照表[白話字]), 0)), ""), "")} -> ɪu | L27: {=IF(H27<>"", INDEX(上標對照表[上標值], MATCH(TRUE, EXACT(H27, 上標對照表[調號]), 0)), "")} -> ²
B28: =ROW() - 4 -> 24 | C28: ， | E28: =IF(AND(G28<>"",H28<>""), _xlfn.CONCAT(J28:L28), "") | G28: =IFERROR( MID(D28, LEN(F28)+1, LEN(D28) - LEN(F28) - 1), "") | H28: =RIGHT(D28,1) | J28: {=IFERROR( IF(F28<>"", INDEX(聲母對照表[國際音標], MATCH(TRUE, EXACT('輸入工具 (白話字)'!F28, 聲母對照表[白話字]), 0)), ""), "")} | K28: {=IFERROR( IF(G28<>"", INDEX(韻母對照表[國際音標], MATCH(TRUE, EXACT('輸入工具 (白話字)'!G28, 韻母對照表[白話字]), 0)), ""), "")} | L28: {=IF(H28<>"", INDEX(上標對照表[上標值], MATCH(TRUE, EXACT(H28, 上標對照表[調號]), 0)), "")}
B29: =ROW() - 4 -> 25 | C29: 春 | D29: chhun1 | E29: =IF(AND(G29<>"",H29<>""), _xlfn.CONCAT(J29:L29), "") -> ʦʰun¹ | F29: chh | G29: =IFERROR( MID(D29, LEN(F29)+1, LEN(D29) - LEN(F29) - 1), "") -> un | H29: =RIGHT(D29,1) -> 1 | J29: {=IFERROR( IF(F29<>"", INDEX(聲母對照表[國際音標], MATCH(TRUE, EXACT('輸入工具 (白話字)'!F29, 聲母對照表[白話字]), 0)), ""), "")} -> ʦʰ | K29: {=IFERROR( IF(G29<>"", INDEX(韻母對照表[國際音標], MATCH(TRUE, EXACT('輸入工具 (白話字)'!G29, 韻母對照表[白話字]), 0)), ""), "")} -> un | L29: {=IF(H29<>"", INDEX(上標對照表[上標值], MATCH(TRUE, EXACT(H29, 上標對照表[調號]), 0)), "")} -> ¹
B30: =ROW() - 4 -> 26 | C30: 風 | D30: hong1 | E30: =IF(AND(G30<>"",H30<>""), _xlfn.CONCAT(J30:L30), "") -> hɔŋ¹ | F30: h | G30: =IFERROR( MID(D30, LEN(F30)+1, LEN(D30) - LEN(F30) - 1), "") -> ong | H30: =RIGHT(D30,1) -> 1 | J30: {=IFERROR( IF(F30<>"", INDEX(聲母對照表[國際音標], MATCH(TRUE, EXACT('輸入工具 (白話字)'!F30, 聲母對照表[白話字]), 0)), ""), "")} -> h | K30: {=IFERROR( IF(G30<>"", INDEX(韻母對照表[國際音標], MATCH(TRUE, EXACT('輸入工具 (白話字)'!G30, 韻母對照表[白話字]), 0)), ""), "")} -> ɔŋ | L30: {=IF(H30<>"", INDEX(上標對照表[上標值], MATCH(TRUE, EXACT(H30, 上標對照表[調號]), 0)), "")} -> ¹
B31: =ROW() - 4 -> 27 | C31: 不 | D31: put4 | E31: =IF(AND(G31<>"",H31<>""), _xlfn.CONCAT(J31:L31), "") -> put̚⁴ | F31: p | G31: =IFERROR( MID(D31, LEN(F31)+1, LEN(D31) - LEN(F31) - 1), "") -> ut | H31: =RIGHT(D31,1) -> 4 | J31: {=IFERROR( IF(F31<>"", INDEX(聲母對照表[國際音標], MATCH(TRUE, EXACT('輸入工具 (白話字)'!F31, 聲母對照表[白話字]), 0)), ""), "")} -> p | K31: {=IFERROR( IF(G31<>"", INDEX(韻母對照表[國際音標], MATCH(TRUE, EXACT('輸入工具 (白話字)'!G31, 韻母對照表[白話字]), 0)), ""), "")} -> ut̚ | L31: {=IF(H31<>"", INDEX(上標對照表[上標值], MATCH(TRUE, EXACT(H31, 上標對照表[調號]), 0)), "")} -> ⁴
B32: =ROW() - 4 -> 28 | C32: 度 | D32: =_xlfn.CONCAT("t", N15, 7) -> to͘7 | E32: =IF(AND(G32<>"",H32<>""), _xlfn.CONCAT(J32:L32), "") -> tɔ⁷ | F32: t | G32: =IFERROR( MID(D32, LEN(F32)+1, LEN(D32) - LEN(F32) - 1), "") -> o͘ | H32: =RIGHT(D32,1) -> 7 | J32: {=IFERROR( IF(F32<>"", INDEX(聲母對照表[國際音標], MATCH(TRUE, EXACT('輸入工具 (白話字)'!F32, 聲母對照表[白話字]), 0)), ""), "")} -> t | K32: {=IFERROR( IF(G32<>"", INDEX(韻母對照表[國際音標], MATCH(TRUE, EXACT('輸入工具 (白話字)'!G32, 韻母對照表[白話字]), 0)), ""), "")} -> ɔ | L32: {=IF(H32<>"", INDEX(上標對照表[上標值], MATCH(TRUE, EXACT(H32, 上標對照表[調號]), 0)), "")} -> ⁷
B33: =ROW() - 4 -> 29 | C33: 玉 | D33: giok8 | E33: =IF(AND(G33<>"",H33<>""), _xlfn.CONCAT(J33:L33), "") -> ɡɪɔk̚⁸ | F33: g | G33: =IFERROR( MID(D33, LEN(F33)+1, LEN(D33) - LEN(F33) - 1), "") -> iok | H33: =RIGHT(D33,1) -> 8 | J33: {=IFERROR( IF(F33<>"", INDEX(聲母對照表[國際音標], MATCH(TRUE, EXACT('輸入工具 (白話字)'!F33, 聲母對照表[白話字]), 0)), ""), "")} -> ɡ | K33: {=IFERROR( IF(G33<>"", INDEX(韻母對照表[國際音標], MATCH(TRUE, EXACT('輸入工具 (白話字)'!G33, 韻母對照表[白話字]), 0)), ""), "")} -> ɪɔk̚ | L33: {=IF(H33<>"", INDEX(上標對照表[上標值], MATCH(TRUE, EXACT(H33, 上標對照表[調號]), 0)), "")} -> ⁸
B34: =ROW() - 4 -> 30 | C34: 門 | D34: mng5 | E34: =IF(AND(G34<>"",H34<>""), _xlfn.CONCAT(J34:L34), "") -> mŋ̍⁵ | F34: m | G34: =IFERROR( MID(D34, LEN(F34)+1, LEN(D34) - LEN(F34) - 1), "") -> ng | H34: =RIGHT(D34,1) -> 5 | J34: {=IFERROR( IF(F34<>"", INDEX(聲母對照表[國際音標], MATCH(TRUE, EXACT('輸入工具 (白話字)'!F34, 聲母對照表[白話字]), 0)), ""), "")} -> m | K34: {=IFERROR( IF(G34<>"", INDEX(韻母對照表[國際音標], MATCH(TRUE, EXACT('輸入工具 (白話字)'!G34, 韻母對照表[白話字]), 0)), ""), "")} -> ŋ̍ | L34: {=IF(H34<>"", INDEX(上標對照表[上標值], MATCH(TRUE, EXACT(H34, 上標對照表[調號]), 0)), "")} -> ⁵
B35: =ROW() - 4 -> 31 | C35: 關 | D35: koan1 | E35: =IF(AND(G35<>"",H35<>""), _xlfn.CONCAT(J35:L35), "") -> kuan¹ | F35: k | G35: =IFERROR( MID(D35, LEN(F35)+1, LEN(D35) - LEN(F35) - 1), "") -> oan | H35: =RIGHT(D35,1) -> 1 | J35: {=IFERROR( IF(F35<>"", INDEX(聲母對照表[國際音標], MATCH(TRUE, EXACT('輸入工具 (白話字)'!F35, 聲母對照表[白話字]), 0)), ""), "")} -> k | K35: {=IFERROR( IF(G35<>"", INDEX(韻母對照表[國際音標], MATCH(TRUE, EXACT('輸入工具 (白話字)'!G35, 韻母對照表[白話字]), 0)), ""), "")} -> uan | L35: {=IF(H35<>"", INDEX(上標對照表[上標值], MATCH(TRUE, EXACT(H35, 上標對照表[調號]), 0)), "")} -> ¹
B36: =ROW() - 4 -> 32 | C36: 。 | E36: =IF(AND(G36<>"",H36<>""), _xlfn.CONCAT(J36:L36), "") | G36: =IFERROR( MID(D36, LEN(F36)+1, LEN(D36) - LEN(F36) - 1), "") | H36: =RIGHT(D36,1) | J36: {=IFERROR( IF(F36<>"", INDEX(聲母對照表[國際音標], MATCH(TRUE, EXACT('輸入工具 (白話字)'!F36, 聲母對照表[白話字]), 0)), ""), "")} | K36: {=IFERROR( IF(G36<>"", INDEX(韻母對照表[國際音標], MATCH(TRUE, EXACT('輸入工具 (白話字)'!G36, 韻母對照表[白話字]), 0)), ""), "")} | L36: {=IF(H36<>"", INDEX(上標對照表[上標值], MATCH(TRUE, EXACT(H36, 上標對照表[調號]), 0)), "")}
J39: {=IF(F39<>"", INDEX(聲母對照表[國際音標], MATCH(TRUE, EXACT('輸入工具 (白話字)'!F39, 聲母對照表[閩拼方案]), 0)), "")} | K39: {=IF(G39<>"", INDEX(韻母對照表[國際音標], MATCH(TRUE, EXACT('輸入工具 (白話字)'!G39, 韻母對照表[閩拼方案]), 0)), "")} | L39: {=IF(H39<>"", INDEX(#REF!, MATCH(TRUE, EXACT('輸入工具 (白話字)'!H39,#REF!), 0)), "")}

Sheet 【聲】聲母對照表
A1: 識別號 | B1: 序號 | C1: 國際音標 | D1: 台羅拼音 | E1: 台語音標 | F1: 注音二式 | G1: 閩拼方案 | H1: 白話字 | I1: 方音符號 | J1: 台語注音 | K1: 十五音 | L1: 漢字例 | M1: 備註 | N1: s1 | O1: s2 | P1: s3
A2: 1 | B2: 7 | C2: l | D2: l | E2: l | F2: l | G2: l | H2: l | I2: ㄌ | J2: ㄌ | K2: 柳 | L2: 理 | N2: 7 | O2: l | P2: l
A3: 2 | B3: 4 | C3: p | D3: p | E3: p | F3: b | G3: b | H3: p | I3: ㄅ | J3: ㄅ | K3: 邊 | L3: 比 | N3: 4 | O3: b | P3: b
A4: 3 | B4: 12 | C4: k | D4: k | E4: k | F4: g | G4: g | H4: k | I4: ㄍ | J4: ㄍ | K4: 求 | L4: 己 | N4: 12 | O4: g | P4: g
A5: 4 | B5: 13 | C5: kʰ | D5: kh | E5: kh | F5: k | G5: k | H5: kh | I5: ㄎ | J5: ㄎ | K5: 去 | L5: 起 | N5: 13 | O5: k | P5: k
A6: 5 | B6: 8 | C6: t | D6: t | E6: t | F6: d | G6: d | H6: t | I6: ㄉ | J6: ㄉ | K6: 地 | L6: 底 | N6: 8 | O6: d | P6: d
A7: 6 | B7: 5 | C7: pʰ | D7: ph | E7: ph | F7: p | G7: p | H7: ph | I7: ㄆ | J7: ㄆ | K7: 頗 | L7: 鄙 | N7: 5 | O7: p | P7: p
A8: 7 | B8: 9 | C8: tʰ | D8: th | E8: th | F8: t | G8: t | H8: th | I8: ㄊ | J8: ㄊ | K8: 他 | L8: 恥 | N8: 9 | O8: t | P8: t
A9: 8 | B9: 15 | C9: ʦ | D9: ts | E9: z | F9: z | G9: z | H9: ch | I9: ㄗ | J9: ㄗ | K9: 曾 | L9: 阻 | N9: 15 | O9: z | P9: z
A10: 9 | B10: 14 | C10: ʣ | D10: j | E10: j | F10: zz | G10: zz | H10: j | I10: ㆡ | J10: ㄖ | K10: 入 | L10: 熱 | N10: 14 | O10: zz | P10: zz
A11: 10 | B11: 17 | C11: s | D11: s | E11: s | F11: s | G11: s | H11: s | I11: ㄙ | J11: ㄙ | K11: 時 | L11: 詞 | N11: 17 | O11: s | P11: s
A12: 11 | B12: 1 | K12: 英 | L12: 以 | M12: Ø | N12: 1 | O12: Ø | P12: Ø
A13: 12 | B13: 3 | C13: b | D13: b | E13: b | F13: bb | G13: bb | H13: b | I13: ㆠ | J13: ㄪ | K13: 門 | L13: 美 | N13: 3 | O13: bb | P13: bb
A14: 13 | B14: 11 | C14: ɡ | D14: g | E14: g | F14: gg | G14: gg | H14: g | I14: ㆣ | J14: ㄫ | K14: 語 | L14: 禦 | N14: 11 | O14: gg | P14: gg
A15: 14 | B15: 16 | C15: ʦʰ | D15: tsh | E15: c | F15: c | G15: c | H15: chh | I15: ㄘ | J15: ㄘ | K15: 出 | L15: 取 | N15: 16 | O15: c | P15: c
A16: 15 | B16: 22 | C16: h | D16: h | E16: h | F16: h | G16: h | H16: h | I16: ㄏ | J16: ㄏ | K16: 喜 | L16: 喜 | N16: 22 | O16: h | P16: h
A17: 16 | B17: 2 | C17: m | D17: m | E17: m | F17: m | G17: bbn | H17: m | I17: ㄇ | J17: ㄇ | K17: 毛 | L17: 毛 | M17: b/m 本不分，此處分門/毛 | N17: 2 | O17: m | P17: bbn
A18: 17 | B18: 6 | C18: n | D18: n | E18: n | F18: n | G18: ln | H18: n | I18: ㄋ | J18: ㄋ | K18: 耐 | L18: 耐 | M18: l/n 本不分，此處分柳/耐 | N18: 6 | O18: n | P18: ln
A19: 18 | B19: 10 | C19: ŋ | D19: ng | E19: ng | F19: ng | G19: ggn | H19: ng | I19: ㄫ | J19: ⁰ㄫ | K19: 雅 | L19: 雅 | M19: g/ng 本不分，此處分語/雅 | N19: 10 | O19: ng | P19: ggn
A20: 19 | B20: 18 | C20: ʥ | D20: ji | E20: ji | F20: jj | G20: zzi | H20: ji | I20: ㆢ | J20: ㄖ | K20: 入 | L20: 熱 | M20: ㆢ = ㆡㄧ | N20: 18 | O20: jji | P20: zzi
A21: 20 | B21: 19 | C21: ʨ | D21: tsi | E21: zi | F21: j | G21: zi | H21: chi | I21: ㄐ | J21: ㄐ | K21: 曾 | L21: 止 | M21: ㄐ = ㄗㄧ | N21: 19 | O21: ji | P21: zi
A22: 21 | B22: 20 | C22: ʨʰ | D22: tshi | E22: ci | F22: ch | G22: ci | H22: chhi | I22: ㄑ | J22: ㄑ | K22: 出 | L22: 測 | M22: ㄑ = ㄘㄧ | N22: 20 | O22: chi | P22: ci
A23: 22 | B23: 21 | C23: ɕ | D23: si | E23: si | F23: sh | G23: si | H23: si | I23: ㄒ | J23: ㄒ | K23: 時 | L23: 惜 | M23: ㄒ = ㄙㄧ | N23: 21 | O23: shi | P23: si

Sheet 【聲】聲母排序表
A1: 十五音序 | B1: 十五音 | C1: 漢字例 | D1: 國際音標 | E1: 備註 | H1: 注音序 | I1: 方音符號 | J1: 台語注音 | K1: 台羅拼音 | L1: 台語音標 | M1: 白話字 | N1: 注音二式 | O1: 閩拼方案 | P1: 備註
A2: 1 | B2: 柳 | C2: 理 | D2: l | H2: 1 | I2: ㄅ | J2: ㄅ | K2: p | L2: p | M2: p | N2: b | O2: b
A3: 2 | B3: 耐 | C3: 耐 | D3: n | E3: l/n 本不分，此處分柳/耐 | H3: 2 | I3: ㄆ | J3: ㄆ | K3: ph | L3: ph | M3: ph | N3: p | O3: p
A4: 3 | B4: 邊 | C4: 比 | D4: p | H4: 3 | I4: ㄇ | J4: ㄇ | K4: m | L4: m | M4: m | N4: m | O4: bbn
A5: 4 | B5: 求 | C5: 己 | D5: k | H5: 4 | I5: ㆠ | J5: ㄪ | K5: b | L5: b | M5: b | N5: bb | O5: bb
A6: 5 | B6: 去 | C6: 起 | D6: kʰ | H6: 5 | I6: ㄉ | J6: ㄉ | K6: t | L6: t | M6: t | N6: d | O6: d
A7: 6 | B7: 地 | C7: 底 | D7: t | H7: 6 | I7: ㄊ | J7: ㄊ | K7: th | L7: th | M7: th | N7: t | O7: t
A8: 7 | B8: 頗 | C8: 鄙 | D8: pʰ | H8: 7 | I8: ㄋ | J8: ㄋ | K8: n | L8: n | M8: n | N8: n | O8: ln
A9: 8 | B9: 他 | C9: 恥 | D9: tʰ | H9: 8 | I9: ㄌ | J9: ㄌ | K9: l | L9: l | M9: l | N9: l | O9: l
A10: 9 | B10: 曾 | C10: 阻 | D10: ʦ | H10: 9 | I10: ㄍ | J10: ㄍ | K10: k | L10: k | M10: k | N10: g | O10: g
A11: 10 | B11: 入 | C11: 熱 | D11: ʣ | H11: 10 | I11: ㄎ | J11: ㄎ | K11: kh | L11: kh | M11: kh | N11: k | O11: k
A12: 11 | B12: 時 | C12: 詞 | D12: s | H12: 11 | I12: ㄫ | J12: ⁰ㄫ | K12: ng | L12: ng | M12: ng | N12: ng | O12: ggn
A13: 12 | B13: 英 | C13: 以 | E13: Ø | H13: 12 | I13: ㆣ | J13: ㄫ | K13: g | L13: g | M13: g | N13: gg | O13: gg
A14: 13 | B14: 門 | C14: 美 | D14: b | H14: 13 | I14: ㄗ | J14: ㄗ | K14: ts | L14: z | M14: ch | N14: z | O14: z
A15: 14 | B15: 毛 | C15: 毛 | D15: m | E15: b/m 本不分，此處分門/毛 | H15: 14 | I15: ㄘ | J15: ㄘ | K15: tsh | L15: c | M15: chh | N15: c | O15: c
A16: 15 | B16: 語 | C16: 禦 | D16: ɡ | H16: 15 | I16: ㄙ | J16: ㄙ | K16: s | L16: s | M16: s | N16: s | O16: s
A17: 16 | B17: 雅 | C17: 雅 | D17: ŋ | E17: g/ng 本不分，此處分語/雅 | H17: 16 | I17: ㆡ | J17: ㄖ | K17: j | L17: j | M17: j | N17: zz | O17: zz
A18: 17 | B18: 出 | C18: 取 | D18: ʦʰ | H18: 17 | I18: ㄏ | J18: ㄏ | K18: h | L18: h | M18: h | N18: h | O18: h
A19: 18 | B19: 喜 | C19: 喜 | D19: h | H19: 18 | I19: Ø | J19: Ø | K19: Ø | L19: Ø | M19: Ø | N19: Ø | O19: Ø | P19: 零聲母
A20: 19 | B20: 入 | C20: 熱 | D20: ʥ | E20: ㆢ = ㆡㄧ | H20: 19 | I20: ㄐ | J20: ㄐ | K20: tsi | L20: zi | M20: chi | N20: j | O20: zi | P20: ㄐ = ㄗㄧ
A21: 20 | B21: 曾 | C21: 止 | D21: ʨ | E21: ㄐ = ㄗㄧ | H21: 20 | I21: ㄑ | J21: ㄑ | K21: tshi | L21: ci | M21: chhi | N21: ch | O21: ci | P21: ㄑ = ㄘㄧ
A22: 21 | B22: 出 | C22: 測 | D22: ʨʰ | E22: ㄑ = ㄘㄧ | H22: 21 | I22: ㄒ | J22: ㄒ | K22: si | L22: si | M22: si | N22: sh | O22: si | P22: ㄒ = ㄙㄧ
A23: 22 | B23: 時 | C23: 惜 | D23: ɕ | E23: ㄒ = ㄙㄧ | H23: 22 | I23: ㆢ | J23: ㄖ | K23: ji | L23: ji | M23: ji | N23: jj | O23: zzi | P23: ㆢ = ㆡㄧ

Sheet 【韻】韻母對照表
A3: 序號 | B3: 國際音標 | C3: 台羅拼音 | D3: 台語音標 | E3: 台語注音二式 | F3: 閩拼方案 | G3: 白話字 | H3: 方音符號 | I3: 台語注音 | J3: 十五音 | K3: 漢字例 | L3: 十五音識別碼 | M3: 聲韻調類 | N3: 字長 | P3: 台羅拼音 | Q3: 台語音標 | S3: 台羅拼音 | T3: 標調字母 | U3: search() | V3: 台語音標 | AB3: U+0301 | AC3: U+0300 | AE3: U+030C | AF3: U+0301 | AG3: U+0304 | AH3: U+030D | AI3: U+030B | AJ3: U+030A
A4: =ROW() - 3 -> 1 | B4: a | C4: a | D4: a | E4: a | F4: a | G4: a | H4: ㄚ | I4: ㄚ | J4: =LEFT(韻母對照表[[#This Row],[十五音識別碼]],1) -> 膠 | K4: 些 | L4: 膠舒 | N4: =LEN(D4) -> 1 | P4: =C4 -> a | Q4: =D4 -> a | S4: =_xlfn.CONCAT(P4, "(\d)") -> a(\d) | T4: a | U4: =IFERROR( IF(T4="", "", SEARCH(T4, $P4)), "") -> 1 | V4: =IFERROR( _xlfn.CONCAT(LEFT(P4,U4-1), "》", MID(P4,U4,1), "${1}", RIGHT(P4, LEN(P4)-U4)), "" ) -> 》a${1} | X4: =IF(AND(Q4<>"", P4<>""), " - xform/》" & S4 & "/" & V4 & "/", "") -> - xform/》a(\d)/》a${1}/ | Z4: a | AA4: =_xlfn.CONCAT($Z4, IF(AA$3="", "", _xlfn.UNICHAR( HEX2DEC( RIGHT(AA$3,4))))) -> a | AB4: =_xlfn.CONCAT($Z4, IF(AB$3="", "", _xlfn.UNICHAR( HEX2DEC( RIGHT(AB$3,4))))) -> á | AC4: =_xlfn.CONCAT($Z4, IF(AC$3="", "", _xlfn.UNICHAR( HEX2DEC( RIGHT(AC$3,4))))) -> à | AD4: =_xlfn.CONCAT($Z4, IF(AD$3="", "", _xlfn.UNICHAR( HEX2DEC( RIGHT(AD$3,4))))) -> a | AE4: =_xlfn.CONCAT($Z4, IF(AE$3="", "", _xlfn.UNICHAR( HEX2DEC( RIGHT(AE$3,4))))) -> ǎ | AF4: =_xlfn.CONCAT($Z4, IF(AF$3="", "", _xlfn.UNICHAR( HEX2DEC( RIGHT(AF$3,4))))) -> á | AG4: =_xlfn.CONCAT($Z4, IF(AG$3="", "", _xlfn.UNICHAR( HEX2DEC( RIGHT(AG$3,4))))) -> ā | AH4: =_xlfn.CONCAT($Z4, IF(AH$3="", "", _xlfn.UNICHAR( HEX2DEC( RIGHT(AH$3,4))))) -> a̍ | ... AJ4: =_xlfn.CONCAT($Z4, IF(AJ$3="", "", _xlfn.UNICHAR( HEX2DEC( RIGHT(AJ$3,4))))) -> å | AL4: =_xlfn.CONCAT(" - xform/》", $Z4, 【調】韻母標調!AJ$1, "/", AA4, "/") -> - xform/》a1/a/ | AM4: =_xlfn.CONCAT(" - xform/》", $Z4, 【調】韻母標調!AK$1, "/", AB4, "/") -> - xform/》a2/á/ | AN4: =_xlfn.CONCAT(" - xform/》", $Z4, 【調】韻母標調!AL$1, "/", AC4, "/") -> - xform/》a3/à/ | AO4: =_xlfn.CONCAT(" - xform/》", $Z4, 【調】韻母標調!AM$1, "/", AD4, "/") -> - xform/》a4/a/ | AP4: =_xlfn.CONCAT(" - xform/》", $Z4, 【調】韻母標調!AN$1, "/", AE4, "/") -> - xform/》a5/ǎ/ | AQ4: =_xlfn.CONCAT(" - xform/》", $Z4, 【調】韻母標調!AO$1, "/", AF4, "/") -> - xform/》a6/á/ | AR4: =_xlfn.CONCAT(" - xform/》", $Z4, 【調】韻母標調!AP$1, "/", AG4, "/") -> - xform/》a7/ā/ | AS4: =_xlfn.CONCAT(" - xform/》", $Z4, 【調】韻母標調!AQ$1, "/", AH4, "/") -> - xform/》a8/a̍/ | ... AU4: =_xlfn.CONCAT(" - xform/》", $Z4, 【調】韻母標調!AS$1, "/", AJ4, "/") -> - xform/》a9/å/
A5: =ROW() - 3 -> 2 | B5: aʔ | C5: ah | D5: ah | E5: ah | F5: ah | G5: ah | H5: ㄚㆷ | I5: ㄚㄏ | J5: =LEFT(韻母對照表[[#This Row],[十五音識別碼]],1) -> 膠 | K5: 百 | L5: 膠促 | N5: =LEN(D5) -> 2 | P5: =C5 -> ah | Q5: =D5 -> ah | S5: =_xlfn.CONCAT(P5, "(\d)") -> ah(\d) | T5: a | U5: =IFERROR( IF(T5="", "", SEARCH(T5, $P5)), "") -> 1 | V5: =IFERROR( _xlfn.CONCAT(LEFT(P5,U5-1), "》", MID(P5,U5,1), "${1}", RIGHT(P5, LEN(P5)-U5)), "" ) -> 》a${1}h | X5: =IF(AND(Q5<>"", P5<>""), " - xform/》" & S5 & "/" & V5 & "/", "") -> - xform/》ah(\d)/》a${1}h/ | Z5: u | AA5: =_xlfn.CONCAT($Z5, IF(AA$3="", "", _xlfn.UNICHAR( HEX2DEC( RIGHT(AA$3,4))))) -> u | AB5: =_xlfn.CONCAT($Z5, IF(AB$3="", "", _xlfn.UNICHAR( HEX2DEC( RIGHT(AB$3,4))))) -> ú | AC5: =_xlfn.CONCAT($Z5, IF(AC$3="", "", _xlfn.UNICHAR( HEX2DEC( RIGHT(AC$3,4))))) -> ù | AD5: =_xlfn.CONCAT($Z5, IF(AD$3="", "", _xlfn.UNICHAR( HEX2DEC( RIGHT(AD$3,4))))) -> u | AE5: =_xlfn.CONCAT($Z5, IF(AE$3="", "", _xlfn.UNICHAR( HEX2DEC( RIGHT(AE$3,4))))) -> ǔ | AF5: =_xlfn.CONCAT($Z5, IF(AF$3="", "", _xlfn.UNICHAR( HEX2DEC( RIGHT(AF$3,4))))) -> ú | AG5: =_xlfn.CONCAT($Z5, IF(AG$3="", "", _xlfn.UNICHAR( HEX2DEC( RIGHT(AG$3,4))))) -> ū | AH5: =_xlfn.CONCAT($Z5, IF(AH$3="", "", _xlfn.UNICHAR( HEX2DEC( RIGHT(AH$3,4))))) -> u̍ | ... AJ5: =_xlfn.CONCAT($Z5, IF(AJ$3="", "", _xlfn.UNICHAR( HEX2DEC( RIGHT(AJ$3,4))))) -> ů | AL5: =_xlfn.CONCAT(" - xform/》", $Z5, 【調】韻母標調!AJ$1, "/", AA5, "/") -> - xform/》u1/u/ | AM5: =_xlfn.CONCAT(" - xform/》", $Z5, 【調】韻母標調!AK$1, "/", AB5, "/") -> - xform/》u2/ú/ | AN5: =_xlfn.CONCAT(" - xform/》", $Z5, 【調】韻母標調!AL$1, "/", AC5, "/") -> - xform/》u3/ù/ | AO5: =_xlfn.CONCAT(" - xform/》", $Z5, 【調】韻母標調!AM$1, "/", AD5, "/") -> - xform/》u4/u/ | AP5: =_xlfn.CONCAT(" - xform/》", $Z5, 【調】韻母標調!AN$1, "/", AE5, "/") -> - xform/》u5/ǔ/ | AQ5: =_xlfn.CONCAT(" - xform/》", $Z5, 【調】韻母標調!AO$1, "/", AF5, "/") -> - xform/》u6/ú/ | AR5: =_xlfn.CONCAT(" - xform/》", $Z5, 【調】韻母標調!AP$1, "/", AG5, "/") -> - xform/》u7/ū/ | AS5: =_xlfn.CONCAT(" - xform/》", $Z5, 【調】韻母標調!AQ$1, "/", AH5, "/") -> - xform/》u8/u̍/ | ... AU5: =_xlfn.CONCAT(" - xform/》", $Z5, 【調】韻母標調!AS$1, "/", AJ5, "/") -> - xform/》u9/ů/
A6: =ROW() - 3 -> 3 | B6: aɪ | C6: ai | D6: ai | E6: ai | F6: ai | G6: ai | H6: ㄞ | I6: ㄞ | J6: =LEFT(韻母對照表[[#This Row],[十五音識別碼]],1) -> 皆 | K6: 埃 | L6: 皆舒 | N6: =LEN(D6) -> 2 | P6: =C6 -> ai | Q6: =D6 -> ai | S6: =_xlfn.CONCAT(P6, "(\d)") -> ai(\d) | T6: o | U6: =IFERROR( IF(T6="", "", SEARCH(T6, $P6)), "") | V6: =IFERROR( _xlfn.CONCAT(LEFT(P6,U6-1), "》", MID(P6,U6,1), "${1}", RIGHT(P6, LEN(P6)-U6)), "" ) | X6: =IF(AND(Q6<>"", P6<>""), " - xform/》" & S6 & "/" & V6 & "/", "") -> - xform/》ai(\d)//
A7: =ROW() - 3 -> 4 | B7: aɪʔ | C7: aih | D7: aih | E7: aih | F7: aih | G7: aih | H7: ㄞㆷ | I7: ㄞㄏ | J7: =LEFT(韻母對照表[[#This Row],[十五音識別碼]],1) -> 皆 | K7: ◯ | L7: 皆促 | N7: =LEN(D7) -> 3 | P7: =C7 -> aih | Q7: =D7 -> aih | S7: =_xlfn.CONCAT(P7, "(\d)") -> aih(\d) | T7: a | U7: =IFERROR( IF(T7="", "", SEARCH(T7, $P7)), "") -> 1 | V7: =IFERROR( _xlfn.CONCAT(LEFT(P7,U7-1), "》", MID(P7,U7,1), "${1}", RIGHT(P7, LEN(P7)-U7)), "" ) -> 》a${1}ih | X7: =IF(AND(Q7<>"", P7<>""), " - xform/》" & S7 & "/" & V7 & "/", "") -> - xform/》aih(\d)/》a${1}ih/
A8: =ROW() - 3 -> 5 | B8: ãɪ | C8: ainn | D8: ainn | E8: ainn | F8: nai | G8: aiⁿ | H8: ㆮ | I8: ⁰ㄞ | J8: =LEFT(韻母對照表[[#This Row],[十五音識別碼]],1) -> 閒 | K8: 挨 | L8: 閒舒 | M8: 韻-鼻 | N8: =LEN(D8) -> 4 | P8: =C8 -> ainn | Q8: =D8 -> ainn | S8: =_xlfn.CONCAT(P8, "(\d)") -> ainn(\d) | T8: a | U8: =IFERROR( IF(T8="", "", SEARCH(T8, $P8)), "") -> 1 | V8: =IFERROR( _xlfn.CONCAT(LEFT(P8,U8-1), "》", MID(P8,U8,1), "${1}", RIGHT(P8, LEN(P8)-U8)), "" ) -> 》a${1}inn | X8: =IF(AND(Q8<>"", P8<>""), " - xform/》" & S8 & "/" & V8 & "/", "") -> - xform/》ainn(\d)/》a${1}inn/
A9: =ROW() - 3 -> 6 | B9: =_xlfn.CONCAT("a","k",_xlfn.UNICHAR(794)) -> ak̚ | C9: ak | D9: ak | E9: ak | F9: ak | G9: ak | H9: ㄚㆻ | I9: ㄚㄍ | J9: =LEFT(韻母對照表[[#This Row],[十五音識別碼]],1) -> 江 | K9: 角 | L9: 江促 | N9: =LEN(D9) -> 2 | P9: =C9 -> ak | Q9: =D9 -> ak | S9: =_xlfn.CONCAT(P9, "(\d)") -> ak(\d) | T9: e | U9: =IFERROR( IF(T9="", "", SEARCH(T9, $P9)), "") | V9: =IFERROR( _xlfn.CONCAT(LEFT(P9,U9-1), "》", MID(P9,U9,1), "${1}", RIGHT(P9, LEN(P9)-U9)), "" ) | X9: =IF(AND(Q9<>"", P9<>""), " - xform/》" & S9 & "/" & V9 & "/", "") -> - xform/》ak(\d)//
A10: =ROW() - 3 -> 7 | B10: am | C10: am | D10: am | E10: am | F10: am | G10: am | H10: ㆰ | I10: ㄚㄇ | J10: =LEFT(韻母對照表[[#This Row],[十五音識別碼]],1) -> 甘 | K10: 堪 | L10: 甘舒 | N10: =LEN(D10) -> 2 | P10: =C10 -> am | Q10: =D10 -> am | S10: =_xlfn.CONCAT(P10, "(\d)") -> am(\d) | T10: a | U10: =IFERROR( IF(T10="", "", SEARCH(T10, $P10)), "") -> 1 | V10: =IFERROR( _xlfn.CONCAT(LEFT(P10,U10-1), "》", MID(P10,U10,1), "${1}", RIGHT(P10, LEN(P10)-U10)), "" ) -> 》a${1}m | X10: =IF(AND(Q10<>"", P10<>""), " - xform/》" & S10 & "/" & V10 & "/", "") -> - xform/》am(\d)/》a${1}m/ | Z10: o | AA10: =_xlfn.CONCAT($Z10, IF(AA$3="", "", _xlfn.UNICHAR( HEX2DEC( RIGHT(AA$3,4))))) -> o | AB10: =_xlfn.CONCAT($Z10, IF(AB$3="", "", _xlfn.UNICHAR( HEX2DEC( RIGHT(AB$3,4))))) -> ó | AC10: =_xlfn.CONCAT($Z10, IF(AC$3="", "", _xlfn.UNICHAR( HEX2DEC( RIGHT(AC$3,4))))) -> ò | AD10: =_xlfn.CONCAT($Z10, IF(AD$3="", "", _xlfn.UNICHAR( HEX2DEC( RIGHT(AD$3,4))))) -> o | AE10: =_xlfn.CONCAT($Z10, IF(AE$3="", "", _xlfn.UNICHAR( HEX2DEC( RIGHT(AE$3,4))))) -> ǒ | AF10: =_xlfn.CONCAT($Z10, IF(AF$3="", "", _xlfn.UNICHAR( HEX2DEC( RIGHT(AF$3,4))))) -> ó | AG10: =_xlfn.CONCAT($Z10, IF(AG$3="", "", _xlfn.UNICHAR( HEX2DEC( RIGHT(AG$3,4))))) -> ō | AH10: =_xlfn.CONCAT($Z10, IF(AH$3="", "", _xlfn.UNICHAR( HEX2DEC( RIGHT(AH$3,4))))) -> o̍ | ... AJ10: =_xlfn.CONCAT($Z10, IF(AJ$3="", "", _xlfn.UNICHAR( HEX2DEC( RIGHT(AJ$3,4))))) -> o̊ | AL10: =_xlfn.CONCAT(" - xform/》", $Z10, 【調】韻母標調!AJ$1, "/", AA10, "/") -> - xform/》o1/o/ | AM10: =_xlfn.CONCAT(" - xform/》", $Z10, 【調】韻母標調!AK$1, "/", AB10, "/") -> - xform/》o2/ó/ | AN10: =_xlfn.CONCAT(" - xform/》", $Z10, 【調】韻母標調!AL$1, "/", AC10, "/") -> - xform/》o3/ò/ | AO10: =_xlfn.CONCAT(" - xform/》", $Z10, 【調】韻母標調!AM$1, "/", AD10, "/") -> - xform/》o4/o/ | AP10: =_xlfn.CONCAT(" - xform/》", $Z10, 【調】韻母標調!AN$1, "/", AE10, "/") -> - xform/》o5/ǒ/ | AQ10: =_xlfn.CONCAT(" - xform/》", $Z10, 【調】韻母標調!AO$1, "/", AF10, "/") -> - xform/》o6/ó/ | AR10: =_xlfn.CONCAT(" - xform/》", $Z10, 【調】韻母標調!AP$1, "/", AG10, "/") -> - xform/》o7/ō/ | AS10: =_xlfn.CONCAT(" - xform/》", $Z10, 【調】韻母標調!AQ$1, "/", AH10, "/") -> - xform/》o8/o̍/ | ... AU10: =_xlfn.CONCAT(" - xform/》", $Z10, 【調】韻母標調!AS$1, "/", AJ10, "/") -> - xform/》o9/o̊/
A11: =ROW() - 3 -> 8 | B11: an | C11: an | D11: an | E11: an | F11: an | G11: an | H11: ㄢ | I11: ㄢ | J11: =LEFT(韻母對照表[[#This Row],[十五音識別碼]],1) -> 干 | K11: 蘭 | L11: 干舒 | N11: =LEN(D11) -> 2 | P11: =C11 -> an | Q11: =D11 -> an | S11: =_xlfn.CONCAT(P11, "(\d)") -> an(\d) | T11: a | U11: =IFERROR( IF(T11="", "", SEARCH(T11, $P11)), "") -> 1 | V11: =IFERROR( _xlfn.CONCAT(LEFT(P11,U11-1), "》", MID(P11,U11,1), "${1}", RIGHT(P11, LEN(P11)-U11)), "" ) -> 》a${1}n | X11: =IF(AND(Q11<>"", P11<>""), " - xform/》" & S11 & "/" & V11 & "/", "") -> - xform/》an(\d)/》a${1}n/ | Z11: m | AA11: =_xlfn.CONCAT($Z11, IF(AA$3="", "", _xlfn.UNICHAR( HEX2DEC( RIGHT(AA$3,4))))) -> m | AB11: =_xlfn.CONCAT($Z11, IF(AB$3="", "", _xlfn.UNICHAR( HEX2DEC( RIGHT(AB$3,4))))) -> ḿ | AC11: =_xlfn.CONCAT($Z11, IF(AC$3="", "", _xlfn.UNICHAR( HEX2DEC( RIGHT(AC$3,4))))) -> m̀ | AD11: =_xlfn.CONCAT($Z11, IF(AD$3="", "", _xlfn.UNICHAR( HEX2DEC( RIGHT(AD$3,4))))) -> m | AE11: =_xlfn.CONCAT($Z11, IF(AE$3="", "", _xlfn.UNICHAR( HEX2DEC( RIGHT(AE$3,4))))) -> m̌ | AF11: =_xlfn.CONCAT($Z11, IF(AF$3="", "", _xlfn.UNICHAR( HEX2DEC( RIGHT(AF$3,4))))) -> ḿ | AG11: =_xlfn.CONCAT($Z11, IF(AG$3="", "", _xlfn.UNICHAR( HEX2DEC( RIGHT(AG$3,4))))) -> m̄ | AH11: =_xlfn.CONCAT($Z11, IF(AH$3="", "", _xlfn.UNICHAR( HEX2DEC( RIGHT(AH$3,4))))) -> m̍ | ... AJ11: =_xlfn.CONCAT($Z11, IF(AJ$3="", "", _xlfn.UNICHAR( HEX2DEC( RIGHT(AJ$3,4))))) -> m̊ | AL11: =_xlfn.CONCAT(" - xform/》", $Z11, 【調】韻母標調!AJ$1, "/", AA11, "/") -> - xform/》m1/m/ | AM11: =_xlfn.CONCAT(" - xform/》", $Z11, 【調】韻母標調!AK$1, "/", AB11, "/") -> - xform/》m2/ḿ/ | AN11: =_xlfn.CONCAT(" - xform/》", $Z11, 【調】韻母標調!AL$1, "/", AC11, "/") -> - xform/》m3/m̀/ | AO11: =_xlfn.CONCAT(" - xform/》", $Z11, 【調】韻母標調!AM$1, "/", AD11, "/") -> - xform/》m4/m/ | AP11: =_xlfn.CONCAT(" - xform/》", $Z11, 【調】韻母標調!AN$1, "/", AE11, "/") -> - xform/》m5/m̌/ | AQ11: =_xlfn.CONCAT(" - xform/》", $Z11, 【調】韻母標調!AO$1, "/", AF11, "/") -> - xform/》m6/ḿ/ | AR11: =_xlfn.CONCAT(" - xform/》", $Z11, 【調】韻母標調!AP$1, "/", AG11, "/") -> - xform/》m7/m̄/ | AS11: =_xlfn.CONCAT(" - xform/》", $Z11, 【調】韻母標調!AQ$1, "/", AH11, "/") -> - xform/》m8/m̍/ | ... AU11: =_xlfn.CONCAT(" - xform/》", $Z11, 【調】韻母標調!AS$1, "/", AJ11, "/") -> - xform/》m9/m̊/
A12: =ROW() - 3 -> 9 | B12: aŋ | C12: ang | D12: ang | E12: ang | F12: ang | G12: ang | H12: ㄤ | I12: ㄤ | J12: =LEFT(韻母對照表[[#This Row],[十五音識別碼]],1) -> 江 | K12: 邦 | L12: 江舒 | N12: =LEN(D12) -> 3 | P12: =C12 -> ang | Q12: =D12 -> ang | S12: =_xlfn.CONCAT(P12, "(\d)") -> ang(\d) | T12: a | U12: =IFERROR( IF(T12="", "", SEARCH(T12, $P12)), "") -> 1 | V12: =IFERROR( _xlfn.CONCAT(LEFT(P12,U12-1), "》", MID(P12,U12,1), "${1}", RIGHT(P12, LEN(P12)-U12)), "" ) -> 》a${1}ng | X12: =IF(AND(Q12<>"", P12<>""), " - xform/》" & S12 & "/" & V12 & "/", "") -> - xform/》ang(\d)/》a${1}ng/ | Z12: n | AA12: =_xlfn.CONCAT($Z12, IF(AA$3="", "", _xlfn.UNICHAR( HEX2DEC( RIGHT(AA$3,4))))) -> n | AB12: =_xlfn.CONCAT($Z12, IF(AB$3="", "", _xlfn.UNICHAR( HEX2DEC( RIGHT(AB$3,4))))) -> ń | AC12: =_xlfn.CONCAT($Z12, IF(AC$3="", "", _xlfn.UNICHAR( HEX2DEC( RIGHT(AC$3,4))))) -> ǹ | AD12: =_xlfn.CONCAT($Z12, IF(AD$3="", "", _xlfn.UNICHAR( HEX2DEC( RIGHT(AD$3,4))))) -> n | AE12: =_xlfn.CONCAT($Z12, IF(AE$3="", "", _xlfn.UNICHAR( HEX2DEC( RIGHT(AE$3,4))))) -> ň | AF12: =_xlfn.CONCAT($Z12, IF(AF$3="", "", _xlfn.UNICHAR( HEX2DEC( RIGHT(AF$3,4))))) -> ń | AG12: =_xlfn.CONCAT($Z12, IF(AG$3="", "", _xlfn.UNICHAR( HEX2DEC( RIGHT(AG$3,4))))) -> n̄ | AH12: =_xlfn.CONCAT($Z12, IF(AH$3="", "", _xlfn.UNICHAR( HEX2DEC( RIGHT(AH$3,4))))) -> n̍ | ... AJ12: =_xlfn.CONCAT($Z12, IF(AJ$3="", "", _xlfn.UNICHAR( HEX2DEC( RIGHT(AJ$3,4))))) -> n̊ | AL12: =_xlfn.CONCAT(" - xform/》", $Z12, 【調】韻母標調!AJ$1, "/", AA12, "/") -> - xform/》n1/n/ | AM12: =_xlfn.CONCAT(" - xform/》", $Z12, 【調】韻母標調!AK$1, "/", AB12, "/") -> - xform/》n2/ń/ | AN12: =_xlfn.CONCAT(" - xform/》", $Z12, 【調】韻母標調!AL$1, "/", AC12, "/") -> - xform/》n3/ǹ/ | AO12: =_xlfn.CONCAT(" - xform/》", $Z12, 【調】韻母標調!AM$1, "/", AD12, "/") -> - xform/》n4/n/ | AP12: =_xlfn.CONCAT(" - xform/》", $Z12, 【調】韻母標調!AN$1, "/", AE12, "/") -> - xform/》n5/ň/ | AQ12: =_xlfn.CONCAT(" - xform/》", $Z12, 【調】韻母標調!AO$1, "/", AF12, "/") -> - xform/》n6/ń/ | AR12: =_xlfn.CONCAT(" - xform/》", $Z12, 【調】韻母標調!AP$1, "/", AG12, "/") -> - xform/》n7/n̄/ | AS12: =_xlfn.CONCAT(" - xform/》", $Z12, 【調】韻母標調!AQ$1, "/", AH12, "/") -> - xform/》n8/n̍/ | ... AU12: =_xlfn.CONCAT(" - xform/》", $Z12, 【調】韻母標調!AS$1, "/", AJ12, "/") -> - xform/》n9/n̊/
A13: =ROW() - 3 -> 10 | B13: ã | C13: ann | D13: ann | E13: ann | F13: na | G13: aⁿ | H13: ㆩ | I13: ⁰ㄚ | J13: =LEFT(韻母對照表[[#This Row],[十五音識別碼]],1) -> 監 | K13: 聽 | L13: 監舒 | M13: 韻-鼻 | N13: =LEN(D13) -> 3 | P13: =C13 -> ann | Q13: =D13 -> ann | S13: =_xlfn.CONCAT(P13, "(\d)") -> ann(\d) | T13: a | U13: =IFERROR( IF(T13="", "", SEARCH(T13, $P13)), "") -> 1 | V13: =IFERROR( _xlfn.CONCAT(LEFT(P13,U13-1), "》", MID(P13,U13,1), "${1}", RIGHT(P13, LEN(P13)-U13)), "" ) -> 》a${1}nn | X13: =IF(AND(Q13<>"", P13<>""), " - xform/》" & S13 & "/" & V13 & "/", "") -> - xform/》ann(\d)/》a${1}nn/ | Z13: i | AA13: =_xlfn.CONCAT($Z13, IF(AA$3="", "", _xlfn.UNICHAR( HEX2DEC( RIGHT(AA$3,4))))) -> i | AB13: =_xlfn.CONCAT($Z13, IF(AB$3="", "", _xlfn.UNICHAR( HEX2DEC( RIGHT(AB$3,4))))) -> í | AC13: =_xlfn.CONCAT($Z13, IF(AC$3="", "", _xlfn.UNICHAR( HEX2DEC( RIGHT(AC$3,4))))) -> ì | AD13: =_xlfn.CONCAT($Z13, IF(AD$3="", "", _xlfn.UNICHAR( HEX2DEC( RIGHT(AD$3,4))))) -> i | AE13: =_xlfn.CONCAT($Z13, IF(AE$3="", "", _xlfn.UNICHAR( HEX2DEC( RIGHT(AE$3,4))))) -> ǐ | AF13: =_xlfn.CONCAT($Z13, IF(AF$3="", "", _xlfn.UNICHAR( HEX2DEC( RIGHT(AF$3,4))))) -> í | AG13: =_xlfn.CONCAT($Z13, IF(AG$3="", "", _xlfn.UNICHAR( HEX2DEC( RIGHT(AG$3,4))))) -> ī | AH13: =_xlfn.CONCAT($Z13, IF(AH$3="", "", _xlfn.UNICHAR( HEX2DEC( RIGHT(AH$3,4))))) -> i̍ | ... AJ13: =_xlfn.CONCAT($Z13, IF(AJ$3="", "", _xlfn.UNICHAR( HEX2DEC( RIGHT(AJ$3,4))))) -> i̊ | AL13: =_xlfn.CONCAT(" - xform/》", $Z13, 【調】韻母標調!AJ$1, "/", AA13, "/") -> - xform/》i1/i/ | AM13: =_xlfn.CONCAT(" - xform/》", $Z13, 【調】韻母標調!AK$1, "/", AB13, "/") -> - xform/》i2/í/ | AN13: =_xlfn.CONCAT(" - xform/》", $Z13, 【調】韻母標調!AL$1, "/", AC13, "/") -> - xform/》i3/ì/ | AO13: =_xlfn.CONCAT(" - xform/》", $Z13, 【調】韻母標調!AM$1, "/", AD13, "/") -> - xform/》i4/i/ | AP13: =_xlfn.CONCAT(" - xform/》", $Z13, 【調】韻母標調!AN$1, "/", AE13, "/") -> - xform/》i5/ǐ/ | AQ13: =_xlfn.CONCAT(" - xform/》", $Z13, 【調】韻母標調!AO$1, "/", AF13, "/") -> - xform/》i6/í/ | AR13: =_xlfn.CONCAT(" - xform/》", $Z13, 【調】韻母標調!AP$1, "/", AG13, "/") -> - xform/》i7/ī/ | AS13: =_xlfn.CONCAT(" - xform/》", $Z13, 【調】韻母標調!AQ$1, "/", AH13, "/") -> - xform/》i8/i̍/ | ... AU13: =_xlfn.CONCAT(" - xform/》", $Z13, 【調】韻母標調!AS$1, "/", AJ13, "/") -> - xform/》i9/i̊/
A14: =ROW() - 3 -> 11 | B14: ãʔ | C14: annh | D14: annh | E14: annh | F14: nah | G14: ahⁿ | H14: ㆩㆷ | I14: ⁰ㄚㄏ | J14: =LEFT(韻母對照表[[#This Row],[十五音識別碼]],1) -> 監 | K14: 含 | L14: 監促 | M14: 韻-鼻 | N14: =LEN(D14) -> 4 | P14: =C14 -> annh | Q14: =D14 -> annh | S14: =_xlfn.CONCAT(P14, "(\d)") -> annh(\d) | T14: a | U14: =IFERROR( IF(T14="", "", SEARCH(T14, $P14)), "") -> 1 | V14: =IFERROR( _xlfn.CONCAT(LEFT(P14,U14-1), "》", MID(P14,U14,1), "${1}", RIGHT(P14, LEN(P14)-U14)), "" ) -> 》a${1}nnh | X14: =IF(AND(Q14<>"", P14<>""), " - xform/》" & S14 & "/" & V14 & "/", "") -> - xform/》annh(\d)/》a${1}nnh/ | Z14: e | AA14: =_xlfn.CONCAT($Z14, IF(AA$3="", "", _xlfn.UNICHAR( HEX2DEC( RIGHT(AA$3,4))))) -> e | AB14: =_xlfn.CONCAT($Z14, IF(AB$3="", "", _xlfn.UNICHAR( HEX2DEC( RIGHT(AB$3,4))))) -> é | AC14: =_xlfn.CONCAT($Z14, IF(AC$3="", "", _xlfn.UNICHAR( HEX2DEC( RIGHT(AC$3,4))))) -> è | AD14: =_xlfn.CONCAT($Z14, IF(AD$3="", "", _xlfn.UNICHAR( HEX2DEC( RIGHT(AD$3,4))))) -> e | AE14: =_xlfn.CONCAT($Z14, IF(AE$3="", "", _xlfn.UNICHAR( HEX2DEC( RIGHT(AE$3,4))))) -> ě | AF14: =_xlfn.CONCAT($Z14, IF(AF$3="", "", _xlfn.UNICHAR( HEX2DEC( RIGHT(AF$3,4))))) -> é | AG14: =_xlfn.CONCAT($Z14, IF(AG$3="", "", _xlfn.UNICHAR( HEX2DEC( RIGHT(AG$3,4))))) -> ē | AH14: =_xlfn.CONCAT($Z14, IF(AH$3="", "", _xlfn.UNICHAR( HEX2DEC( RIGHT(AH$3,4))))) -> e̍ | ... AJ14: =_xlfn.CONCAT($Z14, IF(AJ$3="", "", _xlfn.UNICHAR( HEX2DEC( RIGHT(AJ$3,4))))) -> e̊ | AL14: =_xlfn.CONCAT(" - xform/》", $Z14, 【調】韻母標調!AJ$1, "/", AA14, "/") -> - xform/》e1/e/ | AM14: =_xlfn.CONCAT(" - xform/》", $Z14, 【調】韻母標調!AK$1, "/", AB14, "/") -> - xform/》e2/é/ | AN14: =_xlfn.CONCAT(" - xform/》", $Z14, 【調】韻母標調!AL$1, "/", AC14, "/") -> - xform/》e3/è/ | AO14: =_xlfn.CONCAT(" - xform/》", $Z14, 【調】韻母標調!AM$1, "/", AD14, "/") -> - xform/》e4/e/ | AP14: =_xlfn.CONCAT(" - xform/》", $Z14, 【調】韻母標調!AN$1, "/", AE14, "/") -> - xform/》e5/ě/ | AQ14: =_xlfn.CONCAT(" - xform/》", $Z14, 【調】韻母標調!AO$1, "/", AF14, "/") -> - xform/》e6/é/ | AR14: =_xlfn.CONCAT(" - xform/》", $Z14, 【調】韻母標調!AP$1, "/", AG14, "/") -> - xform/》e7/ē/ | AS14: =_xlfn.CONCAT(" - xform/》", $Z14, 【調】韻母標調!AQ$1, "/", AH14, "/") -> - xform/》e8/e̍/ | ... AU14: =_xlfn.CONCAT(" - xform/》", $Z14, 【調】韻母標調!AS$1, "/", AJ14, "/") -> - xform/》e9/e̊/
A15: =ROW() - 3 -> 12 | B15: =_xlfn.CONCAT("a","p",_xlfn.UNICHAR(794)) -> ap̚ | C15: ap | D15: ap | E15: ap | F15: ap | G15: ap | H15: ㄚㆴ | I15: ㄚㄅ | J15: =LEFT(韻母對照表[[#This Row],[十五音識別碼]],1) -> 甘 | K15: 答 | L15: 甘促 | N15: =LEN(D15) -> 2 | P15: =C15 -> ap | Q15: =D15 -> ap | S15: =_xlfn.CONCAT(P15, "(\d)") -> ap(\d) | T15: a | U15: =IFERROR( IF(T15="", "", SEARCH(T15, $P15)), "") -> 1 | V15: =IFERROR( _xlfn.CONCAT(LEFT(P15,U15-1), "》", MID(P15,U15,1), "${1}", RIGHT(P15, LEN(P15)-U15)), "" ) -> 》a${1}p | X15: =IF(AND(Q15<>"", P15<>""), " - xform/》" & S15 & "/" & V15 & "/", "") -> - xform/》ap(\d)/》a${1}p/
A16: =ROW() - 3 -> 13 | B16: =_xlfn.CONCAT("a","t",_xlfn.UNICHAR(794)) -> at̚ | C16: at | D16: at | E16: at | F16: at | G16: at | H16: ㄚㆵ | I16: ㄚㄉ | J16: =LEFT(韻母對照表[[#This Row],[十五音識別碼]],1) -> 干 | K16: 識 | L16: 干促 | N16: =LEN(D16) -> 2 | P16: =C16 -> at | Q16: =D16 -> at | S16: =_xlfn.CONCAT(P16, "(\d)") -> at(\d) | T16: o | U16: =IFERROR( IF(T16="", "", SEARCH(T16, $P16)), "") | V16: =IFERROR( _xlfn.CONCAT(LEFT(P16,U16-1), "》", MID(P16,U16,1), "${1}", RIGHT(P16, LEN(P16)-U16)), "" ) | X16: =IF(AND(Q16<>"", P16<>""), " - xform/》" & S16 & "/" & V16 & "/", "") -> - xform/》at(\d)//
A17: =ROW() - 3 -> 14 | B17: aʊ | C17: au | D17: au | E17: au | F17: ao | G17: au | H17: ㄠ | I17: ㄠ | J17: =LEFT(韻母對照表[[#This Row],[十五音識別碼]],1) -> 交 | K17: 鬧 | L17: 交舒 | N17: =LEN(D17) -> 2 | P17: =C17 -> au | Q17: =D17 -> au | S17: =_xlfn.CONCAT(P17, "(\d)") -> au(\d) | T17: a | U17: =IFERROR( IF(T17="", "", SEARCH(T17, $P17)), "") -> 1 | V17: =IFERROR( _xlfn.CONCAT(LEFT(P17,U17-1), "》", MID(P17,U17,1), "${1}", RIGHT(P17, LEN(P17)-U17)), "" ) -> 》a${1}u | X17: =IF(AND(Q17<>"", P17<>""), " - xform/》" & S17 & "/" & V17 & "/", "") -> - xform/》au(\d)/》a${1}u/
A18: =ROW() - 3 -> 15 | B18: auʔ | C18: auh | D18: auh | E18: auh | F18: aoh | G18: auh | H18: ㄠㆷ | I18: ㄠㄏ | J18: =LEFT(韻母對照表[[#This Row],[十五音識別碼]],1) -> 交 | K18: 暴 | L18: 交促 | N18: =LEN(D18) -> 3 | P18: =C18 -> auh | Q18: =D18 -> auh | S18: =_xlfn.CONCAT(P18, "(\d)") -> auh(\d) | T18: a | U18: =IFERROR( IF(T18="", "", SEARCH(T18, $P18)), "") -> 1 | V18: =IFERROR( _xlfn.CONCAT(LEFT(P18,U18-1), "》", MID(P18,U18,1), "${1}", RIGHT(P18, LEN(P18)-U18)), "" ) -> 》a${1}uh | X18: =IF(AND(Q18<>"", P18<>""), " - xform/》" & S18 & "/" & V18 & "/", "") -> - xform/》auh(\d)/》a${1}uh/
A19: =ROW() - 3 -> 16 | B19: e | C19: e | D19: ei | E19: e | F19: e | G19: e | H19: ㆤ | I19: ㄝ | J19: =LEFT(韻母對照表[[#This Row],[十五音識別碼]],1) -> 稽 | K19: 遞 | L19: 稽舒 | N19: =LEN(D19) -> 2 | P19: =C27 -> i | Q19: =D27 -> i | S19: =_xlfn.CONCAT(P19, "(\d)") -> i(\d) | T19: o | U19: =IFERROR( IF(T19="", "", SEARCH(T19, $P19)), "") | V19: =IFERROR( _xlfn.CONCAT(LEFT(P19,U19-1), "》", MID(P19,U19,1), "${1}", RIGHT(P19, LEN(P19)-U19)), "" ) | X19: =IF(AND(Q19<>"", P19<>""), " - xform/》" & S19 & "/" & V19 & "/", "") -> - xform/》i(\d)//
A20: =ROW() - 3 -> 17 | B20: ɛ | C20: ee | D20: ee | H20: ㄝ | I20: ㄝ | J20: =LEFT(韻母對照表[[#This Row],[十五音識別碼]],1) -> 嘉 | K20: 家 | L20: 嘉舒 | N20: =LEN(D20) -> 2 | P20: =C19 -> e | Q20: =D19 -> ei | S20: =_xlfn.CONCAT(P20, "(\d)") -> e(\d) | T20: i | U20: =IFERROR( IF(T20="", "", SEARCH(T20, $P20)), "") | V20: =IFERROR( _xlfn.CONCAT(LEFT(P20,U20-1), "》", MID(P20,U20,1), "${1}", RIGHT(P20, LEN(P20)-U20)), "" ) | X20: =IF(AND(Q20<>"", P20<>""), " - xform/》" & S20 & "/" & V20 & "/", "") -> - xform/》e(\d)//
A21: =ROW() - 3 -> 18 | B21: =_xlfn.CONCAT(B20, "ʔ") -> ɛʔ | C21: eeh | D21: eeh | H21: ㄝㆷ | I21: ㄝㄏ | J21: =LEFT(韻母對照表[[#This Row],[十五音識別碼]],1) -> 嘉 | K21: 八 | L21: 嘉促 | N21: =LEN(D21) -> 3 | P21: =C25 -> enn | Q21: =D25 -> enn | S21: =_xlfn.CONCAT(P21, "(\d)") -> enn(\d) | T21: i | U21: =IFERROR( IF(T21="", "", SEARCH(T21, $P21)), "") | V21: =IFERROR( _xlfn.CONCAT(LEFT(P21,U21-1), "》", MID(P21,U21,1), "${1}", RIGHT(P21, LEN(P21)-U21)), "" ) | X21: =IF(AND(Q21<>"", P21<>""), " - xform/》" & S21 & "/" & V21 & "/", "") -> - xform/》enn(\d)//
A22: =ROW() - 3 -> 19 | B22: eʔ | C22: eh | D22: eh | E22: eh | F22: eh | G22: eh | H22: ㆤㆷ | I22: ㄝㄏ | J22: =LEFT(韻母對照表[[#This Row],[十五音識別碼]],1) -> 伽 | K22: 伯 | L22: 伽促 | N22: =LEN(D22) -> 2 | P22: =C41 -> ih | Q22: =D41 -> ih | S22: =_xlfn.CONCAT(P22, "(\d)") -> ih(\d) | T22: a | U22: =IFERROR( IF(T22="", "", SEARCH(T22, $P22)), "") | V22: =IFERROR( _xlfn.CONCAT(LEFT(P22,U22-1), "》", MID(P22,U22,1), "${1}", RIGHT(P22, LEN(P22)-U22)), "" ) | X22: =IF(AND(Q22<>"", P22<>""), " - xform/》" & S22 & "/" & V22 & "/", "") -> - xform/》ih(\d)//
A23: =ROW() - 3 -> 20 | B23: =_xlfn.CONCAT("ɪ",, "k") -> ɪk | C23: ek | D23: ek | H23: ㄝㆻ | I23: ㄝㄍ | J23: =LEFT(韻母對照表[[#This Row],[十五音識別碼]],1) -> 經 | K23: ◯ | L23: 經促 | N23: =LEN(D23) -> 2 | P23: =C26 -> ennh | Q23: =D26 -> ennh | S23: =_xlfn.CONCAT(P23, "(\d)") -> ennh(\d) | T23: i | U23: =IFERROR( IF(T23="", "", SEARCH(T23, $P23)), "") | V23: =IFERROR( _xlfn.CONCAT(LEFT(P23,U23-1), "》", MID(P23,U23,1), "${1}", RIGHT(P23, LEN(P23)-U23)), "" ) | X23: =IF(AND(Q23<>"", P23<>""), " - xform/》" & S23 & "/" & V23 & "/", "") -> - xform/》ennh(\d)//
A24: =ROW() - 3 -> 21 | B24: =_xlfn.CONCAT("ɪ", "ŋ") -> ɪŋ | C24: eng | D24: eng | H24: ㄝㆭ | I24: ㄝㄥ | J24: =LEFT(韻母對照表[[#This Row],[十五音識別碼]],1) -> 經 | K24: ◯ | L24: 經舒 | N24: =LEN(D24) -> 3 | P24: =C22 -> eh | Q24: =D22 -> eh | S24: =_xlfn.CONCAT(P24, "(\d)") -> eh(\d) | T24: a | U24: =IFERROR( IF(T24="", "", SEARCH(T24, $P24)), "") | V24: =IFERROR( _xlfn.CONCAT(LEFT(P24,U24-1), "》", MID(P24,U24,1), "${1}", RIGHT(P24, LEN(P24)-U24)), "" ) | X24: =IF(AND(Q24<>"", P24<>""), " - xform/》" & S24 & "/" & V24 & "/", "") -> - xform/》eh(\d)//
A25: =ROW() - 3 -> 22 | B25: ẽ | C25: enn | D25: enn | E25: enn | F25: ne | G25: eⁿ | H25: ㆥ | I25: ⁰ㄝ | J25: =LEFT(韻母對照表[[#This Row],[十五音識別碼]],1) -> 更 | K25: 爭 | L25: 更舒 | M25: 韻-鼻 | N25: =LEN(D25) -> 3 | P25: =C46 -> inn | Q25: =D46 -> inn | S25: =_xlfn.CONCAT(P25, "(\d)") -> inn(\d) | T25: o | U25: =IFERROR( IF(T25="", "", SEARCH(T25, $P25)), "") | V25: =IFERROR( _xlfn.CONCAT(LEFT(P25,U25-1), "》", MID(P25,U25,1), "${1}", RIGHT(P25, LEN(P25)-U25)), "" ) | X25: =IF(AND(Q25<>"", P25<>""), " - xform/》" & S25 & "/" & V25 & "/", "") -> - xform/》inn(\d)//
A26: =ROW() - 3 -> 23 | B26: ẽʔ | C26: ennh | D26: ennh | E26: ennh | F26: ennh | G26: ehⁿ | H26: ㆥㆷ | I26: ⁰ㄝㄏ | J26: =LEFT(韻母對照表[[#This Row],[十五音識別碼]],1) -> 更 | K26: 挾 | L26: 更促 | M26: 韻-鼻 | N26: =LEN(D26) -> 4 | P26: =C43 -> im | Q26: =D43 -> im | S26: =_xlfn.CONCAT(P26, "(\d)") -> im(\d) | T26: e | U26: =IFERROR( IF(T26="", "", SEARCH(T26, $P26)), "") | V26: =IFERROR( _xlfn.CONCAT(LEFT(P26,U26-1), "》", MID(P26,U26,1), "${1}", RIGHT(P26, LEN(P26)-U26)), "" ) | X26: =IF(AND(Q26<>"", P26<>""), " - xform/》" & S26 & "/" & V26 & "/", "") -> - xform/》im(\d)//
A27: =ROW() - 3 -> 24 | B27: i | C27: i | D27: i | E27: i | F27: i | G27: i | H27: ㄧ | I27: ㄧ | J27: =LEFT(韻母對照表[[#This Row],[十五音識別碼]],1) -> 居 | K27: 爾 | L27: 居舒 | N27: =LEN(D27) -> 1 | P27: =C44 -> in | Q27: =D44 -> in | S27: =_xlfn.CONCAT(P27, "(\d)") -> in(\d) | T27: a | U27: =IFERROR( IF(T27="", "", SEARCH(T27, $P27)), "") | V27: =IFERROR( _xlfn.CONCAT(LEFT(P27,U27-1), "》", MID(P27,U27,1), "${1}", RIGHT(P27, LEN(P27)-U27)), "" ) | X27: =IF(AND(Q27<>"", P27<>""), " - xform/》" & S27 & "/" & V27 & "/", "") -> - xform/》in(\d)//
A28: =ROW() - 3 -> 25 | B28: ɪa | C28: ia | D28: ia | E28: ia | F28: ia | G28: ia | H28: ㄧㄚ | I28: ㄧㄚ | J28: =LEFT(韻母對照表[[#This Row],[十五音識別碼]],1) -> 迦 | K28: 名 | L28: 迦舒 | N28: =LEN(D28) -> 2 | P28: =C31 -> iam | Q28: =D31 -> iam | S28: =_xlfn.CONCAT(P28, "(\d)") -> iam(\d) | T28: i | U28: =IFERROR( IF(T28="", "", SEARCH(T28, $P28)), "") -> 1 | V28: =IFERROR( _xlfn.CONCAT(LEFT(P28,U28-1), "》", MID(P28,U28,1), "${1}", RIGHT(P28, LEN(P28)-U28)), "" ) -> 》i${1}am | X28: =IF(AND(Q28<>"", P28<>""), " - xform/》" & S28 & "/" & V28 & "/", "") -> - xform/》iam(\d)/》i${1}am/
A29: =ROW() - 3 -> 26 | B29: =_xlfn.CONCAT(B28, "ʔ") -> ɪaʔ | C29: iah | D29: iah | E29: iah | F29: iah | G29: iah | H29: ㄧㄚㆷ | I29: ㄧㄚㄏ | J29: =LEFT(韻母對照表[[#This Row],[十五音識別碼]],1) -> 迦 | K29: 壁 | L29: 迦促 | N29: =LEN(D29) -> 3 | P29: =C33 -> iang | Q29: =D33 -> iang | S29: =_xlfn.CONCAT(P29, "(\d)") -> iang(\d) | T29: i | U29: =IFERROR( IF(T29="", "", SEARCH(T29, $P29)), "") -> 1 | V29: =IFERROR( _xlfn.CONCAT(LEFT(P29,U29-1), "》", MID(P29,U29,1), "${1}", RIGHT(P29, LEN(P29)-U29)), "" ) -> 》i${1}ang | X29: =IF(AND(Q29<>"", P29<>""), " - xform/》" & S29 & "/" & V29 & "/", "") -> - xform/》iang(\d)/》i${1}ang/
A30: =ROW() - 3 -> 27 | B30: ɪak̚ | C30: iak | D30: iak | E30: iak | F30: iak | G30: iak | H30: ㄧㄚㆻ | I30: ㄧㄚㄍ | J30: =LEFT(韻母對照表[[#This Row],[十五音識別碼]],1) -> 姜 | K30: 爆 | L30: 姜促 | N30: =LEN(D30) -> 3 | P30: =C47 -> io | Q30: =D47 -> io | S30: =_xlfn.CONCAT(P30, "(\d)") -> io(\d) | T30: a | U30: =IFERROR( IF(T30="", "", SEARCH(T30, $P30)), "") | V30: =IFERROR( _xlfn.CONCAT(LEFT(P30,U30-1), "》", MID(P30,U30,1), "${1}", RIGHT(P30, LEN(P30)-U30)), "" ) | X30: =IF(AND(Q30<>"", P30<>""), " - xform/》" & S30 & "/" & V30 & "/", "") -> - xform/》io(\d)//
A31: =ROW() - 3 -> 28 | B31: ɪam | C31: iam | D31: iam | E31: iam | F31: iam | G31: iam | H31: ㄧㆰ | I31: ㄧㄚㄇ | J31: =LEFT(韻母對照表[[#This Row],[十五音識別碼]],1) -> 兼 | K31: 尖 | L31: 兼舒 | N31: =LEN(D31) -> 3 | P31: =C37 -> iat | Q31: =D37 -> iat | S31: =_xlfn.CONCAT(P31, "(\d)") -> iat(\d) | T31: e | U31: =IFERROR( IF(T31="", "", SEARCH(T31, $P31)), "") | V31: =IFERROR( _xlfn.CONCAT(LEFT(P31,U31-1), "》", MID(P31,U31,1), "${1}", RIGHT(P31, LEN(P31)-U31)), "" ) | X31: =IF(AND(Q31<>"", P31<>""), " - xform/》" & S31 & "/" & V31 & "/", "") -> - xform/》iat(\d)//
A32: =ROW() - 3 -> 29 | B32: ɪan | C32: ian | D32: ian | E32: ian | F32: ian | G32: ian | H32: ㄧㄢ | I32: ㄧㄢ | J32: =LEFT(韻母對照表[[#This Row],[十五音識別碼]],1) -> 堅 | K32: 掀 | L32: 堅舒 | N32: =LEN(D32) -> 3 | P32: =C30 -> iak | Q32: =D30 -> iak | S32: =_xlfn.CONCAT(P32, "(\d)") -> iak(\d) | T32: n | U32: =IFERROR( IF(T32="", "", SEARCH(T32, $P32)), "") | V32: =IFERROR( _xlfn.CONCAT(LEFT(P32,U32-1), "》", MID(P32,U32,1), "${1}", RIGHT(P32, LEN(P32)-U32)), "" ) | X32: =IF(AND(Q32<>"", P32<>""), " - xform/》" & S32 & "/" & V32 & "/", "") -> - xform/》iak(\d)//
A33: =ROW() - 3 -> 30 | B33: ɪaŋ | C33: iang | D33: iang | E33: iang | F33: iang | G33: iang | H33: ㄧㄤ | I33: ㄧㄤ | J33: =LEFT(韻母對照表[[#This Row],[十五音識別碼]],1) -> 姜 | K33: 將 | L33: 姜舒 | N33: =LEN(D33) -> 4 | P33: =C38 -> iau | Q33: =D38 -> iau | S33: =_xlfn.CONCAT(P33, "(\d)") -> iau(\d) | T33: o | U33: =IFERROR( IF(T33="", "", SEARCH(T33, $P33)), "") | V33: =IFERROR( _xlfn.CONCAT(LEFT(P33,U33-1), "》", MID(P33,U33,1), "${1}", RIGHT(P33, LEN(P33)-U33)), "" ) | X33: =IF(AND(Q33<>"", P33<>""), " - xform/》" & S33 & "/" & V33 & "/", "") -> - xform/》iau(\d)//
A34: =ROW() - 3 -> 31 | B34: =_xlfn.CONCAT("ɪ", "a", _xlfn.UNICHAR(771), "") -> ɪã | C34: iann | D34: iann | E34: iann | F34: nia | G34: iaⁿ | H34: ㄧㆩ | I34: ⁰ㄧㄚ | J34: =LEFT(韻母對照表[[#This Row],[十五音識別碼]],1) -> 驚 | K34: ◯ | L34: 驚舒 | M34: 韻-鼻 | N34: =LEN(D34) -> 4 | P34: =C32 -> ian | Q34: =D32 -> ian | S34: =_xlfn.CONCAT(P34, "(\d)") -> ian(\d) | T34: i | U34: =IFERROR( IF(T34="", "", SEARCH(T34, $P34)), "") -> 1 | V34: =IFERROR( _xlfn.CONCAT(LEFT(P34,U34-1), "》", MID(P34,U34,1), "${1}", RIGHT(P34, LEN(P34)-U34)), "" ) -> 》i${1}an | X34: =IF(AND(Q34<>"", P34<>""), " - xform/》" & S34 & "/" & V34 & "/", "") -> - xform/》ian(\d)/》i${1}an/
A35: =ROW() - 3 -> 32 | B35: =_xlfn.CONCAT(B34, "ʔ") -> ɪãʔ | C35: iannh | D35: iannh | E35: iannh | F35: iannh | G35: iahⁿ | H35: ㄧㆩㆷ | I35: ⁰ㄧㄚㄏ | J35: =LEFT(韻母對照表[[#This Row],[十五音識別碼]],1) -> 迦 | K35: 且 | L35: 迦促 | M35: 韻-鼻 | N35: =LEN(D35) -> 5 | P35: =C36 -> iap | Q35: =D36 -> iap | S35: =_xlfn.CONCAT(P35, "(\d)") -> iap(\d) | T35: i | U35: =IFERROR( IF(T35="", "", SEARCH(T35, $P35)), "") -> 1 | V35: =IFERROR( _xlfn.CONCAT(LEFT(P35,U35-1), "》", MID(P35,U35,1), "${1}", RIGHT(P35, LEN(P35)-U35)), "" ) -> 》i${1}ap | X35: =IF(AND(Q35<>"", P35<>""), " - xform/》" & S35 & "/" & V35 & "/", "") -> - xform/》iap(\d)/》i${1}ap/
A36: =ROW() - 3 -> 33 | B36: ɪap̚ | C36: iap | D36: iap | E36: iap | F36: iap | G36: iap | H36: ㄧㄚㆴ | I36: ㄧㄚㄅ | J36: =LEFT(韻母對照表[[#This Row],[十五音識別碼]],1) -> 兼 | K36: 接 | L36: 兼促 | N36: =LEN(D36) -> 3 | P36: =C40 -> iaunn | Q36: =D40 -> iaunn | S36: =_xlfn.CONCAT(P36, "(\d)") -> iaunn(\d) | T36: o | U36: =IFERROR( IF(T36="", "", SEARCH(T36, $P36)), "") | V36: =IFERROR( _xlfn.CONCAT(LEFT(P36,U36-1), "》", MID(P36,U36,1), "${1}", RIGHT(P36, LEN(P36)-U36)), "" ) | X36: =IF(AND(Q36<>"", P36<>""), " - xform/》" & S36 & "/" & V36 & "/", "") -> - xform/》iaunn(\d)//
A37: =ROW() - 3 -> 34 | B37: ɪat̚ | C37: iat | D37: iat | E37: iat | F37: iat | G37: iat | H37: ㄧㄚㆵ | I37: ㄧㄚㄉ | J37: =LEFT(韻母對照表[[#This Row],[十五音識別碼]],1) -> 堅 | K37: 別 | L37: 堅促 | N37: =LEN(D37) -> 3 | P37: =C39 -> iauh | Q37: =D39 -> iauh | S37: =_xlfn.CONCAT(P37, "(\d)") -> iauh(\d) | T37: o | U37: =IFERROR( IF(T37="", "", SEARCH(T37, $P37)), "") | V37: =IFERROR( _xlfn.CONCAT(LEFT(P37,U37-1), "》", MID(P37,U37,1), "${1}", RIGHT(P37, LEN(P37)-U37)), "" ) | X37: =IF(AND(Q37<>"", P37<>""), " - xform/》" & S37 & "/" & V37 & "/", "") -> - xform/》iauh(\d)//
A38: =ROW() - 3 -> 35 | B38: ɪaʊ | C38: iau | D38: iau | E38: iau | F38: iao | G38: iau | H38: ㄧㄠ | I38: ㄧㄠ | J38: =LEFT(韻母對照表[[#This Row],[十五音識別碼]],1) -> 嬌 | K38: 遙 | L38: 嬌舒 | N38: =LEN(D38) -> 3 | P38: =C53 -> ionn | Q38: =D53 -> ionn | S38: =_xlfn.CONCAT(P38, "(\d)") -> ionn(\d) | T38: a | U38: =IFERROR( IF(T38="", "", SEARCH(T38, $P38)), "") | V38: =IFERROR( _xlfn.CONCAT(LEFT(P38,U38-1), "》", MID(P38,U38,1), "${1}", RIGHT(P38, LEN(P38)-U38)), "" ) | X38: =IF(AND(Q38<>"", P38<>""), " - xform/》" & S38 & "/" & V38 & "/", "") -> - xform/》ionn(\d)//
A39: =ROW() - 3 -> 36 | B39: =_xlfn.CONCAT(B38, "ʔ") -> ɪaʊʔ | C39: iauh | D39: iauh | E39: iauh | F39: iaoh | G39: iauh | H39: ㄧㄠㆷ | I39: ㄧㄠㄏ | J39: =LEFT(韻母對照表[[#This Row],[十五音識別碼]],1) -> 嬌 | K39: 噭 | L39: 嬌促 | N39: =LEN(D39) -> 4 | P39: =C50 -> iong | Q39: =D50 -> iong | S39: =_xlfn.CONCAT(P39, "(\d)") -> iong(\d) | T39: a | U39: =IFERROR( IF(T39="", "", SEARCH(T39, $P39)), "") | V39: =IFERROR( _xlfn.CONCAT(LEFT(P39,U39-1), "》", MID(P39,U39,1), "${1}", RIGHT(P39, LEN(P39)-U39)), "" ) | X39: =IF(AND(Q39<>"", P39<>""), " - xform/》" & S39 & "/" & V39 & "/", "") -> - xform/》iong(\d)//
A40: =ROW() - 3 -> 37 | B40: =_xlfn.CONCAT("ɪ", "a", _xlfn.UNICHAR(771), "ʊ") -> ɪãʊ | C40: iaunn | D40: iaunn | E40: iaunn | F40: niao | G40: iauⁿ | H40: ㄧㆯ | I40: ⁰ㄧㄠ | J40: =LEFT(韻母對照表[[#This Row],[十五音識別碼]],1) -> 嘄 | K40: 鳥 | L40: 嘄舒 | M40: 韻-鼻 | N40: =LEN(D40) -> 5 | P40: =C48 -> ioh | Q40: =D48 -> ioh | S40: =_xlfn.CONCAT(P40, "(\d)") -> ioh(\d) | T40: a | U40: =IFERROR( IF(T40="", "", SEARCH(T40, $P40)), "") | V40: =IFERROR( _xlfn.CONCAT(LEFT(P40,U40-1), "》", MID(P40,U40,1), "${1}", RIGHT(P40, LEN(P40)-U40)), "" ) | X40: =IF(AND(Q40<>"", P40<>""), " - xform/》" & S40 & "/" & V40 & "/", "") -> - xform/》ioh(\d)//
A41: =ROW() - 3 -> 38 | B41: iʔ | C41: ih | D41: ih | E41: ih | F41: ih | G41: ih | H41: ㄧㆷ | I41: ㄧㄏ | J41: =LEFT(韻母對照表[[#This Row],[十五音識別碼]],1) -> 居 | K41: 逼 | L41: 居促 | N41: =LEN(D41) -> 2 | P41: =C51 -> ip | Q41: =D51 -> ip | S41: =_xlfn.CONCAT(P41, "(\d)") -> ip(\d) | T41: a | U41: =IFERROR( IF(T41="", "", SEARCH(T41, $P41)), "") | V41: =IFERROR( _xlfn.CONCAT(LEFT(P41,U41-1), "》", MID(P41,U41,1), "${1}", RIGHT(P41, LEN(P41)-U41)), "" ) | X41: =IF(AND(Q41<>"", P41<>""), " - xform/》" & S41 & "/" & V41 & "/", "") -> - xform/》ip(\d)//
A42: =ROW() - 3 -> 39 | B42: ik̚ | C42: ik | D42: ik | E42: iek | F42: ik | G42: ek | H42: ㄧㆻ | I42: ㄧㄍ | J42: =LEFT(韻母對照表[[#This Row],[十五音識別碼]],1) -> 經 | K42: 益 | L42: 經促 | N42: =LEN(D42) -> 2 | P42: =C35 -> iannh | Q42: =D35 -> iannh | S42: =_xlfn.CONCAT(P42, "(\d)") -> iannh(\d) | T42: a | U42: =IFERROR( IF(T42="", "", SEARCH(T42, $P42)), "") -> 2 | V42: =IFERROR( _xlfn.CONCAT(LEFT(P42,U42-1), "》", MID(P42,U42,1), "${1}", RIGHT(P42, LEN(P42)-U42)), "" ) -> i》a${1}nnh | X42: =IF(AND(Q42<>"", P42<>""), " - xform/》" & S42 & "/" & V42 & "/", "") -> - xform/》iannh(\d)/i》a${1}nnh/
A43: =ROW() - 3 -> 40 | B43: im | C43: im | D43: im | E43: im | F43: im | G43: im | H43: ㄧㆬ | I43: ㄧㄇ | J43: =LEFT(韻母對照表[[#This Row],[十五音識別碼]],1) -> 金 | K43: 深 | L43: 金舒 | N43: =LEN(D43) -> 2 | P43: =C52 -> it | Q43: =D52 -> it | S43: =_xlfn.CONCAT(P43, "(\d)") -> it(\d) | T43: a | U43: =IFERROR( IF(T43="", "", SEARCH(T43, $P43)), "") | V43: =IFERROR( _xlfn.CONCAT(LEFT(P43,U43-1), "》", MID(P43,U43,1), "${1}", RIGHT(P43, LEN(P43)-U43)), "" ) | X43: =IF(AND(Q43<>"", P43<>""), " - xform/》" & S43 & "/" & V43 & "/", "") -> - xform/》it(\d)//
A44: =ROW() - 3 -> 41 | B44: in | C44: in | D44: in | E44: in | F44: in | G44: in | H44: ㄧㄣ | I44: ㄧㄣ | J44: =LEFT(韻母對照表[[#This Row],[十五音識別碼]],1) -> 巾 | K44: 恩 | L44: 巾舒 | N44: =LEN(D44) -> 2 | P44: =C42 -> ik | Q44: =D42 -> ik | S44: =_xlfn.CONCAT(P44, "(\d)") -> ik(\d) | T44: a | U44: =IFERROR( IF(T44="", "", SEARCH(T44, $P44)), "") | V44: =IFERROR( _xlfn.CONCAT(LEFT(P44,U44-1), "》", MID(P44,U44,1), "${1}", RIGHT(P44, LEN(P44)-U44)), "" ) | X44: =IF(AND(Q44<>"", P44<>""), " - xform/》" & S44 & "/" & V44 & "/", "") -> - xform/》ik(\d)//
A45: =ROW() - 3 -> 42 | B45: iŋ | C45: ing | D45: ing | E45: ing | F45: ing | G45: eng | H45: ㄧㄥ | I45: ㄧㄥ | J45: =LEFT(韻母對照表[[#This Row],[十五音識別碼]],1) -> 經 | K45: 情 | L45: 經舒 | N45: =LEN(D45) -> 3 | P45: =C28 -> ia | Q45: =D28 -> ia | S45: =_xlfn.CONCAT(P45, "(\d)") -> ia(\d) | T45: a | U45: =IFERROR( IF(T45="", "", SEARCH(T45, $P45)), "") -> 2 | V45: =IFERROR( _xlfn.CONCAT(LEFT(P45,U45-1), "》", MID(P45,U45,1), "${1}", RIGHT(P45, LEN(P45)-U45)), "" ) -> i》a${1} | X45: =IF(AND(Q45<>"", P45<>""), " - xform/》" & S45 & "/" & V45 & "/", "") -> - xform/》ia(\d)/i》a${1}/
A46: =ROW() - 3 -> 43 | B46: ĩ | C46: inn | D46: inn | E46: inn | F46: ni | G46: iⁿ | H46: ㆪ | I46: ⁰ㄧ | J46: =LEFT(韻母對照表[[#This Row],[十五音識別碼]],1) -> 梔 | K46: 庚 | L46: 梔舒 | M46: 韻-鼻 | N46: =LEN(D46) -> 3 | P46: =C45 -> ing | Q46: =D45 -> ing | S46: =_xlfn.CONCAT(P46, "(\d)") -> ing(\d) | T46: a | U46: =IFERROR( IF(T46="", "", SEARCH(T46, $P46)), "") | V46: =IFERROR( _xlfn.CONCAT(LEFT(P46,U46-1), "》", MID(P46,U46,1), "${1}", RIGHT(P46, LEN(P46)-U46)), "" ) | X46: =IF(AND(Q46<>"", P46<>""), " - xform/》" & S46 & "/" & V46 & "/", "") -> - xform/》ing(\d)//
A47: =ROW() - 3 -> 44 | B47: ɪə | C47: io | D47: io | E47: ior | F47: io | G47: io | H47: ㄧㄜ | I47: ㄧㄜ | J47: =LEFT(韻母對照表[[#This Row],[十五音識別碼]],1) -> 茄 | K47: 少 | L47: 茄舒 | N47: =LEN(D47) -> 2 | P47: =C49 -> iok | Q47: =D49 -> iok | S47: =_xlfn.CONCAT(P47, "(\d)") -> iok(\d) | T47: e | U47: =IFERROR( IF(T47="", "", SEARCH(T47, $P47)), "") | V47: =IFERROR( _xlfn.CONCAT(LEFT(P47,U47-1), "》", MID(P47,U47,1), "${1}", RIGHT(P47, LEN(P47)-U47)), "" ) | X47: =IF(AND(Q47<>"", P47<>""), " - xform/》" & S47 & "/" & V47 & "/", "") -> - xform/》iok(\d)//
A48: =ROW() - 3 -> 45 | B48: ɪəʔ | C48: ioh | D48: ioh | E48: iorh | F48: ioh | G48: ioh | H48: ㄧㄜㆷ | I48: ㄧㄜㄏ | J48: =LEFT(韻母對照表[[#This Row],[十五音識別碼]],1) -> 茄 | K48: 著 | L48: 茄促 | N48: =LEN(D48) -> 3 | P48: =C55 -> iunn | Q48: =D55 -> iunn | S48: =_xlfn.CONCAT(P48, "(\d)") -> iunn(\d) | T48: i | U48: =IFERROR( IF(T48="", "", SEARCH(T48, $P48)), "") -> 1 | V48: =IFERROR( _xlfn.CONCAT(LEFT(P48,U48-1), "》", MID(P48,U48,1), "${1}", RIGHT(P48, LEN(P48)-U48)), "" ) -> 》i${1}unn | X48: =IF(AND(Q48<>"", P48<>""), " - xform/》" & S48 & "/" & V48 & "/", "") -> - xform/》iunn(\d)/》i${1}unn/
A49: =ROW() - 3 -> 46 | B49: ɪɔk̚ | C49: iok | D49: iok | E49: iook | F49: iok | G49: iok | H49: ㄧㆦㆻ | I49: ㄧㄛㄍ | J49: =LEFT(韻母對照表[[#This Row],[十五音識別碼]],1) -> 恭 | K49: 俗 | L49: 恭促 | N49: =LEN(D49) -> 3 | P49: =C61 -> o | Q49: =D61 -> o | S49: =_xlfn.CONCAT(P49, "(\d)") -> o(\d) | T49: i | U49: =IFERROR( IF(T49="", "", SEARCH(T49, $P49)), "") | V49: =IFERROR( _xlfn.CONCAT(LEFT(P49,U49-1), "》", MID(P49,U49,1), "${1}", RIGHT(P49, LEN(P49)-U49)), "" ) | X49: =IF(AND(Q49<>"", P49<>""), " - xform/》" & S49 & "/" & V49 & "/", "") -> - xform/》o(\d)//
A50: =ROW() - 3 -> 47 | B50: ɪɔŋ | C50: iong | D50: iong | E50: iong | F50: iong | G50: iong | H50: ㄧㆲ | I50: ㄧㄛㄥ | J50: =LEFT(韻母對照表[[#This Row],[十五音識別碼]],1) -> 恭 | K50: 中 | L50: 恭舒 | N50: =LEN(D50) -> 4 | P50: =C56 -> iunnh | Q50: =D56 -> iunnh | S50: =_xlfn.CONCAT(P50, "(\d)") -> iunnh(\d) | T50: a | U50: =IFERROR( IF(T50="", "", SEARCH(T50, $P50)), "") | V50: =IFERROR( _xlfn.CONCAT(LEFT(P50,U50-1), "》", MID(P50,U50,1), "${1}", RIGHT(P50, LEN(P50)-U50)), "" ) | X50: =IF(AND(Q50<>"", P50<>""), " - xform/》" & S50 & "/" & V50 & "/", "") -> - xform/》iunnh(\d)//
A51: =ROW() - 3 -> 48 | B51: ip̚ | C51: ip | D51: ip | E51: ip | F51: ip | G51: ip | H51: 一ㆴ | I51: ㄧㄅ | J51: =LEFT(韻母對照表[[#This Row],[十五音識別碼]],1) -> 金 | K51: 蟄 | L51: 金促 | N51: =LEN(D51) -> 2 | P51: =C34 -> iann | Q51: =D34 -> iann | S51: =_xlfn.CONCAT(P51, "(\d)") -> iann(\d) | T51: a | U51: =IFERROR( IF(T51="", "", SEARCH(T51, $P51)), "") -> 2 | V51: =IFERROR( _xlfn.CONCAT(LEFT(P51,U51-1), "》", MID(P51,U51,1), "${1}", RIGHT(P51, LEN(P51)-U51)), "" ) -> i》a${1}nn | X51: =IF(AND(Q51<>"", P51<>""), " - xform/》" & S51 & "/" & V51 & "/", "") -> - xform/》iann(\d)/i》a${1}nn/
A52: =ROW() - 3 -> 49 | B52: it̚ | C52: it | D52: it | E52: it | F52: it | G52: it | H52: ㄧㆵ | I52: ㄧㄉ | J52: =LEFT(韻母對照表[[#This Row],[十五音識別碼]],1) -> 巾 | K52: 一 | L52: 巾促 | N52: =LEN(D52) -> 2 | P52: =C29 -> iah | Q52: =D29 -> iah | S52: =_xlfn.CONCAT(P52, "(\d)") -> iah(\d) | T52: a | U52: =IFERROR( IF(T52="", "", SEARCH(T52, $P52)), "") -> 2 | V52: =IFERROR( _xlfn.CONCAT(LEFT(P52,U52-1), "》", MID(P52,U52,1), "${1}", RIGHT(P52, LEN(P52)-U52)), "" ) -> i》a${1}h | X52: =IF(AND(Q52<>"", P52<>""), " - xform/》" & S52 & "/" & V52 & "/", "") -> - xform/》iah(\d)/i》a${1}h/
A53: =ROW() - 3 -> 50 | B53: ɪɔ̃ | C53: ionn | D53: ionn | E53: ioonn | F53: nioo | G53: ioⁿ | H53: ㄧㆧ | I53: ⁰ㄧㄛ | J53: =LEFT(韻母對照表[[#This Row],[十五音識別碼]],1) -> 薑 | K53: 腔 | L53: 薑舒 | M53: 韻-鼻 | N53: =LEN(D53) -> 4 | P53: =C54 -> iu | Q53: =D54 -> iu | S53: =_xlfn.CONCAT(P53, "(\d)") -> iu(\d) | T53: a | U53: =IFERROR( IF(T53="", "", SEARCH(T53, $P53)), "") | V53: =IFERROR( _xlfn.CONCAT(LEFT(P53,U53-1), "》", MID(P53,U53,1), "${1}", RIGHT(P53, LEN(P53)-U53)), "" ) | X53: =IF(AND(Q53<>"", P53<>""), " - xform/》" & S53 & "/" & V53 & "/", "") -> - xform/》iu(\d)//
A54: =ROW() - 3 -> 51 | B54: =_xlfn.CONCAT("ɪ", "u") -> ɪu | C54: iu | D54: iu | E54: iu | F54: iu | G54: iu | H54: ㄧㄨ | I54: ㄧㄨ | J54: =LEFT(韻母對照表[[#This Row],[十五音識別碼]],1) -> 丩 | K54: 油 | L54: 丩舒 | N54: =LEN(D54) -> 2 | P54: =C68 -> oo | Q54: =D68 -> oo | S54: =_xlfn.CONCAT(P54, "(\d)") -> oo(\d) | T54: e | U54: =IFERROR( IF(T54="", "", SEARCH(T54, $P54)), "") | V54: =IFERROR( _xlfn.CONCAT(LEFT(P54,U54-1), "》", MID(P54,U54,1), "${1}", RIGHT(P54, LEN(P54)-U54)), "" ) | X54: =IF(AND(Q54<>"", P54<>""), " - xform/》" & S54 & "/" & V54 & "/", "") -> - xform/》oo(\d)//
A55: =ROW() - 3 -> 52 | B55: =_xlfn.CONCAT("ɪ", "u", _xlfn.UNICHAR(771), "") -> ɪũ | C55: iunn | D55: iunn | E55: iunn | F55: niu | G55: iuⁿ | H55: ㄧㆫ | I55: ⁰ㄧㄨ | J55: =LEFT(韻母對照表[[#This Row],[十五音識別碼]],1) -> 牛 | K55: 香 | L55: 牛舒 | M55: 韻-鼻 | N55: =LEN(D55) -> 4 | P55: =C66 -> onn | Q55: =D66 -> onn | S55: =_xlfn.CONCAT(P55, "(\d)") -> onn(\d) | T55: e | U55: =IFERROR( IF(T55="", "", SEARCH(T55, $P55)), "") | V55: =IFERROR( _xlfn.CONCAT(LEFT(P55,U55-1), "》", MID(P55,U55,1), "${1}", RIGHT(P55, LEN(P55)-U55)), "" ) | X55: =IF(AND(Q55<>"", P55<>""), " - xform/》" & S55 & "/" & V55 & "/", "") -> - xform/》onn(\d)//
A56: =ROW() - 3 -> 53 | B56: =_xlfn.CONCAT(LEFT(B55,1), MID(B55,2,1), _xlfn.UNICHAR(771), "ʔ") -> ɪũʔ | C56: iunnh | D56: iunnh | E56: iunnh | F56: niuh | G56: iuhⁿ | H56: ㄧㆫㆷ | I56: ⁰ㄧㄨㄏ | J56: =LEFT(韻母對照表[[#This Row],[十五音識別碼]],1) -> 牛 | K56: ◯ | L56: 牛促 | M56: 韻-鼻 | N56: =LEN(D56) -> 5 | P56: =C62 -> oh | Q56: =D62 -> oh | S56: =_xlfn.CONCAT(P56, "(\d)") -> oh(\d) | T56: a | U56: =IFERROR( IF(T56="", "", SEARCH(T56, $P56)), "") | V56: =IFERROR( _xlfn.CONCAT(LEFT(P56,U56-1), "》", MID(P56,U56,1), "${1}", RIGHT(P56, LEN(P56)-U56)), "" ) | X56: =IF(AND(Q56<>"", P56<>""), " - xform/》" & S56 & "/" & V56 & "/", "") -> - xform/》oh(\d)//
A57: =ROW() - 3 -> 54 | B57: m̩ | C57: m | D57: m | E57: m | F57: m | G57: m | H57: ㆬ | I57: ㄇ | J57: =LEFT(韻母對照表[[#This Row],[十五音識別碼]],1) -> 姆 | K57: 姆 | L57: 姆舒 | N57: =LEN(D57) -> 1
A58: =ROW() - 3 -> 55 | B58: m̩ʔ | C58: mh | D58: mh | E58: mh | F58: mh | G58: mh | H58: ㆬㆷ | I58: ㄇㄏ | J58: =LEFT(韻母對照表[[#This Row],[十五音識別碼]],1) -> 姆 | K58: ◯ | L58: 姆促 | N58: =LEN(D58) -> 2
A59: =ROW() - 3 -> 56 | B59: ŋ̍ | C59: ng | D59: ng | E59: ng | F59: ng | G59: ng | H59: ㆭ | I59: ㄥ | J59: =LEFT(韻母對照表[[#This Row],[十五音識別碼]],1) -> 鋼 | K59: 床 | L59: 鋼舒 | N59: =LEN(D59) -> 2
A60: =ROW() - 3 -> 57 | B60: ŋ̍ʔ | C60: ngh | D60: ngh | E60: ngh | F60: ngh | G60: ngh | H60: ㆭㆷ | I60: ㄥㄏ | J60: =LEFT(韻母對照表[[#This Row],[十五音識別碼]],1) -> 鋼 | K60: ◯ | L60: 鋼促 | N60: =LEN(D60) -> 3
A61: =ROW() - 3 -> 58 | B61: ə | C61: o | D61: o | E61: or | F61: o | G61: o | H61: ㄜ | I61: ㄜ | J61: =LEFT(韻母對照表[[#This Row],[十五音識別碼]],1) -> 高 | K61: 果 | L61: 高舒 | N61: =LEN(D61) -> 1 | P61: =C69 -> ooh | Q61: =D69 -> ooh | S61: =_xlfn.CONCAT(P61, "(\d)") -> ooh(\d) | T61: a | U61: =IFERROR( IF(T61="", "", SEARCH(T61, $P61)), "") | V61: =IFERROR( _xlfn.CONCAT(LEFT(P61,U61-1), "》", MID(P61,U61,1), "${1}", RIGHT(P61, LEN(P61)-U61)), "" ) | X61: =IF(AND(Q61<>"", P61<>""), " - xform/》" & S61 & "/" & V61 & "/", "") -> - xform/》ooh(\d)//
A62: =ROW() - 3 -> 59 | B62: əʔ | C62: oh | D62: oh | E62: orh | F62: oh | G62: oh | H62: ㄜㆷ | I62: ㄜㄏ | J62: =LEFT(韻母對照表[[#This Row],[十五音識別碼]],1) -> 高 | K62: 卜 | L62: 高促 | N62: =LEN(D62) -> 2 | P62: =C65 -> ong | Q62: =D65 -> ong | S62: =_xlfn.CONCAT(P62, "(\d)") -> ong(\d) | T62: a | U62: =IFERROR( IF(T62="", "", SEARCH(T62, $P62)), "") | V62: =IFERROR( _xlfn.CONCAT(LEFT(P62,U62-1), "》", MID(P62,U62,1), "${1}", RIGHT(P62, LEN(P62)-U62)), "" ) | X62: =IF(AND(Q62<>"", P62<>""), " - xform/》" & S62 & "/" & V62 & "/", "") -> - xform/》ong(\d)//
A63: =ROW() - 3 -> 60 | B63: ɔk̚ | C63: ok | D63: ok | E63: ok | F63: ok | G63: ok | H63: ㆦㆻ | I63: ㄛㄍ | J63: =LEFT(韻母對照表[[#This Row],[十五音識別碼]],1) -> 公 | K63: 福 | L63: 公促 | N63: =LEN(D63) -> 2 | P63: =C89 -> ut | Q63: =D89 -> ut | S63: =_xlfn.CONCAT(P63, "(\d)") -> ut(\d) | T63: a | U63: =IFERROR( IF(T63="", "", SEARCH(T63, $P63)), "") | V63: =IFERROR( _xlfn.CONCAT(LEFT(P63,U63-1), "》", MID(P63,U63,1), "${1}", RIGHT(P63, LEN(P63)-U63)), "" ) | X63: =IF(AND(Q63<>"", P63<>""), " - xform/》" & S63 & "/" & V63 & "/", "") -> - xform/》ut(\d)//
A64: =ROW() - 3 -> 61 | B64: ɔm | C64: om | D64: om | E64: oom | F64: om | G64: om | H64: ㆱ | I64: ㄛㄇ | J64: =LEFT(韻母對照表[[#This Row],[十五音識別碼]],1) -> 箴 | K64: 丼 | L64: 箴舒 | N64: =LEN(D64) -> 2 | P64: =C71 -> u | Q64: =D71 -> u | S64: =_xlfn.CONCAT(P64, "(\d)") -> u(\d) | T64: a | U64: =IFERROR( IF(T64="", "", SEARCH(T64, $P64)), "") | V64: =IFERROR( _xlfn.CONCAT(LEFT(P64,U64-1), "》", MID(P64,U64,1), "${1}", RIGHT(P64, LEN(P64)-U64)), "" ) | X64: =IF(AND(Q64<>"", P64<>""), " - xform/》" & S64 & "/" & V64 & "/", "") -> - xform/》u(\d)//
A65: =ROW() - 3 -> 62 | B65: ɔŋ | C65: ong | D65: ong | E65: ong | F65: ong | G65: ong | H65: ㆲ | I65: ㄛㄥ | J65: =LEFT(韻母對照表[[#This Row],[十五音識別碼]],1) -> 公 | K65: 風 | L65: 公舒 | N65: =LEN(D65) -> 3 | P65: =C84 -> uh | Q65: =D84 -> uh | S65: =_xlfn.CONCAT(P65, "(\d)") -> uh(\d) | T65: e | U65: =IFERROR( IF(T65="", "", SEARCH(T65, $P65)), "") | V65: =IFERROR( _xlfn.CONCAT(LEFT(P65,U65-1), "》", MID(P65,U65,1), "${1}", RIGHT(P65, LEN(P65)-U65)), "" ) | X65: =IF(AND(Q65<>"", P65<>""), " - xform/》" & S65 & "/" & V65 & "/", "") -> - xform/》uh(\d)//
A66: =ROW() - 3 -> 63 | B66: ɔ̃ | C66: onn | D66: onn | E66: oonn | F66: noo | G66: oⁿ | H66: ㆧ | I66: ⁰ㄛ | J66: =LEFT(韻母對照表[[#This Row],[十五音識別碼]],1) -> 姑 | K66: 張 | L66: 姑舒 | N66: =LEN(D66) -> 3 | P66: =C64 -> om | Q66: =D64 -> om | S66: =_xlfn.CONCAT(P66, "(\d)") -> om(\d) | T66: a | U66: =IFERROR( IF(T66="", "", SEARCH(T66, $P66)), "") | V66: =IFERROR( _xlfn.CONCAT(LEFT(P66,U66-1), "》", MID(P66,U66,1), "${1}", RIGHT(P66, LEN(P66)-U66)), "" ) | X66: =IF(AND(Q66<>"", P66<>""), " - xform/》" & S66 & "/" & V66 & "/", "") -> - xform/》om(\d)//
A67: =ROW() - 3 -> 64 | B67: ɔ̃ʔ | C67: onnh | D67: ohnn | E67: onnh | F67: niuh | G67: ohⁿ | H67: ㆧㆷ | I67: ⁰ㄛㄏ | J67: =LEFT(韻母對照表[[#This Row],[十五音識別碼]],1) -> 扛 | K67: ◯ | L67: 扛促 | M67: 韻-鼻 | N67: =LEN(D67) -> 4 | P67: =C63 -> ok | Q67: =D63 -> ok | S67: =_xlfn.CONCAT(P67, "(\d)") -> ok(\d) | T67: a | U67: =IFERROR( IF(T67="", "", SEARCH(T67, $P67)), "") | V67: =IFERROR( _xlfn.CONCAT(LEFT(P67,U67-1), "》", MID(P67,U67,1), "${1}", RIGHT(P67, LEN(P67)-U67)), "" ) | X67: =IF(AND(Q67<>"", P67<>""), " - xform/》" & S67 & "/" & V67 & "/", "") -> - xform/》ok(\d)//
A68: =ROW() - 3 -> 65 | B68: ɔ | C68: oo | D68: oo | E68: oo | F68: oo | G68: o͘ | H68: ㆦ | I68: ㄛ | J68: =LEFT(韻母對照表[[#This Row],[十五音識別碼]],1) -> 沽 | K68: 捕 | L68: 沽舒 | N68: =LEN(D68) -> 2 | P68: =C67 -> onnh | Q68: =D67 -> ohnn | S68: =_xlfn.CONCAT(P68, "(\d)") -> onnh(\d) | T68: a | U68: =IFERROR( IF(T68="", "", SEARCH(T68, $P68)), "") | V68: =IFERROR( _xlfn.CONCAT(LEFT(P68,U68-1), "》", MID(P68,U68,1), "${1}", RIGHT(P68, LEN(P68)-U68)), "" ) | X68: =IF(AND(Q68<>"", P68<>""), " - xform/》" & S68 & "/" & V68 & "/", "") -> - xform/》onnh(\d)//
A69: =ROW() - 3 -> 66 | B69: ɔʔ | C69: ooh | D69: ooh | E69: ooh | F69: ooh | G69: o͘h | H69: ㆦㆷ | I69: ㄛㄏ | J69: =LEFT(韻母對照表[[#This Row],[十五音識別碼]],1) -> 沽 | K69: ◯ | L69: 沽促 | N69: =LEN(D69) -> 3 | P69: =C70 -> op | Q69: =D70 -> op | S69: =_xlfn.CONCAT(P69, "(\d)") -> op(\d) | T69: a | U69: =IFERROR( IF(T69="", "", SEARCH(T69, $P69)), "") | V69: =IFERROR( _xlfn.CONCAT(LEFT(P69,U69-1), "》", MID(P69,U69,1), "${1}", RIGHT(P69, LEN(P69)-U69)), "" ) | X69: =IF(AND(Q69<>"", P69<>""), " - xform/》" & S69 & "/" & V69 & "/", "") -> - xform/》op(\d)//
A70: =ROW() - 3 -> 67 | B70: ɔp̚ | C70: op | D70: op | E70: oop | F70: op | G70: op | H70: ㆦㆴ | I70: ㄛㄅ | J70: =LEFT(韻母對照表[[#This Row],[十五音識別碼]],1) -> 箴 | K70: 吷 | L70: 箴促 | N70: =LEN(D70) -> 2 | P70: =C88 -> un | Q70: =D88 -> un | S70: =_xlfn.CONCAT(P70, "(\d)") -> un(\d) | T70: i | U70: =IFERROR( IF(T70="", "", SEARCH(T70, $P70)), "") | V70: =IFERROR( _xlfn.CONCAT(LEFT(P70,U70-1), "》", MID(P70,U70,1), "${1}", RIGHT(P70, LEN(P70)-U70)), "" ) | X70: =IF(AND(Q70<>"", P70<>""), " - xform/》" & S70 & "/" & V70 & "/", "") -> - xform/》un(\d)//
A71: =ROW() - 3 -> 68 | B71: u | C71: u | D71: u | E71: u | F71: u | G71: u | H71: ㄨ | I71: ㄨ | J71: =LEFT(韻母對照表[[#This Row],[十五音識別碼]],1) -> 艍 | K71: 夫 | L71: 艍舒 | N71: =LEN(D71) -> 1 | P71: =C72 -> ua | Q71: =D72 -> ua | S71: =_xlfn.CONCAT(P71, "(\d)") -> ua(\d) | T71: e | U71: =IFERROR( IF(T71="", "", SEARCH(T71, $P71)), "") | V71: =IFERROR( _xlfn.CONCAT(LEFT(P71,U71-1), "》", MID(P71,U71,1), "${1}", RIGHT(P71, LEN(P71)-U71)), "" ) | X71: =IF(AND(Q71<>"", P71<>""), " - xform/》" & S71 & "/" & V71 & "/", "") -> - xform/》ua(\d)//
A72: =ROW() - 3 -> 69 | B72: ua | C72: ua | D72: ua | E72: ua | F72: ua | G72: oa | H72: ㄨㄚ | I72: ㄨㄚ | J72: =LEFT(韻母對照表[[#This Row],[十五音識別碼]],1) -> 瓜 | K72: 花 | L72: 瓜舒 | N72: =LEN(D72) -> 2 | P72: =C79 -> uang | Q72: =D79 -> uang | S72: =_xlfn.CONCAT(P72, "(\d)") -> uang(\d) | T72: i | U72: =IFERROR( IF(T72="", "", SEARCH(T72, $P72)), "") | V72: =IFERROR( _xlfn.CONCAT(LEFT(P72,U72-1), "》", MID(P72,U72,1), "${1}", RIGHT(P72, LEN(P72)-U72)), "" ) | X72: =IF(AND(Q72<>"", P72<>""), " - xform/》" & S72 & "/" & V72 & "/", "") -> - xform/》uang(\d)//
A73: =ROW() - 3 -> 70 | B73: uaʔ | C73: uah | D73: uah | E73: uah | F73: uah | G73: oah | H73: ㄨㄚㆷ | I73: ㄨㄚㄏ | J73: =LEFT(韻母對照表[[#This Row],[十五音識別碼]],1) -> 瓜 | K73: 缽 | L73: 瓜促 | N73: =LEN(D73) -> 3 | P73: =C74 -> uai | Q73: =D74 -> uai | S73: =_xlfn.CONCAT(P73, "(\d)") -> uai(\d) | T73: i | U73: =IFERROR( IF(T73="", "", SEARCH(T73, $P73)), "") -> 3 | V73: =IFERROR( _xlfn.CONCAT(LEFT(P73,U73-1), "》", MID(P73,U73,1), "${1}", RIGHT(P73, LEN(P73)-U73)), "" ) -> ua》i${1} | X73: =IF(AND(Q73<>"", P73<>""), " - xform/》" & S73 & "/" & V73 & "/", "") -> - xform/》uai(\d)/ua》i${1}/
A74: =ROW() - 3 -> 71 | B74: uai | C74: uai | D74: uai | E74: uai | F74: uai | G74: oai | H74: ㄨㄞ | I74: ㄨㄞ | J74: =LEFT(韻母對照表[[#This Row],[十五音識別碼]],1) -> 乖 | K74: 怪 | L74: 乖舒 | N74: =LEN(D74) -> 3 | P74: =C82 -> ue | Q74: =D82 -> ue | S74: =_xlfn.CONCAT(P74, "(\d)") -> ue(\d) | T74: n | U74: =IFERROR( IF(T74="", "", SEARCH(T74, $P74)), "") | V74: =IFERROR( _xlfn.CONCAT(LEFT(P74,U74-1), "》", MID(P74,U74,1), "${1}", RIGHT(P74, LEN(P74)-U74)), "" ) | X74: =IF(AND(Q74<>"", P74<>""), " - xform/》" & S74 & "/" & V74 & "/", "") -> - xform/》ue(\d)//
A75: =ROW() - 3 -> 72 | B75: uãi | C75: uainn | D75: uainn | E75: uainn | F75: nuai | G75: oaiⁿ | H75: ㄨㆮ | I75: ⁰ㄨㄞ | J75: =LEFT(韻母對照表[[#This Row],[十五音識別碼]],1) -> 閂 | K75: 檨 | L75: 閂舒 | M75: 韻-鼻 | N75: =LEN(D75) -> 5 | P75: =C83 -> ueh | Q75: =D83 -> ueh | S75: =_xlfn.CONCAT(P75, "(\d)") -> ueh(\d) | T75: o | U75: =IFERROR( IF(T75="", "", SEARCH(T75, $P75)), "") | V75: =IFERROR( _xlfn.CONCAT(LEFT(P75,U75-1), "》", MID(P75,U75,1), "${1}", RIGHT(P75, LEN(P75)-U75)), "" ) | X75: =IF(AND(Q75<>"", P75<>""), " - xform/》" & S75 & "/" & V75 & "/", "") -> - xform/》ueh(\d)//
A76: =ROW() - 3 -> 73 | B76: uaiʔ | C76: uaih | D76: uaih | E76: uaih | F76: uaih | G76: oaih | H76: ㄨㄞㆷ | I76: ㄨㄞㄏ | J76: =LEFT(韻母對照表[[#This Row],[十五音識別碼]],1) -> 乖 | K76: ◯ | L76: 乖促 | N76: =LEN(D76) -> 4 | P76: =C85 -> ui | Q76: =D85 -> ui | S76: =_xlfn.CONCAT(P76, "(\d)") -> ui(\d) | T76: o | U76: =IFERROR( IF(T76="", "", SEARCH(T76, $P76)), "") | V76: =IFERROR( _xlfn.CONCAT(LEFT(P76,U76-1), "》", MID(P76,U76,1), "${1}", RIGHT(P76, LEN(P76)-U76)), "" ) | X76: =IF(AND(Q76<>"", P76<>""), " - xform/》" & S76 & "/" & V76 & "/", "") -> - xform/》ui(\d)//
A77: =ROW() - 3 -> 74 | B77: uãiʔ | C77: uainnh | D77: uaihnn | E77: uainnh | F77: uainnh | G77: oaihⁿ | H77: ㄨㆮㆷ | I77: ⁰ㄨㄞㄏ | J77: =LEFT(韻母對照表[[#This Row],[十五音識別碼]],1) -> 閂 | K77: 蹶 | L77: 閂促 | M77: 韻-鼻 | N77: =LEN(D77) -> 6 | P77: =C87 -> uinn | Q77: =D87 -> uinn | S77: =_xlfn.CONCAT(P77, "(\d)") -> uinn(\d) | T77: o | U77: =IFERROR( IF(T77="", "", SEARCH(T77, $P77)), "") | V77: =IFERROR( _xlfn.CONCAT(LEFT(P77,U77-1), "》", MID(P77,U77,1), "${1}", RIGHT(P77, LEN(P77)-U77)), "" ) | X77: =IF(AND(Q77<>"", P77<>""), " - xform/》" & S77 & "/" & V77 & "/", "") -> - xform/》uinn(\d)//
A78: =ROW() - 3 -> 75 | B78: uan | C78: uan | D78: uan | E78: uan | F78: uan | G78: oan | H78: ㄨㄢ | I78: ㄨㄢ | J78: =LEFT(韻母對照表[[#This Row],[十五音識別碼]],1) -> 觀 | K78: 猿 | L78: 觀舒 | N78: =LEN(D78) -> 3 | P78: =C75 -> uainn | Q78: =D75 -> uainn | S78: =_xlfn.CONCAT(P78, "(\d)") -> uainn(\d) | T78: i | U78: =IFERROR( IF(T78="", "", SEARCH(T78, $P78)), "") -> 3 | V78: =IFERROR( _xlfn.CONCAT(LEFT(P78,U78-1), "》", MID(P78,U78,1), "${1}", RIGHT(P78, LEN(P78)-U78)), "" ) -> ua》i${1}nn | X78: =IF(AND(Q78<>"", P78<>""), " - xform/》" & S78 & "/" & V78 & "/", "") -> - xform/》uainn(\d)/ua》i${1}nn/
A79: =ROW() - 3 -> 76 | B79: uaŋ | C79: uang | D79: uang | E79: uang | F79: uang | G79: oang | H79: ㄨㄤ | I79: ㄨㄤ | J79: =LEFT(韻母對照表[[#This Row],[十五音識別碼]],1) -> 光 | K79: 闖 | L79: 光舒 | N79: =LEN(D79) -> 4 | P79: =C76 -> uaih | Q79: =D76 -> uaih | S79: =_xlfn.CONCAT(P79, "(\d)") -> uaih(\d) | T79: i | U79: =IFERROR( IF(T79="", "", SEARCH(T79, $P79)), "") -> 3 | V79: =IFERROR( _xlfn.CONCAT(LEFT(P79,U79-1), "》", MID(P79,U79,1), "${1}", RIGHT(P79, LEN(P79)-U79)), "" ) -> ua》i${1}h | X79: =IF(AND(Q79<>"", P79<>""), " - xform/》" & S79 & "/" & V79 & "/", "") -> - xform/》uaih(\d)/ua》i${1}h/
A80: =ROW() - 3 -> 77 | B80: uã | C80: uann | D80: uann | E80: uann | F80: nua | G80: oaⁿ | H80: ㄨㆩ | I80: ⁰ㄨㄚ | J80: =LEFT(韻母對照表[[#This Row],[十五音識別碼]],1) -> 官 | K80: 肝 | L80: 官舒 | N80: =LEN(D80) -> 4 | P80: =C81 -> uat | Q80: =D81 -> uat | S80: =_xlfn.CONCAT(P80, "(\d)") -> uat(\d) | T80: i | U80: =IFERROR( IF(T80="", "", SEARCH(T80, $P80)), "") | V80: =IFERROR( _xlfn.CONCAT(LEFT(P80,U80-1), "》", MID(P80,U80,1), "${1}", RIGHT(P80, LEN(P80)-U80)), "" ) | X80: =IF(AND(Q80<>"", P80<>""), " - xform/》" & S80 & "/" & V80 & "/", "") -> - xform/》uat(\d)//
A81: =ROW() - 3 -> 78 | B81: uat̚ | C81: uat | D81: uat | E81: uat | F81: uat | G81: oat | H81: ㄨㄚㆵ | I81: ㄨㄚㄉ | J81: =LEFT(韻母對照表[[#This Row],[十五音識別碼]],1) -> 觀 | K81: 說 | L81: 觀促 | N81: =LEN(D81) -> 3 | P81: =C77 -> uainnh | Q81: =D77 -> uaihnn | S81: =_xlfn.CONCAT(P81, "(\d)") -> uainnh(\d) | T81: m | U81: =IFERROR( IF(T81="", "", SEARCH(T81, $P81)), "") | V81: =IFERROR( _xlfn.CONCAT(LEFT(P81,U81-1), "》", MID(P81,U81,1), "${1}", RIGHT(P81, LEN(P81)-U81)), "" ) | X81: =IF(AND(Q81<>"", P81<>""), " - xform/》" & S81 & "/" & V81 & "/", "") -> - xform/》uainnh(\d)//
A82: =ROW() - 3 -> 79 | B82: ue | C82: ue | D82: ue | E82: ue | F82: ue | G82: oe | H82: ㄨㆤ | I82: ㄨㄝ | J82: =LEFT(韻母對照表[[#This Row],[十五音識別碼]],1) -> 檜 | K82: 話 | L82: 檜舒 | N82: =LEN(D82) -> 2 | P82: =C86 -> uih | Q82: =D86 -> uih | S82: =_xlfn.CONCAT(P82, "(\d)") -> uih(\d) | T82: o | U82: =IFERROR( IF(T82="", "", SEARCH(T82, $P82)), "") | V82: =IFERROR( _xlfn.CONCAT(LEFT(P82,U82-1), "》", MID(P82,U82,1), "${1}", RIGHT(P82, LEN(P82)-U82)), "" ) | X82: =IF(AND(Q82<>"", P82<>""), " - xform/》" & S82 & "/" & V82 & "/", "") -> - xform/》uih(\d)//
A83: =ROW() - 3 -> 80 | B83: ueʔ | C83: ueh | D83: ueh | E83: ueh | F83: ueh | G83: oeh | H83: ㄨㆤㆷ | I83: ㄨㄝㄏ | J83: =LEFT(韻母對照表[[#This Row],[十五音識別碼]],1) -> 檜 | K83: 拔 | L83: 檜促 | N83: =LEN(D83) -> 3 | P83: =C57 -> m | Q83: =D57 -> m | S83: =_xlfn.CONCAT(P83, "(\d)") -> m(\d) | T83: u | U83: =IFERROR( IF(T83="", "", SEARCH(T83, $P83)), "") | V83: =IFERROR( _xlfn.CONCAT(LEFT(P83,U83-1), "》", MID(P83,U83,1), "${1}", RIGHT(P83, LEN(P83)-U83)), "" ) | X83: =IF(AND(Q83<>"", P83<>""), " - xform/》" & S83 & "/" & V83 & "/", "") -> - xform/》m(\d)//
A84: =ROW() - 3 -> 81 | B84: uʔ | C84: uh | D84: uh | E84: uh | F84: uh | G84: uh | H84: ㄨㆷ | I84: ㄨㄏ | J84: =LEFT(韻母對照表[[#This Row],[十五音識別碼]],1) -> 艍 | K84: 勃 | L84: 艍促 | N84: =LEN(D84) -> 2 | P84: =C80 -> uann | Q84: =D80 -> uann | S84: =_xlfn.CONCAT(P84, "(\d)") -> uann(\d) | T84: i | U84: =IFERROR( IF(T84="", "", SEARCH(T84, $P84)), "") | V84: =IFERROR( _xlfn.CONCAT(LEFT(P84,U84-1), "》", MID(P84,U84,1), "${1}", RIGHT(P84, LEN(P84)-U84)), "" ) | X84: =IF(AND(Q84<>"", P84<>""), " - xform/》" & S84 & "/" & V84 & "/", "") -> - xform/》uann(\d)//
A85: =ROW() - 3 -> 82 | B85: ui | C85: ui | D85: ui | E85: ui | F85: ui | G85: ui | H85: ㄨㄧ | I85: ㄨㄧ | J85: =LEFT(韻母對照表[[#This Row],[十五音識別碼]],1) -> 規 | K85: 歸 | L85: 規舒 | N85: =LEN(D85) -> 2 | P85: =C58 -> mh | Q85: =D58 -> mh | S85: =_xlfn.CONCAT(P85, "(\d)") -> mh(\d) | T85: u | U85: =IFERROR( IF(T85="", "", SEARCH(T85, $P85)), "") | V85: =IFERROR( _xlfn.CONCAT(LEFT(P85,U85-1), "》", MID(P85,U85,1), "${1}", RIGHT(P85, LEN(P85)-U85)), "" ) | X85: =IF(AND(Q85<>"", P85<>""), " - xform/》" & S85 & "/" & V85 & "/", "") -> - xform/》mh(\d)//
A86: =ROW() - 3 -> 83 | B86: uiʔ | C86: uih | D86: uih | E86: uih | F86: uih | G86: uih | H86: ㄨㄧㆷ | I86: ㄨㄧㄏ | J86: =LEFT(韻母對照表[[#This Row],[十五音識別碼]],1) -> 褌 | K86: ◯ | L86: 褌促 | M86: 韻-鼻 | N86: =LEN(D86) -> 3 | P86: =C60 -> ngh | Q86: =D60 -> ngh | S86: =_xlfn.CONCAT(P86, "(\d)") -> ngh(\d) | T86: u | U86: =IFERROR( IF(T86="", "", SEARCH(T86, $P86)), "") | V86: =IFERROR( _xlfn.CONCAT(LEFT(P86,U86-1), "》", MID(P86,U86,1), "${1}", RIGHT(P86, LEN(P86)-U86)), "" ) | X86: =IF(AND(Q86<>"", P86<>""), " - xform/》" & S86 & "/" & V86 & "/", "") -> - xform/》ngh(\d)//
A87: =ROW() - 3 -> 84 | B87: uĩ | C87: uinn | D87: uinn | E87: uinn | F87: nui | G87: uiⁿ | H87: ㄨㆪ | I87: ⁰ㄨㄧ | J87: =LEFT(韻母對照表[[#This Row],[十五音識別碼]],1) -> 褌 | K87: 荒 | L87: 褌舒 | N87: =LEN(D87) -> 4 | P87: =C59 -> ng | Q87: =D59 -> ng | S87: =_xlfn.CONCAT(P87, "(\d)") -> ng(\d) | T87: u | U87: =IFERROR( IF(T87="", "", SEARCH(T87, $P87)), "") | V87: =IFERROR( _xlfn.CONCAT(LEFT(P87,U87-1), "》", MID(P87,U87,1), "${1}", RIGHT(P87, LEN(P87)-U87)), "" ) | X87: =IF(AND(Q87<>"", P87<>""), " - xform/》" & S87 & "/" & V87 & "/", "") -> - xform/》ng(\d)//
A88: =ROW() - 3 -> 85 | B88: un | C88: un | D88: un | E88: un | F88: un | G88: un | H88: ㄨㄣ | I88: ㄨㄣ | J88: =LEFT(韻母對照表[[#This Row],[十五音識別碼]],1) -> 君 | K88: 汾 | L88: 君舒 | N88: =LEN(D88) -> 2 | P88: =C73 -> uah | Q88: =D73 -> uah | S88: =_xlfn.CONCAT(P88, "(\d)") -> uah(\d) | T88: i | U88: =IFERROR( IF(T88="", "", SEARCH(T88, $P88)), "") | V88: =IFERROR( _xlfn.CONCAT(LEFT(P88,U88-1), "》", MID(P88,U88,1), "${1}", RIGHT(P88, LEN(P88)-U88)), "" ) | X88: =IF(AND(Q88<>"", P88<>""), " - xform/》" & S88 & "/" & V88 & "/", "") -> - xform/》uah(\d)//
A89: =ROW() - 3 -> 86 | B89: ut̚ | C89: ut | D89: ut | E89: ut | F89: ut | G89: ut | H89: ㄨㆵ | I89: ㄨㄉ | J89: =LEFT(韻母對照表[[#This Row],[十五音識別碼]],1) -> 君 | K89: 不 | L89: 君促 | N89: =LEN(D89) -> 2 | P89: =C78 -> uan | Q89: =D78 -> uan | S89: =_xlfn.CONCAT(P89, "(\d)") -> uan(\d) | T89: i | U89: =IFERROR( IF(T89="", "", SEARCH(T89, $P89)), "") | V89: =IFERROR( _xlfn.CONCAT(LEFT(P89,U89-1), "》", MID(P89,U89,1), "${1}", RIGHT(P89, LEN(P89)-U89)), "" ) | X89: =IF(AND(Q89<>"", P89<>""), " - xform/》" & S89 & "/" & V89 & "/", "") -> - xform/》uan(\d)//
B91: Unicode 編碼 | C91: 實例 | D91: 實例
B92: U+0303 | C92: =HEX2DEC(VALUE(RIGHT(B92,4))) -> 771 | D92: =_xlfn.CONCAT("a", _xlfn.UNICHAR(HEX2DEC(RIGHT(B92,4)))) -> ã
B93: U+0294 | C93: =HEX2DEC(VALUE(RIGHT(B93,4))) -> 660 | D93: =_xlfn.CONCAT("a", _xlfn.UNICHAR(HEX2DEC(RIGHT(B93,4)))) -> aʔ
B95: U+0856 | C95: =HEX2DEC(VALUE(RIGHT(B95,4))) -> 2134 | D95: =_xlfn.CONCAT("o", _xlfn.UNICHAR( RIGHT(B95,4))) -> o͘
B96: o͘ | C96: =_xlfn.UNICODE( RIGHT(B96,1) ) -> 856 | D96: =_xlfn.CONCAT("o", _xlfn.UNICHAR(C96)) -> o͘
B98: [əŋ] | C98: ㄥ
B99: [ŋ̍] | C99: ㆭ
A101: ="(""" & _xlfn.TEXTJOIN(""",""",TRUE,F4:F89) & """)" -> ("a","ah","ai","aih","nai","ak","am","an","ang","na","nah","ap","at","ao","aoh","e","eh","ne","ennh","i","ia","iah","iak","iam","ian","iang","nia","iannh","iap","iat","iao","iaoh","niao","ih","ik","im","in","ing","ni","io","ioh","iok","iong","ip","it","nioo","iu","niu","niuh","m","mh","ng","ngh","o","oh","ok","om","ong","noo","niuh","oo","ooh","op","u","ua","uah","uai","nuai","uaih","uainnh","uan","uang","nua","uat","ue","ueh","uh","ui","uih","nui","un","ut")

Sheet 【調】韻母標調
B1: 響度優先次第： a > oo > (e = o) > (i = u)〈低元音 > 高元音 > 無擦通音 > 擦音 > 塞音〉 | AJ1: 1 | AK1: 2 | AL1: 3 | AM1: 4 | AN1: 5 | AO1: 6 | AP1: 7 | AQ1: 8 | AR1: 9 | AS1: 9
B3: 調號 | C3: 調名 | D3: 鍵盤按鍵 | E3: 台羅調符編碼 | F3: 台羅拼音 | H3: 傳統調號 | I3: 調名 | J3: 調值 | K3: 調性 | L3: 鍵盤按鍵 | M3: 台羅調符編碼 | N3: 台羅拼音 | O3: 閩拼調符編碼 | P3: 閩拼方案 | Q3: 閩拼調號 | T3: =_xlfn.CONCAT("o", _xlfn.UNICHAR(HEX2DEC(RIGHT("U+0358",4)))) -> o͘ | U3: a | V3: i | W3: u | X3: e | Y3: o | Z3: m | AA3: n
B4: 1 | C4: 上平 | D4: ; | F4: =IFERROR( _xlfn.CONCAT("a"), "") -> a | H4: 1 | I4: 上平 | J4: 44 | K4: 高音調 | L4: ; | N4: =IFERROR( _xlfn.CONCAT("a", IF($M4="", "", _xlfn.UNICHAR(HEX2DEC(RIGHT($M4,4))))), "") -> a | O4: U+0304 | P4: =IFERROR( _xlfn.CONCAT("a", _xlfn.UNICHAR(HEX2DEC(RIGHT(O4,4)))), "") -> ā | Q4: 1 | S4: 1 | T4: =IFERROR( _xlfn.CONCAT("o", _xlfn.UNICHAR(HEX2DEC(RIGHT("U+0358",4))), _xlfn.UNICHAR(HEX2DEC(RIGHT(E4,4)))), $T$3) -> o͘ | U4: =IFERROR( _xlfn.CONCAT(U$3, IF($E4="", "", _xlfn.UNICHAR(HEX2DEC(RIGHT($E4,4))))), "") -> a | V4: =IFERROR( _xlfn.CONCAT(V$3, IF($E4="", "", _xlfn.UNICHAR(HEX2DEC(RIGHT($E4,4))))), "") -> i | W4: =IFERROR( _xlfn.CONCAT(W$3, IF($E4="", "", _xlfn.UNICHAR(HEX2DEC(RIGHT($E4,4))))), "") -> u | X4: =IFERROR( _xlfn.CONCAT(X$3, IF($E4="", "", _xlfn.UNICHAR(HEX2DEC(RIGHT($E4,4))))), "") -> e | Y4: =IFERROR( _xlfn.CONCAT(Y$3, IF($E4="", "", _xlfn.UNICHAR(HEX2DEC(RIGHT($E4,4))))), "") -> o | Z4: =IFERROR( _xlfn.CONCAT(Z$3, IF($E4="", "", _xlfn.UNICHAR(HEX2DEC(RIGHT($E4,4))))), "") -> m | AA4: =IFERROR( _xlfn.CONCAT(AA$3, IF($E4="", "", _xlfn.UNICHAR(HEX2DEC(RIGHT($E4,4))))), "") -> n
B5: 2 | C5: 上聲 | D5: \ | E5: U+0301 | F5: =IFERROR( _xlfn.CONCAT("a", _xlfn.UNICHAR(HEX2DEC(RIGHT($E5,4)))), "") -> á | H5: 7 | I5: 下去 | J5: 22 | K5: 中音調 | L5: - | M5: U+0304 | N5: =IFERROR( _xlfn.CONCAT("a", IF($M5="", "", _xlfn.UNICHAR(HEX2DEC(RIGHT($M5,4))))), "") -> ā | O5: U+0302 | P5: =IFERROR( _xlfn.CONCAT("a", _xlfn.UNICHAR(HEX2DEC(RIGHT(O5,4)))), "") -> â | Q5: 6 | S5: 2 | T5: =IFERROR( _xlfn.CONCAT("o", _xlfn.UNICHAR(HEX2DEC(RIGHT("U+0358",4))), _xlfn.UNICHAR(HEX2DEC(RIGHT(E5,4)))), $T$3) -> ó͘ | U5: =IFERROR( _xlfn.CONCAT(U$3, IF($E5="", "", _xlfn.UNICHAR(HEX2DEC(RIGHT($E5,4))))), "") -> á | V5: =IFERROR( _xlfn.CONCAT(V$3, IF($E5="", "", _xlfn.UNICHAR(HEX2DEC(RIGHT($E5,4))))), "") -> í | W5: =IFERROR( _xlfn.CONCAT(W$3, IF($E5="", "", _xlfn.UNICHAR(HEX2DEC(RIGHT($E5,4))))), "") -> ú | X5: =IFERROR( _xlfn.CONCAT(X$3, IF($E5="", "", _xlfn.UNICHAR(HEX2DEC(RIGHT($E5,4))))), "") -> é | Y5: =IFERROR( _xlfn.CONCAT(Y$3, IF($E5="", "", _xlfn.UNICHAR(HEX2DEC(RIGHT($E5,4))))), "") -> ó | Z5: =IFERROR( _xlfn.CONCAT(Z$3, IF($E5="", "", _xlfn.UNICHAR(HEX2DEC(RIGHT($E5,4))))), "") -> ḿ | AA5: =IFERROR( _xlfn.CONCAT(AA$3, IF($E5="", "", _xlfn.UNICHAR(HEX2DEC(RIGHT($E5,4))))), "") -> ń
B6: 3 | C6: 上去 | D6: _ | E6: U+0300 | F6: =IFERROR( _xlfn.CONCAT("a", _xlfn.UNICHAR(HEX2DEC(RIGHT($E6,4)))), "") -> à | H6: 3 | I6: 上去 | J6: 21 | K6: 低音調 | L6: _ | M6: U+0301 | N6: =IFERROR( _xlfn.CONCAT("a", IF($M7="", "", _xlfn.UNICHAR(HEX2DEC(RIGHT($M7,4))))), "") -> à | O6: U+0300 | P6: =IFERROR( _xlfn.CONCAT("a", _xlfn.UNICHAR(HEX2DEC(RIGHT(O6,4)))), "") -> à | Q6: 5 | S6: 3 | T6: =IFERROR( _xlfn.CONCAT("o", _xlfn.UNICHAR(HEX2DEC(RIGHT("U+0358",4))), _xlfn.UNICHAR(HEX2DEC(RIGHT(E6,4)))), $T$3) -> ò͘ | U6: =IFERROR( _xlfn.CONCAT(U$3, IF($E6="", "", _xlfn.UNICHAR(HEX2DEC(RIGHT($E6,4))))), "") -> à | V6: =IFERROR( _xlfn.CONCAT(V$3, IF($E6="", "", _xlfn.UNICHAR(HEX2DEC(RIGHT($E6,4))))), "") -> ì | W6: =IFERROR( _xlfn.CONCAT(W$3, IF($E6="", "", _xlfn.UNICHAR(HEX2DEC(RIGHT($E6,4))))), "") -> ù | X6: =IFERROR( _xlfn.CONCAT(X$3, IF($E6="", "", _xlfn.UNICHAR(HEX2DEC(RIGHT($E6,4))))), "") -> è | Y6: =IFERROR( _xlfn.CONCAT(Y$3, IF($E6="", "", _xlfn.UNICHAR(HEX2DEC(RIGHT($E6,4))))), "") -> ò | Z6: =IFERROR( _xlfn.CONCAT(Z$3, IF($E6="", "", _xlfn.UNICHAR(HEX2DEC(RIGHT($E6,4))))), "") -> m̀ | AA6: =IFERROR( _xlfn.CONCAT(AA$3, IF($E6="", "", _xlfn.UNICHAR(HEX2DEC(RIGHT($E6,4))))), "") -> ǹ
B7: 4 | C7: 上入 | D7: [ | F7: =IFERROR( _xlfn.CONCAT("a", _xlfn.UNICHAR(HEX2DEC(RIGHT($E7,4)))), "") | H7: 2 | I7: 上聲 | J7: 53 | K7: 高降調 | L7: \ | M7: U+0300 | N7: =IFERROR( _xlfn.CONCAT("a", IF($M6="", "", _xlfn.UNICHAR(HEX2DEC(RIGHT($M6,4))))), "") -> á | O7: U+030C | P7: =IFERROR( _xlfn.CONCAT("a", _xlfn.UNICHAR(HEX2DEC(RIGHT(O7,4)))), "") -> ǎ | Q7: 3 | S7: 4 | T7: =IFERROR( _xlfn.CONCAT("o", _xlfn.UNICHAR(HEX2DEC(RIGHT("U+0358",4))), _xlfn.UNICHAR(HEX2DEC(RIGHT(E7,4)))), $T$3) -> o͘ | U7: =IFERROR( _xlfn.CONCAT(U$3, IF($E7="", "", _xlfn.UNICHAR(HEX2DEC(RIGHT($E7,4))))), "") -> a | V7: =IFERROR( _xlfn.CONCAT(V$3, IF($E7="", "", _xlfn.UNICHAR(HEX2DEC(RIGHT($E7,4))))), "") -> i | W7: =IFERROR( _xlfn.CONCAT(W$3, IF($E7="", "", _xlfn.UNICHAR(HEX2DEC(RIGHT($E7,4))))), "") -> u | X7: =IFERROR( _xlfn.CONCAT(X$3, IF($E7="", "", _xlfn.UNICHAR(HEX2DEC(RIGHT($E7,4))))), "") -> e | Y7: =IFERROR( _xlfn.CONCAT(Y$3, IF($E7="", "", _xlfn.UNICHAR(HEX2DEC(RIGHT($E7,4))))), "") -> o | Z7: =IFERROR( _xlfn.CONCAT(Z$3, IF($E7="", "", _xlfn.UNICHAR(HEX2DEC(RIGHT($E7,4))))), "") -> m | AA7: =IFERROR( _xlfn.CONCAT(AA$3, IF($E7="", "", _xlfn.UNICHAR(HEX2DEC(RIGHT($E7,4))))), "") -> n
B8: 5 | C8: 下平 | D8: / | E8: U+030C | F8: =IFERROR( _xlfn.CONCAT("a", _xlfn.UNICHAR(HEX2DEC(RIGHT($E8,4)))), "") -> ǎ | H8: 5 | I8: 下平 | J8: 24 | K8: 低升調 | L8: / | M8: U+0301 | N8: =IFERROR( _xlfn.CONCAT("a", IF($M8="", "", _xlfn.UNICHAR(HEX2DEC(RIGHT($M8,4))))), "") -> á | O8: U+0301 | P8: =IFERROR( _xlfn.CONCAT("a", _xlfn.UNICHAR(HEX2DEC(RIGHT(O8,4)))), "") -> á | Q8: 2 | S8: 5 | T8: =IFERROR( _xlfn.CONCAT("o", _xlfn.UNICHAR(HEX2DEC(RIGHT("U+0358",4))), _xlfn.UNICHAR(HEX2DEC(RIGHT(E8,4)))), "") -> ǒ͘ | U8: =IFERROR( _xlfn.CONCAT(U$3, IF($E8="", "", _xlfn.UNICHAR(HEX2DEC(RIGHT($E8,4))))), "") -> ǎ | V8: =IFERROR( _xlfn.CONCAT(V$3, IF($E8="", "", _xlfn.UNICHAR(HEX2DEC(RIGHT($E8,4))))), "") -> ǐ | W8: =IFERROR( _xlfn.CONCAT(W$3, IF($E8="", "", _xlfn.UNICHAR(HEX2DEC(RIGHT($E8,4))))), "") -> ǔ | X8: =IFERROR( _xlfn.CONCAT(X$3, IF($E8="", "", _xlfn.UNICHAR(HEX2DEC(RIGHT($E8,4))))), "") -> ě | Y8: =IFERROR( _xlfn.CONCAT(Y$3, IF($E8="", "", _xlfn.UNICHAR(HEX2DEC(RIGHT($E8,4))))), "") -> ǒ | Z8: =IFERROR( _xlfn.CONCAT(Z$3, IF($E8="", "", _xlfn.UNICHAR(HEX2DEC(RIGHT($E8,4))))), "") -> m̌ | AA8: =IFERROR( _xlfn.CONCAT(AA$3, IF($E8="", "", _xlfn.UNICHAR(HEX2DEC(RIGHT($E8,4))))), "") -> ň
B9: 6 | C9: 上聲 | E9: U+0301 | F9: =IFERROR( _xlfn.CONCAT("a", _xlfn.UNICHAR(HEX2DEC(RIGHT($E9,4)))), "") -> á | H9: 7 | I9: 上入 | J9: 320 | K9: 低促調 | L9: [ | M9: U+030C | N9: =IFERROR( _xlfn.CONCAT("a", IF($M9="", "", _xlfn.UNICHAR(HEX2DEC(RIGHT($M9,4))))), "") -> ǎ | O9: U+0304 | P9: =IFERROR( _xlfn.CONCAT("a", _xlfn.UNICHAR(HEX2DEC(RIGHT(O9,4))), "h"), "") -> āh | Q9: 7 | S9: 6 | T9: =IFERROR( _xlfn.CONCAT("o", _xlfn.UNICHAR(HEX2DEC(RIGHT("U+0358",4))), _xlfn.UNICHAR(HEX2DEC(RIGHT(E9,4)))), "") -> ó͘ | U9: =IFERROR( _xlfn.CONCAT(U$3, IF($E9="", "", _xlfn.UNICHAR(HEX2DEC(RIGHT($E9,4))))), "") -> á | V9: =IFERROR( _xlfn.CONCAT(V$3, IF($E9="", "", _xlfn.UNICHAR(HEX2DEC(RIGHT($E9,4))))), "") -> í | W9: =IFERROR( _xlfn.CONCAT(W$3, IF($E9="", "", _xlfn.UNICHAR(HEX2DEC(RIGHT($E9,4))))), "") -> ú | X9: =IFERROR( _xlfn.CONCAT(X$3, IF($E9="", "", _xlfn.UNICHAR(HEX2DEC(RIGHT($E9,4))))), "") -> é | Y9: =IFERROR( _xlfn.CONCAT(Y$3, IF($E9="", "", _xlfn.UNICHAR(HEX2DEC(RIGHT($E9,4))))), "") -> ó | Z9: =IFERROR( _xlfn.CONCAT(Z$3, IF($E9="", "", _xlfn.UNICHAR(HEX2DEC(RIGHT($E9,4))))), "") -> ḿ | AA9: =IFERROR( _xlfn.CONCAT(AA$3, IF($E9="", "", _xlfn.UNICHAR(HEX2DEC(RIGHT($E9,4))))), "") -> ń
B10: 7 | C10: 下去 | D10: - | E10: U+0304 | F10: =IFERROR( _xlfn.CONCAT("a", _xlfn.UNICHAR(HEX2DEC(RIGHT($E10,4)))), "") -> ā | H10: 8 | I10: 下入 | J10: 40 | K10: 高促調 | L10: ] | M10: U+030D | N10: =IFERROR( _xlfn.CONCAT("a", IF($M10="", "", _xlfn.UNICHAR(HEX2DEC(RIGHT($M10,4))))), "") -> a̍ | O10: U+0301 | P10: =IFERROR( _xlfn.CONCAT("a", _xlfn.UNICHAR(HEX2DEC(RIGHT(O10,4))), "h"), "") -> áh | Q10: 8 | S10: 7 | T10: =IFERROR( _xlfn.CONCAT("o", _xlfn.UNICHAR(HEX2DEC(RIGHT("U+0358",4))), _xlfn.UNICHAR(HEX2DEC(RIGHT(E10,4)))), "") -> ō͘ | U10: =IFERROR( _xlfn.CONCAT(U$3, IF($E10="", "", _xlfn.UNICHAR(HEX2DEC(RIGHT($E10,4))))), "") -> ā | V10: =IFERROR( _xlfn.CONCAT(V$3, IF($E10="", "", _xlfn.UNICHAR(HEX2DEC(RIGHT($E10,4))))), "") -> ī | W10: =IFERROR( _xlfn.CONCAT(W$3, IF($E10="", "", _xlfn.UNICHAR(HEX2DEC(RIGHT($E10,4))))), "") -> ū | X10: =IFERROR( _xlfn.CONCAT(X$3, IF($E10="", "", _xlfn.UNICHAR(HEX2DEC(RIGHT($E10,4))))), "") -> ē | Y10: =IFERROR( _xlfn.CONCAT(Y$3, IF($E10="", "", _xlfn.UNICHAR(HEX2DEC(RIGHT($E10,4))))), "") -> ō | Z10: =IFERROR( _xlfn.CONCAT(Z$3, IF($E10="", "", _xlfn.UNICHAR(HEX2DEC(RIGHT($E10,4))))), "") -> m̄ | AA10: =IFERROR( _xlfn.CONCAT(AA$3, IF($E10="", "", _xlfn.UNICHAR(HEX2DEC(RIGHT($E10,4))))), "") -> n̄
B11: 8 | C11: 下入 | D11: ] | E11: U+030D | F11: =IFERROR( _xlfn.CONCAT("a", _xlfn.UNICHAR(HEX2DEC(RIGHT($E11,4)))), "") -> a̍ | H11: 6 | I11: 上聲 | M11: U+0301 | N11: =IFERROR( _xlfn.CONCAT("a", IF($M11="", "", _xlfn.UNICHAR(HEX2DEC(RIGHT($M11,4))))), "") -> á | O11: U+030C | P11: =IFERROR( _xlfn.CONCAT("a", _xlfn.UNICHAR(HEX2DEC(RIGHT(O11,4)))), "") -> ǎ | Q11: =IFERROR( _xlfn.CONCAT("a", _xlfn.UNICHAR(HEX2DEC(RIGHT(P11,4)))), "") | S11: 8 | T11: =IFERROR( _xlfn.CONCAT("o", _xlfn.UNICHAR(HEX2DEC(RIGHT("U+0358",4))), _xlfn.UNICHAR(HEX2DEC(RIGHT(E11,4)))), "") -> o̍͘ | U11: =IFERROR( _xlfn.CONCAT(U$3, IF($E11="", "", _xlfn.UNICHAR(HEX2DEC(RIGHT($E11,4))))), "") -> a̍ | V11: =IFERROR( _xlfn.CONCAT(V$3, IF($E11="", "", _xlfn.UNICHAR(HEX2DEC(RIGHT($E11,4))))), "") -> i̍ | W11: =IFERROR( _xlfn.CONCAT(W$3, IF($E11="", "", _xlfn.UNICHAR(HEX2DEC(RIGHT($E11,4))))), "") -> u̍ | X11: =IFERROR( _xlfn.CONCAT(X$3, IF($E11="", "", _xlfn.UNICHAR(HEX2DEC(RIGHT($E11,4))))), "") -> e̍ | Y11: =IFERROR( _xlfn.CONCAT(Y$3, IF($E11="", "", _xlfn.UNICHAR(HEX2DEC(RIGHT($E11,4))))), "") -> o̍ | Z11: =IFERROR( _xlfn.CONCAT(Z$3, IF($E11="", "", _xlfn.UNICHAR(HEX2DEC(RIGHT($E11,4))))), "") -> m̍ | AA11: =IFERROR( _xlfn.CONCAT(AA$3, IF($E11="", "", _xlfn.UNICHAR(HEX2DEC(RIGHT($E11,4))))), "") -> n̍
B12: 9 | C12: 輕聲 | E12: U+030B | F12: =IFERROR( _xlfn.CONCAT("a", _xlfn.UNICHAR(HEX2DEC(RIGHT($E12,4)))), "") -> a̋ | S12: 9 | T12: =IFERROR( _xlfn.CONCAT("o", _xlfn.UNICHAR(HEX2DEC(RIGHT("U+0358",4))), _xlfn.UNICHAR(HEX2DEC(RIGHT(E12,4)))), "") -> ő͘ | U12: =IFERROR( _xlfn.CONCAT(U$3, IF($E12="", "", _xlfn.UNICHAR(HEX2DEC(RIGHT($E12,4))))), "") -> a̋ | V12: =IFERROR( _xlfn.CONCAT(V$3, IF($E12="", "", _xlfn.UNICHAR(HEX2DEC(RIGHT($E12,4))))), "") -> i̋ | W12: =IFERROR( _xlfn.CONCAT(W$3, IF($E12="", "", _xlfn.UNICHAR(HEX2DEC(RIGHT($E12,4))))), "") -> ű | X12: =IFERROR( _xlfn.CONCAT(X$3, IF($E12="", "", _xlfn.UNICHAR(HEX2DEC(RIGHT($E12,4))))), "") -> e̋ | Y12: =IFERROR( _xlfn.CONCAT(Y$3, IF($E12="", "", _xlfn.UNICHAR(HEX2DEC(RIGHT($E12,4))))), "") -> ő | Z12: =IFERROR( _xlfn.CONCAT(Z$3, IF($E12="", "", _xlfn.UNICHAR(HEX2DEC(RIGHT($E12,4))))), "") -> m̋ | AA12: =IFERROR( _xlfn.CONCAT(AA$3, IF($E12="", "", _xlfn.UNICHAR(HEX2DEC(RIGHT($E12,4))))), "") -> n̋
B13: 0 | C13: 輕聲 | E13: U+030A | F13: =IFERROR( _xlfn.CONCAT("a", _xlfn.UNICHAR(HEX2DEC(RIGHT($E13,4)))), "") -> å | H13: 調號 | I13: 上標值 | S13: 0 | T13: =IFERROR( _xlfn.CONCAT("o", _xlfn.UNICHAR(HEX2DEC(RIGHT("U+0358",4))), _xlfn.UNICHAR(HEX2DEC(RIGHT(E13,4)))), "") -> o̊͘ | U13: =IFERROR( _xlfn.CONCAT(U$3, IF($E13="", "", _xlfn.UNICHAR(HEX2DEC(RIGHT($E13,4))))), "") -> å | V13: =IFERROR( _xlfn.CONCAT(V$3, IF($E13="", "", _xlfn.UNICHAR(HEX2DEC(RIGHT($E13,4))))), "") -> i̊ | W13: =IFERROR( _xlfn.CONCAT(W$3, IF($E13="", "", _xlfn.UNICHAR(HEX2DEC(RIGHT($E13,4))))), "") -> ů | X13: =IFERROR( _xlfn.CONCAT(X$3, IF($E13="", "", _xlfn.UNICHAR(HEX2DEC(RIGHT($E13,4))))), "") -> e̊ | Y13: =IFERROR( _xlfn.CONCAT(Y$3, IF($E13="", "", _xlfn.UNICHAR(HEX2DEC(RIGHT($E13,4))))), "") -> o̊ | Z13: =IFERROR( _xlfn.CONCAT(Z$3, IF($E13="", "", _xlfn.UNICHAR(HEX2DEC(RIGHT($E13,4))))), "") -> m̊ | AA13: =IFERROR( _xlfn.CONCAT(AA$3, IF($E13="", "", _xlfn.UNICHAR(HEX2DEC(RIGHT($E13,4))))), "") -> n̊
H14: 1 | I14: =IFERROR(_xlfn.UNICHAR(CHOOSE($H14+1,8304,185,178,179,8308,8309,8310,8311,8312,8313)),"") -> ¹
H15: 2 | I15: =IFERROR(_xlfn.UNICHAR(CHOOSE($H15+1,8304,185,178,179,8308,8309,8310,8311,8312,8313)),"") -> ²
B16: 調號 | C16: 調名 | D16: 鍵盤按鍵 | E16: 閩拼調符編碼 | F16: 閩拼方案 | H16: 3 | I16: =IFERROR(_xlfn.UNICHAR(CHOOSE($H16+1,8304,185,178,179,8308,8309,8310,8311,8312,8313)),"") -> ³ | T16: a | U16: i | V16: u | W16: e | X16: o | Y16: m | Z16: n | AC16: =IFERROR( _xlfn.CONCAT("l", "u", _xlfn.UNICHAR(HEX2DEC(RIGHT($O4,4))), "n"), "") -> lūn | AD16: =IFERROR( _xlfn.CONCAT("n", "g", "o", _xlfn.UNICHAR(HEX2DEC(RIGHT($O4,4))), "o"), "") -> ngōo
B17: 1 | C17: 上平 | D17: ; | E17: U+0304 | F17: =IFERROR( _xlfn.CONCAT("a", _xlfn.UNICHAR(HEX2DEC(RIGHT(E17,4)))), "") -> ā | H17: 4 | I17: =IFERROR(_xlfn.UNICHAR(CHOOSE($H17+1,8304,185,178,179,8308,8309,8310,8311,8312,8313)),"") -> ⁴ | S17: 1 | T17: =IFERROR( _xlfn.CONCAT(U$3, IF($E17="", "", _xlfn.UNICHAR(HEX2DEC(RIGHT($E17,4))))), "") -> ā | U17: =IFERROR( _xlfn.CONCAT(V$3, IF($E17="", "", _xlfn.UNICHAR(HEX2DEC(RIGHT($E17,4))))), "") -> ī | V17: =IFERROR( _xlfn.CONCAT(W$3, IF($E17="", "", _xlfn.UNICHAR(HEX2DEC(RIGHT($E17,4))))), "") -> ū | W17: =IFERROR( _xlfn.CONCAT(X$3, IF($E17="", "", _xlfn.UNICHAR(HEX2DEC(RIGHT($E17,4))))), "") -> ē | X17: =IFERROR( _xlfn.CONCAT(Y$3, IF($E17="", "", _xlfn.UNICHAR(HEX2DEC(RIGHT($E17,4))))), "") -> ō | Y17: =IFERROR( _xlfn.CONCAT(Z$3, IF($E17="", "", _xlfn.UNICHAR(HEX2DEC(RIGHT($E17,4))))), "") -> m̄ | Z17: =IFERROR( _xlfn.CONCAT(AA$3, IF($E17="", "", _xlfn.UNICHAR(HEX2DEC(RIGHT($E17,4))))), "") -> n̄ | AC17: =IFERROR( _xlfn.CONCAT("l", "u", _xlfn.UNICHAR(HEX2DEC(RIGHT($O7,4))), "n"), "") -> lǔn | AD17: =IFERROR( _xlfn.CONCAT("n", "g", "o", _xlfn.UNICHAR(HEX2DEC(RIGHT($O7,4))), "o"), "") -> ngǒo
B18: 2 | C18: 下平 | D18: / | E18: U+0301 | F18: =IFERROR( _xlfn.CONCAT("a", _xlfn.UNICHAR(HEX2DEC(RIGHT(E18,4)))), "") -> á | H18: 5 | I18: =IFERROR(_xlfn.UNICHAR(CHOOSE($H18+1,8304,185,178,179,8308,8309,8310,8311,8312,8313)),"") -> ⁵ | S18: 2 | T18: =IFERROR( _xlfn.CONCAT(U$3, IF($E18="", "", _xlfn.UNICHAR(HEX2DEC(RIGHT($E18,4))))), "") -> á | U18: =IFERROR( _xlfn.CONCAT(V$3, IF($E18="", "", _xlfn.UNICHAR(HEX2DEC(RIGHT($E18,4))))), "") -> í | V18: =IFERROR( _xlfn.CONCAT(W$3, IF($E18="", "", _xlfn.UNICHAR(HEX2DEC(RIGHT($E18,4))))), "") -> ú | W18: =IFERROR( _xlfn.CONCAT(X$3, IF($E18="", "", _xlfn.UNICHAR(HEX2DEC(RIGHT($E18,4))))), "") -> é | X18: =IFERROR( _xlfn.CONCAT(Y$3, IF($E18="", "", _xlfn.UNICHAR(HEX2DEC(RIGHT($E18,4))))), "") -> ó | Y18: =IFERROR( _xlfn.CONCAT(Z$3, IF($E18="", "", _xlfn.UNICHAR(HEX2DEC(RIGHT($E18,4))))), "") -> ḿ | Z18: =IFERROR( _xlfn.CONCAT(AA$3, IF($E18="", "", _xlfn.UNICHAR(HEX2DEC(RIGHT($E18,4))))), "") -> ń | AC18: =IFERROR( _xlfn.CONCAT("l", "u", _xlfn.UNICHAR(HEX2DEC(RIGHT($O6,4))), "n"), "") -> lùn | AD18: =IFERROR( _xlfn.CONCAT("n", "g", "o", _xlfn.UNICHAR(HEX2DEC(RIGHT($O6,4))), "o"), "") -> ngòo
B19: 3 | C19: 上聲 | D19: \ | E19: U+030C | F19: =IFERROR( _xlfn.CONCAT("a", _xlfn.UNICHAR(HEX2DEC(RIGHT(E19,4)))), "") -> ǎ | H19: 6 | I19: =IFERROR(_xlfn.UNICHAR(CHOOSE($H19+1,8304,185,178,179,8308,8309,8310,8311,8312,8313)),"") -> ⁶ | S19: 3 | T19: =IFERROR( _xlfn.CONCAT(U$3, IF($E19="", "", _xlfn.UNICHAR(HEX2DEC(RIGHT($E19,4))))), "") -> ǎ | U19: =IFERROR( _xlfn.CONCAT(V$3, IF($E19="", "", _xlfn.UNICHAR(HEX2DEC(RIGHT($E19,4))))), "") -> ǐ | V19: =IFERROR( _xlfn.CONCAT(W$3, IF($E19="", "", _xlfn.UNICHAR(HEX2DEC(RIGHT($E19,4))))), "") -> ǔ | W19: =IFERROR( _xlfn.CONCAT(X$3, IF($E19="", "", _xlfn.UNICHAR(HEX2DEC(RIGHT($E19,4))))), "") -> ě | X19: =IFERROR( _xlfn.CONCAT(Y$3, IF($E19="", "", _xlfn.UNICHAR(HEX2DEC(RIGHT($E19,4))))), "") -> ǒ | Y19: =IFERROR( _xlfn.CONCAT(Z$3, IF($E19="", "", _xlfn.UNICHAR(HEX2DEC(RIGHT($E19,4))))), "") -> m̌ | Z19: =IFERROR( _xlfn.CONCAT(AA$3, IF($E19="", "", _xlfn.UNICHAR(HEX2DEC(RIGHT($E19,4))))), "") -> ň | AC19: =IFERROR( _xlfn.CONCAT("l", "u", _xlfn.UNICHAR(HEX2DEC(RIGHT($O9,4))), "n"), "") -> lūn | AD19: =IFERROR( _xlfn.CONCAT("n", "g", "o", _xlfn.UNICHAR(HEX2DEC(RIGHT($O9,4))), "o"), "") -> ngōo
B20: 4 | C20: 上聲 | E20: U+030C | F20: =IFERROR( _xlfn.CONCAT("a", _xlfn.UNICHAR(HEX2DEC(RIGHT(E20,4)))), "") -> ǎ | H20: 7 | I20: =IFERROR(_xlfn.UNICHAR(CHOOSE($H20+1,8304,185,178,179,8308,8309,8310,8311,8312,8313)),"") -> ⁷ | S20: 4 | T20: =IFERROR( _xlfn.CONCAT(U$3, IF($E20="", "", _xlfn.UNICHAR(HEX2DEC(RIGHT($E20,4))))), "") -> ǎ | U20: =IFERROR( _xlfn.CONCAT(V$3, IF($E20="", "", _xlfn.UNICHAR(HEX2DEC(RIGHT($E20,4))))), "") -> ǐ | V20: =IFERROR( _xlfn.CONCAT(W$3, IF($E20="", "", _xlfn.UNICHAR(HEX2DEC(RIGHT($E20,4))))), "") -> ǔ | W20: =IFERROR( _xlfn.CONCAT(X$3, IF($E20="", "", _xlfn.UNICHAR(HEX2DEC(RIGHT($E20,4))))), "") -> ě | X20: =IFERROR( _xlfn.CONCAT(Y$3, IF($E20="", "", _xlfn.UNICHAR(HEX2DEC(RIGHT($E20,4))))), "") -> ǒ | Y20: =IFERROR( _xlfn.CONCAT(Z$3, IF($E20="", "", _xlfn.UNICHAR(HEX2DEC(RIGHT($E20,4))))), "") -> m̌ | Z20: =IFERROR( _xlfn.CONCAT(AA$3, IF($E20="", "", _xlfn.UNICHAR(HEX2DEC(RIGHT($E20,4))))), "") -> ň | AC20: =IFERROR( _xlfn.CONCAT("l", "u", _xlfn.UNICHAR(HEX2DEC(RIGHT($O8,4))), "n"), "") -> lún | AD20: =IFERROR( _xlfn.CONCAT("n", "g", "o", _xlfn.UNICHAR(HEX2DEC(RIGHT($O8,4))), "o"), "") -> ngóo
B21: 5 | C21: 上去 | D21: _ | E21: U+0300 | F21: =IFERROR( _xlfn.CONCAT("a", _xlfn.UNICHAR(HEX2DEC(RIGHT(E21,4)))), "") -> à | H21: 8 | I21: =IFERROR(_xlfn.UNICHAR(CHOOSE($H21+1,8304,185,178,179,8308,8309,8310,8311,8312,8313)),"") -> ⁸ | S21: 5 | T21: =IFERROR( _xlfn.CONCAT(U$3, IF($E21="", "", _xlfn.UNICHAR(HEX2DEC(RIGHT($E21,4))))), "") -> à | U21: =IFERROR( _xlfn.CONCAT(V$3, IF($E21="", "", _xlfn.UNICHAR(HEX2DEC(RIGHT($E21,4))))), "") -> ì | V21: =IFERROR( _xlfn.CONCAT(W$3, IF($E21="", "", _xlfn.UNICHAR(HEX2DEC(RIGHT($E21,4))))), "") -> ù | W21: =IFERROR( _xlfn.CONCAT(X$3, IF($E21="", "", _xlfn.UNICHAR(HEX2DEC(RIGHT($E21,4))))), "") -> è | X21: =IFERROR( _xlfn.CONCAT(Y$3, IF($E21="", "", _xlfn.UNICHAR(HEX2DEC(RIGHT($E21,4))))), "") -> ò | Y21: =IFERROR( _xlfn.CONCAT(Z$3, IF($E21="", "", _xlfn.UNICHAR(HEX2DEC(RIGHT($E21,4))))), "") -> m̀ | Z21: =IFERROR( _xlfn.CONCAT(AA$3, IF($E21="", "", _xlfn.UNICHAR(HEX2DEC(RIGHT($E21,4))))), "") -> ǹ | AC21: =IFERROR( _xlfn.CONCAT("l", "u", _xlfn.UNICHAR(HEX2DEC(RIGHT($O11,4))), "n"), "") -> lǔn | AD21: =IFERROR( _xlfn.CONCAT("n", "g", "o", _xlfn.UNICHAR(HEX2DEC(RIGHT($O11,4))), "o"), "") -> ngǒo
B22: 6 | C22: 下去 | D22: - | E22: U+0302 | F22: =IFERROR( _xlfn.CONCAT("a", _xlfn.UNICHAR(HEX2DEC(RIGHT(E22,4)))), "") -> â | H22: 9 | I22: =IFERROR(_xlfn.UNICHAR(CHOOSE($H22+1,8304,185,178,179,8308,8309,8310,8311,8312,8313)),"") -> ⁹ | S22: 6 | T22: =IFERROR( _xlfn.CONCAT(U$3, IF($E22="", "", _xlfn.UNICHAR(HEX2DEC(RIGHT($E22,4))))), "") -> â | U22: =IFERROR( _xlfn.CONCAT(V$3, IF($E22="", "", _xlfn.UNICHAR(HEX2DEC(RIGHT($E22,4))))), "") -> î | V22: =IFERROR( _xlfn.CONCAT(W$3, IF($E22="", "", _xlfn.UNICHAR(HEX2DEC(RIGHT($E22,4))))), "") -> û | W22: =IFERROR( _xlfn.CONCAT(X$3, IF($E22="", "", _xlfn.UNICHAR(HEX2DEC(RIGHT($E22,4))))), "") -> ê | X22: =IFERROR( _xlfn.CONCAT(Y$3, IF($E22="", "", _xlfn.UNICHAR(HEX2DEC(RIGHT($E22,4))))), "") -> ô | Y22: =IFERROR( _xlfn.CONCAT(Z$3, IF($E22="", "", _xlfn.UNICHAR(HEX2DEC(RIGHT($E22,4))))), "") -> m̂ | Z22: =IFERROR( _xlfn.CONCAT(AA$3, IF($E22="", "", _xlfn.UNICHAR(HEX2DEC(RIGHT($E22,4))))), "") -> n̂ | AC22: =IFERROR( _xlfn.CONCAT("l", "u", _xlfn.UNICHAR(HEX2DEC(RIGHT($O5,4))), "n"), "") -> lûn | AD22: =IFERROR( _xlfn.CONCAT("n", "g", "o", _xlfn.UNICHAR(HEX2DEC(RIGHT($O5,4))), "o"), "") -> ngôo
B23: 7 | C23: 上入 | D23: [ | E23: U+0304 | F23: =IFERROR( _xlfn.CONCAT("a", _xlfn.UNICHAR(HEX2DEC(RIGHT(E23,4))), "h"), "") -> āh | H23: 0 | I23: =IFERROR(_xlfn.UNICHAR(CHOOSE($H23+1,8304,185,178,179,8308,8309,8310,8311,8312,8313)),"") -> ⁰ | S23: 7 | T23: =IFERROR( _xlfn.CONCAT(U$3, IF($E23="", "", _xlfn.UNICHAR(HEX2DEC(RIGHT($E23,4))))), "") -> ā | U23: =IFERROR( _xlfn.CONCAT(V$3, IF($E23="", "", _xlfn.UNICHAR(HEX2DEC(RIGHT($E23,4))))), "") -> ī | V23: =IFERROR( _xlfn.CONCAT(W$3, IF($E23="", "", _xlfn.UNICHAR(HEX2DEC(RIGHT($E23,4))))), "") -> ū | W23: =IFERROR( _xlfn.CONCAT(X$3, IF($E23="", "", _xlfn.UNICHAR(HEX2DEC(RIGHT($E23,4))))), "") -> ē | X23: =IFERROR( _xlfn.CONCAT(Y$3, IF($E23="", "", _xlfn.UNICHAR(HEX2DEC(RIGHT($E23,4))))), "") -> ō | Y23: =IFERROR( _xlfn.CONCAT(Z$3, IF($E23="", "", _xlfn.UNICHAR(HEX2DEC(RIGHT($E23,4))))), "") -> m̄ | Z23: =IFERROR( _xlfn.CONCAT(AA$3, IF($E23="", "", _xlfn.UNICHAR(HEX2DEC(RIGHT($E23,4))))), "") -> n̄ | AC23: =IFERROR( _xlfn.CONCAT("l", "u", _xlfn.UNICHAR(HEX2DEC(RIGHT($O10,4))), "n"), "") -> lún | AD23: =IFERROR( _xlfn.CONCAT("n", "g", "o", _xlfn.UNICHAR(HEX2DEC(RIGHT($O10,4))), "o"), "") -> ngóo
B24: 8 | C24: 下入 | D24: ] | E24: U+0301 | F24: =IFERROR( _xlfn.CONCAT("a", _xlfn.UNICHAR(HEX2DEC(RIGHT(E24,4))), "h"), "") -> áh | S24: 8 | T24: =IFERROR( _xlfn.CONCAT(U$3, IF($E24="", "", _xlfn.UNICHAR(HEX2DEC(RIGHT($E24,4))))), "") -> á | U24: =IFERROR( _xlfn.CONCAT(V$3, IF($E24="", "", _xlfn.UNICHAR(HEX2DEC(RIGHT($E24,4))))), "") -> í | V24: =IFERROR( _xlfn.CONCAT(W$3, IF($E24="", "", _xlfn.UNICHAR(HEX2DEC(RIGHT($E24,4))))), "") -> ú | W24: =IFERROR( _xlfn.CONCAT(X$3, IF($E24="", "", _xlfn.UNICHAR(HEX2DEC(RIGHT($E24,4))))), "") -> é | X24: =IFERROR( _xlfn.CONCAT(Y$3, IF($E24="", "", _xlfn.UNICHAR(HEX2DEC(RIGHT($E24,4))))), "") -> ó | Y24: =IFERROR( _xlfn.CONCAT(Z$3, IF($E24="", "", _xlfn.UNICHAR(HEX2DEC(RIGHT($E24,4))))), "") -> ḿ | Z24: =IFERROR( _xlfn.CONCAT(AA$3, IF($E24="", "", _xlfn.UNICHAR(HEX2DEC(RIGHT($E24,4))))), "") -> ń
B25: 9 | C25: 輕聲 | I25: =IFERROR( _xlfn.CONCAT("l", "u", _xlfn.UNICHAR(HEX2DEC(RIGHT(G38,4))), "n"), "")
B26: 0 | C26: 輕聲 | I26: =IFERROR( _xlfn.CONCAT("l", "u", _xlfn.UNICHAR(HEX2DEC(RIGHT(G39,4))), "n"), "")
T29: a | U29: i | V29: u | W29: e | X29: o | Y29: m | Z29: n | AC29: o | AD29: o
S30: 1 | T30: =IFERROR( _xlfn.CONCAT(U$3, IF($E28="", "", _xlfn.UNICHAR(HEX2DEC(RIGHT($E28,4))))), "") -> a | U30: =IFERROR( _xlfn.CONCAT(V$3, IF($E28="", "", _xlfn.UNICHAR(HEX2DEC(RIGHT($E28,4))))), "") -> i | V30: =IFERROR( _xlfn.CONCAT(W$3, IF($E28="", "", _xlfn.UNICHAR(HEX2DEC(RIGHT($E28,4))))), "") -> u | W30: =IFERROR( _xlfn.CONCAT(X$3, IF($E28="", "", _xlfn.UNICHAR(HEX2DEC(RIGHT($E28,4))))), "") -> e | X30: =IFERROR( _xlfn.CONCAT(Y$3, IF($E28="", "", _xlfn.UNICHAR(HEX2DEC(RIGHT($E28,4))))), "") -> o | Y30: =IFERROR( _xlfn.CONCAT(Z$3, IF($E28="", "", _xlfn.UNICHAR(HEX2DEC(RIGHT($E28,4))))), "") -> m | Z30: =IFERROR( _xlfn.CONCAT(AA$3, IF($E28="", "", _xlfn.UNICHAR(HEX2DEC(RIGHT($E28,4))))), "") -> n | AC30: =IFERROR( _xlfn.CONCAT("l", "o", IF($M4="", "", _xlfn.UNICHAR(HEX2DEC(RIGHT($M4,4))))), "") -> lo | AD30: =IFERROR( _xlfn.CONCAT("l", "o", IF($M4="", "", _xlfn.UNICHAR(HEX2DEC(RIGHT($M4,4)))), "r", IF(OR(S30=4, S30=8), "k", "")), "") -> lor
S31: 2 | T31: =IFERROR( _xlfn.CONCAT(U$3, IF($M3="", "", _xlfn.UNICHAR(HEX2DEC(RIGHT($M3,4))))), "") | U31: =IFERROR( _xlfn.CONCAT(V$3, IF($M3="", "", _xlfn.UNICHAR(HEX2DEC(RIGHT($M3,4))))), "") | V31: =IFERROR( _xlfn.CONCAT(W$3, IF($M3="", "", _xlfn.UNICHAR(HEX2DEC(RIGHT($M3,4))))), "") | W31: =IFERROR( _xlfn.CONCAT(X$3, IF($M3="", "", _xlfn.UNICHAR(HEX2DEC(RIGHT($M3,4))))), "") | X31: =IFERROR( _xlfn.CONCAT(Y$3, IF($M3="", "", _xlfn.UNICHAR(HEX2DEC(RIGHT($M3,4))))), "") | Y31: =IFERROR( _xlfn.CONCAT(Z$3, IF($M3="", "", _xlfn.UNICHAR(HEX2DEC(RIGHT($M3,4))))), "") | Z31: =IFERROR( _xlfn.CONCAT(AA$3, IF($M3="", "", _xlfn.UNICHAR(HEX2DEC(RIGHT($M3,4))))), "") | AC31: =IFERROR( _xlfn.CONCAT("l", "o", IF($M6="", "", _xlfn.UNICHAR(HEX2DEC(RIGHT($M6,4))))), "") -> ló | AD31: =IFERROR( _xlfn.CONCAT("l", "o", IF($M6="", "", _xlfn.UNICHAR(HEX2DEC(RIGHT($M6,4)))), "r", IF(OR(S31=4, S31=8), "k", "")), "") -> lór
S32: 3 | T32: =IFERROR( _xlfn.CONCAT(U$3, IF($M4="", "", _xlfn.UNICHAR(HEX2DEC(RIGHT($M4,4))))), "") -> a | U32: =IFERROR( _xlfn.CONCAT(V$3, IF($M4="", "", _xlfn.UNICHAR(HEX2DEC(RIGHT($M4,4))))), "") -> i | V32: =IFERROR( _xlfn.CONCAT(W$3, IF($M4="", "", _xlfn.UNICHAR(HEX2DEC(RIGHT($M4,4))))), "") -> u | W32: =IFERROR( _xlfn.CONCAT(X$3, IF($M4="", "", _xlfn.UNICHAR(HEX2DEC(RIGHT($M4,4))))), "") -> e | X32: =IFERROR( _xlfn.CONCAT(Y$3, IF($M4="", "", _xlfn.UNICHAR(HEX2DEC(RIGHT($M4,4))))), "") -> o | Y32: =IFERROR( _xlfn.CONCAT(Z$3, IF($M4="", "", _xlfn.UNICHAR(HEX2DEC(RIGHT($M4,4))))), "") -> m | Z32: =IFERROR( _xlfn.CONCAT(AA$3, IF($M4="", "", _xlfn.UNICHAR(HEX2DEC(RIGHT($M4,4))))), "") -> n | AC32: =IFERROR( _xlfn.CONCAT("l", "o", IF($M7="", "", _xlfn.UNICHAR(HEX2DEC(RIGHT($M7,4))))), "") -> lò | AD32: =IFERROR( _xlfn.CONCAT("l", "o", IF($M7="", "", _xlfn.UNICHAR(HEX2DEC(RIGHT($M7,4)))), "r", IF(OR(S32=4, S32=8), "k", "")), "") -> lòr
S33: 4 | T33: =IFERROR( _xlfn.CONCAT(U$3, IF($M6="", "", _xlfn.UNICHAR(HEX2DEC(RIGHT($M6,4))))), "") -> á | U33: =IFERROR( _xlfn.CONCAT(V$3, IF($M6="", "", _xlfn.UNICHAR(HEX2DEC(RIGHT($M6,4))))), "") -> í | V33: =IFERROR( _xlfn.CONCAT(W$3, IF($M6="", "", _xlfn.UNICHAR(HEX2DEC(RIGHT($M6,4))))), "") -> ú | W33: =IFERROR( _xlfn.CONCAT(X$3, IF($M6="", "", _xlfn.UNICHAR(HEX2DEC(RIGHT($M6,4))))), "") -> é | X33: =IFERROR( _xlfn.CONCAT(Y$3, IF($M6="", "", _xlfn.UNICHAR(HEX2DEC(RIGHT($M6,4))))), "") -> ó | Y33: =IFERROR( _xlfn.CONCAT(Z$3, IF($M6="", "", _xlfn.UNICHAR(HEX2DEC(RIGHT($M6,4))))), "") -> ḿ | Z33: =IFERROR( _xlfn.CONCAT(AA$3, IF($M6="", "", _xlfn.UNICHAR(HEX2DEC(RIGHT($M6,4))))), "") -> ń | AC33: =IFERROR( _xlfn.CONCAT("l", "o", IF($M8="", "", _xlfn.UNICHAR(HEX2DEC(RIGHT($M8,4)))), "k"), "") -> lók | AD33: =IFERROR( _xlfn.CONCAT("l", "o", IF($M8="", "", _xlfn.UNICHAR(HEX2DEC(RIGHT($M8,4)))), "r", IF(OR(S33=4, S33=8), "k", "")), "") -> lórk
S34: 5 | T34: =IFERROR( _xlfn.CONCAT(U$3, IF($M7="", "", _xlfn.UNICHAR(HEX2DEC(RIGHT($M7,4))))), "") -> à | U34: =IFERROR( _xlfn.CONCAT(V$3, IF($M7="", "", _xlfn.UNICHAR(HEX2DEC(RIGHT($M7,4))))), "") -> ì | V34: =IFERROR( _xlfn.CONCAT(W$3, IF($M7="", "", _xlfn.UNICHAR(HEX2DEC(RIGHT($M7,4))))), "") -> ù | W34: =IFERROR( _xlfn.CONCAT(X$3, IF($M7="", "", _xlfn.UNICHAR(HEX2DEC(RIGHT($M7,4))))), "") -> è | X34: =IFERROR( _xlfn.CONCAT(Y$3, IF($M7="", "", _xlfn.UNICHAR(HEX2DEC(RIGHT($M7,4))))), "") -> ò | Y34: =IFERROR( _xlfn.CONCAT(Z$3, IF($M7="", "", _xlfn.UNICHAR(HEX2DEC(RIGHT($M7,4))))), "") -> m̀ | Z34: =IFERROR( _xlfn.CONCAT(AA$3, IF($M7="", "", _xlfn.UNICHAR(HEX2DEC(RIGHT($M7,4))))), "") -> ǹ | AC34: =IFERROR( _xlfn.CONCAT("l", "o", IF($M9="", "", _xlfn.UNICHAR(HEX2DEC(RIGHT($M9,4))))), "") -> lǒ | AD34: =IFERROR( _xlfn.CONCAT("l", "o", IF($M9="", "", _xlfn.UNICHAR(HEX2DEC(RIGHT($M9,4)))), "r", IF(OR(S34=4, S34=8), "k", "")), "") -> lǒr
S35: 6 | T35: =IFERROR( _xlfn.CONCAT(U$3, IF($M8="", "", _xlfn.UNICHAR(HEX2DEC(RIGHT($M8,4))))), "") -> á | U35: =IFERROR( _xlfn.CONCAT(V$3, IF($M8="", "", _xlfn.UNICHAR(HEX2DEC(RIGHT($M8,4))))), "") -> í | V35: =IFERROR( _xlfn.CONCAT(W$3, IF($M8="", "", _xlfn.UNICHAR(HEX2DEC(RIGHT($M8,4))))), "") -> ú | W35: =IFERROR( _xlfn.CONCAT(X$3, IF($M8="", "", _xlfn.UNICHAR(HEX2DEC(RIGHT($M8,4))))), "") -> é | X35: =IFERROR( _xlfn.CONCAT(Y$3, IF($M8="", "", _xlfn.UNICHAR(HEX2DEC(RIGHT($M8,4))))), "") -> ó | Y35: =IFERROR( _xlfn.CONCAT(Z$3, IF($M8="", "", _xlfn.UNICHAR(HEX2DEC(RIGHT($M8,4))))), "") -> ḿ | Z35: =IFERROR( _xlfn.CONCAT(AA$3, IF($M8="", "", _xlfn.UNICHAR(HEX2DEC(RIGHT($M8,4))))), "") -> ń | AC35: =IFERROR( _xlfn.CONCAT("l", "o", IF($M11="", "", _xlfn.UNICHAR(HEX2DEC(RIGHT($M11,4))))), "") -> ló | AD35: =IFERROR( _xlfn.CONCAT("l", "o", IF($M11="", "", _xlfn.UNICHAR(HEX2DEC(RIGHT($M11,4)))), "r", IF(OR(S35=4, S35=8), "k", "")), "") -> lór
S36: 7 | T36: =IFERROR( _xlfn.CONCAT(U$3, IF($M9="", "", _xlfn.UNICHAR(HEX2DEC(RIGHT($M9,4))))), "") -> ǎ | U36: =IFERROR( _xlfn.CONCAT(V$3, IF($M9="", "", _xlfn.UNICHAR(HEX2DEC(RIGHT($M9,4))))), "") -> ǐ | V36: =IFERROR( _xlfn.CONCAT(W$3, IF($M9="", "", _xlfn.UNICHAR(HEX2DEC(RIGHT($M9,4))))), "") -> ǔ | W36: =IFERROR( _xlfn.CONCAT(X$3, IF($M9="", "", _xlfn.UNICHAR(HEX2DEC(RIGHT($M9,4))))), "") -> ě | X36: =IFERROR( _xlfn.CONCAT(Y$3, IF($M9="", "", _xlfn.UNICHAR(HEX2DEC(RIGHT($M9,4))))), "") -> ǒ | Y36: =IFERROR( _xlfn.CONCAT(Z$3, IF($M9="", "", _xlfn.UNICHAR(HEX2DEC(RIGHT($M9,4))))), "") -> m̌ | Z36: =IFERROR( _xlfn.CONCAT(AA$3, IF($M9="", "", _xlfn.UNICHAR(HEX2DEC(RIGHT($M9,4))))), "") -> ň | AC36: =IFERROR( _xlfn.CONCAT("l", "o", IF($M5="", "", _xlfn.UNICHAR(HEX2DEC(RIGHT($M5,4))))), "") -> lō | AD36: =IFERROR( _xlfn.CONCAT("l", "o", IF($M5="", "", _xlfn.UNICHAR(HEX2DEC(RIGHT($M5,4)))), "r", IF(OR(S36=4, S36=8), "k", "")), "") -> lōr
S37: 8 | T37: =IFERROR( _xlfn.CONCAT(U$3, IF($M11="", "", _xlfn.UNICHAR(HEX2DEC(RIGHT($M11,4))))), "") -> á | U37: =IFERROR( _xlfn.CONCAT(V$3, IF($M11="", "", _xlfn.UNICHAR(HEX2DEC(RIGHT($M11,4))))), "") -> í | V37: =IFERROR( _xlfn.CONCAT(W$3, IF($M11="", "", _xlfn.UNICHAR(HEX2DEC(RIGHT($M11,4))))), "") -> ú | W37: =IFERROR( _xlfn.CONCAT(X$3, IF($M11="", "", _xlfn.UNICHAR(HEX2DEC(RIGHT($M11,4))))), "") -> é | X37: =IFERROR( _xlfn.CONCAT(Y$3, IF($M11="", "", _xlfn.UNICHAR(HEX2DEC(RIGHT($M11,4))))), "") -> ó | Y37: =IFERROR( _xlfn.CONCAT(Z$3, IF($M11="", "", _xlfn.UNICHAR(HEX2DEC(RIGHT($M11,4))))), "") -> ḿ | Z37: =IFERROR( _xlfn.CONCAT(AA$3, IF($M11="", "", _xlfn.UNICHAR(HEX2DEC(RIGHT($M11,4))))), "") -> ń | AC37: =IFERROR( _xlfn.CONCAT("l", "o", IF($M10="", "", _xlfn.UNICHAR(HEX2DEC(RIGHT($M10,4)))), "k"), "") -> lo̍k | AD37: =IFERROR( _xlfn.CONCAT("l", "o", IF($M10="", "", _xlfn.UNICHAR(HEX2DEC(RIGHT($M10,4)))), "r", IF(OR(S37=4, S37=8), "k", "")), "") -> lo̍rk

Sheet 台語注音二式轉方音符號
A1: 響度優先次第： a > oo > (e = o) > (i = u)〈低元音 > 高元音 > 無擦通音 > 擦音 > 塞音〉
X2: 1 | Y2: 2 | Z2: 3 | AA2: 4 | AB2: 5 | AC2: 6 | AD2: 7 | AE2: 8 | AF2: 9 | AG2: 9
A3: 序號 | B3: 國際音標 | C3: 台羅拼音 | D3: 台語音標 | E3: 台語注音二式 | F3: 閩拼方案 | G3: 白話字 | H3: 十五音 | I3: 方音符號 | J3: 聲韻調類 | L3: 字長 | M3: =E3 -> 台語注音二式 | N3: =I3 -> 方音符號 | P3: 台羅拼音 | Q3: 標調字母 | R3: search() | S3: 台語音標 | Y3: U+0301 | Z3: U+0300 | AB3: U+030C | AC3: U+0301 | AD3: U+0304 | AE3: U+030D | AF3: U+030B | AG3: U+030A
A4: 1 | B4: a | C4: a | D4: a | E4: a | F4: a | G4: a | H4: 膠舒 | I4: ㄚ | L4: =LEN(M4) -> 1 | M4: =E4 -> a | N4: =I4 -> ㄚ | P4: =_xlfn.CONCAT(M4, "(\d)") -> a(\d) | Q4: a | R4: =IFERROR( IF(Q4="", "", SEARCH(Q4, $M4)), "") -> 1 | S4: =IFERROR( _xlfn.CONCAT(LEFT(M4,R4-1), "》", MID(M4,R4,1), "${1}", RIGHT(M4, LEN(M4)-R4)), "" ) -> 》a${1} | U4: =IF(AND(N4<>"", M4<>""), " - xform/》" & P4 & "/" & S4 & "/", "") -> - xform/》a(\d)/》a${1}/ | W4: a | X4: =_xlfn.CONCAT($W4, IF(X$3="", "", _xlfn.UNICHAR( HEX2DEC( RIGHT(X$3,4))))) -> a | Y4: =_xlfn.CONCAT($W4, IF(Y$3="", "", _xlfn.UNICHAR( HEX2DEC( RIGHT(Y$3,4))))) -> á | Z4: =_xlfn.CONCAT($W4, IF(Z$3="", "", _xlfn.UNICHAR( HEX2DEC( RIGHT(Z$3,4))))) -> à | AA4: =_xlfn.CONCAT($W4, IF(AA$3="", "", _xlfn.UNICHAR( HEX2DEC( RIGHT(AA$3,4))))) -> a | AB4: =_xlfn.CONCAT($W4, IF(AB$3="", "", _xlfn.UNICHAR( HEX2DEC( RIGHT(AB$3,4))))) -> ǎ | AC4: =_xlfn.CONCAT($W4, IF(AC$3="", "", _xlfn.UNICHAR( HEX2DEC( RIGHT(AC$3,4))))) -> á | AD4: =_xlfn.CONCAT($W4, IF(AD$3="", "", _xlfn.UNICHAR( HEX2DEC( RIGHT(AD$3,4))))) -> ā | AE4: =_xlfn.CONCAT($W4, IF(AE$3="", "", _xlfn.UNICHAR( HEX2DEC( RIGHT(AE$3,4))))) -> a̍ | ... AG4: =_xlfn.CONCAT($W4, IF(AG$3="", "", _xlfn.UNICHAR( HEX2DEC( RIGHT(AG$3,4))))) -> å | AI4: =_xlfn.CONCAT(" - xform/》", $W4, X$2, "/", X4, "/") -> - xform/》a1/a/ | AJ4: =_xlfn.CONCAT(" - xform/》", $W4, Y$2, "/", Y4, "/") -> - xform/》a2/á/ | AK4: =_xlfn.CONCAT(" - xform/》", $W4, Z$2, "/", Z4, "/") -> - xform/》a3/à/ | AL4: =_xlfn.CONCAT(" - xform/》", $W4, AA$2, "/", AA4, "/") -> - xform/》a4/a/ | AM4: =_xlfn.CONCAT(" - xform/》", $W4, AB$2, "/", AB4, "/") -> - xform/》a5/ǎ/ | AN4: =_xlfn.CONCAT(" - xform/》", $W4, AC$2, "/", AC4, "/") -> - xform/》a6/á/ | AO4: =_xlfn.CONCAT(" - xform/》", $W4, AD$2, "/", AD4, "/") -> - xform/》a7/ā/ | AP4: =_xlfn.CONCAT(" - xform/》", $W4, AE$2, "/", AE4, "/") -> - xform/》a8/a̍/ | ... AR4: =_xlfn.CONCAT(" - xform/》", $W4, AG$2, "/", AG4, "/") -> - xform/》a9/å/
A5: 2 | B5: ã | C5: ann | D5: ann | E5: ann | F5: na | G5: aⁿ | H5: 監舒 | I5: ㆩ | J5: 韻-鼻 | L5: =LEN(M5) -> 3 | M5: =E5 -> ann | N5: =I5 -> ㆩ | P5: =_xlfn.CONCAT(M5, "(\d)") -> ann(\d) | Q5: a | R5: =IFERROR( IF(Q5="", "", SEARCH(Q5, $M5)), "") -> 1 | S5: =IFERROR( _xlfn.CONCAT(LEFT(M5,R5-1), "》", MID(M5,R5,1), "${1}", RIGHT(M5, LEN(M5)-R5)), "" ) -> 》a${1}nn | U5: =IF(AND(N5<>"", M5<>""), " - xform/》" & P5 & "/" & S5 & "/", "") -> - xform/》ann(\d)/》a${1}nn/ | W5: i | X5: =_xlfn.CONCAT($W5, IF(X$3="", "", _xlfn.UNICHAR( HEX2DEC( RIGHT(X$3,4))))) -> i | Y5: =_xlfn.CONCAT($W5, IF(Y$3="", "", _xlfn.UNICHAR( HEX2DEC( RIGHT(Y$3,4))))) -> í | Z5: =_xlfn.CONCAT($W5, IF(Z$3="", "", _xlfn.UNICHAR( HEX2DEC( RIGHT(Z$3,4))))) -> ì | AA5: =_xlfn.CONCAT($W5, IF(AA$3="", "", _xlfn.UNICHAR( HEX2DEC( RIGHT(AA$3,4))))) -> i | AB5: =_xlfn.CONCAT($W5, IF(AB$3="", "", _xlfn.UNICHAR( HEX2DEC( RIGHT(AB$3,4))))) -> ǐ | AC5: =_xlfn.CONCAT($W5, IF(AC$3="", "", _xlfn.UNICHAR( HEX2DEC( RIGHT(AC$3,4))))) -> í | AD5: =_xlfn.CONCAT($W5, IF(AD$3="", "", _xlfn.UNICHAR( HEX2DEC( RIGHT(AD$3,4))))) -> ī | AE5: =_xlfn.CONCAT($W5, IF(AE$3="", "", _xlfn.UNICHAR( HEX2DEC( RIGHT(AE$3,4))))) -> i̍ | ... AG5: =_xlfn.CONCAT($W5, IF(AG$3="", "", _xlfn.UNICHAR( HEX2DEC( RIGHT(AG$3,4))))) -> i̊ | AI5: =_xlfn.CONCAT(" - xform/》", $W5, X$2, "/", X5, "/") -> - xform/》i1/i/ | AJ5: =_xlfn.CONCAT(" - xform/》", $W5, Y$2, "/", Y5, "/") -> - xform/》i2/í/ | AK5: =_xlfn.CONCAT(" - xform/》", $W5, Z$2, "/", Z5, "/") -> - xform/》i3/ì/ | AL5: =_xlfn.CONCAT(" - xform/》", $W5, AA$2, "/", AA5, "/") -> - xform/》i4/i/ | AM5: =_xlfn.CONCAT(" - xform/》", $W5, AB$2, "/", AB5, "/") -> - xform/》i5/ǐ/ | AN5: =_xlfn.CONCAT(" - xform/》", $W5, AC$2, "/", AC5, "/") -> - xform/》i6/í/ | AO5: =_xlfn.CONCAT(" - xform/》", $W5, AD$2, "/", AD5, "/") -> - xform/》i7/ī/ | AP5: =_xlfn.CONCAT(" - xform/》", $W5, AE$2, "/", AE5, "/") -> - xform/》i8/i̍/ | ... AR5: =_xlfn.CONCAT(" - xform/》", $W5, AG$2, "/", AG5, "/") -> - xform/》i9/i̊/
A6: 3 | B6: aʔ | C6: ah | D6: ah | E6: ah | F6: ah | G6: ah | H6: 膠促 | I6: ㄚㆷ | L6: =LEN(M6) -> 2 | M6: =E6 -> ah | N6: =I6 -> ㄚㆷ | P6: =_xlfn.CONCAT(M6, "(\d)") -> ah(\d) | Q6: a | R6: =IFERROR( IF(Q6="", "", SEARCH(Q6, $M6)), "") -> 1 | S6: =IFERROR( _xlfn.CONCAT(LEFT(M6,R6-1), "》", MID(M6,R6,1), "${1}", RIGHT(M6, LEN(M6)-R6)), "" ) -> 》a${1}h | U6: =IF(AND(N6<>"", M6<>""), " - xform/》" & P6 & "/" & S6 & "/", "") -> - xform/》ah(\d)/》a${1}h/ | W6: u | X6: =_xlfn.CONCAT($W6, IF(X$3="", "", _xlfn.UNICHAR( HEX2DEC( RIGHT(X$3,4))))) -> u | Y6: =_xlfn.CONCAT($W6, IF(Y$3="", "", _xlfn.UNICHAR( HEX2DEC( RIGHT(Y$3,4))))) -> ú | Z6: =_xlfn.CONCAT($W6, IF(Z$3="", "", _xlfn.UNICHAR( HEX2DEC( RIGHT(Z$3,4))))) -> ù | AA6: =_xlfn.CONCAT($W6, IF(AA$3="", "", _xlfn.UNICHAR( HEX2DEC( RIGHT(AA$3,4))))) -> u | AB6: =_xlfn.CONCAT($W6, IF(AB$3="", "", _xlfn.UNICHAR( HEX2DEC( RIGHT(AB$3,4))))) -> ǔ | AC6: =_xlfn.CONCAT($W6, IF(AC$3="", "", _xlfn.UNICHAR( HEX2DEC( RIGHT(AC$3,4))))) -> ú | AD6: =_xlfn.CONCAT($W6, IF(AD$3="", "", _xlfn.UNICHAR( HEX2DEC( RIGHT(AD$3,4))))) -> ū | AE6: =_xlfn.CONCAT($W6, IF(AE$3="", "", _xlfn.UNICHAR( HEX2DEC( RIGHT(AE$3,4))))) -> u̍ | ... AG6: =_xlfn.CONCAT($W6, IF(AG$3="", "", _xlfn.UNICHAR( HEX2DEC( RIGHT(AG$3,4))))) -> ů | AI6: =_xlfn.CONCAT(" - xform/》", $W6, X$2, "/", X6, "/") -> - xform/》u1/u/ | AJ6: =_xlfn.CONCAT(" - xform/》", $W6, Y$2, "/", Y6, "/") -> - xform/》u2/ú/ | AK6: =_xlfn.CONCAT(" - xform/》", $W6, Z$2, "/", Z6, "/") -> - xform/》u3/ù/ | AL6: =_xlfn.CONCAT(" - xform/》", $W6, AA$2, "/", AA6, "/") -> - xform/》u4/u/ | AM6: =_xlfn.CONCAT(" - xform/》", $W6, AB$2, "/", AB6, "/") -> - xform/》u5/ǔ/ | AN6: =_xlfn.CONCAT(" - xform/》", $W6, AC$2, "/", AC6, "/") -> - xform/》u6/ú/ | AO6: =_xlfn.CONCAT(" - xform/》", $W6, AD$2, "/", AD6, "/") -> - xform/》u7/ū/ | AP6: =_xlfn.CONCAT(" - xform/》", $W6, AE$2, "/", AE6, "/") -> - xform/》u8/u̍/ | ... AR6: =_xlfn.CONCAT(" - xform/》", $W6, AG$2, "/", AG6, "/") -> - xform/》u9/ů/
A7: 4 | B7: ãʔ | C7: annh | D7: ahnn | E7: annh | F7: nah | G7: ahⁿ | H7: 監促 | I7: ㆩㆷ | J7: 韻-鼻 | L7: =LEN(M7) -> 4 | M7: =E7 -> annh | N7: =I7 -> ㆩㆷ | P7: =_xlfn.CONCAT(M7, "(\d)") -> annh(\d) | Q7: a | R7: =IFERROR( IF(Q7="", "", SEARCH(Q7, $M7)), "") -> 1 | S7: =IFERROR( _xlfn.CONCAT(LEFT(M7,R7-1), "》", MID(M7,R7,1), "${1}", RIGHT(M7, LEN(M7)-R7)), "" ) -> 》a${1}nnh | U7: =IF(AND(N7<>"", M7<>""), " - xform/》" & P7 & "/" & S7 & "/", "") -> - xform/》annh(\d)/》a${1}nnh/ | W7: e | X7: =_xlfn.CONCAT($W7, IF(X$3="", "", _xlfn.UNICHAR( HEX2DEC( RIGHT(X$3,4))))) -> e | Y7: =_xlfn.CONCAT($W7, IF(Y$3="", "", _xlfn.UNICHAR( HEX2DEC( RIGHT(Y$3,4))))) -> é | Z7: =_xlfn.CONCAT($W7, IF(Z$3="", "", _xlfn.UNICHAR( HEX2DEC( RIGHT(Z$3,4))))) -> è | AA7: =_xlfn.CONCAT($W7, IF(AA$3="", "", _xlfn.UNICHAR( HEX2DEC( RIGHT(AA$3,4))))) -> e | AB7: =_xlfn.CONCAT($W7, IF(AB$3="", "", _xlfn.UNICHAR( HEX2DEC( RIGHT(AB$3,4))))) -> ě | AC7: =_xlfn.CONCAT($W7, IF(AC$3="", "", _xlfn.UNICHAR( HEX2DEC( RIGHT(AC$3,4))))) -> é | AD7: =_xlfn.CONCAT($W7, IF(AD$3="", "", _xlfn.UNICHAR( HEX2DEC( RIGHT(AD$3,4))))) -> ē | AE7: =_xlfn.CONCAT($W7, IF(AE$3="", "", _xlfn.UNICHAR( HEX2DEC( RIGHT(AE$3,4))))) -> e̍ | ... AG7: =_xlfn.CONCAT($W7, IF(AG$3="", "", _xlfn.UNICHAR( HEX2DEC( RIGHT(AG$3,4))))) -> e̊ | AI7: =_xlfn.CONCAT(" - xform/》", $W7, X$2, "/", X7, "/") -> - xform/》e1/e/ | AJ7: =_xlfn.CONCAT(" - xform/》", $W7, Y$2, "/", Y7, "/") -> - xform/》e2/é/ | AK7: =_xlfn.CONCAT(" - xform/》", $W7, Z$2, "/", Z7, "/") -> - xform/》e3/è/ | AL7: =_xlfn.CONCAT(" - xform/》", $W7, AA$2, "/", AA7, "/") -> - xform/》e4/e/ | AM7: =_xlfn.CONCAT(" - xform/》", $W7, AB$2, "/", AB7, "/") -> - xform/》e5/ě/ | AN7: =_xlfn.CONCAT(" - xform/》", $W7, AC$2, "/", AC7, "/") -> - xform/》e6/é/ | AO7: =_xlfn.CONCAT(" - xform/》", $W7, AD$2, "/", AD7, "/") -> - xform/》e7/ē/ | AP7: =_xlfn.CONCAT(" - xform/》", $W7, AE$2, "/", AE7, "/") -> - xform/》e8/e̍/ | ... AR7: =_xlfn.CONCAT(" - xform/》", $W7, AG$2, "/", AG7, "/") -> - xform/》e9/e̊/
A8: 5 | B8: am | C8: am | D8: am | E8: am | F8: am | G8: am | H8: 甘舒 | I8: ㆰ | L8: =LEN(M8) -> 2 | M8: =E8 -> am | N8: =I8 -> ㆰ | P8: =_xlfn.CONCAT(M8, "(\d)") -> am(\d) | Q8: a | R8: =IFERROR( IF(Q8="", "", SEARCH(Q8, $M8)), "") -> 1 | S8: =IFERROR( _xlfn.CONCAT(LEFT(M8,R8-1), "》", MID(M8,R8,1), "${1}", RIGHT(M8, LEN(M8)-R8)), "" ) -> 》a${1}m | U8: =IF(AND(N8<>"", M8<>""), " - xform/》" & P8 & "/" & S8 & "/", "") -> - xform/》am(\d)/》a${1}m/ | W8: o | X8: =_xlfn.CONCAT($W8, IF(X$3="", "", _xlfn.UNICHAR( HEX2DEC( RIGHT(X$3,4))))) -> o | Y8: =_xlfn.CONCAT($W8, IF(Y$3="", "", _xlfn.UNICHAR( HEX2DEC( RIGHT(Y$3,4))))) -> ó | Z8: =_xlfn.CONCAT($W8, IF(Z$3="", "", _xlfn.UNICHAR( HEX2DEC( RIGHT(Z$3,4))))) -> ò | AA8: =_xlfn.CONCAT($W8, IF(AA$3="", "", _xlfn.UNICHAR( HEX2DEC( RIGHT(AA$3,4))))) -> o | AB8: =_xlfn.CONCAT($W8, IF(AB$3="", "", _xlfn.UNICHAR( HEX2DEC( RIGHT(AB$3,4))))) -> ǒ | AC8: =_xlfn.CONCAT($W8, IF(AC$3="", "", _xlfn.UNICHAR( HEX2DEC( RIGHT(AC$3,4))))) -> ó | AD8: =_xlfn.CONCAT($W8, IF(AD$3="", "", _xlfn.UNICHAR( HEX2DEC( RIGHT(AD$3,4))))) -> ō | AE8: =_xlfn.CONCAT($W8, IF(AE$3="", "", _xlfn.UNICHAR( HEX2DEC( RIGHT(AE$3,4))))) -> o̍ | ... AG8: =_xlfn.CONCAT($W8, IF(AG$3="", "", _xlfn.UNICHAR( HEX2DEC( RIGHT(AG$3,4))))) -> o̊ | AI8: =_xlfn.CONCAT(" - xform/》", $W8, X$2, "/", X8, "/") -> - xform/》o1/o/ | AJ8: =_xlfn.CONCAT(" - xform/》", $W8, Y$2, "/", Y8, "/") -> - xform/》o2/ó/ | AK8: =_xlfn.CONCAT(" - xform/》", $W8, Z$2, "/", Z8, "/") -> - xform/》o3/ò/ | AL8: =_xlfn.CONCAT(" - xform/》", $W8, AA$2, "/", AA8, "/") -> - xform/》o4/o/ | AM8: =_xlfn.CONCAT(" - xform/》", $W8, AB$2, "/", AB8, "/") -> - xform/》o5/ǒ/ | AN8: =_xlfn.CONCAT(" - xform/》", $W8, AC$2, "/", AC8, "/") -> - xform/》o6/ó/ | AO8: =_xlfn.CONCAT(" - xform/》", $W8, AD$2, "/", AD8, "/") -> - xform/》o7/ō/ | AP8: =_xlfn.CONCAT(" - xform/》", $W8, AE$2, "/", AE8, "/") -> - xform/》o8/o̍/ | ... AR8: =_xlfn.CONCAT(" - xform/》", $W8, AG$2, "/", AG8, "/") -> - xform/》o9/o̊/
