Workbook
Name 十五音韻母: #REF!
Name 十五音韻母: #REF!
Name 十五音韻母: '[1]十五音-韻母'!$C$5:$C$54
Name 十五音韻母: '[1]十五音-韻母'!$C$5:$C$54
Name 十五音韻母對照表: #REF!
Name 十五音韻母對照表: #REF!
Name 十五音韻母對照表: '[1]十五音-韻母'!$B$5:$R$54
Name 十五音韻母對照表: '[1]十五音-韻母'!$B$5:$R$54
Name 方音符號聲調: [2]設定!$J$3:$J$10
Name 台羅韻母八音反切: #REF!
Name 台羅韻母八音反切: #REF!
Name 台羅韻母八音反切: '[1]台羅-韻母八音反切'!$R$5:$Y$54
Name 台羅韻母八音反切: '[1]台羅-韻母八音反切'!$R$5:$Y$54
Name 白話字韻母八音反切: #REF!
Name 白話字韻母八音反切: #REF!
Name 白話字韻母八音反切: '[1]白話字-韻母八音反切'!$R$5:$Y$54
Name 白話字韻母八音反切: '[1]白話字-韻母八音反切'!$R$5:$Y$54
Name 閩拼八聲調: [2]設定!$I$3:$I$10
Name 閩拼韻母八音反切: #REF!
Name 閩拼韻母八音反切: #REF!
Name 閩拼韻母八音反切: '[1]閩拼-韻母八音反切'!$R$5:$Y$54
Name 閩拼韻母八音反切: '[1]閩拼-韻母八音反切'!$R$5:$Y$54
Name 聲母碼: [3]十五音聲母對照表!$F$4:$F$25
Name 聲母碼: [3]十五音聲母對照表!$F$4:$F$25
Name 聲母碼: #REF!
Name 聲母碼: [2]聲母對照表!$B$4:$B$21
Name 聲母碼表: #REF!
Name 聲母碼表: #REF!
Name 聲母碼表: [1]聲母碼!$D$6:$K$22
Name 聲母碼表: [1]聲母碼!$D$6:$K$22
Name 韻母對照表: #REF!
Name 韻母對照表: #REF!
Name 韻母對照表: [1]韻母對照表!$B$6:$K$105
Name 韻母對照表: [1]韻母對照表!$B$6:$K$105
Name 韻母碼: [2]韻母對照表!$B$4:$B$103
Name 韻母碼表: #REF!
Name 韻母碼表: #REF!
Name 韻母碼表: [1]韻母碼!$F$5:$M$78
Name 韻母碼表: [1]韻母碼!$F$5:$M$78
Name 顯示注音輸入: #REF!
Name 顯示注音輸入: #REF!
Name 顯示注音輸入: [4]env!$C$10
Name 顯示注音輸入: [4]env!$C$10

Sheet 宋人三十六字母表
B2: 發音部位 舊名 | D2: 發音部位 新名 | E2: 發音方法 | N2: 改用台羅拼音來對應與舉例：
E3: 全清 | G3: 次清 | I3: 全濁 | K3: 次濁（清濁）
B4: 唇音 | C4: 重唇 | D4: 雙唇 | E4: [p] | F4: 幫 | G4: [pʰ] | H4: 滂 | I4: [b] | J4: 並 | K4: [m] | L4: 明 | N4: 1. 輕唇音（脣齒音）
E5: ㄅ | F5: 邊 | G5: ㄆ | H5: 頗 | I5: ㆠ | J5: 門 | K5: ㄇ | L5: 毛 | N5: [f] 非 / [fʰ] 敷 / [v] 奉
C6: 輕唇 | D6: 唇齒 | E6: [f] | F6: 非 | G6: [fʰ] | H6: 敷 | I6: [v] | J6: 奉 | K6: [ɱ] | L6: 微 | N6: 台羅拼音： 台語歷史上沒有發展出唇齒擦音 [f]，所以這些字在台羅中大都回歸到重唇音（雙唇音），對應 p（不送氣清音）或 ph（送氣清音）。
N7: 舉例：
B8: 舌音 | C8: 舌頭 | D8: 舌尖中 | E8: [t] | F8: 端 | G8: [tʰ] | H8: 透 | I8: [d] | J8: 定 | K8: [n] | L8: 泥 | N8: 「非」：台羅 hui（特別的讀法）/ 類似字「副」讀 phù。
E9: ㄉ | F9: 地 | G9: ㄊ | H9: 他 | K9: ㄋ | L9: 耐 | N9: 「敷」：台羅 phu，例如「敷藥 (phu-io̍h)」。
C10: 舌上 | D10: 舌尖後 | E10: [ʈ] | F10: 知 | G10: [ʈʰ] | H10: 徹 | I10: [ɖ] | J10: 澄 | K10: [ɳ] | L10: 娘 | N10: 「奉」：台羅 pōng，例如「奉敬 (pōng-kìng)」。
N11: [ɱ] 微
B12: 齒音 | C12: 齒頭 | D12: 舌尖前 | E12: [ʦ] | F12: 精 | G12: [ʦʰ] | H12: 清 | I12: [ʣ] | J12: 從 | N12: 台羅拼音： 在台語中完美保留了鼻音特徵，對應 m 的發音。
E13: ㄗ | F13: 曾 | G13: ㄘ | H13: 出 | I13: ㆡ | J13: 熱 | N13: 舉例： 「微」台羅 bî（文讀）/「無」台羅 bô；但在白讀音中，微母字常對應 m，例如「目 (ba̍k/mats)」或「微 (mî)」。
E14: [s] | F14: 心 | I14: [z] | J14: 邪
E15: ㄙ | F15: 時 | N15: 2. 舌上音（捲舌音 ➡️ 台語轉為舌尖前/中音）
C16: 正齒 | D16: 舌面前 | E16: [ʨ] | F16: 照 | G16: [ʨʰ] | H16: 穿 | I16: [ʥ] | J16: 牀 | N16: 台語沒有華語的捲舌音（zh, ch, sh, r），中古漢語的捲舌音在台語裡一律讀作舌尖音。
E17: ㄐ | F17: 止 | G17: ㄑ | H17: 且 | I17: ㆢ | J17: 入 | N17: [ʈ] 知
E18: [ɕ] | F18: 審 | I18: [ʑ] | J18: 禪 | N18: 台羅拼音： 對應 ts（不送氣清音）。
E19: ㄒ | F19: 時 | N19: 舉例： 「知」台羅 tsi，例如「知影 (tsi-iann)」；「張」台羅 tiunn。
B20: 牙音 | D20: 舌根 | E20: [k] | F20: 見 | G20: [kʰ] | H20: 溪 | I20: [g] | J20: 群 | K20: [ŋ] | L20: 疑 | N20: [ʈʰ] 徹
E21: ㄍ | F21: 求 | G21: ㄎ | H21: 去 | I21: ㆣ | J21: 語 | K21: ㄫ | L21: 雅 | N21: 台羅拼音： 對應 tsh（送氣清音）。
B22: 喉音 | D22: 喉音 | E22: [ʔ] | F22: 影 | N22: 舉例： 「徹」台羅 thiat；「出」台羅 tshut，例如「出來 (tshut-lâi)」。
E23: Ø | F23: 英 | N23: [ɖ] 澄
D24: 舌根 | E24: [x] | F24: 曉 | I24: [ɣ] | J24: 匣 | N24: 台羅拼音： 中古全濁音在台語依平仄清化，演變為 ts 或 tsh。
E25: ㄏ | F25: 喜 | N25: 舉例： 「茶」台羅 tê（澄母平聲轉 th/tsh）；「治」台羅 tī（澄母仄聲轉 ts）。
D26: 半元音 | K26: [j] | L26: 喻 | N26: [ɳ] 娘
N27: 台羅拼音： 與泥母合併，對應 n 的發音。
B28: 半舌音 | D28: 舌尖中 | K28: [l] | L28: 來 | N28: 舉例： 「娘」台羅 niû，例如「阿娘 (a-niû)」；「鈕」台羅 liú/niú。
K29: ㄌ | L29: 柳
B30: 半齒音 | D30: 舌面前 | K30: [ɲʑ] | L30: 日 | N30: 3. 舌頭音（齒齦音）
N31: [d] 定
N32: 台羅拼音： 這是台語最具優勢的地方！中古全濁音 [d]，在台語平聲演變為送氣 th，仄聲演變為不送氣 t。
N33: 舉例：
N34: 平聲轉 th：「頭」台羅 thâu（頭殼）、「天」台羅 thian。
N35: 仄聲轉 t：「地」台羅 tē（土地）、「大」台羅 tuā/tāi（大人）。
N37: 4. 齒音（擦音）
N38: [z] 邪
N39: 台羅拼音： 現代台語主要演變為 s 或 ts/j。
N40: 舉例： 「俗」台羅 sio̍k（便宜）；「詞」台羅 sû；「徐」台羅 tshî/sî。
N41: [ʑ] 禪
N42: 台羅拼音： 主要演變為 s 或 ts/tsh。
N43: 舉例： 「是」台羅 sī（是毋是）；「常」台羅 siông；「時」台羅 sî。
... N54: 舉例： 「日」台羅 ji̍t（日頭）；「肉」台羅 bah（特殊白讀）/ jio̍k（文讀）；「人」台羅 jîn（人類）。

Sheet 聲母
B2: 發音部位 | D2: 清塞音或塞擦音 | H2: 濁音 | J2: 鼻音 | L2: 擦音 | N2: 邊音
D3: 不送氣 | F3: 送氣
B4: 唇音 | C4: 唇音 | D4: /p/ | E4: b | F4: /pʰ/ | G4: p | H4: /b/ | I4: bb | J4: /m/ | K4: m
D5: ㄅ | E5: 邊 | F5: ㄆ | G5: 頗 | H5: ㆠ | I5: 門 | J5: ㄇ | K5: 毛
B6: 舌尖中音 | C6: 舌尖音 | D6: /t/ | E6: d | F6: /tʰ/ | G6: t | J6: /n/ | K6: n | N6: /l/ | O6: l
D7: ㄉ | E7: 地 | F7: ㄊ | G7: 他 | J7: ㄋ | K7: 耐 | N7: ㄌ | O7: 柳
B8: 舌尖前音 | C8: 舌齒音 | D8: /ʦ/ | E8: z | F8: /ʦʰ/ | G8: c | H8: /ʣ/ | I8: j | L8: /s/ | M8: s
D9: ㄗ | E9: 曾 | F9: ㄘ | G9: 出 | H9: ㆡ | I9: 熱 | L9: ㄙ | M9: 時
B10: 齦顎音 | C10: 齦顎音 | D10: /ʨ/ | E10: zz(i) | F10: /ʨʰ/ | G10: ch(i) | H10: /ʥ/ | I10: jj(i) | L10: /ɕ/ | M10: sh(i)
D11: ㄐ | E11: 止 | F11: ㄑ | G11: 且 | H11: ㆢ | I11: 入 | L11: ㄒ | M11: 時
B12: 舌根音 | C12: 舌根音 | D12: /k/ | E12: g | F12: /kʰ/ | G12: k | H12: /g/ | I12: gg | J12: /ŋ/ | K12: ng
D13: ㄍ | E13: 求 | F13: ㄎ | G13: 去 | H13: ㆣ | I13: 語 | J13: ㄫ | K13: 雅
B14: 喉音 | C14: 喉音 | L14: /h/ | M14: h
L15: ㄏ | M15: 喜
B16: 零聲母 | C16: 零聲母 | D16: ʔ | E16: Ø
E17: 英

Sheet 韻母
B2: 韻腹 | C2: 陰聲韻 | G2: 陽聲韻 | M2: 入聲韻
G3: m | I3: n | K3: ŋ | M3: p̚ | O3: t̚ | Q3: k̚ | S3: ʔ
B4: a | C4: a | D4: a | E4: ã | F4: ann | G4: am | H4: am | I4: an | J4: an | K4: aŋ | L4: ang | M4: ap˺ | N4: ap | O4: at˺ | P4: at | Q4: ak˺ | R4: ak | S4: aʔ | T4: ah | U4: ãʔ | V4: annh
C5: ㄚ | D5: 阿 | E5: ㆩ | F5: 餡 | G5: ㆰ | H5: 庵 | I5: ㄢ | J5: 安 | K5: ㄤ | L5: 尪 | M5: ㄚㆴ | N5: 壓 | O5: ㄚㆵ | P5: 遏 | Q5: ㄚㆻ | R5: 握 | S5: ㄚㆷ | T5: 鴨 | U5: ㆩㆷ | V5: 熁
B6: aɪ | C6: ai | D6: ai | E6: ãi | F6: ainn | S6: aiʔ | T6: aih | U6: ãiʔ | V6: ainnh
C7: ㄞ | D7: 哀 | E7: ㆮ | F7: 閑 | S7: ㄞㆷ | T7: 邁 | U7: ㆮㆷ | V7: 擺
B8: aʊ | C8: ãʊ | D8: au | S8: aʊʔ | T8: auh | U8: ãʊʔ | V8: aunnh
C9: ㄠ | D9: 甌 | S9: ㄠㆷ | T9: 暴 | U9: ㆯㆷ | V9: 好
B10: ɛ | C10: ɛ | D10: ee | K10: əŋ | L10: eng | Q10: ek | R10: ek | S10: ɛʔ | T10: eeh
C11: ㄝ | D11: 家 | K11: ㄥ | L11: 永 | Q11: ㆤㆻ | R11: 益 | S11: ㄝㆷ | T11: 格
B12: e | C12: e | D12: e | E12: ẽ | F12: enn | S12: eʔ | T12: eh | U12: ɛ̃ʔ | V12: ennh
C13: ㆤ | D13: 稽 | E13: ㆥ | F13: 嬰 | S13: ㆤㆷ | T13: 厄 | U13: ㆥㆷ | V13: 擲
B14: i | C14: i | D14: i | E14: ĩ | F14: inn | G14: im | H14: im | I14: in | J14: in | K14: iŋ | L14: ing | M14: ip˺ | N14: ip | O14: it˺ | P14: it | Q14: ik˺ | R14: ik | S14: iʔ | T14: ih | U14: ĩʔ | V14: innh
C15: ㄧ | D15: 伊 | E15: ㆪ | F15: 燕 | G15: ㄧㆬ | H15: 音 | I15: ㄧㄣ | J15: 因 | K15: ㄧㄥ | L15: 永 | M15: ㄧㆴ | N15: 揖 | O15: ㄧㆵ | P15: 乙 | Q15: ㄧㆻ | R15: 益 | S15: ㄧㆷ | T15: 舌 | U15: ㆪㆷ | V15: 物
B16: ɪa | C16: ia | D16: ia | E16: iã | F16: iann | G16: iam | H16: iam | I16: ian | J16: ian | K16: iaŋ | L16: iang | M16: iap˺ | N16: iap | O16: iat˺ | P16: iat | Q16: iak˺ | R16: iak | S16: iaʔ | T16: iah | U16: iãʔ | V16: iannh
C17: ㄧㄚ | D17: 耶 | E17: ㄧㆩ | F17: 纓 | G17: ㄧㆰ | H17: 閹 | I17: ㄧㄢ | J17: 煙 | K17: ㄧㄤ | L17: 雙 | M17: ㄧㄚㆴ | N17: 葉 | O17: ㄧㄚㆵ | P17: 閱 | Q17: ㄧㄚㆻ | R17: 約 | S17: ㄧㄚㆷ | T17: 役 | U17: ㄧㆩㆷ | V17: 挾
B18: ɪaʊ | C18: iaʊ | D18: iau | E18: iãu | F18: iaunn | S18: iãʊʔ | T18: iauh
C19: ㄧㄠ | D19: 妖 | E19: ㄧㆯ | F19: 貓 | S19: ㄧㄠㆷ | T19: 沓
B20: io | C20: io | D20: io | S20: ioʔ | T20: ioh
C21: ㄧㄜ | D21: 腰 | S21: ㄧㄜㆷ | T21: 着
B22: iɔ | C22: iɔ | D22: ioo | E22: iɔ̃ | F22: ioonn | K22: iɔŋ | L22: iong | Q22: iɔk˺ | R22: iook | S22: iooh
C23: ㄧㆦ | D23: 娘 | E23: ㄧㆧ | F23: 鴦 | K23: ㄧㆲ | L23: 雍 | Q23: ㄧㆦㆻ | R23: 育
B24: iu | C24: iu | D24: iu | E24: iũ | F24: iunn | S24: iuʔ | T24: iuh | U24: iũʔ | V24: iunnh
C25: ㄧㄨ | D25: 優 | E25: ㄧㆫ | F25: 鴦 | S25: ㄧㄨㆷ | T25: 抽 | U25: ㄧㆫㆷ | V25: 咻
B26: ə | C26: ə | D26: er | S26: əʔ | T26: erh
C27: ㄜ | D27: 鍋 | S27: ㄜㆷ | T27: 郭
B28: o | C28: o | D28: or | S28: əʔ | T28: orh
C29: ㄜ | D29: 蚵 | S29: ㄜㆷ | T29: 博
B30: ɔ | C30: ɔ | D30: oo | E30: ɔ̃ | F30: oonn | G30: ɔm | H30: oom | K30: ɔŋ | L30: ong | M30: ɔp˺ | N30: oop | Q30: ɔk˺ | R30: ook | S30: ɔʔ | T30: ooh | U30: ɔ̃ʔ | V30: oonnh
C31: ㆦ | D31: 烏 | E31: ㆧ | F31: 好 | G31: ㆱ | H31: 丼 | K31: ㆲ | L31: 汪 | M31: ㆦㆴ | N31: 鞹 | Q31: ㆦㆻ | R31: 惡 | S31: ㆦㆷ | T31: 瘼 | U31: ㆧㆷ | V31: 膜
B32: ɨ | C32: ɨ | D32: ir | G32: ɨm | H32: irm | I32: ɨ | J32: irn | K32: ɨŋ | L32: irng | M32: irp˺ | N32: irp | O32: irt˺ | P32: irt | Q32: irk˺ | R32: irk | S32: irh
C33: ㆨ | D33: 於 | G33: ㆨㆬ | H33: 蔘 | I33: ㆨ | J33: 恩 | K33: ㆨㆭ | L33: 登 | M33: ㆨㆴ | N33: 澀 | O33: ㆨㆵ | P33: 核 | Q33: ㆨㆻ | R33: 疄
B34: u | C34: u | D34: u | I34: un | J34: un | O34: ut˺ | P34: ut | S34: uʔ | T34: uh
C35: ㄨ | D35: 污 | I35: ㄨㄣ | J35: 溫 | O35: ㄨㆵ | P35: 熨 | S35: ㄨㆷ | T35: 突
B36: ua | C36: ua | D36: ua | E36: uã | F36: uann | I36: uan | J36: uan | K36: uang | L36: uang | O36: uat˺ | P36: uat | S36: uaʔ | T36: uah
C37: ㄨㄚ | D37: 娃 | E37: ㄨㆩ | F37: 鞍 | I37: ㄨㄢ | J37: 冤 | K37: ㄨㄤ | L37: 嚁 | O37: ㄨㄚㆵ | P37: 越 | S37: ㄨㄚㆷ | T37: 活
B38: uai | C38: uai | D38: uai | E38: uãi | F38: uainn
C39: ㄨㄞ | D39: 歪 | E39: ㄨㆮ | F39: 關
B40: uɛ | C40: uɛ | D40: uee | S40: ueeh
C41: ㄨㄝ | D41: 話
B42: ue | C42: ue | D42: ue | S42: ueʔ | T42: ueh
C43: ㄨㆤ | D43: 話 | S43: ㄨㆤㆷ | T43: 劃
B44: ui | C44: ui | D44: ui
C45: ㄨㄧ | D45: 威
B46: ɯi | E46: ɯi | F46: irinn
E47: ㆨㆪ | F47: 閑
B48: əe | C48: əe | D48: ere | S48: əeʔ | T48: ereh
C49: ㄜㆤ | D49: 挨 | S49: ㄜㆤㆷ | T49: 狹
B50: m̩ | C50: m | D50: m | S50: mʔ | T50: mh
C51: ㆬ | D51: 姆 | S51: ㆬㆷ | T51: 默
B52: ŋ̍ | C52: ŋ | D52: ng | S52: ŋʔ | T52: ngh
C53: ㆭ | D53: 秧 | S53: ㆭㆷ | T53: 物

Sheet 朱兆祥方音符號聲母表
D2: 雙唇音 | L2: 舌尖前音 | T2: 舌尖中音 | AB2: 舌根音 | AJ2: 㗋塞音
D3: 上脣。下脣 | L3: 舌尖。上齒背 | T3: 舌尖。上齒齦 | AB3: 舌根軟顎 | AJ3: 氣管咽頭
D4: 清音 | H4: 濁音 | L4: 清音 | P4: 濁音 | T4: 清音 | X4: 濁音 | AB4: 清音 | AF4: 濁音 | AJ4: 清音 | AP4: 清塞音/塞擦音（不送氣） | AT4: 濁音 | AX4: 清塞音/塞擦音（送氣） | BB4: 鼻音 | BF4: 邊音 | BJ4: 擦音
B5: 鼻音 | H5: 門 | J5: m | X5: 柳 | Z5: n | AF5: 語 | AH5: ng | AP5: 邊 | AR5: p | AT5: 門 | AV5: b | AX5: 頗 | AZ5: ph | BB5: 毛 | BD5: m | BP5: 1 | BQ5: ㄅ
BP6: 2 | BQ6: ㆠ
H7: ㄇ | J7: m | X7: ㄋ | Z7: n | AF7: ㄫ | AH7: ng | AP7: ㄅ | AR7: b | AT7: ㆠ | AV7: bb | AX7: ㄆ | AZ7: p | BB7: ㄇ | BD7: m | BP7: 3 | BQ7: ㄆ
BP8: 4 | BQ8: ㄇ
B9: 塞音 | C9: 不送氣 | D9: 邊 | F9: p | H9: 門 | J9: b | T9: 地 | V9: t | AB9: 求 | AD9: k | AF9: 語 | AH9: g | AJ9: 英 | AL9: Ø | AP9: 地 | AR9: t | AX9: 他 | AZ9: th | BB9: 耐 | BD9: n | BF9: 柳 | BH9: l | BP9: 5 | BQ9: ㄉ
BP10: 6 | BQ10: ㄊ
D11: ㄅ | F11: b | H11: ㆠ | J11: bb | T11: ㄉ | V11: d | AB11: ㄍ | AD11: g | AF11: ㆣ | AH11: gg | AJ11: Ø | AL11: Ø | AP11: ㄉ | AR11: d | AX11: ㄊ | AZ11: t | BB11: ㄋ | BD11: n | BF11: ㄌ | BH11: l | BP11: 7 | BQ11: ㄋ
BP12: 8 | BQ12: ㄌ
C13: 送氣 | D13: 頗 | F13: ph | T13: 他 | V13: th | AB13: 去 | AD13: kh | AP13: 求 | AR13: k | AT13: 語 | AV13: g | AX13: 去 | AZ13: kh | BB13: 雅 | BD13: ng | BP13: 9 | BQ13: ㄍ
BP14: 10 | BQ14: ㆣ
D15: ㄆ | F15: p | T15: ㄊ | V15: t | AB15: ㄎ | AD15: k | AP15: ㄍ | AR15: g | AT15: ㆣ | AV15: gg | AX15: ㄎ | AZ15: k | BB15: ㄫ | BD15: ng | BP15: 11 | BQ15: ㄎ
BP16: 12 | BQ16: ㄫ
B17: 塞擦音 | C17: 不送氣 | L17: 曾 | N17: tsi | P17: 入 | R17: ji | T17: 曾 | V17: ts | X17: 入 | Z17: j | BJ17: 喜 | BL17: h | BP17: 13 | BQ17: ㄏ
BP18: 14 | BQ18: ㄐ
L19: ㄐ | N19: ji | P19: ㆢ | R19: jji | T19: ㄗ | V19: z | X19: ㆡ | Z19: zz | BJ19: ㄏ | BL19: h | BP19: 15 | BQ19: ㄑ
BP20: 16 | BQ20: ㄗ
C21: 送氣 | L21: 出 | N21: tshi | T21: 出 | V21: tsh | AP21: 曾 | AR21: tsi | AX21: 出 | AZ21: tshi | BP21: 17 | BQ21: ㄘ
BP22: 18 | BQ22: ㄙ
L23: ㄑ | N23: chi | T23: ㄘ | V23: c | AP23: ㄐ | AR23: ji | AX23: ㄑ | AZ23: chi
B25: 擦音 | L25: 時 | N25: si | T25: 時 | V25: s | AJ25: 喜 | AL25: h | AP25: 曾 | AR25: ts | AX25: 出 | AZ25: tsh | BJ25: 時 | BL25: s
L27: ㄒ | N27: shi | T27: ㄙ | V27: s | AJ27: ㄏ | AL27: h | AP27: ㄗ | AR27: z | AX27: ㄘ | AZ27: c | BJ27: ㄙ | BL27: s
B29: 邊音 | X29: 柳 | Z29: l
X31: ㄌ | Z31: l

Sheet 【聲】聲母排序表
A1: 注音序 | B1: 國際音標 | C1: 十五音 | D1: 方音符號 | E1: 台語注音 | F1: 注音二式 | G1: 閩拼方案 | H1: 台羅拼音 | I1: 台語音標 | J1: 白話字 | K1: 備註
A2: 1 | B2: Ø | C2: Ø | D2: Ø | E2: Ø | F2: Ø | G2: Ø | H2: Ø | I2: Ø | J2: Ø | K2: 零聲母
A3: 2 | B3: {=INDEX(聲母對照表[國際音標], MATCH(TRUE, EXACT(【聲】聲母排序表!$D3, 聲母對照表[方音符號]),0))} -> p | C3: {=INDEX(聲母對照表[十五音], MATCH(TRUE, EXACT(【聲】聲母排序表!$D3, 聲母對照表[方音符號]),0))} -> 邊 | D3: ㄅ | E3: {=INDEX(聲母對照表[台語注音], MATCH(TRUE, EXACT(【聲】聲母排序表!$D3, 聲母對照表[方音符號]),0))} -> ㄅ | F3: {=INDEX(聲母對照表[注音二式], MATCH(TRUE, EXACT(【聲】聲母排序表!$D3, 聲母對照表[方音符號]),0))} -> b | G3: {=INDEX(聲母對照表[閩拼方案], MATCH(TRUE, EXACT(【聲】聲母排序表!$D3, 聲母對照表[方音符號]),0))} -> b | H3: {=INDEX(聲母對照表[台羅拼音], MATCH(TRUE, EXACT(【聲】聲母排序表!$D3, 聲母對照表[方音符號]),0))} -> p | I3: {=INDEX(聲母對照表[台語音標], MATCH(TRUE, EXACT(【聲】聲母排序表!$D3, 聲母對照表[方音符號]),0))} -> p | J3: {=INDEX(聲母對照表[白話字], MATCH(TRUE, EXACT(【聲】聲母排序表!$D3, 聲母對照表[方音符號]),0))} -> p
A4: 3 | B4: {=INDEX(聲母對照表[國際音標], MATCH(TRUE, EXACT(【聲】聲母排序表!$D4, 聲母對照表[方音符號]),0))} -> b | C4: {=INDEX(聲母對照表[十五音], MATCH(TRUE, EXACT(【聲】聲母排序表!$D4, 聲母對照表[方音符號]),0))} -> 門 | D4: ㆠ | E4: {=INDEX(聲母對照表[台語注音], MATCH(TRUE, EXACT(【聲】聲母排序表!$D4, 聲母對照表[方音符號]),0))} -> ㄪ | F4: {=INDEX(聲母對照表[注音二式], MATCH(TRUE, EXACT(【聲】聲母排序表!$D4, 聲母對照表[方音符號]),0))} -> bb | G4: {=INDEX(聲母對照表[閩拼方案], MATCH(TRUE, EXACT(【聲】聲母排序表!$D4, 聲母對照表[方音符號]),0))} -> bb | H4: {=INDEX(聲母對照表[台羅拼音], MATCH(TRUE, EXACT(【聲】聲母排序表!$D4, 聲母對照表[方音符號]),0))} -> b | I4: {=INDEX(聲母對照表[台語音標], MATCH(TRUE, EXACT(【聲】聲母排序表!$D4, 聲母對照表[方音符號]),0))} -> b | J4: {=INDEX(聲母對照表[白話字], MATCH(TRUE, EXACT(【聲】聲母排序表!$D4, 聲母對照表[方音符號]),0))} -> b
A5: 4 | B5: {=INDEX(聲母對照表[國際音標], MATCH(TRUE, EXACT(【聲】聲母排序表!$D5, 聲母對照表[方音符號]),0))} -> pʰ | C5: {=INDEX(聲母對照表[十五音], MATCH(TRUE, EXACT(【聲】聲母排序表!$D5, 聲母對照表[方音符號]),0))} -> 頗 | D5: ㄆ | E5: {=INDEX(聲母對照表[台語注音], MATCH(TRUE, EXACT(【聲】聲母排序表!$D5, 聲母對照表[方音符號]),0))} -> ㄆ | F5: {=INDEX(聲母對照表[注音二式], MATCH(TRUE, EXACT(【聲】聲母排序表!$D5, 聲母對照表[方音符號]),0))} -> p | G5: {=INDEX(聲母對照表[閩拼方案], MATCH(TRUE, EXACT(【聲】聲母排序表!$D5, 聲母對照表[方音符號]),0))} -> p | H5: {=INDEX(聲母對照表[台羅拼音], MATCH(TRUE, EXACT(【聲】聲母排序表!$D5, 聲母對照表[方音符號]),0))} -> ph | I5: {=INDEX(聲母對照表[台語音標], MATCH(TRUE, EXACT(【聲】聲母排序表!$D5, 聲母對照表[方音符號]),0))} -> ph | J5: {=INDEX(聲母對照表[白話字], MATCH(TRUE, EXACT(【聲】聲母排序表!$D5, 聲母對照表[方音符號]),0))} -> ph
A6: 5 | B6: {=INDEX(聲母對照表[國際音標], MATCH(TRUE, EXACT(【聲】聲母排序表!$D6, 聲母對照表[方音符號]),0))} -> m | C6: {=INDEX(聲母對照表[十五音], MATCH(TRUE, EXACT(【聲】聲母排序表!$D6, 聲母對照表[方音符號]),0))} -> 毛 | D6: ㄇ | E6: {=INDEX(聲母對照表[台語注音], MATCH(TRUE, EXACT(【聲】聲母排序表!$D6, 聲母對照表[方音符號]),0))} -> ㄇ | F6: {=INDEX(聲母對照表[注音二式], MATCH(TRUE, EXACT(【聲】聲母排序表!$D6, 聲母對照表[方音符號]),0))} -> m | G6: {=INDEX(聲母對照表[閩拼方案], MATCH(TRUE, EXACT(【聲】聲母排序表!$D6, 聲母對照表[方音符號]),0))} -> bbn | H6: {=INDEX(聲母對照表[台羅拼音], MATCH(TRUE, EXACT(【聲】聲母排序表!$D6, 聲母對照表[方音符號]),0))} -> m | I6: {=INDEX(聲母對照表[台語音標], MATCH(TRUE, EXACT(【聲】聲母排序表!$D6, 聲母對照表[方音符號]),0))} -> m | J6: {=INDEX(聲母對照表[白話字], MATCH(TRUE, EXACT(【聲】聲母排序表!$D6, 聲母對照表[方音符號]),0))} -> m
A7: 6 | B7: {=INDEX(聲母對照表[國際音標], MATCH(TRUE, EXACT(【聲】聲母排序表!$D7, 聲母對照表[方音符號]),0))} -> t | C7: {=INDEX(聲母對照表[十五音], MATCH(TRUE, EXACT(【聲】聲母排序表!$D7, 聲母對照表[方音符號]),0))} -> 地 | D7: ㄉ | E7: {=INDEX(聲母對照表[台語注音], MATCH(TRUE, EXACT(【聲】聲母排序表!$D7, 聲母對照表[方音符號]),0))} -> ㄉ | F7: {=INDEX(聲母對照表[注音二式], MATCH(TRUE, EXACT(【聲】聲母排序表!$D7, 聲母對照表[方音符號]),0))} -> d | G7: {=INDEX(聲母對照表[閩拼方案], MATCH(TRUE, EXACT(【聲】聲母排序表!$D7, 聲母對照表[方音符號]),0))} -> d | H7: {=INDEX(聲母對照表[台羅拼音], MATCH(TRUE, EXACT(【聲】聲母排序表!$D7, 聲母對照表[方音符號]),0))} -> t | I7: {=INDEX(聲母對照表[台語音標], MATCH(TRUE, EXACT(【聲】聲母排序表!$D7, 聲母對照表[方音符號]),0))} -> t | J7: {=INDEX(聲母對照表[白話字], MATCH(TRUE, EXACT(【聲】聲母排序表!$D7, 聲母對照表[方音符號]),0))} -> t
A8: 7 | B8: {=INDEX(聲母對照表[國際音標], MATCH(TRUE, EXACT(【聲】聲母排序表!$D8, 聲母對照表[方音符號]),0))} -> tʰ | C8: {=INDEX(聲母對照表[十五音], MATCH(TRUE, EXACT(【聲】聲母排序表!$D8, 聲母對照表[方音符號]),0))} -> 他 | D8: ㄊ | E8: {=INDEX(聲母對照表[台語注音], MATCH(TRUE, EXACT(【聲】聲母排序表!$D8, 聲母對照表[方音符號]),0))} -> ㄊ | F8: {=INDEX(聲母對照表[注音二式], MATCH(TRUE, EXACT(【聲】聲母排序表!$D8, 聲母對照表[方音符號]),0))} -> t | G8: {=INDEX(聲母對照表[閩拼方案], MATCH(TRUE, EXACT(【聲】聲母排序表!$D8, 聲母對照表[方音符號]),0))} -> t | H8: {=INDEX(聲母對照表[台羅拼音], MATCH(TRUE, EXACT(【聲】聲母排序表!$D8, 聲母對照表[方音符號]),0))} -> th | I8: {=INDEX(聲母對照表[台語音標], MATCH(TRUE, EXACT(【聲】聲母排序表!$D8, 聲母對照表[方音符號]),0))} -> th | J8: {=INDEX(聲母對照表[白話字], MATCH(TRUE, EXACT(【聲】聲母排序表!$D8, 聲母對照表[方音符號]),0))} -> th
A9: 8 | B9: {=INDEX(聲母對照表[國際音標], MATCH(TRUE, EXACT(【聲】聲母排序表!$D9, 聲母對照表[方音符號]),0))} -> n | C9: {=INDEX(聲母對照表[十五音], MATCH(TRUE, EXACT(【聲】聲母排序表!$D9, 聲母對照表[方音符號]),0))} -> 耐 | D9: ㄋ | E9: {=INDEX(聲母對照表[台語注音], MATCH(TRUE, EXACT(【聲】聲母排序表!$D9, 聲母對照表[方音符號]),0))} -> ㄋ | F9: {=INDEX(聲母對照表[注音二式], MATCH(TRUE, EXACT(【聲】聲母排序表!$D9, 聲母對照表[方音符號]),0))} -> n | G9: {=INDEX(聲母對照表[閩拼方案], MATCH(TRUE, EXACT(【聲】聲母排序表!$D9, 聲母對照表[方音符號]),0))} -> ln | H9: {=INDEX(聲母對照表[台羅拼音], MATCH(TRUE, EXACT(【聲】聲母排序表!$D9, 聲母對照表[方音符號]),0))} -> n | I9: {=INDEX(聲母對照表[台語音標], MATCH(TRUE, EXACT(【聲】聲母排序表!$D9, 聲母對照表[方音符號]),0))} -> n | J9: {=INDEX(聲母對照表[白話字], MATCH(TRUE, EXACT(【聲】聲母排序表!$D9, 聲母對照表[方音符號]),0))} -> n
A10: 9 | B10: {=INDEX(聲母對照表[國際音標], MATCH(TRUE, EXACT(【聲】聲母排序表!$D10, 聲母對照表[方音符號]),0))} -> l | C10: {=INDEX(聲母對照表[十五音], MATCH(TRUE, EXACT(【聲】聲母排序表!$D10, 聲母對照表[方音符號]),0))} -> 柳 | D10: ㄌ | E10: {=INDEX(聲母對照表[台語注音], MATCH(TRUE, EXACT(【聲】聲母排序表!$D10, 聲母對照表[方音符號]),0))} -> ㄌ | F10: {=INDEX(聲母對照表[注音二式], MATCH(TRUE, EXACT(【聲】聲母排序表!$D10, 聲母對照表[方音符號]),0))} -> l | G10: {=INDEX(聲母對照表[閩拼方案], MATCH(TRUE, EXACT(【聲】聲母排序表!$D10, 聲母對照表[方音符號]),0))} -> l | H10: {=INDEX(聲母對照表[台羅拼音], MATCH(TRUE, EXACT(【聲】聲母排序表!$D10, 聲母對照表[方音符號]),0))} -> l | I10: {=INDEX(聲母對照表[台語音標], MATCH(TRUE, EXACT(【聲】聲母排序表!$D10, 聲母對照表[方音符號]),0))} -> l | J10: {=INDEX(聲母對照表[白話字], MATCH(TRUE, EXACT(【聲】聲母排序表!$D10, 聲母對照表[方音符號]),0))} -> l
A11: 10 | B11: {=INDEX(聲母對照表[國際音標], MATCH(TRUE, EXACT(【聲】聲母排序表!$D11, 聲母對照表[方音符號]),0))} -> k | C11: {=INDEX(聲母對照表[十五音], MATCH(TRUE, EXACT(【聲】聲母排序表!$D11, 聲母對照表[方音符號]),0))} -> 求 | D11: ㄍ | E11: {=INDEX(聲母對照表[台語注音], MATCH(TRUE, EXACT(【聲】聲母排序表!$D11, 聲母對照表[方音符號]),0))} -> ㄍ | F11: {=INDEX(聲母對照表[注音二式], MATCH(TRUE, EXACT(【聲】聲母排序表!$D11, 聲母對照表[方音符號]),0))} -> g | G11: {=INDEX(聲母對照表[閩拼方案], MATCH(TRUE, EXACT(【聲】聲母排序表!$D11, 聲母對照表[方音符號]),0))} -> g | H11: {=INDEX(聲母對照表[台羅拼音], MATCH(TRUE, EXACT(【聲】聲母排序表!$D11, 聲母對照表[方音符號]),0))} -> k | I11: {=INDEX(聲母對照表[台語音標], MATCH(TRUE, EXACT(【聲】聲母排序表!$D11, 聲母對照表[方音符號]),0))} -> k | J11: {=INDEX(聲母對照表[白話字], MATCH(TRUE, EXACT(【聲】聲母排序表!$D11, 聲母對照表[方音符號]),0))} -> k
A12: 11 | B12: {=INDEX(聲母對照表[國際音標], MATCH(TRUE, EXACT(【聲】聲母排序表!$D12, 聲母對照表[方音符號]),0))} -> ɡ | C12: {=INDEX(聲母對照表[十五音], MATCH(TRUE, EXACT(【聲】聲母排序表!$D12, 聲母對照表[方音符號]),0))} -> 語 | D12: ㆣ | E12: {=INDEX(聲母對照表[台語注音], MATCH(TRUE, EXACT(【聲】聲母排序表!$D12, 聲母對照表[方音符號]),0))} -> ㄫ | F12: {=INDEX(聲母對照表[注音二式], MATCH(TRUE, EXACT(【聲】聲母排序表!$D12, 聲母對照表[方音符號]),0))} -> gg | G12: {=INDEX(聲母對照表[閩拼方案], MATCH(TRUE, EXACT(【聲】聲母排序表!$D12, 聲母對照表[方音符號]),0))} -> gg | H12: {=INDEX(聲母對照表[台羅拼音], MATCH(TRUE, EXACT(【聲】聲母排序表!$D12, 聲母對照表[方音符號]),0))} -> g | I12: {=INDEX(聲母對照表[台語音標], MATCH(TRUE, EXACT(【聲】聲母排序表!$D12, 聲母對照表[方音符號]),0))} -> g | J12: {=INDEX(聲母對照表[白話字], MATCH(TRUE, EXACT(【聲】聲母排序表!$D12, 聲母對照表[方音符號]),0))} -> g
A13: 12 | B13: {=INDEX(聲母對照表[國際音標], MATCH(TRUE, EXACT(【聲】聲母排序表!$D13, 聲母對照表[方音符號]),0))} -> kʰ | C13: {=INDEX(聲母對照表[十五音], MATCH(TRUE, EXACT(【聲】聲母排序表!$D13, 聲母對照表[方音符號]),0))} -> 去 | D13: ㄎ | E13: {=INDEX(聲母對照表[台語注音], MATCH(TRUE, EXACT(【聲】聲母排序表!$D13, 聲母對照表[方音符號]),0))} -> ㄎ | F13: {=INDEX(聲母對照表[注音二式], MATCH(TRUE, EXACT(【聲】聲母排序表!$D13, 聲母對照表[方音符號]),0))} -> k | G13: {=INDEX(聲母對照表[閩拼方案], MATCH(TRUE, EXACT(【聲】聲母排序表!$D13, 聲母對照表[方音符號]),0))} -> k | H13: {=INDEX(聲母對照表[台羅拼音], MATCH(TRUE, EXACT(【聲】聲母排序表!$D13, 聲母對照表[方音符號]),0))} -> kh | I13: {=INDEX(聲母對照表[台語音標], MATCH(TRUE, EXACT(【聲】聲母排序表!$D13, 聲母對照表[方音符號]),0))} -> kh | J13: {=INDEX(聲母對照表[白話字], MATCH(TRUE, EXACT(【聲】聲母排序表!$D13, 聲母對照表[方音符號]),0))} -> kh
A14: 13 | B14: {=INDEX(聲母對照表[國際音標], MATCH(TRUE, EXACT(【聲】聲母排序表!$D14, 聲母對照表[方音符號]),0))} -> ŋ | C14: {=INDEX(聲母對照表[十五音], MATCH(TRUE, EXACT(【聲】聲母排序表!$D14, 聲母對照表[方音符號]),0))} -> 雅 | D14: ㄫ | E14: {=INDEX(聲母對照表[台語注音], MATCH(TRUE, EXACT(【聲】聲母排序表!$D14, 聲母對照表[方音符號]),0))} -> ⁰ㄫ | F14: {=INDEX(聲母對照表[注音二式], MATCH(TRUE, EXACT(【聲】聲母排序表!$D14, 聲母對照表[方音符號]),0))} -> ng | G14: {=INDEX(聲母對照表[閩拼方案], MATCH(TRUE, EXACT(【聲】聲母排序表!$D14, 聲母對照表[方音符號]),0))} -> ggn | H14: {=INDEX(聲母對照表[台羅拼音], MATCH(TRUE, EXACT(【聲】聲母排序表!$D14, 聲母對照表[方音符號]),0))} -> ng | I14: {=INDEX(聲母對照表[台語音標], MATCH(TRUE, EXACT(【聲】聲母排序表!$D14, 聲母對照表[方音符號]),0))} -> ng | J14: {=INDEX(聲母對照表[白話字], MATCH(TRUE, EXACT(【聲】聲母排序表!$D14, 聲母對照表[方音符號]),0))} -> ng
A15: 14 | B15: {=INDEX(聲母對照表[國際音標], MATCH(TRUE, EXACT(【聲】聲母排序表!$D15, 聲母對照表[方音符號]),0))} -> h | C15: {=INDEX(聲母對照表[十五音], MATCH(TRUE, EXACT(【聲】聲母排序表!$D15, 聲母對照表[方音符號]),0))} -> 喜 | D15: ㄏ | E15: {=INDEX(聲母對照表[台語注音], MATCH(TRUE, EXACT(【聲】聲母排序表!$D15, 聲母對照表[方音符號]),0))} -> ㄏ | F15: {=INDEX(聲母對照表[注音二式], MATCH(TRUE, EXACT(【聲】聲母排序表!$D15, 聲母對照表[方音符號]),0))} -> h | G15: {=INDEX(聲母對照表[閩拼方案], MATCH(TRUE, EXACT(【聲】聲母排序表!$D15, 聲母對照表[方音符號]),0))} -> h | H15: {=INDEX(聲母對照表[台羅拼音], MATCH(TRUE, EXACT(【聲】聲母排序表!$D15, 聲母對照表[方音符號]),0))} -> h | I15: {=INDEX(聲母對照表[台語音標], MATCH(TRUE, EXACT(【聲】聲母排序表!$D15, 聲母對照表[方音符號]),0))} -> h | J15: {=INDEX(聲母對照表[白話字], MATCH(TRUE, EXACT(【聲】聲母排序表!$D15, 聲母對照表[方音符號]),0))} -> h
A16: 15 | B16: {=INDEX(聲母對照表[國際音標], MATCH(TRUE, EXACT(【聲】聲母排序表!$D16, 聲母對照表[方音符號]),0))} -> ʨ | C16: {=INDEX(聲母對照表[十五音], MATCH(TRUE, EXACT(【聲】聲母排序表!$D16, 聲母對照表[方音符號]),0))} -> 曾 | D16: ㄐ | E16: {=INDEX(聲母對照表[台語注音], MATCH(TRUE, EXACT(【聲】聲母排序表!$D16, 聲母對照表[方音符號]),0))} -> ㄐ | F16: {=INDEX(聲母對照表[注音二式], MATCH(TRUE, EXACT(【聲】聲母排序表!$D16, 聲母對照表[方音符號]),0))} -> j | G16: {=INDEX(聲母對照表[閩拼方案], MATCH(TRUE, EXACT(【聲】聲母排序表!$D16, 聲母對照表[方音符號]),0))} -> zi | H16: {=INDEX(聲母對照表[台羅拼音], MATCH(TRUE, EXACT(【聲】聲母排序表!$D16, 聲母對照表[方音符號]),0))} -> tsi | I16: {=INDEX(聲母對照表[台語音標], MATCH(TRUE, EXACT(【聲】聲母排序表!$D16, 聲母對照表[方音符號]),0))} -> zi | J16: {=INDEX(聲母對照表[白話字], MATCH(TRUE, EXACT(【聲】聲母排序表!$D16, 聲母對照表[方音符號]),0))} -> chi | K16: ㄐ = ㄗㄧ
A17: 16 | B17: {=INDEX(聲母對照表[國際音標], MATCH(TRUE, EXACT(【聲】聲母排序表!$D17, 聲母對照表[方音符號]),0))} -> ʥ | C17: {=INDEX(聲母對照表[十五音], MATCH(TRUE, EXACT(【聲】聲母排序表!$D17, 聲母對照表[方音符號]),0))} -> 入 | D17: ㆢ | E17: {=INDEX(聲母對照表[台語注音], MATCH(TRUE, EXACT(【聲】聲母排序表!$D17, 聲母對照表[方音符號]),0))} -> ㄖ | F17: {=INDEX(聲母對照表[注音二式], MATCH(TRUE, EXACT(【聲】聲母排序表!$D17, 聲母對照表[方音符號]),0))} -> jj | G17: {=INDEX(聲母對照表[閩拼方案], MATCH(TRUE, EXACT(【聲】聲母排序表!$D17, 聲母對照表[方音符號]),0))} -> zzi | H17: {=INDEX(聲母對照表[台羅拼音], MATCH(TRUE, EXACT(【聲】聲母排序表!$D17, 聲母對照表[方音符號]),0))} -> ji | I17: {=INDEX(聲母對照表[台語音標], MATCH(TRUE, EXACT(【聲】聲母排序表!$D17, 聲母對照表[方音符號]),0))} -> ji | J17: {=INDEX(聲母對照表[白話字], MATCH(TRUE, EXACT(【聲】聲母排序表!$D17, 聲母對照表[方音符號]),0))} -> ji | K17: ㆢ = ㆡㄧ
A18: 17 | B18: {=INDEX(聲母對照表[國際音標], MATCH(TRUE, EXACT(【聲】聲母排序表!$D18, 聲母對照表[方音符號]),0))} -> ʨʰ | C18: {=INDEX(聲母對照表[十五音], MATCH(TRUE, EXACT(【聲】聲母排序表!$D18, 聲母對照表[方音符號]),0))} -> 出 | D18: ㄑ | E18: {=INDEX(聲母對照表[台語注音], MATCH(TRUE, EXACT(【聲】聲母排序表!$D18, 聲母對照表[方音符號]),0))} -> ㄑ | F18: {=INDEX(聲母對照表[注音二式], MATCH(TRUE, EXACT(【聲】聲母排序表!$D18, 聲母對照表[方音符號]),0))} -> ch | G18: {=INDEX(聲母對照表[閩拼方案], MATCH(TRUE, EXACT(【聲】聲母排序表!$D18, 聲母對照表[方音符號]),0))} -> ci | H18: {=INDEX(聲母對照表[台羅拼音], MATCH(TRUE, EXACT(【聲】聲母排序表!$D18, 聲母對照表[方音符號]),0))} -> tshi | I18: {=INDEX(聲母對照表[台語音標], MATCH(TRUE, EXACT(【聲】聲母排序表!$D18, 聲母對照表[方音符號]),0))} -> ci | J18: {=INDEX(聲母對照表[白話字], MATCH(TRUE, EXACT(【聲】聲母排序表!$D18, 聲母對照表[方音符號]),0))} -> chhi | K18: ㄑ = ㄘㄧ
A19: 18 | B19: {=INDEX(聲母對照表[國際音標], MATCH(TRUE, EXACT(【聲】聲母排序表!$D19, 聲母對照表[方音符號]),0))} -> ɕ | C19: {=INDEX(聲母對照表[十五音], MATCH(TRUE, EXACT(【聲】聲母排序表!$D19, 聲母對照表[方音符號]),0))} -> 時 | D19: ㄒ | E19: {=INDEX(聲母對照表[台語注音], MATCH(TRUE, EXACT(【聲】聲母排序表!$D19, 聲母對照表[方音符號]),0))} -> ㄒ | F19: {=INDEX(聲母對照表[注音二式], MATCH(TRUE, EXACT(【聲】聲母排序表!$D19, 聲母對照表[方音符號]),0))} -> sh | G19: {=INDEX(聲母對照表[閩拼方案], MATCH(TRUE, EXACT(【聲】聲母排序表!$D19, 聲母對照表[方音符號]),0))} -> si | H19: {=INDEX(聲母對照表[台羅拼音], MATCH(TRUE, EXACT(【聲】聲母排序表!$D19, 聲母對照表[方音符號]),0))} -> si | I19: {=INDEX(聲母對照表[台語音標], MATCH(TRUE, EXACT(【聲】聲母排序表!$D19, 聲母對照表[方音符號]),0))} -> si | J19: {=INDEX(聲母對照表[白話字], MATCH(TRUE, EXACT(【聲】聲母排序表!$D19, 聲母對照表[方音符號]),0))} -> si | K19: ㄒ = ㄙㄧ
A20: 19 | B20: {=INDEX(聲母對照表[國際音標], MATCH(TRUE, EXACT(【聲】聲母排序表!$D20, 聲母對照表[方音符號]),0))} -> ʦ | C20: {=INDEX(聲母對照表[十五音], MATCH(TRUE, EXACT(【聲】聲母排序表!$D20, 聲母對照表[方音符號]),0))} -> 曾 | D20: ㄗ | E20: {=INDEX(聲母對照表[台語注音], MATCH(TRUE, EXACT(【聲】聲母排序表!$D20, 聲母對照表[方音符號]),0))} -> ㄗ | F20: {=INDEX(聲母對照表[注音二式], MATCH(TRUE, EXACT(【聲】聲母排序表!$D20, 聲母對照表[方音符號]),0))} -> z | G20: {=INDEX(聲母對照表[閩拼方案], MATCH(TRUE, EXACT(【聲】聲母排序表!$D20, 聲母對照表[方音符號]),0))} -> z | H20: {=INDEX(聲母對照表[台羅拼音], MATCH(TRUE, EXACT(【聲】聲母排序表!$D20, 聲母對照表[方音符號]),0))} -> ts | I20: {=INDEX(聲母對照表[台語音標], MATCH(TRUE, EXACT(【聲】聲母排序表!$D20, 聲母對照表[方音符號]),0))} -> z | J20: {=INDEX(聲母對照表[白話字], MATCH(TRUE, EXACT(【聲】聲母排序表!$D20, 聲母對照表[方音符號]),0))} -> ch
A21: 20 | B21: {=INDEX(聲母對照表[國際音標], MATCH(TRUE, EXACT(【聲】聲母排序表!$D21, 聲母對照表[方音符號]),0))} -> ʣ | C21: {=INDEX(聲母對照表[十五音], MATCH(TRUE, EXACT(【聲】聲母排序表!$D21, 聲母對照表[方音符號]),0))} -> 入 | D21: ㆡ | E21: {=INDEX(聲母對照表[台語注音], MATCH(TRUE, EXACT(【聲】聲母排序表!$D21, 聲母對照表[方音符號]),0))} -> ㄖ | F21: {=INDEX(聲母對照表[注音二式], MATCH(TRUE, EXACT(【聲】聲母排序表!$D21, 聲母對照表[方音符號]),0))} -> zz | G21: {=INDEX(聲母對照表[閩拼方案], MATCH(TRUE, EXACT(【聲】聲母排序表!$D21, 聲母對照表[方音符號]),0))} -> zz | H21: {=INDEX(聲母對照表[台羅拼音], MATCH(TRUE, EXACT(【聲】聲母排序表!$D21, 聲母對照表[方音符號]),0))} -> j | I21: {=INDEX(聲母對照表[台語音標], MATCH(TRUE, EXACT(【聲】聲母排序表!$D21, 聲母對照表[方音符號]),0))} -> j | J21: {=INDEX(聲母對照表[白話字], MATCH(TRUE, EXACT(【聲】聲母排序表!$D21, 聲母對照表[方音符號]),0))} -> j
A22: 21 | B22: {=INDEX(聲母對照表[國際音標], MATCH(TRUE, EXACT(【聲】聲母排序表!$D22, 聲母對照表[方音符號]),0))} -> ʦʰ | C22: {=INDEX(聲母對照表[十五音], MATCH(TRUE, EXACT(【聲】聲母排序表!$D22, 聲母對照表[方音符號]),0))} -> 出 | D22: ㄘ | E22: {=INDEX(聲母對照表[台語注音], MATCH(TRUE, EXACT(【聲】聲母排序表!$D22, 聲母對照表[方音符號]),0))} -> ㄘ | F22: {=INDEX(聲母對照表[注音二式], MATCH(TRUE, EXACT(【聲】聲母排序表!$D22, 聲母對照表[方音符號]),0))} -> c | G22: {=INDEX(聲母對照表[閩拼方案], MATCH(TRUE, EXACT(【聲】聲母排序表!$D22, 聲母對照表[方音符號]),0))} -> c | H22: {=INDEX(聲母對照表[台羅拼音], MATCH(TRUE, EXACT(【聲】聲母排序表!$D22, 聲母對照表[方音符號]),0))} -> tsh | I22: {=INDEX(聲母對照表[台語音標], MATCH(TRUE, EXACT(【聲】聲母排序表!$D22, 聲母對照表[方音符號]),0))} -> c | J22: {=INDEX(聲母對照表[白話字], MATCH(TRUE, EXACT(【聲】聲母排序表!$D22, 聲母對照表[方音符號]),0))} -> chh
A23: 22 | B23: {=INDEX(聲母對照表[國際音標], MATCH(TRUE, EXACT(【聲】聲母排序表!$D23, 聲母對照表[方音符號]),0))} -> s | C23: {=INDEX(聲母對照表[十五音], MATCH(TRUE, EXACT(【聲】聲母排序表!$D23, 聲母對照表[方音符號]),0))} -> 時 | D23: ㄙ | E23: {=INDEX(聲母對照表[台語注音], MATCH(TRUE, EXACT(【聲】聲母排序表!$D23, 聲母對照表[方音符號]),0))} -> ㄙ | F23: {=INDEX(聲母對照表[注音二式], MATCH(TRUE, EXACT(【聲】聲母排序表!$D23, 聲母對照表[方音符號]),0))} -> s | G23: {=INDEX(聲母對照表[閩拼方案], MATCH(TRUE, EXACT(【聲】聲母排序表!$D23, 聲母對照表[方音符號]),0))} -> s | H23: {=INDEX(聲母對照表[台羅拼音], MATCH(TRUE, EXACT(【聲】聲母排序表!$D23, 聲母對照表[方音符號]),0))} -> s | I23: {=INDEX(聲母對照表[台語音標], MATCH(TRUE, EXACT(【聲】聲母排序表!$D23, 聲母對照表[方音符號]),0))} -> s | J23: {=INDEX(聲母對照表[白話字], MATCH(TRUE, EXACT(【聲】聲母排序表!$D23, 聲母對照表[方音符號]),0))} -> s

Sheet 【聲】聲母對照表
A1: 識別號 | B1: 國際音標 | C1: 漢字例 | D1: 十五音 | E1: 方音符號 | F1: 台語注音 | G1: 注音二式 | H1: 閩拼方案 | I1: 台羅拼音 | J1: 台語音標 | K1: 白話字 | L1: 備註 | M1: 注音符號序 | N1: 十五音序 | O1: 台羅字母序 | P1: 拼音字母序 | U1: Ø | V1: Ø
A2: 1 | C2: 以 | D2: 英 | L2: Ø | M2: 1 | N2: 11 | O2: 1 | P2: 1 | S2: 1 | T2: ㄅ | U2: l | V2: l
A3: 2 | B3: p | C3: 比 | D3: 邊 | E3: ㄅ | F3: ㄅ | G3: b | H3: b | I3: p | J3: p | K3: p | M3: 2 | N3: 2 | O3: 13 | P3: 2 | S3: 2 | T3: ㆠ | U3: b | V3: b
A4: 3 | B4: b | C4: 美 | D4: 門 | E4: ㆠ | F4: ㄪ | G4: bb | H4: bb | I4: b | J4: b | K4: b | M4: 3 | N4: 12 | O4: 2 | P4: =P3+1 -> 3 | S4: 3 | T4: ㄆ | U4: g | V4: g
A5: 4 | B5: pʰ | C5: 鄙 | D5: 頗 | E5: ㄆ | F5: ㄆ | G5: p | H5: p | I5: ph | J5: ph | K5: ph | M5: 4 | N5: 6 | O5: 14 | P5: =P4+1 -> 4 | S5: 4 | T5: ㄇ | U5: k | V5: k
A6: 5 | B6: m | C6: 毛 | D6: 毛 | E6: ㄇ | F6: ㄇ | G6: m | H6: bbn | I6: m | J6: m | K6: m | L6: b/m 本不分，此處分門/毛 | M6: 5 | N6: 16 | O6: 10 | P6: =P5+1 -> 5 | S6: 5 | T6: ㄉ | U6: d | V6: d
A7: 6 | B7: t | C7: 底 | D7: 地 | E7: ㄉ | F7: ㄉ | G7: d | H7: d | I7: t | J7: t | K7: t | M7: 6 | N7: 5 | O7: 17 | P7: =P6+1 -> 6 | S7: 6 | T7: ㄊ | U7: p | V7: p
A8: 7 | B8: tʰ | C8: 恥 | D8: 他 | E8: ㄊ | F8: ㄊ | G8: t | H8: t | I8: th | J8: th | K8: th | M8: 7 | N8: 7 | O8: 18 | P8: =P7+1 -> 7 | S8: 7 | T8: ㄋ | U8: t | V8: t
A9: 8 | B9: n | C9: 耐 | D9: 耐 | E9: ㄋ | F9: ㄋ | G9: n | H9: ln | I9: n | J9: n | K9: n | L9: l/n 本不分，此處分柳/耐 | M9: 8 | N9: 17 | O9: 11 | P9: =P8+1 -> 8 | S9: 8 | T9: ㄌ | U9: z | V9: z
A10: 9 | B10: l | C10: 理 | D10: 柳 | E10: ㄌ | F10: ㄌ | G10: l | H10: l | I10: l | J10: l | K10: l | M10: 9 | N10: 1 | O10: 9 | P10: =P9+1 -> 9 | S10: 9 | T10: ㄍ | U10: zz | V10: zz
A11: 10 | B11: k | C11: 己 | D11: 求 | E11: ㄍ | F11: ㄍ | G11: g | H11: g | I11: k | J11: k | K11: k | M11: 10 | N11: 3 | O11: 7 | P11: =P10+1 -> 10 | S11: 10 | T11: ㆣ | U11: s | V11: s
A12: 11 | B12: ɡ | C12: 禦 | D12: 語 | E12: ㆣ | F12: ㄫ | G12: gg | H12: gg | I12: g | J12: g | K12: g | M12: 11 | N12: 13 | O12: 3 | P12: =P11+1 -> 11 | S12: 11 | T12: ㄎ | U12: bb | V12: bb
A13: 12 | B13: kʰ | C13: 起 | D13: 去 | E13: ㄎ | F13: ㄎ | G13: k | H13: k | I13: kh | J13: kh | K13: kh | M13: 12 | N13: 4 | O13: 8 | P13: =P12+1 -> 12 | S13: 12 | T13: ㄫ | U13: gg | V13: gg
A14: 13 | B14: ŋ | C14: 雅 | D14: 雅 | E14: ㄫ | F14: ⁰ㄫ | G14: ng | H14: ggn | I14: ng | J14: ng | K14: ng | L14: g/ng 本不分，此處分語/雅 | M14: 13 | N14: 18 | O14: 12 | P14: =P13+1 -> 13 | S14: 13 | T14: ㄏ | U14: c | V14: c
A15: 14 | B15: h | C15: 喜 | D15: 喜 | E15: ㄏ | F15: ㄏ | G15: h | H15: h | I15: h | J15: h | K15: h | M15: 14 | N15: 15 | O15: 4 | P15: =P14+1 -> 14 | S15: 14 | T15: ㄐ | U15: h | V15: h
A16: 15 | B16: ʨ | C16: 止 | D16: 曾 | E16: ㄐ | F16: ㄐ | G16: j | H16: zi | I16: tsi | J16: zi | K16: chi | L16: ㄐ = ㄗㄧ | M16: 15 | N16: 20 | O16: 22 | P16: =P15+1 -> 15 | S16: 15 | T16: ㆢ | U16: m | V16: bbn
A17: 16 | B17: ʥ | C17: 熱 | D17: 入 | E17: ㆢ | F17: ㄖ | G17: jj | H17: zzi | I17: ji | J17: ji | K17: ji | L17: ㆢ = ㆡㄧ | M17: 16 | N17: 19 | O17: 6 | P17: =P16+1 -> 16 | S17: 16 | T17: ㄑ | U17: n | V17: ln
A18: 17 | B18: ʨʰ | C18: 測 | D18: 出 | E18: ㄑ | F18: ㄑ | G18: ch | H18: ci | I18: tshi | J18: ci | K18: chhi | L18: ㄑ = ㄘㄧ | M18: 17 | N18: 21 | O18: 21 | P18: =P17+1 -> 17 | S18: 17 | T18: ㄒ | U18: ng | V18: ggn
A19: 18 | B19: ɕ | C19: 惜 | D19: 時 | E19: ㄒ | F19: ㄒ | G19: sh | H19: si | I19: si | J19: si | K19: si | L19: ㄒ = ㄙㄧ | M19: 18 | N19: 22 | O19: 16 | P19: =P18+1 -> 18 | S19: 18 | T19: ㄗ | U19: jji | V19: zzi
A20: 19 | B20: ʦ | C20: 阻 | D20: 曾 | E20: ㄗ | F20: ㄗ | G20: z | H20: z | I20: ts | J20: z | K20: ch | M20: 19 | N20: 8 | O20: 19 | P20: =P19+1 -> 19 | S20: 19 | T20: ㆡ | U20: ji | V20: zi
A21: 20 | B21: ʣ | C21: 熱 | D21: 入 | E21: ㆡ | F21: ㄖ | G21: zz | H21: zz | I21: j | J21: j | K21: j | M21: 20 | N21: 9 | O21: 5 | P21: =P20+1 -> 20 | S21: 20 | T21: ㄘ | U21: chi | V21: ci
A22: 21 | B22: ʦʰ | C22: 取 | D22: 出 | E22: ㄘ | F22: ㄘ | G22: c | H22: c | I22: tsh | J22: c | K22: chh | M22: 21 | N22: 14 | O22: 20 | P22: =P21+1 -> 21 | S22: 21 | T22: ㄙ | U22: shi | V22: si
A23: 22 | B23: s | C23: 詞 | D23: 時 | E23: ㄙ | F23: ㄙ | G23: s | H23: s | I23: s | J23: s | K23: s | M23: 22 | N23: 10 | O23: 15 | P23: =P22+1 -> 22

Sheet 【韻】韻母對照表
A2: 序號 | B2: 國際音標 | C2: 漢字例 | D2: 十五音 | E2: 十五音識別碼 | F2: 方音符號 | G2: 台語注音 | H2: 台語注音二式 | I2: 閩拼方案 | J2: 台羅拼音 | K2: 台語音標 | L2: 白話字 | M2: 聲韻調類 | N2: 字長 | P2: 台羅拼音 | Q2: 台語音標 | S2: 台羅拼音 | T2: 標調字母 | U2: search() | V2: 台語音標 | AB2: U+0301 | AC2: U+0300 | AE2: U+030C | AF2: U+0301 | AG2: U+0304 | AH2: U+030D | AI2: U+030B | AJ2: U+030A
A3: =ROW() - 3 -> 0 | B3: a | C3: 些 | D3: =LEFT(韻母表[[#This Row],[十五音識別碼]],1) -> 膠 | E3: 膠（舒） | F3: ㄚ | G3: ㄚ | H3: a | I3: a | J3: a | K3: a | L3: a | N3: =LEN(K3) -> 1 | P3: =J3 -> a | Q3: =K3 -> a | S3: =_xlfn.CONCAT(P3, "(\d)") -> a(\d) | T3: a | U3: =IFERROR( IF(T3="", "", SEARCH(T3, $P3)), "") -> 1 | V3: =IFERROR( _xlfn.CONCAT(LEFT(P3,U3-1), "》", MID(P3,U3,1), "${1}", RIGHT(P3, LEN(P3)-U3)), "" ) -> 》a${1} | X3: =IF(AND(Q3<>"", P3<>""), " - xform/》" & S3 & "/" & V3 & "/", "") -> - xform/》a(\d)/》a${1}/ | Z3: a | AA3: =_xlfn.CONCAT($Z3, IF(AA$2="", "", _xlfn.UNICHAR( HEX2DEC( RIGHT(AA$2,4))))) -> a | AB3: =_xlfn.CONCAT($Z3, IF(AB$2="", "", _xlfn.UNICHAR( HEX2DEC( RIGHT(AB$2,4))))) -> á | AC3: =_xlfn.CONCAT($Z3, IF(AC$2="", "", _xlfn.UNICHAR( HEX2DEC( RIGHT(AC$2,4))))) -> à | AD3: =_xlfn.CONCAT($Z3, IF(AD$2="", "", _xlfn.UNICHAR( HEX2DEC( RIGHT(AD$2,4))))) -> a | AE3: =_xlfn.CONCAT($Z3, IF(AE$2="", "", _xlfn.UNICHAR( HEX2DEC( RIGHT(AE$2,4))))) -> ǎ | AF3: =_xlfn.CONCAT($Z3, IF(AF$2="", "", _xlfn.UNICHAR( HEX2DEC( RIGHT(AF$2,4))))) -> á | AG3: =_xlfn.CONCAT($Z3, IF(AG$2="", "", _xlfn.UNICHAR( HEX2DEC( RIGHT(AG$2,4))))) -> ā | AH3: =_xlfn.CONCAT($Z3, IF(AH$2="", "", _xlfn.UNICHAR( HEX2DEC( RIGHT(AH$2,4))))) -> a̍ | ... AJ3: =_xlfn.CONCAT($Z3, IF(AJ$2="", "", _xlfn.UNICHAR( HEX2DEC( RIGHT(AJ$2,4))))) -> å | AL3: =_xlfn.CONCAT(" - xform/》", $Z3, [5]【調】韻母標調!AJ$1, "/", AA3, "/") -> - xform/》a1/a/ | AM3: =_xlfn.CONCAT(" - xform/》", $Z3, [5]【調】韻母標調!AK$1, "/", AB3, "/") -> - xform/》a2/á/ | AN3: =_xlfn.CONCAT(" - xform/》", $Z3, [5]【調】韻母標調!AL$1, "/", AC3, "/") -> - xform/》a3/à/ | AO3: =_xlfn.CONCAT(" - xform/》", $Z3, [5]【調】韻母標調!AM$1, "/", AD3, "/") -> - xform/》a4/a/ | AP3: =_xlfn.CONCAT(" - xform/》", $Z3, [5]【調】韻母標調!AN$1, "/", AE3, "/") -> - xform/》a5/ǎ/ | AQ3: =_xlfn.CONCAT(" - xform/》", $Z3, [5]【調】韻母標調!AO$1, "/", AF3, "/") -> - xform/》a6/á/ | AR3: =_xlfn.CONCAT(" - xform/》", $Z3, [5]【調】韻母標調!AP$1, "/", AG3, "/") -> - xform/》a7/ā/ | AS3: =_xlfn.CONCAT(" - xform/》", $Z3, [5]【調】韻母標調!AQ$1, "/", AH3, "/") -> - xform/》a8/a̍/ | ... AU3: =_xlfn.CONCAT(" - xform/》", $Z3, [5]【調】韻母標調!AS$1, "/", AJ3, "/") -> - xform/》a9/å/
A4: =ROW() - 3 -> 1 | B4: aʔ | C4: 百 | D4: =LEFT(韻母表[[#This Row],[十五音識別碼]],1) -> 膠 | E4: 膠（促） | F4: ㄚㆷ | G4: ㄚㄏ | H4: ah | I4: ah | J4: ah | K4: ah | L4: ah | N4: =LEN(K4) -> 2 | P4: =J4 -> ah | Q4: =K4 -> ah | S4: =_xlfn.CONCAT(P4, "(\d)") -> ah(\d) | T4: a | U4: =IFERROR( IF(T4="", "", SEARCH(T4, $P4)), "") -> 1 | V4: =IFERROR( _xlfn.CONCAT(LEFT(P4,U4-1), "》", MID(P4,U4,1), "${1}", RIGHT(P4, LEN(P4)-U4)), "" ) -> 》a${1}h | X4: =IF(AND(Q4<>"", P4<>""), " - xform/》" & S4 & "/" & V4 & "/", "") -> - xform/》ah(\d)/》a${1}h/ | Z4: u | AA4: =_xlfn.CONCAT($Z4, IF(AA$2="", "", _xlfn.UNICHAR( HEX2DEC( RIGHT(AA$2,4))))) -> u | AB4: =_xlfn.CONCAT($Z4, IF(AB$2="", "", _xlfn.UNICHAR( HEX2DEC( RIGHT(AB$2,4))))) -> ú | AC4: =_xlfn.CONCAT($Z4, IF(AC$2="", "", _xlfn.UNICHAR( HEX2DEC( RIGHT(AC$2,4))))) -> ù | AD4: =_xlfn.CONCAT($Z4, IF(AD$2="", "", _xlfn.UNICHAR( HEX2DEC( RIGHT(AD$2,4))))) -> u | AE4: =_xlfn.CONCAT($Z4, IF(AE$2="", "", _xlfn.UNICHAR( HEX2DEC( RIGHT(AE$2,4))))) -> ǔ | AF4: =_xlfn.CONCAT($Z4, IF(AF$2="", "", _xlfn.UNICHAR( HEX2DEC( RIGHT(AF$2,4))))) -> ú | AG4: =_xlfn.CONCAT($Z4, IF(AG$2="", "", _xlfn.UNICHAR( HEX2DEC( RIGHT(AG$2,4))))) -> ū | AH4: =_xlfn.CONCAT($Z4, IF(AH$2="", "", _xlfn.UNICHAR( HEX2DEC( RIGHT(AH$2,4))))) -> u̍ | ... AJ4: =_xlfn.CONCAT($Z4, IF(AJ$2="", "", _xlfn.UNICHAR( HEX2DEC( RIGHT(AJ$2,4))))) -> ů | AL4: =_xlfn.CONCAT(" - xform/》", $Z4, [5]【調】韻母標調!AJ$1, "/", AA4, "/") -> - xform/》u1/u/ | AM4: =_xlfn.CONCAT(" - xform/》", $Z4, [5]【調】韻母標調!AK$1, "/", AB4, "/") -> - xform/》u2/ú/ | AN4: =_xlfn.CONCAT(" - xform/》", $Z4, [5]【調】韻母標調!AL$1, "/", AC4, "/") -> - xform/》u3/ù/ | AO4: =_xlfn.CONCAT(" - xform/》", $Z4, [5]【調】韻母標調!AM$1, "/", AD4, "/") -> - xform/》u4/u/ | AP4: =_xlfn.CONCAT(" - xform/》", $Z4, [5]【調】韻母標調!AN$1, "/", AE4, "/") -> - xform/》u5/ǔ/ | AQ4: =_xlfn.CONCAT(" - xform/》", $Z4, [5]【調】韻母標調!AO$1, "/", AF4, "/") -> - xform/》u6/ú/ | AR4: =_xlfn.CONCAT(" - xform/》", $Z4, [5]【調】韻母標調!AP$1, "/", AG4, "/") -> - xform/》u7/ū/ | AS4: =_xlfn.CONCAT(" - xform/》", $Z4, [5]【調】韻母標調!AQ$1, "/", AH4, "/") -> - xform/》u8/u̍/ | ... AU4: =_xlfn.CONCAT(" - xform/》", $Z4, [5]【調】韻母標調!AS$1, "/", AJ4, "/") -> - xform/》u9/ů/
A5: =ROW() - 3 -> 2 | B5: aɪ | C5: 埃 | D5: =LEFT(韻母表[[#This Row],[十五音識別碼]],1) -> 皆 | E5: 皆（舒） | F5: ㄞ | G5: ㄞ | H5: ai | I5: ai | J5: ai | K5: ai | L5: ai | N5: =LEN(K5) -> 2 | P5: =J5 -> ai | Q5: =K5 -> ai | S5: =_xlfn.CONCAT(P5, "(\d)") -> ai(\d) | T5: o | U5: =IFERROR( IF(T5="", "", SEARCH(T5, $P5)), "") | V5: =IFERROR( _xlfn.CONCAT(LEFT(P5,U5-1), "》", MID(P5,U5,1), "${1}", RIGHT(P5, LEN(P5)-U5)), "" ) | X5: =IF(AND(Q5<>"", P5<>""), " - xform/》" & S5 & "/" & V5 & "/", "") -> - xform/》ai(\d)//
A6: =ROW() - 3 -> 3 | B6: aɪʔ | C6: ◯ | D6: =LEFT(韻母表[[#This Row],[十五音識別碼]],1) -> 皆 | E6: 皆（促） | F6: ㄞㆷ | G6: ㄞㄏ | H6: aih | I6: aih | J6: aih | K6: aih | L6: aih | N6: =LEN(K6) -> 3 | P6: =J6 -> aih | Q6: =K6 -> aih | S6: =_xlfn.CONCAT(P6, "(\d)") -> aih(\d) | T6: a | U6: =IFERROR( IF(T6="", "", SEARCH(T6, $P6)), "") -> 1 | V6: =IFERROR( _xlfn.CONCAT(LEFT(P6,U6-1), "》", MID(P6,U6,1), "${1}", RIGHT(P6, LEN(P6)-U6)), "" ) -> 》a${1}ih | X6: =IF(AND(Q6<>"", P6<>""), " - xform/》" & S6 & "/" & V6 & "/", "") -> - xform/》aih(\d)/》a${1}ih/
A7: =ROW() - 3 -> 4 | B7: ãɪ | C7: 挨 | D7: =LEFT(韻母表[[#This Row],[十五音識別碼]],1) -> 閒 | E7: 閒（舒） | F7: ㆮ | G7: ⁰ㄞ | H7: ainn | I7: nai | J7: ainn | K7: ainn | L7: aiⁿ | M7: 韻-鼻 | N7: =LEN(K7) -> 4 | P7: =J7 -> ainn | Q7: =K7 -> ainn | S7: =_xlfn.CONCAT(P7, "(\d)") -> ainn(\d) | T7: a | U7: =IFERROR( IF(T7="", "", SEARCH(T7, $P7)), "") -> 1 | V7: =IFERROR( _xlfn.CONCAT(LEFT(P7,U7-1), "》", MID(P7,U7,1), "${1}", RIGHT(P7, LEN(P7)-U7)), "" ) -> 》a${1}inn | X7: =IF(AND(Q7<>"", P7<>""), " - xform/》" & S7 & "/" & V7 & "/", "") -> - xform/》ainn(\d)/》a${1}inn/
A8: =ROW() - 3 -> 5 | B8: =_xlfn.CONCAT("a","k",_xlfn.UNICHAR(794)) -> ak̚ | C8: 角 | D8: =LEFT(韻母表[[#This Row],[十五音識別碼]],1) -> 江 | E8: 江（促） | F8: ㄚㆻ | G8: ㄚㄍ | H8: ak | I8: ak | J8: ak | K8: ak | L8: ak | N8: =LEN(K8) -> 2 | P8: =J8 -> ak | Q8: =K8 -> ak | S8: =_xlfn.CONCAT(P8, "(\d)") -> ak(\d) | T8: e | U8: =IFERROR( IF(T8="", "", SEARCH(T8, $P8)), "") | V8: =IFERROR( _xlfn.CONCAT(LEFT(P8,U8-1), "》", MID(P8,U8,1), "${1}", RIGHT(P8, LEN(P8)-U8)), "" ) | X8: =IF(AND(Q8<>"", P8<>""), " - xform/》" & S8 & "/" & V8 & "/", "") -> - xform/》ak(\d)//
A9: =ROW() - 3 -> 6 | B9: am | C9: 堪 | D9: =LEFT(韻母表[[#This Row],[十五音識別碼]],1) -> 甘 | E9: 甘（舒） | F9: ㆰ | G9: ㄚㄇ | H9: am | I9: am | J9: am | K9: am | L9: am | N9: =LEN(K9) -> 2 | P9: =J9 -> am | Q9: =K9 -> am | S9: =_xlfn.CONCAT(P9, "(\d)") -> am(\d) | T9: a | U9: =IFERROR( IF(T9="", "", SEARCH(T9, $P9)), "") -> 1 | V9: =IFERROR( _xlfn.CONCAT(LEFT(P9,U9-1), "》", MID(P9,U9,1), "${1}", RIGHT(P9, LEN(P9)-U9)), "" ) -> 》a${1}m | X9: =IF(AND(Q9<>"", P9<>""), " - xform/》" & S9 & "/" & V9 & "/", "") -> - xform/》am(\d)/》a${1}m/ | Z9: o | AA9: =_xlfn.CONCAT($Z9, IF(AA$2="", "", _xlfn.UNICHAR( HEX2DEC( RIGHT(AA$2,4))))) -> o | AB9: =_xlfn.CONCAT($Z9, IF(AB$2="", "", _xlfn.UNICHAR( HEX2DEC( RIGHT(AB$2,4))))) -> ó | AC9: =_xlfn.CONCAT($Z9, IF(AC$2="", "", _xlfn.UNICHAR( HEX2DEC( RIGHT(AC$2,4))))) -> ò | AD9: =_xlfn.CONCAT($Z9, IF(AD$2="", "", _xlfn.UNICHAR( HEX2DEC( RIGHT(AD$2,4))))) -> o | AE9: =_xlfn.CONCAT($Z9, IF(AE$2="", "", _xlfn.UNICHAR( HEX2DEC( RIGHT(AE$2,4))))) -> ǒ | AF9: =_xlfn.CONCAT($Z9, IF(AF$2="", "", _xlfn.UNICHAR( HEX2DEC( RIGHT(AF$2,4))))) -> ó | AG9: =_xlfn.CONCAT($Z9, IF(AG$2="", "", _xlfn.UNICHAR( HEX2DEC( RIGHT(AG$2,4))))) -> ō | AH9: =_xlfn.CONCAT($Z9, IF(AH$2="", "", _xlfn.UNICHAR( HEX2DEC( RIGHT(AH$2,4))))) -> o̍ | ... AJ9: =_xlfn.CONCAT($Z9, IF(AJ$2="", "", _xlfn.UNICHAR( HEX2DEC( RIGHT(AJ$2,4))))) -> o̊ | AL9: =_xlfn.CONCAT(" - xform/》", $Z9, [5]【調】韻母標調!AJ$1, "/", AA9, "/") -> - xform/》o1/o/ | AM9: =_xlfn.CONCAT(" - xform/》", $Z9, [5]【調】韻母標調!AK$1, "/", AB9, "/") -> - xform/》o2/ó/ | AN9: =_xlfn.CONCAT(" - xform/》", $Z9, [5]【調】韻母標調!AL$1, "/", AC9, "/") -> - xform/》o3/ò/ | AO9: =_xlfn.CONCAT(" - xform/》", $Z9, [5]【調】韻母標調!AM$1, "/", AD9, "/") -> - xform/》o4/o/ | AP9: =_xlfn.CONCAT(" - xform/》", $Z9, [5]【調】韻母標調!AN$1, "/", AE9, "/") -> - xform/》o5/ǒ/ | AQ9: =_xlfn.CONCAT(" - xform/》", $Z9, [5]【調】韻母標調!AO$1, "/", AF9, "/") -> - xform/》o6/ó/ | AR9: =_xlfn.CONCAT(" - xform/》", $Z9, [5]【調】韻母標調!AP$1, "/", AG9, "/") -> - xform/》o7/ō/ | AS9: =_xlfn.CONCAT(" - xform/》", $Z9, [5]【調】韻母標調!AQ$1, "/", AH9, "/") -> - xform/》o8/o̍/ | ... AU9: =_xlfn.CONCAT(" - xform/》", $Z9, [5]【調】韻母標調!AS$1, "/", AJ9, "/") -> - xform/》o9/o̊/
A10: =ROW() - 3 -> 7 | B10: an | C10: 蘭 | D10: =LEFT(韻母表[[#This Row],[十五音識別碼]],1) -> 干 | E10: 干（舒） | F10: ㄢ | G10: ㄢ | H10: an | I10: an | J10: an | K10: an | L10: an | N10: =LEN(K10) -> 2 | P10: =J10 -> an | Q10: =K10 -> an | S10: =_xlfn.CONCAT(P10, "(\d)") -> an(\d) | T10: a | U10: =IFERROR( IF(T10="", "", SEARCH(T10, $P10)), "") -> 1 | V10: =IFERROR( _xlfn.CONCAT(LEFT(P10,U10-1), "》", MID(P10,U10,1), "${1}", RIGHT(P10, LEN(P10)-U10)), "" ) -> 》a${1}n | X10: =IF(AND(Q10<>"", P10<>""), " - xform/》" & S10 & "/" & V10 & "/", "") -> - xform/》an(\d)/》a${1}n/ | Z10: m | AA10: =_xlfn.CONCAT($Z10, IF(AA$2="", "", _xlfn.UNICHAR( HEX2DEC( RIGHT(AA$2,4))))) -> m | AB10: =_xlfn.CONCAT($Z10, IF(AB$2="", "", _xlfn.UNICHAR( HEX2DEC( RIGHT(AB$2,4))))) -> ḿ | AC10: =_xlfn.CONCAT($Z10, IF(AC$2="", "", _xlfn.UNICHAR( HEX2DEC( RIGHT(AC$2,4))))) -> m̀ | AD10: =_xlfn.CONCAT($Z10, IF(AD$2="", "", _xlfn.UNICHAR( HEX2DEC( RIGHT(AD$2,4))))) -> m | AE10: =_xlfn.CONCAT($Z10, IF(AE$2="", "", _xlfn.UNICHAR( HEX2DEC( RIGHT(AE$2,4))))) -> m̌ | AF10: =_xlfn.CONCAT($Z10, IF(AF$2="", "", _xlfn.UNICHAR( HEX2DEC( RIGHT(AF$2,4))))) -> ḿ | AG10: =_xlfn.CONCAT($Z10, IF(AG$2="", "", _xlfn.UNICHAR( HEX2DEC( RIGHT(AG$2,4))))) -> m̄ | AH10: =_xlfn.CONCAT($Z10, IF(AH$2="", "", _xlfn.UNICHAR( HEX2DEC( RIGHT(AH$2,4))))) -> m̍ | ... AJ10: =_xlfn.CONCAT($Z10, IF(AJ$2="", "", _xlfn.UNICHAR( HEX2DEC( RIGHT(AJ$2,4))))) -> m̊ | AL10: =_xlfn.CONCAT(" - xform/》", $Z10, [5]【調】韻母標調!AJ$1, "/", AA10, "/") -> - xform/》m1/m/ | AM10: =_xlfn.CONCAT(" - xform/》", $Z10, [5]【調】韻母標調!AK$1, "/", AB10, "/") -> - xform/》m2/ḿ/ | AN10: =_xlfn.CONCAT(" - xform/》", $Z10, [5]【調】韻母標調!AL$1, "/", AC10, "/") -> - xform/》m3/m̀/ | AO10: =_xlfn.CONCAT(" - xform/》", $Z10, [5]【調】韻母標調!AM$1, "/", AD10, "/") -> - xform/》m4/m/ | AP10: =_xlfn.CONCAT(" - xform/》", $Z10, [5]【調】韻母標調!AN$1, "/", AE10, "/") -> - xform/》m5/m̌/ | AQ10: =_xlfn.CONCAT(" - xform/》", $Z10, [5]【調】韻母標調!AO$1, "/", AF10, "/") -> - xform/》m6/ḿ/ | AR10: =_xlfn.CONCAT(" - xform/》", $Z10, [5]【調】韻母標調!AP$1, "/", AG10, "/") -> - xform/》m7/m̄/ | AS10: =_xlfn.CONCAT(" - xform/》", $Z10, [5]【調】韻母標調!AQ$1, "/", AH10, "/") -> - xform/》m8/m̍/ | ... AU10: =_xlfn.CONCAT(" - xform/》", $Z10, [5]【調】韻母標調!AS$1, "/", AJ10, "/") -> - xform/》m9/m̊/
A11: =ROW() - 3 -> 8 | B11: aŋ | C11: 邦 | D11: =LEFT(韻母表[[#This Row],[十五音識別碼]],1) -> 江 | E11: 江（舒） | F11: ㄤ | G11: ㄤ | H11: ang | I11: ang | J11: ang | K11: ang | L11: ang | N11: =LEN(K11) -> 3 | P11: =J11 -> ang | Q11: =K11 -> ang | S11: =_xlfn.CONCAT(P11, "(\d)") -> ang(\d) | T11: a | U11: =IFERROR( IF(T11="", "", SEARCH(T11, $P11)), "") -> 1 | V11: =IFERROR( _xlfn.CONCAT(LEFT(P11,U11-1), "》", MID(P11,U11,1), "${1}", RIGHT(P11, LEN(P11)-U11)), "" ) -> 》a${1}ng | X11: =IF(AND(Q11<>"", P11<>""), " - xform/》" & S11 & "/" & V11 & "/", "") -> - xform/》ang(\d)/》a${1}ng/ | Z11: n | AA11: =_xlfn.CONCAT($Z11, IF(AA$2="", "", _xlfn.UNICHAR( HEX2DEC( RIGHT(AA$2,4))))) -> n | AB11: =_xlfn.CONCAT($Z11, IF(AB$2="", "", _xlfn.UNICHAR( HEX2DEC( RIGHT(AB$2,4))))) -> ń | AC11: =_xlfn.CONCAT($Z11, IF(AC$2="", "", _xlfn.UNICHAR( HEX2DEC( RIGHT(AC$2,4))))) -> ǹ | AD11: =_xlfn.CONCAT($Z11, IF(AD$2="", "", _xlfn.UNICHAR( HEX2DEC( RIGHT(AD$2,4))))) -> n | AE11: =_xlfn.CONCAT($Z11, IF(AE$2="", "", _xlfn.UNICHAR( HEX2DEC( RIGHT(AE$2,4))))) -> ň | AF11: =_xlfn.CONCAT($Z11, IF(AF$2="", "", _xlfn.UNICHAR( HEX2DEC( RIGHT(AF$2,4))))) -> ń | AG11: =_xlfn.CONCAT($Z11, IF(AG$2="", "", _xlfn.UNICHAR( HEX2DEC( RIGHT(AG$2,4))))) -> n̄ | AH11: =_xlfn.CONCAT($Z11, IF(AH$2="", "", _xlfn.UNICHAR( HEX2DEC( RIGHT(AH$2,4))))) -> n̍ | ... AJ11: =_xlfn.CONCAT($Z11, IF(AJ$2="", "", _xlfn.UNICHAR( HEX2DEC( RIGHT(AJ$2,4))))) -> n̊ | AL11: =_xlfn.CONCAT(" - xform/》", $Z11, [5]【調】韻母標調!AJ$1, "/", AA11, "/") -> - xform/》n1/n/ | AM11: =_xlfn.CONCAT(" - xform/》", $Z11, [5]【調】韻母標調!AK$1, "/", AB11, "/") -> - xform/》n2/ń/ | AN11: =_xlfn.CONCAT(" - xform/》", $Z11, [5]【調】韻母標調!AL$1, "/", AC11, "/") -> - xform/》n3/ǹ/ | AO11: =_xlfn.CONCAT(" - xform/》", $Z11, [5]【調】韻母標調!AM$1, "/", AD11, "/") -> - xform/》n4/n/ | AP11: =_xlfn.CONCAT(" - xform/》", $Z11, [5]【調】韻母標調!AN$1, "/", AE11, "/") -> - xform/》n5/ň/ | AQ11: =_xlfn.CONCAT(" - xform/》", $Z11, [5]【調】韻母標調!AO$1, "/", AF11, "/") -> - xform/》n6/ń/ | AR11: =_xlfn.CONCAT(" - xform/》", $Z11, [5]【調】韻母標調!AP$1, "/", AG11, "/") -> - xform/》n7/n̄/ | AS11: =_xlfn.CONCAT(" - xform/》", $Z11, [5]【調】韻母標調!AQ$1, "/", AH11, "/") -> - xform/》n8/n̍/ | ... AU11: =_xlfn.CONCAT(" - xform/》", $Z11, [5]【調】韻母標調!AS$1, "/", AJ11, "/") -> - xform/》n9/n̊/
A12: =ROW() - 3 -> 9 | B12: ã | C12: 聽 | D12: =LEFT(韻母表[[#This Row],[十五音識別碼]],1) -> 監 | E12: 監（舒） | F12: ㆩ | G12: ⁰ㄚ | H12: ann | I12: na | J12: ann | K12: ann | L12: aⁿ | M12: 韻-鼻 | N12: =LEN(K12) -> 3 | P12: =J12 -> ann | Q12: =K12 -> ann | S12: =_xlfn.CONCAT(P12, "(\d)") -> ann(\d) | T12: a | U12: =IFERROR( IF(T12="", "", SEARCH(T12, $P12)), "") -> 1 | V12: =IFERROR( _xlfn.CONCAT(LEFT(P12,U12-1), "》", MID(P12,U12,1), "${1}", RIGHT(P12, LEN(P12)-U12)), "" ) -> 》a${1}nn | X12: =IF(AND(Q12<>"", P12<>""), " - xform/》" & S12 & "/" & V12 & "/", "") -> - xform/》ann(\d)/》a${1}nn/ | Z12: i | AA12: =_xlfn.CONCAT($Z12, IF(AA$2="", "", _xlfn.UNICHAR( HEX2DEC( RIGHT(AA$2,4))))) -> i | AB12: =_xlfn.CONCAT($Z12, IF(AB$2="", "", _xlfn.UNICHAR( HEX2DEC( RIGHT(AB$2,4))))) -> í | AC12: =_xlfn.CONCAT($Z12, IF(AC$2="", "", _xlfn.UNICHAR( HEX2DEC( RIGHT(AC$2,4))))) -> ì | AD12: =_xlfn.CONCAT($Z12, IF(AD$2="", "", _xlfn.UNICHAR( HEX2DEC( RIGHT(AD$2,4))))) -> i | AE12: =_xlfn.CONCAT($Z12, IF(AE$2="", "", _xlfn.UNICHAR( HEX2DEC( RIGHT(AE$2,4))))) -> ǐ | AF12: =_xlfn.CONCAT($Z12, IF(AF$2="", "", _xlfn.UNICHAR( HEX2DEC( RIGHT(AF$2,4))))) -> í | AG12: =_xlfn.CONCAT($Z12, IF(AG$2="", "", _xlfn.UNICHAR( HEX2DEC( RIGHT(AG$2,4))))) -> ī | AH12: =_xlfn.CONCAT($Z12, IF(AH$2="", "", _xlfn.UNICHAR( HEX2DEC( RIGHT(AH$2,4))))) -> i̍ | ... AJ12: =_xlfn.CONCAT($Z12, IF(AJ$2="", "", _xlfn.UNICHAR( HEX2DEC( RIGHT(AJ$2,4))))) -> i̊ | AL12: =_xlfn.CONCAT(" - xform/》", $Z12, [5]【調】韻母標調!AJ$1, "/", AA12, "/") -> - xform/》i1/i/ | AM12: =_xlfn.CONCAT(" - xform/》", $Z12, [5]【調】韻母標調!AK$1, "/", AB12, "/") -> - xform/》i2/í/ | AN12: =_xlfn.CONCAT(" - xform/》", $Z12, [5]【調】韻母標調!AL$1, "/", AC12, "/") -> - xform/》i3/ì/ | AO12: =_xlfn.CONCAT(" - xform/》", $Z12, [5]【調】韻母標調!AM$1, "/", AD12, "/") -> - xform/》i4/i/ | AP12: =_xlfn.CONCAT(" - xform/》", $Z12, [5]【調】韻母標調!AN$1, "/", AE12, "/") -> - xform/》i5/ǐ/ | AQ12: =_xlfn.CONCAT(" - xform/》", $Z12, [5]【調】韻母標調!AO$1, "/", AF12, "/") -> - xform/》i6/í/ | AR12: =_xlfn.CONCAT(" - xform/》", $Z12, [5]【調】韻母標調!AP$1, "/", AG12, "/") -> - xform/》i7/ī/ | AS12: =_xlfn.CONCAT(" - xform/》", $Z12, [5]【調】韻母標調!AQ$1, "/", AH12, "/") -> - xform/》i8/i̍/ | ... AU12: =_xlfn.CONCAT(" - xform/》", $Z12, [5]【調】韻母標調!AS$1, "/", AJ12, "/") -> - xform/》i9/i̊/
A13: =ROW() - 3 -> 10 | B13: ãʔ | C13: 含 | D13: =LEFT(韻母表[[#This Row],[十五音識別碼]],1) -> 監 | E13: 監（促） | F13: ㆩㆷ | G13: ⁰ㄚㄏ | H13: annh | I13: nah | J13: annh | K13: annh | L13: ahⁿ | M13: 韻-鼻 | N13: =LEN(K13) -> 4 | P13: =J13 -> annh | Q13: =K13 -> annh | S13: =_xlfn.CONCAT(P13, "(\d)") -> annh(\d) | T13: a | U13: =IFERROR( IF(T13="", "", SEARCH(T13, $P13)), "") -> 1 | V13: =IFERROR( _xlfn.CONCAT(LEFT(P13,U13-1), "》", MID(P13,U13,1), "${1}", RIGHT(P13, LEN(P13)-U13)), "" ) -> 》a${1}nnh | X13: =IF(AND(Q13<>"", P13<>""), " - xform/》" & S13 & "/" & V13 & "/", "") -> - xform/》annh(\d)/》a${1}nnh/ | Z13: e | AA13: =_xlfn.CONCAT($Z13, IF(AA$2="", "", _xlfn.UNICHAR( HEX2DEC( RIGHT(AA$2,4))))) -> e | AB13: =_xlfn.CONCAT($Z13, IF(AB$2="", "", _xlfn.UNICHAR( HEX2DEC( RIGHT(AB$2,4))))) -> é | AC13: =_xlfn.CONCAT($Z13, IF(AC$2="", "", _xlfn.UNICHAR( HEX2DEC( RIGHT(AC$2,4))))) -> è | AD13: =_xlfn.CONCAT($Z13, IF(AD$2="", "", _xlfn.UNICHAR( HEX2DEC( RIGHT(AD$2,4))))) -> e | AE13: =_xlfn.CONCAT($Z13, IF(AE$2="", "", _xlfn.UNICHAR( HEX2DEC( RIGHT(AE$2,4))))) -> ě | AF13: =_xlfn.CONCAT($Z13, IF(AF$2="", "", _xlfn.UNICHAR( HEX2DEC( RIGHT(AF$2,4))))) -> é | AG13: =_xlfn.CONCAT($Z13, IF(AG$2="", "", _xlfn.UNICHAR( HEX2DEC( RIGHT(AG$2,4))))) -> ē | AH13: =_xlfn.CONCAT($Z13, IF(AH$2="", "", _xlfn.UNICHAR( HEX2DEC( RIGHT(AH$2,4))))) -> e̍ | ... AJ13: =_xlfn.CONCAT($Z13, IF(AJ$2="", "", _xlfn.UNICHAR( HEX2DEC( RIGHT(AJ$2,4))))) -> e̊ | AL13: =_xlfn.CONCAT(" - xform/》", $Z13, [5]【調】韻母標調!AJ$1, "/", AA13, "/") -> - xform/》e1/e/ | AM13: =_xlfn.CONCAT(" - xform/》", $Z13, [5]【調】韻母標調!AK$1, "/", AB13, "/") -> - xform/》e2/é/ | AN13: =_xlfn.CONCAT(" - xform/》", $Z13, [5]【調】韻母標調!AL$1, "/", AC13, "/") -> - xform/》e3/è/ | AO13: =_xlfn.CONCAT(" - xform/》", $Z13, [5]【調】韻母標調!AM$1, "/", AD13, "/") -> - xform/》e4/e/ | AP13: =_xlfn.CONCAT(" - xform/》", $Z13, [5]【調】韻母標調!AN$1, "/", AE13, "/") -> - xform/》e5/ě/ | AQ13: =_xlfn.CONCAT(" - xform/》", $Z13, [5]【調】韻母標調!AO$1, "/", AF13, "/") -> - xform/》e6/é/ | AR13: =_xlfn.CONCAT(" - xform/》", $Z13, [5]【調】韻母標調!AP$1, "/", AG13, "/") -> - xform/》e7/ē/ | AS13: =_xlfn.CONCAT(" - xform/》", $Z13, [5]【調】韻母標調!AQ$1, "/", AH13, "/") -> - xform/》e8/e̍/ | ... AU13: =_xlfn.CONCAT(" - xform/》", $Z13, [5]【調】韻母標調!AS$1, "/", AJ13, "/") -> - xform/》e9/e̊/
A14: =ROW() - 3 -> 11 | B14: =_xlfn.CONCAT("a","p",_xlfn.UNICHAR(794)) -> ap̚ | C14: 答 | D14: =LEFT(韻母表[[#This Row],[十五音識別碼]],1) -> 甘 | E14: 甘（促） | F14: ㄚㆴ | G14: ㄚㄅ | H14: ap | I14: ap | J14: ap | K14: ap | L14: ap | N14: =LEN(K14) -> 2 | P14: =J14 -> ap | Q14: =K14 -> ap | S14: =_xlfn.CONCAT(P14, "(\d)") -> ap(\d) | T14: a | U14: =IFERROR( IF(T14="", "", SEARCH(T14, $P14)), "") -> 1 | V14: =IFERROR( _xlfn.CONCAT(LEFT(P14,U14-1), "》", MID(P14,U14,1), "${1}", RIGHT(P14, LEN(P14)-U14)), "" ) -> 》a${1}p | X14: =IF(AND(Q14<>"", P14<>""), " - xform/》" & S14 & "/" & V14 & "/", "") -> - xform/》ap(\d)/》a${1}p/
A15: =ROW() - 3 -> 12 | B15: =_xlfn.CONCAT("a","t",_xlfn.UNICHAR(794)) -> at̚ | C15: 識 | D15: =LEFT(韻母表[[#This Row],[十五音識別碼]],1) -> 干 | E15: 干（促） | F15: ㄚㆵ | G15: ㄚㄉ | H15: at | I15: at | J15: at | K15: at | L15: at | N15: =LEN(K15) -> 2 | P15: =J15 -> at | Q15: =K15 -> at | S15: =_xlfn.CONCAT(P15, "(\d)") -> at(\d) | T15: o | U15: =IFERROR( IF(T15="", "", SEARCH(T15, $P15)), "") | V15: =IFERROR( _xlfn.CONCAT(LEFT(P15,U15-1), "》", MID(P15,U15,1), "${1}", RIGHT(P15, LEN(P15)-U15)), "" ) | X15: =IF(AND(Q15<>"", P15<>""), " - xform/》" & S15 & "/" & V15 & "/", "") -> - xform/》at(\d)//
A16: =ROW() - 3 -> 13 | B16: aʊ | C16: 鬧 | D16: =LEFT(韻母表[[#This Row],[十五音識別碼]],1) -> 交 | E16: 交（舒） | F16: ㄠ | G16: ㄠ | H16: au | I16: ao | J16: au | K16: au | L16: au | N16: =LEN(K16) -> 2 | P16: =J16 -> au | Q16: =K16 -> au | S16: =_xlfn.CONCAT(P16, "(\d)") -> au(\d) | T16: a | U16: =IFERROR( IF(T16="", "", SEARCH(T16, $P16)), "") -> 1 | V16: =IFERROR( _xlfn.CONCAT(LEFT(P16,U16-1), "》", MID(P16,U16,1), "${1}", RIGHT(P16, LEN(P16)-U16)), "" ) -> 》a${1}u | X16: =IF(AND(Q16<>"", P16<>""), " - xform/》" & S16 & "/" & V16 & "/", "") -> - xform/》au(\d)/》a${1}u/
A17: =ROW() - 3 -> 14 | B17: auʔ | C17: 暴 | D17: =LEFT(韻母表[[#This Row],[十五音識別碼]],1) -> 交 | E17: 交（促） | F17: ㄠㆷ | G17: ㄠㄏ | H17: auh | I17: aoh | J17: auh | K17: auh | L17: auh | N17: =LEN(K17) -> 3 | P17: =J17 -> auh | Q17: =K17 -> auh | S17: =_xlfn.CONCAT(P17, "(\d)") -> auh(\d) | T17: a | U17: =IFERROR( IF(T17="", "", SEARCH(T17, $P17)), "") -> 1 | V17: =IFERROR( _xlfn.CONCAT(LEFT(P17,U17-1), "》", MID(P17,U17,1), "${1}", RIGHT(P17, LEN(P17)-U17)), "" ) -> 》a${1}uh | X17: =IF(AND(Q17<>"", P17<>""), " - xform/》" & S17 & "/" & V17 & "/", "") -> - xform/》auh(\d)/》a${1}uh/
A18: =ROW() - 3 -> 15 | B18: e | C18: 遞 | D18: =LEFT(韻母表[[#This Row],[十五音識別碼]],1) -> 稽 | E18: 稽（舒） | F18: ㆤ | G18: ㄝ | H18: e | I18: e | J18: e | K18: ei | L18: e | N18: =LEN(K18) -> 2 | P18: =J26 -> i | Q18: =K26 -> i | S18: =_xlfn.CONCAT(P18, "(\d)") -> i(\d) | T18: o | U18: =IFERROR( IF(T18="", "", SEARCH(T18, $P18)), "") | V18: =IFERROR( _xlfn.CONCAT(LEFT(P18,U18-1), "》", MID(P18,U18,1), "${1}", RIGHT(P18, LEN(P18)-U18)), "" ) | X18: =IF(AND(Q18<>"", P18<>""), " - xform/》" & S18 & "/" & V18 & "/", "") -> - xform/》i(\d)//
A19: =ROW() - 3 -> 16 | B19: ɛ | C19: 家 | D19: =LEFT(韻母表[[#This Row],[十五音識別碼]],1) -> 嘉 | E19: 嘉（舒） | F19: ㄝ | G19: ㄝ | J19: ee | K19: ee | N19: =LEN(K19) -> 2 | P19: =J18 -> e | Q19: =K18 -> ei | S19: =_xlfn.CONCAT(P19, "(\d)") -> e(\d) | T19: i | U19: =IFERROR( IF(T19="", "", SEARCH(T19, $P19)), "") | V19: =IFERROR( _xlfn.CONCAT(LEFT(P19,U19-1), "》", MID(P19,U19,1), "${1}", RIGHT(P19, LEN(P19)-U19)), "" ) | X19: =IF(AND(Q19<>"", P19<>""), " - xform/》" & S19 & "/" & V19 & "/", "") -> - xform/》e(\d)//
A20: =ROW() - 3 -> 17 | B20: =_xlfn.CONCAT(B19, "ʔ") -> ɛʔ | C20: 八 | D20: =LEFT(韻母表[[#This Row],[十五音識別碼]],1) -> 嘉 | E20: 嘉（促） | F20: ㄝㆷ | G20: ㄝㄏ | J20: eeh | K20: eeh | N20: =LEN(K20) -> 3 | P20: =J24 -> enn | Q20: =K24 -> enn | S20: =_xlfn.CONCAT(P20, "(\d)") -> enn(\d) | T20: i | U20: =IFERROR( IF(T20="", "", SEARCH(T20, $P20)), "") | V20: =IFERROR( _xlfn.CONCAT(LEFT(P20,U20-1), "》", MID(P20,U20,1), "${1}", RIGHT(P20, LEN(P20)-U20)), "" ) | X20: =IF(AND(Q20<>"", P20<>""), " - xform/》" & S20 & "/" & V20 & "/", "") -> - xform/》enn(\d)//
A21: =ROW() - 3 -> 18 | B21: eʔ | C21: 伯 | D21: =LEFT(韻母表[[#This Row],[十五音識別碼]],1) -> 伽 | E21: 伽（促） | F21: ㆤㆷ | G21: ㄝㄏ | H21: eh | I21: eh | J21: eh | K21: eh | L21: eh | N21: =LEN(K21) -> 2 | P21: =J40 -> ih | Q21: =K40 -> ih | S21: =_xlfn.CONCAT(P21, "(\d)") -> ih(\d) | T21: a | U21: =IFERROR( IF(T21="", "", SEARCH(T21, $P21)), "") | V21: =IFERROR( _xlfn.CONCAT(LEFT(P21,U21-1), "》", MID(P21,U21,1), "${1}", RIGHT(P21, LEN(P21)-U21)), "" ) | X21: =IF(AND(Q21<>"", P21<>""), " - xform/》" & S21 & "/" & V21 & "/", "") -> - xform/》ih(\d)//
A22: =ROW() - 3 -> 19 | B22: =_xlfn.CONCAT("ɪ",, "k") -> ɪk | C22: ◯ | D22: =LEFT(韻母表[[#This Row],[十五音識別碼]],1) -> 經 | E22: 經（促） | F22: ㄝㆻ | G22: ㄝㄍ | J22: ek | K22: ek | N22: =LEN(K22) -> 2 | P22: =J25 -> ennh | Q22: =K25 -> ennh | S22: =_xlfn.CONCAT(P22, "(\d)") -> ennh(\d) | T22: i | U22: =IFERROR( IF(T22="", "", SEARCH(T22, $P22)), "") | V22: =IFERROR( _xlfn.CONCAT(LEFT(P22,U22-1), "》", MID(P22,U22,1), "${1}", RIGHT(P22, LEN(P22)-U22)), "" ) | X22: =IF(AND(Q22<>"", P22<>""), " - xform/》" & S22 & "/" & V22 & "/", "") -> - xform/》ennh(\d)//
A23: =ROW() - 3 -> 20 | B23: =_xlfn.CONCAT("ɪ", "ŋ") -> ɪŋ | C23: ◯ | D23: =LEFT(韻母表[[#This Row],[十五音識別碼]],1) -> 經 | E23: 經（舒） | F23: ㄝㆭ | G23: ㄝㄥ | J23: eng | K23: eng | N23: =LEN(K23) -> 3 | P23: =J21 -> eh | Q23: =K21 -> eh | S23: =_xlfn.CONCAT(P23, "(\d)") -> eh(\d) | T23: a | U23: =IFERROR( IF(T23="", "", SEARCH(T23, $P23)), "") | V23: =IFERROR( _xlfn.CONCAT(LEFT(P23,U23-1), "》", MID(P23,U23,1), "${1}", RIGHT(P23, LEN(P23)-U23)), "" ) | X23: =IF(AND(Q23<>"", P23<>""), " - xform/》" & S23 & "/" & V23 & "/", "") -> - xform/》eh(\d)//
A24: =ROW() - 3 -> 21 | B24: ẽ | C24: 爭 | D24: =LEFT(韻母表[[#This Row],[十五音識別碼]],1) -> 更 | E24: 更（舒） | F24: ㆥ | G24: ⁰ㄝ | H24: enn | I24: ne | J24: enn | K24: enn | L24: eⁿ | M24: 韻-鼻 | N24: =LEN(K24) -> 3 | P24: =J45 -> inn | Q24: =K45 -> inn | S24: =_xlfn.CONCAT(P24, "(\d)") -> inn(\d) | T24: o | U24: =IFERROR( IF(T24="", "", SEARCH(T24, $P24)), "") | V24: =IFERROR( _xlfn.CONCAT(LEFT(P24,U24-1), "》", MID(P24,U24,1), "${1}", RIGHT(P24, LEN(P24)-U24)), "" ) | X24: =IF(AND(Q24<>"", P24<>""), " - xform/》" & S24 & "/" & V24 & "/", "") -> - xform/》inn(\d)//
A25: =ROW() - 3 -> 22 | B25: ẽʔ | C25: 挾 | D25: =LEFT(韻母表[[#This Row],[十五音識別碼]],1) -> 更 | E25: 更（促） | F25: ㆥㆷ | G25: ⁰ㄝㄏ | H25: ennh | I25: ennh | J25: ennh | K25: ennh | L25: ehⁿ | M25: 韻-鼻 | N25: =LEN(K25) -> 4 | P25: =J42 -> im | Q25: =K42 -> im | S25: =_xlfn.CONCAT(P25, "(\d)") -> im(\d) | T25: e | U25: =IFERROR( IF(T25="", "", SEARCH(T25, $P25)), "") | V25: =IFERROR( _xlfn.CONCAT(LEFT(P25,U25-1), "》", MID(P25,U25,1), "${1}", RIGHT(P25, LEN(P25)-U25)), "" ) | X25: =IF(AND(Q25<>"", P25<>""), " - xform/》" & S25 & "/" & V25 & "/", "") -> - xform/》im(\d)//
A26: =ROW() - 3 -> 23 | B26: i | C26: 爾 | D26: =LEFT(韻母表[[#This Row],[十五音識別碼]],1) -> 居 | E26: 居（舒） | F26: ㄧ | G26: ㄧ | H26: i | I26: i | J26: i | K26: i | L26: i | N26: =LEN(K26) -> 1 | P26: =J43 -> in | Q26: =K43 -> in | S26: =_xlfn.CONCAT(P26, "(\d)") -> in(\d) | T26: a | U26: =IFERROR( IF(T26="", "", SEARCH(T26, $P26)), "") | V26: =IFERROR( _xlfn.CONCAT(LEFT(P26,U26-1), "》", MID(P26,U26,1), "${1}", RIGHT(P26, LEN(P26)-U26)), "" ) | X26: =IF(AND(Q26<>"", P26<>""), " - xform/》" & S26 & "/" & V26 & "/", "") -> - xform/》in(\d)//
A27: =ROW() - 3 -> 24 | B27: ɪa | C27: 名 | D27: =LEFT(韻母表[[#This Row],[十五音識別碼]],1) -> 迦 | E27: 迦（舒） | F27: ㄧㄚ | G27: ㄧㄚ | H27: ia | I27: ia | J27: ia | K27: ia | L27: ia | N27: =LEN(K27) -> 2 | P27: =J30 -> iam | Q27: =K30 -> iam | S27: =_xlfn.CONCAT(P27, "(\d)") -> iam(\d) | T27: i | U27: =IFERROR( IF(T27="", "", SEARCH(T27, $P27)), "") -> 1 | V27: =IFERROR( _xlfn.CONCAT(LEFT(P27,U27-1), "》", MID(P27,U27,1), "${1}", RIGHT(P27, LEN(P27)-U27)), "" ) -> 》i${1}am | X27: =IF(AND(Q27<>"", P27<>""), " - xform/》" & S27 & "/" & V27 & "/", "") -> - xform/》iam(\d)/》i${1}am/
A28: =ROW() - 3 -> 25 | B28: =_xlfn.CONCAT(B27, "ʔ") -> ɪaʔ | C28: 壁 | D28: =LEFT(韻母表[[#This Row],[十五音識別碼]],1) -> 迦 | E28: 迦（促） | F28: ㄧㄚㆷ | G28: ㄧㄚㄏ | H28: iah | I28: iah | J28: iah | K28: iah | L28: iah | N28: =LEN(K28) -> 3 | P28: =J32 -> iang | Q28: =K32 -> iang | S28: =_xlfn.CONCAT(P28, "(\d)") -> iang(\d) | T28: i | U28: =IFERROR( IF(T28="", "", SEARCH(T28, $P28)), "") -> 1 | V28: =IFERROR( _xlfn.CONCAT(LEFT(P28,U28-1), "》", MID(P28,U28,1), "${1}", RIGHT(P28, LEN(P28)-U28)), "" ) -> 》i${1}ang | X28: =IF(AND(Q28<>"", P28<>""), " - xform/》" & S28 & "/" & V28 & "/", "") -> - xform/》iang(\d)/》i${1}ang/
A29: =ROW() - 3 -> 26 | B29: ɪak̚ | C29: 爆 | D29: =LEFT(韻母表[[#This Row],[十五音識別碼]],1) -> 姜 | E29: 姜（促） | F29: ㄧㄚㆻ | G29: ㄧㄚㄍ | H29: iak | I29: iak | J29: iak | K29: iak | L29: iak | N29: =LEN(K29) -> 3 | P29: =J46 -> io | Q29: =K46 -> io | S29: =_xlfn.CONCAT(P29, "(\d)") -> io(\d) | T29: a | U29: =IFERROR( IF(T29="", "", SEARCH(T29, $P29)), "") | V29: =IFERROR( _xlfn.CONCAT(LEFT(P29,U29-1), "》", MID(P29,U29,1), "${1}", RIGHT(P29, LEN(P29)-U29)), "" ) | X29: =IF(AND(Q29<>"", P29<>""), " - xform/》" & S29 & "/" & V29 & "/", "") -> - xform/》io(\d)//
A30: =ROW() - 3 -> 27 | B30: ɪam | C30: 尖 | D30: =LEFT(韻母表[[#This Row],[十五音識別碼]],1) -> 兼 | E30: 兼（舒） | F30: ㄧㆰ | G30: ㄧㄚㄇ | H30: iam | I30: iam | J30: iam | K30: iam | L30: iam | N30: =LEN(K30) -> 3 | P30: =J36 -> iat | Q30: =K36 -> iat | S30: =_xlfn.CONCAT(P30, "(\d)") -> iat(\d) | T30: e | U30: =IFERROR( IF(T30="", "", SEARCH(T30, $P30)), "") | V30: =IFERROR( _xlfn.CONCAT(LEFT(P30,U30-1), "》", MID(P30,U30,1), "${1}", RIGHT(P30, LEN(P30)-U30)), "" ) | X30: =IF(AND(Q30<>"", P30<>""), " - xform/》" & S30 & "/" & V30 & "/", "") -> - xform/》iat(\d)//
A31: =ROW() - 3 -> 28 | B31: ɪan | C31: 掀 | D31: =LEFT(韻母表[[#This Row],[十五音識別碼]],1) -> 堅 | E31: 堅（舒） | F31: ㄧㄢ | G31: ㄧㄢ | H31: ian | I31: ian | J31: ian | K31: ian | L31: ian | N31: =LEN(K31) -> 3 | P31: =J29 -> iak | Q31: =K29 -> iak | S31: =_xlfn.CONCAT(P31, "(\d)") -> iak(\d) | T31: n | U31: =IFERROR( IF(T31="", "", SEARCH(T31, $P31)), "") | V31: =IFERROR( _xlfn.CONCAT(LEFT(P31,U31-1), "》", MID(P31,U31,1), "${1}", RIGHT(P31, LEN(P31)-U31)), "" ) | X31: =IF(AND(Q31<>"", P31<>""), " - xform/》" & S31 & "/" & V31 & "/", "") -> - xform/》iak(\d)//
A32: =ROW() - 3 -> 29 | B32: ɪaŋ | C32: 將 | D32: =LEFT(韻母表[[#This Row],[十五音識別碼]],1) -> 姜 | E32: 姜（舒） | F32: ㄧㄤ | G32: ㄧㄤ | H32: iang | I32: iang | J32: iang | K32: iang | L32: iang | N32: =LEN(K32) -> 4 | P32: =J37 -> iau | Q32: =K37 -> iau | S32: =_xlfn.CONCAT(P32, "(\d)") -> iau(\d) | T32: o | U32: =IFERROR( IF(T32="", "", SEARCH(T32, $P32)), "") | V32: =IFERROR( _xlfn.CONCAT(LEFT(P32,U32-1), "》", MID(P32,U32,1), "${1}", RIGHT(P32, LEN(P32)-U32)), "" ) | X32: =IF(AND(Q32<>"", P32<>""), " - xform/》" & S32 & "/" & V32 & "/", "") -> - xform/》iau(\d)//
A33: =ROW() - 3 -> 30 | B33: =_xlfn.CONCAT("ɪ", "a", _xlfn.UNICHAR(771), "") -> ɪã | C33: ◯ | D33: =LEFT(韻母表[[#This Row],[十五音識別碼]],1) -> 驚 | E33: 驚（舒） | F33: ㄧㆩ | G33: ⁰ㄧㄚ | H33: iann | I33: nia | J33: iann | K33: iann | L33: iaⁿ | M33: 韻-鼻 | N33: =LEN(K33) -> 4 | P33: =J31 -> ian | Q33: =K31 -> ian | S33: =_xlfn.CONCAT(P33, "(\d)") -> ian(\d) | T33: i | U33: =IFERROR( IF(T33="", "", SEARCH(T33, $P33)), "") -> 1 | V33: =IFERROR( _xlfn.CONCAT(LEFT(P33,U33-1), "》", MID(P33,U33,1), "${1}", RIGHT(P33, LEN(P33)-U33)), "" ) -> 》i${1}an | X33: =IF(AND(Q33<>"", P33<>""), " - xform/》" & S33 & "/" & V33 & "/", "") -> - xform/》ian(\d)/》i${1}an/
A34: =ROW() - 3 -> 31 | B34: =_xlfn.CONCAT(B33, "ʔ") -> ɪãʔ | C34: 且 | D34: =LEFT(韻母表[[#This Row],[十五音識別碼]],1) -> 迦 | E34: 迦（促） | F34: ㄧㆩㆷ | G34: ⁰ㄧㄚㄏ | H34: iannh | I34: iannh | J34: iannh | K34: iannh | L34: iahⁿ | M34: 韻-鼻 | N34: =LEN(K34) -> 5 | P34: =J35 -> iap | Q34: =K35 -> iap | S34: =_xlfn.CONCAT(P34, "(\d)") -> iap(\d) | T34: i | U34: =IFERROR( IF(T34="", "", SEARCH(T34, $P34)), "") -> 1 | V34: =IFERROR( _xlfn.CONCAT(LEFT(P34,U34-1), "》", MID(P34,U34,1), "${1}", RIGHT(P34, LEN(P34)-U34)), "" ) -> 》i${1}ap | X34: =IF(AND(Q34<>"", P34<>""), " - xform/》" & S34 & "/" & V34 & "/", "") -> - xform/》iap(\d)/》i${1}ap/
A35: =ROW() - 3 -> 32 | B35: ɪap̚ | C35: 接 | D35: =LEFT(韻母表[[#This Row],[十五音識別碼]],1) -> 兼 | E35: 兼（促） | F35: ㄧㄚㆴ | G35: ㄧㄚㄅ | H35: iap | I35: iap | J35: iap | K35: iap | L35: iap | N35: =LEN(K35) -> 3 | P35: =J39 -> iaunn | Q35: =K39 -> iaunn | S35: =_xlfn.CONCAT(P35, "(\d)") -> iaunn(\d) | T35: o | U35: =IFERROR( IF(T35="", "", SEARCH(T35, $P35)), "") | V35: =IFERROR( _xlfn.CONCAT(LEFT(P35,U35-1), "》", MID(P35,U35,1), "${1}", RIGHT(P35, LEN(P35)-U35)), "" ) | X35: =IF(AND(Q35<>"", P35<>""), " - xform/》" & S35 & "/" & V35 & "/", "") -> - xform/》iaunn(\d)//
A36: =ROW() - 3 -> 33 | B36: ɪat̚ | C36: 別 | D36: =LEFT(韻母表[[#This Row],[十五音識別碼]],1) -> 堅 | E36: 堅（促） | F36: ㄧㄚㆵ | G36: ㄧㄚㄉ | H36: iat | I36: iat | J36: iat | K36: iat | L36: iat | N36: =LEN(K36) -> 3 | P36: =J38 -> iauh | Q36: =K38 -> iauh | S36: =_xlfn.CONCAT(P36, "(\d)") -> iauh(\d) | T36: o | U36: =IFERROR( IF(T36="", "", SEARCH(T36, $P36)), "") | V36: =IFERROR( _xlfn.CONCAT(LEFT(P36,U36-1), "》", MID(P36,U36,1), "${1}", RIGHT(P36, LEN(P36)-U36)), "" ) | X36: =IF(AND(Q36<>"", P36<>""), " - xform/》" & S36 & "/" & V36 & "/", "") -> - xform/》iauh(\d)//
A37: =ROW() - 3 -> 34 | B37: ɪaʊ | C37: 遙 | D37: =LEFT(韻母表[[#This Row],[十五音識別碼]],1) -> 嬌 | E37: 嬌（舒） | F37: ㄧㄠ | G37: ㄧㄠ | H37: iau | I37: iao | J37: iau | K37: iau | L37: iau | N37: =LEN(K37) -> 3 | P37: =J52 -> ionn | Q37: =K52 -> ionn | S37: =_xlfn.CONCAT(P37, "(\d)") -> ionn(\d) | T37: a | U37: =IFERROR( IF(T37="", "", SEARCH(T37, $P37)), "") | V37: =IFERROR( _xlfn.CONCAT(LEFT(P37,U37-1), "》", MID(P37,U37,1), "${1}", RIGHT(P37, LEN(P37)-U37)), "" ) | X37: =IF(AND(Q37<>"", P37<>""), " - xform/》" & S37 & "/" & V37 & "/", "") -> - xform/》ionn(\d)//
A38: =ROW() - 3 -> 35 | B38: =_xlfn.CONCAT(B37, "ʔ") -> ɪaʊʔ | C38: 噭 | D38: =LEFT(韻母表[[#This Row],[十五音識別碼]],1) -> 嬌 | E38: 嬌（促） | F38: ㄧㄠㆷ | G38: ㄧㄠㄏ | H38: iauh | I38: iaoh | J38: iauh | K38: iauh | L38: iauh | N38: =LEN(K38) -> 4 | P38: =J49 -> iong | Q38: =K49 -> iong | S38: =_xlfn.CONCAT(P38, "(\d)") -> iong(\d) | T38: a | U38: =IFERROR( IF(T38="", "", SEARCH(T38, $P38)), "") | V38: =IFERROR( _xlfn.CONCAT(LEFT(P38,U38-1), "》", MID(P38,U38,1), "${1}", RIGHT(P38, LEN(P38)-U38)), "" ) | X38: =IF(AND(Q38<>"", P38<>""), " - xform/》" & S38 & "/" & V38 & "/", "") -> - xform/》iong(\d)//
A39: =ROW() - 3 -> 36 | B39: =_xlfn.CONCAT("ɪ", "a", _xlfn.UNICHAR(771), "ʊ") -> ɪãʊ | C39: 鳥 | D39: =LEFT(韻母表[[#This Row],[十五音識別碼]],1) -> 嘄 | E39: 嘄（舒） | F39: ㄧㆯ | G39: ⁰ㄧㄠ | H39: iaunn | I39: niao | J39: iaunn | K39: iaunn | L39: iauⁿ | M39: 韻-鼻 | N39: =LEN(K39) -> 5 | P39: =J47 -> ioh | Q39: =K47 -> ioh | S39: =_xlfn.CONCAT(P39, "(\d)") -> ioh(\d) | T39: a | U39: =IFERROR( IF(T39="", "", SEARCH(T39, $P39)), "") | V39: =IFERROR( _xlfn.CONCAT(LEFT(P39,U39-1), "》", MID(P39,U39,1), "${1}", RIGHT(P39, LEN(P39)-U39)), "" ) | X39: =IF(AND(Q39<>"", P39<>""), " - xform/》" & S39 & "/" & V39 & "/", "") -> - xform/》ioh(\d)//
A40: =ROW() - 3 -> 37 | B40: iʔ | C40: 逼 | D40: =LEFT(韻母表[[#This Row],[十五音識別碼]],1) -> 居 | E40: 居（促） | F40: ㄧㆷ | G40: ㄧㄏ | H40: ih | I40: ih | J40: ih | K40: ih | L40: ih | N40: =LEN(K40) -> 2 | P40: =J50 -> ip | Q40: =K50 -> ip | S40: =_xlfn.CONCAT(P40, "(\d)") -> ip(\d) | T40: a | U40: =IFERROR( IF(T40="", "", SEARCH(T40, $P40)), "") | V40: =IFERROR( _xlfn.CONCAT(LEFT(P40,U40-1), "》", MID(P40,U40,1), "${1}", RIGHT(P40, LEN(P40)-U40)), "" ) | X40: =IF(AND(Q40<>"", P40<>""), " - xform/》" & S40 & "/" & V40 & "/", "") -> - xform/》ip(\d)//
A41: =ROW() - 3 -> 38 | B41: ik̚ | C41: 益 | D41: =LEFT(韻母表[[#This Row],[十五音識別碼]],1) -> 經 | E41: 經（促） | F41: ㄧㆻ | G41: ㄧㄍ | H41: iek | I41: ik | J41: ik | K41: ik | L41: ek | N41: =LEN(K41) -> 2 | P41: =J34 -> iannh | Q41: =K34 -> iannh | S41: =_xlfn.CONCAT(P41, "(\d)") -> iannh(\d) | T41: a | U41: =IFERROR( IF(T41="", "", SEARCH(T41, $P41)), "") -> 2 | V41: =IFERROR( _xlfn.CONCAT(LEFT(P41,U41-1), "》", MID(P41,U41,1), "${1}", RIGHT(P41, LEN(P41)-U41)), "" ) -> i》a${1}nnh | X41: =IF(AND(Q41<>"", P41<>""), " - xform/》" & S41 & "/" & V41 & "/", "") -> - xform/》iannh(\d)/i》a${1}nnh/
A42: =ROW() - 3 -> 39 | B42: im | C42: 深 | D42: =LEFT(韻母表[[#This Row],[十五音識別碼]],1) -> 金 | E42: 金（舒） | F42: ㄧㆬ | G42: ㄧㄇ | H42: im | I42: im | J42: im | K42: im | L42: im | N42: =LEN(K42) -> 2 | P42: =J51 -> it | Q42: =K51 -> it | S42: =_xlfn.CONCAT(P42, "(\d)") -> it(\d) | T42: a | U42: =IFERROR( IF(T42="", "", SEARCH(T42, $P42)), "") | V42: =IFERROR( _xlfn.CONCAT(LEFT(P42,U42-1), "》", MID(P42,U42,1), "${1}", RIGHT(P42, LEN(P42)-U42)), "" ) | X42: =IF(AND(Q42<>"", P42<>""), " - xform/》" & S42 & "/" & V42 & "/", "") -> - xform/》it(\d)//
A43: =ROW() - 3 -> 40 | B43: in | C43: 恩 | D43: =LEFT(韻母表[[#This Row],[十五音識別碼]],1) -> 巾 | E43: 巾（舒） | F43: ㄧㄣ | G43: ㄧㄣ | H43: in | I43: in | J43: in | K43: in | L43: in | N43: =LEN(K43) -> 2 | P43: =J41 -> ik | Q43: =K41 -> ik | S43: =_xlfn.CONCAT(P43, "(\d)") -> ik(\d) | T43: a | U43: =IFERROR( IF(T43="", "", SEARCH(T43, $P43)), "") | V43: =IFERROR( _xlfn.CONCAT(LEFT(P43,U43-1), "》", MID(P43,U43,1), "${1}", RIGHT(P43, LEN(P43)-U43)), "" ) | X43: =IF(AND(Q43<>"", P43<>""), " - xform/》" & S43 & "/" & V43 & "/", "") -> - xform/》ik(\d)//
A44: =ROW() - 3 -> 41 | B44: iŋ | C44: 情 | D44: =LEFT(韻母表[[#This Row],[十五音識別碼]],1) -> 經 | E44: 經（舒） | F44: ㄧㄥ | G44: ㄧㄥ | H44: ing | I44: ing | J44: ing | K44: ing | L44: eng | N44: =LEN(K44) -> 3 | P44: =J27 -> ia | Q44: =K27 -> ia | S44: =_xlfn.CONCAT(P44, "(\d)") -> ia(\d) | T44: a | U44: =IFERROR( IF(T44="", "", SEARCH(T44, $P44)), "") -> 2 | V44: =IFERROR( _xlfn.CONCAT(LEFT(P44,U44-1), "》", MID(P44,U44,1), "${1}", RIGHT(P44, LEN(P44)-U44)), "" ) -> i》a${1} | X44: =IF(AND(Q44<>"", P44<>""), " - xform/》" & S44 & "/" & V44 & "/", "") -> - xform/》ia(\d)/i》a${1}/
A45: =ROW() - 3 -> 42 | B45: ĩ | C45: 庚 | D45: =LEFT(韻母表[[#This Row],[十五音識別碼]],1) -> 梔 | E45: 梔（舒） | F45: ㆪ | G45: ⁰ㄧ | H45: inn | I45: ni | J45: inn | K45: inn | L45: iⁿ | M45: 韻-鼻 | N45: =LEN(K45) -> 3 | P45: =J44 -> ing | Q45: =K44 -> ing | S45: =_xlfn.CONCAT(P45, "(\d)") -> ing(\d) | T45: a | U45: =IFERROR( IF(T45="", "", SEARCH(T45, $P45)), "") | V45: =IFERROR( _xlfn.CONCAT(LEFT(P45,U45-1), "》", MID(P45,U45,1), "${1}", RIGHT(P45, LEN(P45)-U45)), "" ) | X45: =IF(AND(Q45<>"", P45<>""), " - xform/》" & S45 & "/" & V45 & "/", "") -> - xform/》ing(\d)//
A46: =ROW() - 3 -> 43 | B46: ɪə | C46: 少 | D46: =LEFT(韻母表[[#This Row],[十五音識別碼]],1) -> 茄 | E46: 茄（舒） | F46: ㄧㄜ | G46: ㄧㄜ | H46: ior | I46: io | J46: io | K46: io | L46: io | N46: =LEN(K46) -> 2 | P46: =J48 -> iok | Q46: =K48 -> iok | S46: =_xlfn.CONCAT(P46, "(\d)") -> iok(\d) | T46: e | U46: =IFERROR( IF(T46="", "", SEARCH(T46, $P46)), "") | V46: =IFERROR( _xlfn.CONCAT(LEFT(P46,U46-1), "》", MID(P46,U46,1), "${1}", RIGHT(P46, LEN(P46)-U46)), "" ) | X46: =IF(AND(Q46<>"", P46<>""), " - xform/》" & S46 & "/" & V46 & "/", "") -> - xform/》iok(\d)//
A47: =ROW() - 3 -> 44 | B47: ɪəʔ | C47: 著 | D47: =LEFT(韻母表[[#This Row],[十五音識別碼]],1) -> 茄 | E47: 茄（促） | F47: ㄧㄜㆷ | G47: ㄧㄜㄏ | H47: iorh | I47: ioh | J47: ioh | K47: ioh | L47: ioh | N47: =LEN(K47) -> 3 | P47: =J54 -> iunn | Q47: =K54 -> iunn | S47: =_xlfn.CONCAT(P47, "(\d)") -> iunn(\d) | T47: i | U47: =IFERROR( IF(T47="", "", SEARCH(T47, $P47)), "") -> 1 | V47: =IFERROR( _xlfn.CONCAT(LEFT(P47,U47-1), "》", MID(P47,U47,1), "${1}", RIGHT(P47, LEN(P47)-U47)), "" ) -> 》i${1}unn | X47: =IF(AND(Q47<>"", P47<>""), " - xform/》" & S47 & "/" & V47 & "/", "") -> - xform/》iunn(\d)/》i${1}unn/
A48: =ROW() - 3 -> 45 | B48: ɪɔk̚ | C48: 俗 | D48: =LEFT(韻母表[[#This Row],[十五音識別碼]],1) -> 恭 | E48: 恭（促） | F48: ㄧㆦㆻ | G48: ㄧㄛㄍ | H48: iook | I48: iok | J48: iok | K48: iok | L48: iok | N48: =LEN(K48) -> 3 | P48: =J60 -> o | Q48: =K60 -> o | S48: =_xlfn.CONCAT(P48, "(\d)") -> o(\d) | T48: i | U48: =IFERROR( IF(T48="", "", SEARCH(T48, $P48)), "") | V48: =IFERROR( _xlfn.CONCAT(LEFT(P48,U48-1), "》", MID(P48,U48,1), "${1}", RIGHT(P48, LEN(P48)-U48)), "" ) | X48: =IF(AND(Q48<>"", P48<>""), " - xform/》" & S48 & "/" & V48 & "/", "") -> - xform/》o(\d)//
A49: =ROW() - 3 -> 46 | B49: ɪɔŋ | C49: 中 | D49: =LEFT(韻母表[[#This Row],[十五音識別碼]],1) -> 恭 | E49: 恭（舒） | F49: ㄧㆲ | G49: ㄧㄛㄥ | H49: iong | I49: iong | J49: iong | K49: iong | L49: iong | N49: =LEN(K49) -> 4 | P49: =J55 -> iunnh | Q49: =K55 -> iunnh | S49: =_xlfn.CONCAT(P49, "(\d)") -> iunnh(\d) | T49: a | U49: =IFERROR( IF(T49="", "", SEARCH(T49, $P49)), "") | V49: =IFERROR( _xlfn.CONCAT(LEFT(P49,U49-1), "》", MID(P49,U49,1), "${1}", RIGHT(P49, LEN(P49)-U49)), "" ) | X49: =IF(AND(Q49<>"", P49<>""), " - xform/》" & S49 & "/" & V49 & "/", "") -> - xform/》iunnh(\d)//
A50: =ROW() - 3 -> 47 | B50: ip̚ | C50: 蟄 | D50: =LEFT(韻母表[[#This Row],[十五音識別碼]],1) -> 金 | E50: 金（促） | F50: 一ㆴ | G50: ㄧㄅ | H50: ip | I50: ip | J50: ip | K50: ip | L50: ip | N50: =LEN(K50) -> 2 | P50: =J33 -> iann | Q50: =K33 -> iann | S50: =_xlfn.CONCAT(P50, "(\d)") -> iann(\d) | T50: a | U50: =IFERROR( IF(T50="", "", SEARCH(T50, $P50)), "") -> 2 | V50: =IFERROR( _xlfn.CONCAT(LEFT(P50,U50-1), "》", MID(P50,U50,1), "${1}", RIGHT(P50, LEN(P50)-U50)), "" ) -> i》a${1}nn | X50: =IF(AND(Q50<>"", P50<>""), " - xform/》" & S50 & "/" & V50 & "/", "") -> - xform/》iann(\d)/i》a${1}nn/
A51: =ROW() - 3 -> 48 | B51: it̚ | C51: 一 | D51: =LEFT(韻母表[[#This Row],[十五音識別碼]],1) -> 巾 | E51: 巾（促） | F51: ㄧㆵ | G51: ㄧㄉ | H51: it | I51: it | J51: it | K51: it | L51: it | N51: =LEN(K51) -> 2 | P51: =J28 -> iah | Q51: =K28 -> iah | S51: =_xlfn.CONCAT(P51, "(\d)") -> iah(\d) | T51: a | U51: =IFERROR( IF(T51="", "", SEARCH(T51, $P51)), "") -> 2 | V51: =IFERROR( _xlfn.CONCAT(LEFT(P51,U51-1), "》", MID(P51,U51,1), "${1}", RIGHT(P51, LEN(P51)-U51)), "" ) -> i》a${1}h | X51: =IF(AND(Q51<>"", P51<>""), " - xform/》" & S51 & "/" & V51 & "/", "") -> - xform/》iah(\d)/i》a${1}h/
A52: =ROW() - 3 -> 49 | B52: ɪɔ̃ | C52: 腔 | D52: =LEFT(韻母表[[#This Row],[十五音識別碼]],1) -> 薑 | E52: 薑（舒） | F52: ㄧㆧ | G52: ⁰ㄧㄛ | H52: ioonn | I52: nioo | J52: ionn | K52: ionn | L52: ioⁿ | M52: 韻-鼻 | N52: =LEN(K52) -> 4 | P52: =J53 -> iu | Q52: =K53 -> iu | S52: =_xlfn.CONCAT(P52, "(\d)") -> iu(\d) | T52: a | U52: =IFERROR( IF(T52="", "", SEARCH(T52, $P52)), "") | V52: =IFERROR( _xlfn.CONCAT(LEFT(P52,U52-1), "》", MID(P52,U52,1), "${1}", RIGHT(P52, LEN(P52)-U52)), "" ) | X52: =IF(AND(Q52<>"", P52<>""), " - xform/》" & S52 & "/" & V52 & "/", "") -> - xform/》iu(\d)//
A53: =ROW() - 3 -> 50 | B53: =_xlfn.CONCAT("ɪ", "u") -> ɪu | C53: 油 | D53: =LEFT(韻母表[[#This Row],[十五音識別碼]],1) -> 丩 | E53: 丩（舒） | F53: ㄧㄨ | G53: ㄧㄨ | H53: iu | I53: iu | J53: iu | K53: iu | L53: iu | N53: =LEN(K53) -> 2 | P53: =J67 -> oo | Q53: =K67 -> oo | S53: =_xlfn.CONCAT(P53, "(\d)") -> oo(\d) | T53: e | U53: =IFERROR( IF(T53="", "", SEARCH(T53, $P53)), "") | V53: =IFERROR( _xlfn.CONCAT(LEFT(P53,U53-1), "》", MID(P53,U53,1), "${1}", RIGHT(P53, LEN(P53)-U53)), "" ) | X53: =IF(AND(Q53<>"", P53<>""), " - xform/》" & S53 & "/" & V53 & "/", "") -> - xform/》oo(\d)//
A54: =ROW() - 3 -> 51 | B54: =_xlfn.CONCAT("ɪ", "u", _xlfn.UNICHAR(771), "") -> ɪũ | C54: 香 | D54: =LEFT(韻母表[[#This Row],[十五音識別碼]],1) -> 牛 | E54: 牛（舒） | F54: ㄧㆫ | G54: ⁰ㄧㄨ | H54: iunn | I54: niu | J54: iunn | K54: iunn | L54: iuⁿ | M54: 韻-鼻 | N54: =LEN(K54) -> 4 | P54: =J65 -> onn | Q54: =K65 -> onn | S54: =_xlfn.CONCAT(P54, "(\d)") -> onn(\d) | T54: e | U54: =IFERROR( IF(T54="", "", SEARCH(T54, $P54)), "") | V54: =IFERROR( _xlfn.CONCAT(LEFT(P54,U54-1), "》", MID(P54,U54,1), "${1}", RIGHT(P54, LEN(P54)-U54)), "" ) | X54: =IF(AND(Q54<>"", P54<>""), " - xform/》" & S54 & "/" & V54 & "/", "") -> - xform/》onn(\d)//
A55: =ROW() - 3 -> 52 | B55: =_xlfn.CONCAT(LEFT(B54,1), MID(B54,2,1), _xlfn.UNICHAR(771), "ʔ") -> ɪũʔ | C55: ◯ | D55: =LEFT(韻母表[[#This Row],[十五音識別碼]],1) -> 牛 | E55: 牛（促） | F55: ㄧㆫㆷ | G55: ⁰ㄧㄨㄏ | H55: iunnh | I55: niuh | J55: iunnh | K55: iunnh | L55: iuhⁿ | M55: 韻-鼻 | N55: =LEN(K55) -> 5 | P55: =J61 -> oh | Q55: =K61 -> oh | S55: =_xlfn.CONCAT(P55, "(\d)") -> oh(\d) | T55: a | U55: =IFERROR( IF(T55="", "", SEARCH(T55, $P55)), "") | V55: =IFERROR( _xlfn.CONCAT(LEFT(P55,U55-1), "》", MID(P55,U55,1), "${1}", RIGHT(P55, LEN(P55)-U55)), "" ) | X55: =IF(AND(Q55<>"", P55<>""), " - xform/》" & S55 & "/" & V55 & "/", "") -> - xform/》oh(\d)//
A56: =ROW() - 3 -> 53 | B56: m̩ | C56: 姆 | D56: =LEFT(韻母表[[#This Row],[十五音識別碼]],1) -> 姆 | E56: 姆（舒） | F56: ㆬ | G56: ㄇ | H56: m | I56: m | J56: m | K56: m | L56: m | N56: =LEN(K56) -> 1
A57: =ROW() - 3 -> 54 | B57: m̩ʔ | C57: ◯ | D57: =LEFT(韻母表[[#This Row],[十五音識別碼]],1) -> 姆 | E57: 姆（促） | F57: ㆬㆷ | G57: ㄇㄏ | H57: mh | I57: mh | J57: mh | K57: mh | L57: mh | N57: =LEN(K57) -> 2
A58: =ROW() - 3 -> 55 | B58: ŋ̍ | C58: 床 | D58: =LEFT(韻母表[[#This Row],[十五音識別碼]],1) -> 鋼 | E58: 鋼（舒） | F58: ㆭ | G58: ㄥ | H58: ng | I58: ng | J58: ng | K58: ng | L58: ng | N58: =LEN(K58) -> 2
A59: =ROW() - 3 -> 56 | B59: ŋ̍ʔ | C59: ◯ | D59: =LEFT(韻母表[[#This Row],[十五音識別碼]],1) -> 鋼 | E59: 鋼（促） | F59: ㆭㆷ | G59: ㄥㄏ | H59: ngh | I59: ngh | J59: ngh | K59: ngh | L59: ngh | N59: =LEN(K59) -> 3
A60: =ROW() - 3 -> 57 | B60: ə | C60: 果 | D60: =LEFT(韻母表[[#This Row],[十五音識別碼]],1) -> 高 | E60: 高（舒） | F60: ㄜ | G60: ㄜ | H60: or | I60: o | J60: o | K60: o | L60: o | N60: =LEN(K60) -> 1 | P60: =J68 -> ooh | Q60: =K68 -> ooh | S60: =_xlfn.CONCAT(P60, "(\d)") -> ooh(\d) | T60: a | U60: =IFERROR( IF(T60="", "", SEARCH(T60, $P60)), "") | V60: =IFERROR( _xlfn.CONCAT(LEFT(P60,U60-1), "》", MID(P60,U60,1), "${1}", RIGHT(P60, LEN(P60)-U60)), "" ) | X60: =IF(AND(Q60<>"", P60<>""), " - xform/》" & S60 & "/" & V60 & "/", "") -> - xform/》ooh(\d)//
A61: =ROW() - 3 -> 58 | B61: əʔ | C61: 卜 | D61: =LEFT(韻母表[[#This Row],[十五音識別碼]],1) -> 高 | E61: 高（促） | F61: ㄜㆷ | G61: ㄜㄏ | H61: orh | I61: oh | J61: oh | K61: oh | L61: oh | N61: =LEN(K61) -> 2 | P61: =J64 -> ong | Q61: =K64 -> ong | S61: =_xlfn.CONCAT(P61, "(\d)") -> ong(\d) | T61: a | U61: =IFERROR( IF(T61="", "", SEARCH(T61, $P61)), "") | V61: =IFERROR( _xlfn.CONCAT(LEFT(P61,U61-1), "》", MID(P61,U61,1), "${1}", RIGHT(P61, LEN(P61)-U61)), "" ) | X61: =IF(AND(Q61<>"", P61<>""), " - xform/》" & S61 & "/" & V61 & "/", "") -> - xform/》ong(\d)//
A62: =ROW() - 3 -> 59 | B62: ɔk̚ | C62: 福 | D62: =LEFT(韻母表[[#This Row],[十五音識別碼]],1) -> 公 | E62: 公（促） | F62: ㆦㆻ | G62: ㄛㄍ | H62: ok | I62: ok | J62: ok | K62: ok | L62: ok | N62: =LEN(K62) -> 2 | P62: =J88 -> ut | Q62: =K88 -> ut | S62: =_xlfn.CONCAT(P62, "(\d)") -> ut(\d) | T62: a | U62: =IFERROR( IF(T62="", "", SEARCH(T62, $P62)), "") | V62: =IFERROR( _xlfn.CONCAT(LEFT(P62,U62-1), "》", MID(P62,U62,1), "${1}", RIGHT(P62, LEN(P62)-U62)), "" ) | X62: =IF(AND(Q62<>"", P62<>""), " - xform/》" & S62 & "/" & V62 & "/", "") -> - xform/》ut(\d)//
A63: =ROW() - 3 -> 60 | B63: ɔm | C63: 丼 | D63: =LEFT(韻母表[[#This Row],[十五音識別碼]],1) -> 箴 | E63: 箴（舒） | F63: ㆱ | G63: ㄛㄇ | H63: oom | I63: om | J63: om | K63: om | L63: om | N63: =LEN(K63) -> 2 | P63: =J70 -> u | Q63: =K70 -> u | S63: =_xlfn.CONCAT(P63, "(\d)") -> u(\d) | T63: a | U63: =IFERROR( IF(T63="", "", SEARCH(T63, $P63)), "") | V63: =IFERROR( _xlfn.CONCAT(LEFT(P63,U63-1), "》", MID(P63,U63,1), "${1}", RIGHT(P63, LEN(P63)-U63)), "" ) | X63: =IF(AND(Q63<>"", P63<>""), " - xform/》" & S63 & "/" & V63 & "/", "") -> - xform/》u(\d)//
A64: =ROW() - 3 -> 61 | B64: ɔŋ | C64: 風 | D64: =LEFT(韻母表[[#This Row],[十五音識別碼]],1) -> 公 | E64: 公（舒） | F64: ㆲ | G64: ㄛㄥ | H64: ong | I64: ong | J64: ong | K64: ong | L64: ong | N64: =LEN(K64) -> 3 | P64: =J83 -> uh | Q64: =K83 -> uh | S64: =_xlfn.CONCAT(P64, "(\d)") -> uh(\d) | T64: e | U64: =IFERROR( IF(T64="", "", SEARCH(T64, $P64)), "") | V64: =IFERROR( _xlfn.CONCAT(LEFT(P64,U64-1), "》", MID(P64,U64,1), "${1}", RIGHT(P64, LEN(P64)-U64)), "" ) | X64: =IF(AND(Q64<>"", P64<>""), " - xform/》" & S64 & "/" & V64 & "/", "") -> - xform/》uh(\d)//
A65: =ROW() - 3 -> 62 | B65: ɔ̃ | C65: 張 | D65: =LEFT(韻母表[[#This Row],[十五音識別碼]],1) -> 姑 | E65: 姑（舒） | F65: ㆧ | G65: ⁰ㄛ | H65: oonn | I65: noo | J65: onn | K65: onn | L65: oⁿ | N65: =LEN(K65) -> 3 | P65: =J63 -> om | Q65: =K63 -> om | S65: =_xlfn.CONCAT(P65, "(\d)") -> om(\d) | T65: a | U65: =IFERROR( IF(T65="", "", SEARCH(T65, $P65)), "") | V65: =IFERROR( _xlfn.CONCAT(LEFT(P65,U65-1), "》", MID(P65,U65,1), "${1}", RIGHT(P65, LEN(P65)-U65)), "" ) | X65: =IF(AND(Q65<>"", P65<>""), " - xform/》" & S65 & "/" & V65 & "/", "") -> - xform/》om(\d)//
A66: =ROW() - 3 -> 63 | B66: ɔ̃ʔ | C66: ◯ | D66: =LEFT(韻母表[[#This Row],[十五音識別碼]],1) -> 扛 | E66: 扛（促） | F66: ㆧㆷ | G66: ⁰ㄛㄏ | H66: onnh | I66: niuh | J66: onnh | K66: ohnn | L66: ohⁿ | M66: 韻-鼻 | N66: =LEN(K66) -> 4 | P66: =J62 -> ok | Q66: =K62 -> ok | S66: =_xlfn.CONCAT(P66, "(\d)") -> ok(\d) | T66: a | U66: =IFERROR( IF(T66="", "", SEARCH(T66, $P66)), "") | V66: =IFERROR( _xlfn.CONCAT(LEFT(P66,U66-1), "》", MID(P66,U66,1), "${1}", RIGHT(P66, LEN(P66)-U66)), "" ) | X66: =IF(AND(Q66<>"", P66<>""), " - xform/》" & S66 & "/" & V66 & "/", "") -> - xform/》ok(\d)//
A67: =ROW() - 3 -> 64 | B67: ɔ | C67: 捕 | D67: =LEFT(韻母表[[#This Row],[十五音識別碼]],1) -> 沽 | E67: 沽（舒） | F67: ㆦ | G67: ㄛ | H67: oo | I67: oo | J67: oo | K67: oo | L67: o͘ | N67: =LEN(K67) -> 2 | P67: =J66 -> onnh | Q67: =K66 -> ohnn | S67: =_xlfn.CONCAT(P67, "(\d)") -> onnh(\d) | T67: a | U67: =IFERROR( IF(T67="", "", SEARCH(T67, $P67)), "") | V67: =IFERROR( _xlfn.CONCAT(LEFT(P67,U67-1), "》", MID(P67,U67,1), "${1}", RIGHT(P67, LEN(P67)-U67)), "" ) | X67: =IF(AND(Q67<>"", P67<>""), " - xform/》" & S67 & "/" & V67 & "/", "") -> - xform/》onnh(\d)//
A68: =ROW() - 3 -> 65 | B68: ɔʔ | C68: ◯ | D68: =LEFT(韻母表[[#This Row],[十五音識別碼]],1) -> 沽 | E68: 沽（促） | F68: ㆦㆷ | G68: ㄛㄏ | H68: ooh | I68: ooh | J68: ooh | K68: ooh | L68: o͘h | N68: =LEN(K68) -> 3 | P68: =J69 -> op | Q68: =K69 -> op | S68: =_xlfn.CONCAT(P68, "(\d)") -> op(\d) | T68: a | U68: =IFERROR( IF(T68="", "", SEARCH(T68, $P68)), "") | V68: =IFERROR( _xlfn.CONCAT(LEFT(P68,U68-1), "》", MID(P68,U68,1), "${1}", RIGHT(P68, LEN(P68)-U68)), "" ) | X68: =IF(AND(Q68<>"", P68<>""), " - xform/》" & S68 & "/" & V68 & "/", "") -> - xform/》op(\d)//
A69: =ROW() - 3 -> 66 | B69: ɔp̚ | C69: 吷 | D69: =LEFT(韻母表[[#This Row],[十五音識別碼]],1) -> 箴 | E69: 箴（促） | F69: ㆦㆴ | G69: ㄛㄅ | H69: oop | I69: op | J69: op | K69: op | L69: op | N69: =LEN(K69) -> 2 | P69: =J87 -> un | Q69: =K87 -> un | S69: =_xlfn.CONCAT(P69, "(\d)") -> un(\d) | T69: i | U69: =IFERROR( IF(T69="", "", SEARCH(T69, $P69)), "") | V69: =IFERROR( _xlfn.CONCAT(LEFT(P69,U69-1), "》", MID(P69,U69,1), "${1}", RIGHT(P69, LEN(P69)-U69)), "" ) | X69: =IF(AND(Q69<>"", P69<>""), " - xform/》" & S69 & "/" & V69 & "/", "") -> - xform/》un(\d)//
A70: =ROW() - 3 -> 67 | B70: u | C70: 夫 | D70: =LEFT(韻母表[[#This Row],[十五音識別碼]],1) -> 艍 | E70: 艍（舒） | F70: ㄨ | G70: ㄨ | H70: u | I70: u | J70: u | K70: u | L70: u | N70: =LEN(K70) -> 1 | P70: =J71 -> ua | Q70: =K71 -> ua | S70: =_xlfn.CONCAT(P70, "(\d)") -> ua(\d) | T70: e | U70: =IFERROR( IF(T70="", "", SEARCH(T70, $P70)), "") | V70: =IFERROR( _xlfn.CONCAT(LEFT(P70,U70-1), "》", MID(P70,U70,1), "${1}", RIGHT(P70, LEN(P70)-U70)), "" ) | X70: =IF(AND(Q70<>"", P70<>""), " - xform/》" & S70 & "/" & V70 & "/", "") -> - xform/》ua(\d)//
A71: =ROW() - 3 -> 68 | B71: ua | C71: 花 | D71: =LEFT(韻母表[[#This Row],[十五音識別碼]],1) -> 瓜 | E71: 瓜（舒） | F71: ㄨㄚ | G71: ㄨㄚ | H71: ua | I71: ua | J71: ua | K71: ua | L71: oa | N71: =LEN(K71) -> 2 | P71: =J78 -> uang | Q71: =K78 -> uang | S71: =_xlfn.CONCAT(P71, "(\d)") -> uang(\d) | T71: i | U71: =IFERROR( IF(T71="", "", SEARCH(T71, $P71)), "") | V71: =IFERROR( _xlfn.CONCAT(LEFT(P71,U71-1), "》", MID(P71,U71,1), "${1}", RIGHT(P71, LEN(P71)-U71)), "" ) | X71: =IF(AND(Q71<>"", P71<>""), " - xform/》" & S71 & "/" & V71 & "/", "") -> - xform/》uang(\d)//
A72: =ROW() - 3 -> 69 | B72: uaʔ | C72: 缽 | D72: =LEFT(韻母表[[#This Row],[十五音識別碼]],1) -> 瓜 | E72: 瓜（促） | F72: ㄨㄚㆷ | G72: ㄨㄚㄏ | H72: uah | I72: uah | J72: uah | K72: uah | L72: oah | N72: =LEN(K72) -> 3 | P72: =J73 -> uai | Q72: =K73 -> uai | S72: =_xlfn.CONCAT(P72, "(\d)") -> uai(\d) | T72: i | U72: =IFERROR( IF(T72="", "", SEARCH(T72, $P72)), "") -> 3 | V72: =IFERROR( _xlfn.CONCAT(LEFT(P72,U72-1), "》", MID(P72,U72,1), "${1}", RIGHT(P72, LEN(P72)-U72)), "" ) -> ua》i${1} | X72: =IF(AND(Q72<>"", P72<>""), " - xform/》" & S72 & "/" & V72 & "/", "") -> - xform/》uai(\d)/ua》i${1}/
A73: =ROW() - 3 -> 70 | B73: uai | C73: 怪 | D73: =LEFT(韻母表[[#This Row],[十五音識別碼]],1) -> 乖 | E73: 乖（舒） | F73: ㄨㄞ | G73: ㄨㄞ | H73: uai | I73: uai | J73: uai | K73: uai | L73: oai | N73: =LEN(K73) -> 3 | P73: =J81 -> ue | Q73: =K81 -> ue | S73: =_xlfn.CONCAT(P73, "(\d)") -> ue(\d) | T73: n | U73: =IFERROR( IF(T73="", "", SEARCH(T73, $P73)), "") | V73: =IFERROR( _xlfn.CONCAT(LEFT(P73,U73-1), "》", MID(P73,U73,1), "${1}", RIGHT(P73, LEN(P73)-U73)), "" ) | X73: =IF(AND(Q73<>"", P73<>""), " - xform/》" & S73 & "/" & V73 & "/", "") -> - xform/》ue(\d)//
A74: =ROW() - 3 -> 71 | B74: uãi | C74: 檨 | D74: =LEFT(韻母表[[#This Row],[十五音識別碼]],1) -> 閂 | E74: 閂（舒） | F74: ㄨㆮ | G74: ⁰ㄨㄞ | H74: uainn | I74: nuai | J74: uainn | K74: uainn | L74: oaiⁿ | M74: 韻-鼻 | N74: =LEN(K74) -> 5 | P74: =J82 -> ueh | Q74: =K82 -> ueh | S74: =_xlfn.CONCAT(P74, "(\d)") -> ueh(\d) | T74: o | U74: =IFERROR( IF(T74="", "", SEARCH(T74, $P74)), "") | V74: =IFERROR( _xlfn.CONCAT(LEFT(P74,U74-1), "》", MID(P74,U74,1), "${1}", RIGHT(P74, LEN(P74)-U74)), "" ) | X74: =IF(AND(Q74<>"", P74<>""), " - xform/》" & S74 & "/" & V74 & "/", "") -> - xform/》ueh(\d)//
A75: =ROW() - 3 -> 72 | B75: uaiʔ | C75: ◯ | D75: =LEFT(韻母表[[#This Row],[十五音識別碼]],1) -> 乖 | E75: 乖（促） | F75: ㄨㄞㆷ | G75: ㄨㄞㄏ | H75: uaih | I75: uaih | J75: uaih | K75: uaih | L75: oaih | N75: =LEN(K75) -> 4 | P75: =J84 -> ui | Q75: =K84 -> ui | S75: =_xlfn.CONCAT(P75, "(\d)") -> ui(\d) | T75: o | U75: =IFERROR( IF(T75="", "", SEARCH(T75, $P75)), "") | V75: =IFERROR( _xlfn.CONCAT(LEFT(P75,U75-1), "》", MID(P75,U75,1), "${1}", RIGHT(P75, LEN(P75)-U75)), "" ) | X75: =IF(AND(Q75<>"", P75<>""), " - xform/》" & S75 & "/" & V75 & "/", "") -> - xform/》ui(\d)//
A76: =ROW() - 3 -> 73 | B76: uãiʔ | C76: 蹶 | D76: =LEFT(韻母表[[#This Row],[十五音識別碼]],1) -> 閂 | E76: 閂（促） | F76: ㄨㆮㆷ | G76: ⁰ㄨㄞㄏ | H76: uainnh | I76: uainnh | J76: uainnh | K76: uaihnn | L76: oaihⁿ | M76: 韻-鼻 | N76: =LEN(K76) -> 6 | P76: =J86 -> uinn | Q76: =K86 -> uinn | S76: =_xlfn.CONCAT(P76, "(\d)") -> uinn(\d) | T76: o | U76: =IFERROR( IF(T76="", "", SEARCH(T76, $P76)), "") | V76: =IFERROR( _xlfn.CONCAT(LEFT(P76,U76-1), "》", MID(P76,U76,1), "${1}", RIGHT(P76, LEN(P76)-U76)), "" ) | X76: =IF(AND(Q76<>"", P76<>""), " - xform/》" & S76 & "/" & V76 & "/", "") -> - xform/》uinn(\d)//
A77: =ROW() - 3 -> 74 | B77: uan | C77: 猿 | D77: =LEFT(韻母表[[#This Row],[十五音識別碼]],1) -> 觀 | E77: 觀（舒） | F77: ㄨㄢ | G77: ㄨㄢ | H77: uan | I77: uan | J77: uan | K77: uan | L77: oan | N77: =LEN(K77) -> 3 | P77: =J74 -> uainn | Q77: =K74 -> uainn | S77: =_xlfn.CONCAT(P77, "(\d)") -> uainn(\d) | T77: i | U77: =IFERROR( IF(T77="", "", SEARCH(T77, $P77)), "") -> 3 | V77: =IFERROR( _xlfn.CONCAT(LEFT(P77,U77-1), "》", MID(P77,U77,1), "${1}", RIGHT(P77, LEN(P77)-U77)), "" ) -> ua》i${1}nn | X77: =IF(AND(Q77<>"", P77<>""), " - xform/》" & S77 & "/" & V77 & "/", "") -> - xform/》uainn(\d)/ua》i${1}nn/
A78: =ROW() - 3 -> 75 | B78: uaŋ | C78: 闖 | D78: =LEFT(韻母表[[#This Row],[十五音識別碼]],1) -> 光 | E78: 光（舒） | F78: ㄨㄤ | G78: ㄨㄤ | H78: uang | I78: uang | J78: uang | K78: uang | L78: oang | N78: =LEN(K78) -> 4 | P78: =J75 -> uaih | Q78: =K75 -> uaih | S78: =_xlfn.CONCAT(P78, "(\d)") -> uaih(\d) | T78: i | U78: =IFERROR( IF(T78="", "", SEARCH(T78, $P78)), "") -> 3 | V78: =IFERROR( _xlfn.CONCAT(LEFT(P78,U78-1), "》", MID(P78,U78,1), "${1}", RIGHT(P78, LEN(P78)-U78)), "" ) -> ua》i${1}h | X78: =IF(AND(Q78<>"", P78<>""), " - xform/》" & S78 & "/" & V78 & "/", "") -> - xform/》uaih(\d)/ua》i${1}h/
A79: =ROW() - 3 -> 76 | B79: uã | C79: 肝 | D79: =LEFT(韻母表[[#This Row],[十五音識別碼]],1) -> 官 | E79: 官（舒） | F79: ㄨㆩ | G79: ⁰ㄨㄚ | H79: uann | I79: nua | J79: uann | K79: uann | L79: oaⁿ | N79: =LEN(K79) -> 4 | P79: =J80 -> uat | Q79: =K80 -> uat | S79: =_xlfn.CONCAT(P79, "(\d)") -> uat(\d) | T79: i | U79: =IFERROR( IF(T79="", "", SEARCH(T79, $P79)), "") | V79: =IFERROR( _xlfn.CONCAT(LEFT(P79,U79-1), "》", MID(P79,U79,1), "${1}", RIGHT(P79, LEN(P79)-U79)), "" ) | X79: =IF(AND(Q79<>"", P79<>""), " - xform/》" & S79 & "/" & V79 & "/", "") -> - xform/》uat(\d)//
A80: =ROW() - 3 -> 77 | B80: uat̚ | C80: 說 | D80: =LEFT(韻母表[[#This Row],[十五音識別碼]],1) -> 觀 | E80: 觀（促） | F80: ㄨㄚㆵ | G80: ㄨㄚㄉ | H80: uat | I80: uat | J80: uat | K80: uat | L80: oat | N80: =LEN(K80) -> 3 | P80: =J76 -> uainnh | Q80: =K76 -> uaihnn | S80: =_xlfn.CONCAT(P80, "(\d)") -> uainnh(\d) | T80: m | U80: =IFERROR( IF(T80="", "", SEARCH(T80, $P80)), "") | V80: =IFERROR( _xlfn.CONCAT(LEFT(P80,U80-1), "》", MID(P80,U80,1), "${1}", RIGHT(P80, LEN(P80)-U80)), "" ) | X80: =IF(AND(Q80<>"", P80<>""), " - xform/》" & S80 & "/" & V80 & "/", "") -> - xform/》uainnh(\d)//
A81: =ROW() - 3 -> 78 | B81: ue | C81: 話 | D81: =LEFT(韻母表[[#This Row],[十五音識別碼]],1) -> 檜 | E81: 檜（舒） | F81: ㄨㆤ | G81: ㄨㄝ | H81: ue | I81: ue | J81: ue | K81: ue | L81: oe | N81: =LEN(K81) -> 2 | P81: =J85 -> uih | Q81: =K85 -> uih | S81: =_xlfn.CONCAT(P81, "(\d)") -> uih(\d) | T81: o | U81: =IFERROR( IF(T81="", "", SEARCH(T81, $P81)), "") | V81: =IFERROR( _xlfn.CONCAT(LEFT(P81,U81-1), "》", MID(P81,U81,1), "${1}", RIGHT(P81, LEN(P81)-U81)), "" ) | X81: =IF(AND(Q81<>"", P81<>""), " - xform/》" & S81 & "/" & V81 & "/", "") -> - xform/》uih(\d)//
A82: =ROW() - 3 -> 79 | B82: ueʔ | C82: 拔 | D82: =LEFT(韻母表[[#This Row],[十五音識別碼]],1) -> 檜 | E82: 檜（促） | F82: ㄨㆤㆷ | G82: ㄨㄝㄏ | H82: ueh | I82: ueh | J82: ueh | K82: ueh | L82: oeh | N82: =LEN(K82) -> 3 | P82: =J56 -> m | Q82: =K56 -> m | S82: =_xlfn.CONCAT(P82, "(\d)") -> m(\d) | T82: u | U82: =IFERROR( IF(T82="", "", SEARCH(T82, $P82)), "") | V82: =IFERROR( _xlfn.CONCAT(LEFT(P82,U82-1), "》", MID(P82,U82,1), "${1}", RIGHT(P82, LEN(P82)-U82)), "" ) | X82: =IF(AND(Q82<>"", P82<>""), " - xform/》" & S82 & "/" & V82 & "/", "") -> - xform/》m(\d)//
A83: =ROW() - 3 -> 80 | B83: uʔ | C83: 勃 | D83: =LEFT(韻母表[[#This Row],[十五音識別碼]],1) -> 艍 | E83: 艍（促） | F83: ㄨㆷ | G83: ㄨㄏ | H83: uh | I83: uh | J83: uh | K83: uh | L83: uh | N83: =LEN(K83) -> 2 | P83: =J79 -> uann | Q83: =K79 -> uann | S83: =_xlfn.CONCAT(P83, "(\d)") -> uann(\d) | T83: i | U83: =IFERROR( IF(T83="", "", SEARCH(T83, $P83)), "") | V83: =IFERROR( _xlfn.CONCAT(LEFT(P83,U83-1), "》", MID(P83,U83,1), "${1}", RIGHT(P83, LEN(P83)-U83)), "" ) | X83: =IF(AND(Q83<>"", P83<>""), " - xform/》" & S83 & "/" & V83 & "/", "") -> - xform/》uann(\d)//
A84: =ROW() - 3 -> 81 | B84: ui | C84: 歸 | D84: =LEFT(韻母表[[#This Row],[十五音識別碼]],1) -> 規 | E84: 規（舒） | F84: ㄨㄧ | G84: ㄨㄧ | H84: ui | I84: ui | J84: ui | K84: ui | L84: ui | N84: =LEN(K84) -> 2 | P84: =J57 -> mh | Q84: =K57 -> mh | S84: =_xlfn.CONCAT(P84, "(\d)") -> mh(\d) | T84: u | U84: =IFERROR( IF(T84="", "", SEARCH(T84, $P84)), "") | V84: =IFERROR( _xlfn.CONCAT(LEFT(P84,U84-1), "》", MID(P84,U84,1), "${1}", RIGHT(P84, LEN(P84)-U84)), "" ) | X84: =IF(AND(Q84<>"", P84<>""), " - xform/》" & S84 & "/" & V84 & "/", "") -> - xform/》mh(\d)//
A85: =ROW() - 3 -> 82 | B85: uiʔ | C85: ◯ | D85: =LEFT(韻母表[[#This Row],[十五音識別碼]],1) -> 褌 | E85: 褌（促） | F85: ㄨㄧㆷ | G85: ㄨㄧㄏ | H85: uih | I85: uih | J85: uih | K85: uih | L85: uih | M85: 韻-鼻 | N85: =LEN(K85) -> 3 | P85: =J59 -> ngh | Q85: =K59 -> ngh | S85: =_xlfn.CONCAT(P85, "(\d)") -> ngh(\d) | T85: u | U85: =IFERROR( IF(T85="", "", SEARCH(T85, $P85)), "") | V85: =IFERROR( _xlfn.CONCAT(LEFT(P85,U85-1), "》", MID(P85,U85,1), "${1}", RIGHT(P85, LEN(P85)-U85)), "" ) | X85: =IF(AND(Q85<>"", P85<>""), " - xform/》" & S85 & "/" & V85 & "/", "") -> - xform/》ngh(\d)//
A86: =ROW() - 3 -> 83 | B86: uĩ | C86: 荒 | D86: =LEFT(韻母表[[#This Row],[十五音識別碼]],1) -> 褌 | E86: 褌（舒） | F86: ㄨㆪ | G86: ⁰ㄨㄧ | H86: uinn | I86: nui | J86: uinn | K86: uinn | L86: uiⁿ | N86: =LEN(K86) -> 4 | P86: =J58 -> ng | Q86: =K58 -> ng | S86: =_xlfn.CONCAT(P86, "(\d)") -> ng(\d) | T86: u | U86: =IFERROR( IF(T86="", "", SEARCH(T86, $P86)), "") | V86: =IFERROR( _xlfn.CONCAT(LEFT(P86,U86-1), "》", MID(P86,U86,1), "${1}", RIGHT(P86, LEN(P86)-U86)), "" ) | X86: =IF(AND(Q86<>"", P86<>""), " - xform/》" & S86 & "/" & V86 & "/", "") -> - xform/》ng(\d)//
A87: =ROW() - 3 -> 84 | B87: un | C87: 汾 | D87: =LEFT(韻母表[[#This Row],[十五音識別碼]],1) -> 君 | E87: 君（舒） | F87: ㄨㄣ | G87: ㄨㄣ | H87: un | I87: un | J87: un | K87: un | L87: un | N87: =LEN(K87) -> 2 | P87: =J72 -> uah | Q87: =K72 -> uah | S87: =_xlfn.CONCAT(P87, "(\d)") -> uah(\d) | T87: i | U87: =IFERROR( IF(T87="", "", SEARCH(T87, $P87)), "") | V87: =IFERROR( _xlfn.CONCAT(LEFT(P87,U87-1), "》", MID(P87,U87,1), "${1}", RIGHT(P87, LEN(P87)-U87)), "" ) | X87: =IF(AND(Q87<>"", P87<>""), " - xform/》" & S87 & "/" & V87 & "/", "") -> - xform/》uah(\d)//
A88: =ROW() - 3 -> 85 | B88: ut̚ | C88: 不 | D88: =LEFT(韻母表[[#This Row],[十五音識別碼]],1) -> 君 | E88: 君（促） | F88: ㄨㆵ | G88: ㄨㄉ | H88: ut | I88: ut | J88: ut | K88: ut | L88: ut | N88: =LEN(K88) -> 2 | P88: =J77 -> uan | Q88: =K77 -> uan | S88: =_xlfn.CONCAT(P88, "(\d)") -> uan(\d) | T88: i | U88: =IFERROR( IF(T88="", "", SEARCH(T88, $P88)), "") | V88: =IFERROR( _xlfn.CONCAT(LEFT(P88,U88-1), "》", MID(P88,U88,1), "${1}", RIGHT(P88, LEN(P88)-U88)), "" ) | X88: =IF(AND(Q88<>"", P88<>""), " - xform/》" & S88 & "/" & V88 & "/", "") -> - xform/》uan(\d)//
A100: ="(""" & _xlfn.TEXTJOIN(""",""",TRUE,I3:I88) & """)" -> ("a","ah","ai","aih","nai","ak","am","an","ang","na","nah","ap","at","ao","aoh","e","eh","ne","ennh","i","ia","iah","iak","iam","ian","iang","nia","iannh","iap","iat","iao","iaoh","niao","ih","ik","im","in","ing","ni","io","ioh","iok","iong","ip","it","nioo","iu","niu","niuh","m","mh","ng","ngh","o","oh","ok","om","ong","noo","niuh","oo","ooh","op","u","ua","uah","uai","nuai","uaih","uainnh","uan","uang","nua","uat","ue","ueh","uh","ui","uih","nui","un","ut")

Sheet 【調】韻母標調
B1: 響度優先次第： a > oo > (e = o) > (i = u)〈低元音 > 高元音 > 無擦通音 > 擦音 > 塞音〉 | AJ1: 1 | AK1: 2 | AL1: 3 | AM1: 4 | AN1: 5 | AO1: 6 | AP1: 7 | AQ1: 8 | AR1: 9 | AS1: 9
B3: 調號 | C3: 調名 | D3: 鍵盤按鍵 | E3: 台羅調符編碼 | F3: 台羅拼音 | H3: 傳統調號 | I3: 調名 | J3: 調值 | K3: 調性 | L3: 鍵盤按鍵 | M3: 台羅調符編碼 | N3: 台羅拼音 | O3: 閩拼調符編碼 | P3: 閩拼方案 | Q3: 閩拼調號
B4: 1 | C4: 上平 | D4: ; | F4: =IFERROR( _xlfn.CONCAT("a"), "") -> a | H4: 1 | I4: 上平 | J4: 44 | K4: 高音調 | L4: ; | N4: =IFERROR( _xlfn.CONCAT("a", IF($M4="", "", _xlfn.UNICHAR(HEX2DEC(RIGHT($M4,4))))), "") -> a | O4: U+0304 | P4: =IFERROR( _xlfn.CONCAT("a", _xlfn.UNICHAR(HEX2DEC(RIGHT(O4,4)))), "") -> ā | Q4: 1
B5: 2 | C5: 上聲 | D5: \ | E5: U+0301 | F5: =IFERROR( _xlfn.CONCAT("a", _xlfn.UNICHAR(HEX2DEC(RIGHT($E5,4)))), "") -> á | H5: 7 | I5: 下去 | J5: 22 | K5: 中音調 | L5: - | M5: U+0304 | N5: =IFERROR( _xlfn.CONCAT("a", IF($M5="", "", _xlfn.UNICHAR(HEX2DEC(RIGHT($M5,4))))), "") -> ā | O5: U+0302 | P5: =IFERROR( _xlfn.CONCAT("a", _xlfn.UNICHAR(HEX2DEC(RIGHT(O5,4)))), "") -> â | Q5: 6
B6: 3 | C6: 上去 | D6: _ | E6: U+0300 | F6: =IFERROR( _xlfn.CONCAT("a", _xlfn.UNICHAR(HEX2DEC(RIGHT($E6,4)))), "") -> à | H6: 3 | I6: 上去 | J6: 21 | K6: 低音調 | L6: _ | M6: U+0301 | N6: =IFERROR( _xlfn.CONCAT("a", IF($M7="", "", _xlfn.UNICHAR(HEX2DEC(RIGHT($M7,4))))), "") -> à | O6: U+0300 | P6: =IFERROR( _xlfn.CONCAT("a", _xlfn.UNICHAR(HEX2DEC(RIGHT(O6,4)))), "") -> à | Q6: 5
B7: 4 | C7: 上入 | D7: [ | F7: =IFERROR( _xlfn.CONCAT("a", _xlfn.UNICHAR(HEX2DEC(RIGHT($E7,4)))), "") | H7: 2 | I7: 上聲 | J7: 53 | K7: 高降調 | L7: \ | M7: U+0300 | N7: =IFERROR( _xlfn.CONCAT("a", IF($M6="", "", _xlfn.UNICHAR(HEX2DEC(RIGHT($M6,4))))), "") -> á | O7: U+030C | P7: =IFERROR( _xlfn.CONCAT("a", _xlfn.UNICHAR(HEX2DEC(RIGHT(O7,4)))), "") -> ǎ | Q7: 3
B8: 5 | C8: 下平 | D8: / | E8: U+030C | F8: =IFERROR( _xlfn.CONCAT("a", _xlfn.UNICHAR(HEX2DEC(RIGHT($E8,4)))), "") -> ǎ | H8: 5 | I8: 下平 | J8: 24 | K8: 低升調 | L8: / | M8: U+0301 | N8: =IFERROR( _xlfn.CONCAT("a", IF($M8="", "", _xlfn.UNICHAR(HEX2DEC(RIGHT($M8,4))))), "") -> á | O8: U+0301 | P8: =IFERROR( _xlfn.CONCAT("a", _xlfn.UNICHAR(HEX2DEC(RIGHT(O8,4)))), "") -> á | Q8: 2
B9: 6 | C9: 上聲 | E9: U+0301 | F9: =IFERROR( _xlfn.CONCAT("a", _xlfn.UNICHAR(HEX2DEC(RIGHT($E9,4)))), "") -> á | H9: 7 | I9: 上入 | J9: 320 | K9: 低促調 | L9: [ | M9: U+030C | N9: =IFERROR( _xlfn.CONCAT("a", IF($M9="", "", _xlfn.UNICHAR(HEX2DEC(RIGHT($M9,4))))), "") -> ǎ | O9: U+0304 | P9: =IFERROR( _xlfn.CONCAT("a", _xlfn.UNICHAR(HEX2DEC(RIGHT(O9,4))), "h"), "") -> āh | Q9: 7
B10: 7 | C10: 下去 | D10: - | E10: U+0304 | F10: =IFERROR( _xlfn.CONCAT("a", _xlfn.UNICHAR(HEX2DEC(RIGHT($E10,4)))), "") -> ā | H10: 8 | I10: 下入 | J10: 40 | K10: 高促調 | L10: ] | M10: U+030D | N10: =IFERROR( _xlfn.CONCAT("a", IF($M10="", "", _xlfn.UNICHAR(HEX2DEC(RIGHT($M10,4))))), "") -> a̍ | O10: U+0301 | P10: =IFERROR( _xlfn.CONCAT("a", _xlfn.UNICHAR(HEX2DEC(RIGHT(O10,4))), "h"), "") -> áh | Q10: 8
B11: 8 | C11: 下入 | D11: ] | E11: U+030D | F11: =IFERROR( _xlfn.CONCAT("a", _xlfn.UNICHAR(HEX2DEC(RIGHT($E11,4)))), "") -> a̍ | H11: 6 | I11: 上聲 | M11: U+0301 | N11: =IFERROR( _xlfn.CONCAT("a", IF($M11="", "", _xlfn.UNICHAR(HEX2DEC(RIGHT($M11,4))))), "") -> á | O11: U+030C | P11: =IFERROR( _xlfn.CONCAT("a", _xlfn.UNICHAR(HEX2DEC(RIGHT(O11,4)))), "") -> ǎ | Q11: =IFERROR( _xlfn.CONCAT("a", _xlfn.UNICHAR(HEX2DEC(RIGHT(P11,4)))), "")
B12: 9 | C12: 輕聲 | E12: U+030B | F12: =IFERROR( _xlfn.CONCAT("a", _xlfn.UNICHAR(HEX2DEC(RIGHT($E12,4)))), "") -> a̋
B13: 0 | C13: 輕聲 | E13: U+030A | F13: =IFERROR( _xlfn.CONCAT("a", _xlfn.UNICHAR(HEX2DEC(RIGHT($E13,4)))), "") -> å | H13: 調號 | I13: 上標值
H14: 1 | I14: =IFERROR(_xlfn.UNICHAR(CHOOSE($H14+1,8304,185,178,179,8308,8309,8310,8311,8312,8313)),"") -> ¹
H15: 2 | I15: =IFERROR(_xlfn.UNICHAR(CHOOSE($H15+1,8304,185,178,179,8308,8309,8310,8311,8312,8313)),"") -> ²
B16: 調號 | C16: 調名 | D16: 鍵盤按鍵 | E16: 閩拼調符編碼 | F16: 閩拼方案 | H16: 3 | I16: =IFERROR(_xlfn.UNICHAR(CHOOSE($H16+1,8304,185,178,179,8308,8309,8310,8311,8312,8313)),"") -> ³
B17: 1 | C17: 上平 | D17: ; | E17: U+0304 | F17: =IFERROR( _xlfn.CONCAT("a", _xlfn.UNICHAR(HEX2DEC(RIGHT(E17,4)))), "") -> ā | H17: 4 | I17: =IFERROR(_xlfn.UNICHAR(CHOOSE($H17+1,8304,185,178,179,8308,8309,8310,8311,8312,8313)),"") -> ⁴
B18: 2 | C18: 下平 | D18: / | E18: U+0301 | F18: =IFERROR( _xlfn.CONCAT("a", _xlfn.UNICHAR(HEX2DEC(RIGHT(E18,4)))), "") -> á | H18: 5 | I18: =IFERROR(_xlfn.UNICHAR(CHOOSE($H18+1,8304,185,178,179,8308,8309,8310,8311,8312,8313)),"") -> ⁵
B19: 3 | C19: 上聲 | D19: \ | E19: U+030C | F19: =IFERROR( _xlfn.CONCAT("a", _xlfn.UNICHAR(HEX2DEC(RIGHT(E19,4)))), "") -> ǎ | H19: 6 | I19: =IFERROR(_xlfn.UNICHAR(CHOOSE($H19+1,8304,185,178,179,8308,8309,8310,8311,8312,8313)),"") -> ⁶
B20: 4 | C20: 上聲 | E20: U+030C | F20: =IFERROR( _xlfn.CONCAT("a", _xlfn.UNICHAR(HEX2DEC(RIGHT(E20,4)))), "") -> ǎ | H20: 7 | I20: =IFERROR(_xlfn.UNICHAR(CHOOSE($H20+1,8304,185,178,179,8308,8309,8310,8311,8312,8313)),"") -> ⁷
B21: 5 | C21: 上去 | D21: _ | E21: U+0300 | F21: =IFERROR( _xlfn.CONCAT("a", _xlfn.UNICHAR(HEX2DEC(RIGHT(E21,4)))), "") -> à | H21: 8 | I21: =IFERROR(_xlfn.UNICHAR(CHOOSE($H21+1,8304,185,178,179,8308,8309,8310,8311,8312,8313)),"") -> ⁸
B22: 6 | C22: 下去 | D22: - | E22: U+0302 | F22: =IFERROR( _xlfn.CONCAT("a", _xlfn.UNICHAR(HEX2DEC(RIGHT(E22,4)))), "") -> â | H22: 9 | I22: =IFERROR(_xlfn.UNICHAR(CHOOSE($H22+1,8304,185,178,179,8308,8309,8310,8311,8312,8313)),"") -> ⁹
B23: 7 | C23: 上入 | D23: [ | E23: U+0304 | F23: =IFERROR( _xlfn.CONCAT("a", _xlfn.UNICHAR(HEX2DEC(RIGHT(E23,4))), "h"), "") -> āh | H23: 0 | I23: =IFERROR(_xlfn.UNICHAR(CHOOSE($H23+1,8304,185,178,179,8308,8309,8310,8311,8312,8313)),"") -> ⁰
B24: 8 | C24: 下入 | D24: ] | E24: U+0301 | F24: =IFERROR( _xlfn.CONCAT("a", _xlfn.UNICHAR(HEX2DEC(RIGHT(E24,4))), "h"), "") -> áh
B25: 9 | C25: 輕聲 | I25: =IFERROR( _xlfn.CONCAT("l", "u", _xlfn.UNICHAR(HEX2DEC(RIGHT(G38,4))), "n"), "")
B26: 0 | C26: 輕聲 | I26: =IFERROR( _xlfn.CONCAT("l", "u", _xlfn.UNICHAR(HEX2DEC(RIGHT(G39,4))), "n"), "")

Sheet 符號工具
B2: 符號 | C2: Unicode 編碼 | D2: 實例 | F2: 符號 | G2: ゜
C3: U+0303 | D3: =_xlfn.CONCAT("a", _xlfn.UNICHAR(HEX2DEC(RIGHT(C3,4)))) -> ã | F3: 十進制 Unicode | G3: =_xlfn.UNICODE(G2) -> 12444 | J3: =_xlfn.CONCAT("o", _xlfn.UNICHAR(HEX2DEC(RIGHT("U+0358",4)))) -> o͘ | K3: a | L3: i | M3: u | N3: e | O3: o | P3: m | Q3: n
B4: ʔ | C4: U+0294 | D4: =_xlfn.CONCAT("a", _xlfn.UNICHAR(HEX2DEC(RIGHT(C4,4)))) -> aʔ | F4: 十六進制 Unicode | G4: =DEC2HEX(G3) -> 309C | I4: 1 | J4: =IFERROR( _xlfn.CONCAT("o", _xlfn.UNICHAR(HEX2DEC(RIGHT("U+0358",4))), _xlfn.UNICHAR(HEX2DEC(RIGHT(【調】韻母標調!E4,4)))), $J$3) -> o͘ | K4: =IFERROR( _xlfn.CONCAT(K$3, IF(【調】韻母標調!$E4="", "", _xlfn.UNICHAR(HEX2DEC(RIGHT(【調】韻母標調!$E4,4))))), "") -> a | L4: =IFERROR( _xlfn.CONCAT(L$3, IF(【調】韻母標調!$E4="", "", _xlfn.UNICHAR(HEX2DEC(RIGHT(【調】韻母標調!$E4,4))))), "") -> i | M4: =IFERROR( _xlfn.CONCAT(M$3, IF(【調】韻母標調!$E4="", "", _xlfn.UNICHAR(HEX2DEC(RIGHT(【調】韻母標調!$E4,4))))), "") -> u | N4: =IFERROR( _xlfn.CONCAT(N$3, IF(【調】韻母標調!$E4="", "", _xlfn.UNICHAR(HEX2DEC(RIGHT(【調】韻母標調!$E4,4))))), "") -> e | O4: =IFERROR( _xlfn.CONCAT(O$3, IF(【調】韻母標調!$E4="", "", _xlfn.UNICHAR(HEX2DEC(RIGHT(【調】韻母標調!$E4,4))))), "") -> o | P4: =IFERROR( _xlfn.CONCAT(P$3, IF(【調】韻母標調!$E4="", "", _xlfn.UNICHAR(HEX2DEC(RIGHT(【調】韻母標調!$E4,4))))), "") -> m | Q4: =IFERROR( _xlfn.CONCAT(Q$3, IF(【調】韻母標調!$E4="", "", _xlfn.UNICHAR(HEX2DEC(RIGHT(【調】韻母標調!$E4,4))))), "") -> n
B5: ゜ | C5: U+309C | D5: =_xlfn.UNICHAR(HEX2DEC(RIGHT(C5,4))) -> ゜ | F5: Unicode 編碼 | G5: =_xlfn.CONCAT("U+",F19) -> U+ | I5: 2 | J5: =IFERROR( _xlfn.CONCAT("o", _xlfn.UNICHAR(HEX2DEC(RIGHT("U+0358",4))), _xlfn.UNICHAR(HEX2DEC(RIGHT(【調】韻母標調!E5,4)))), $J$3) -> ó͘ | K5: =IFERROR( _xlfn.CONCAT(K$3, IF(【調】韻母標調!$E5="", "", _xlfn.UNICHAR(HEX2DEC(RIGHT(【調】韻母標調!$E5,4))))), "") -> á | L5: =IFERROR( _xlfn.CONCAT(L$3, IF(【調】韻母標調!$E5="", "", _xlfn.UNICHAR(HEX2DEC(RIGHT(【調】韻母標調!$E5,4))))), "") -> í | M5: =IFERROR( _xlfn.CONCAT(M$3, IF(【調】韻母標調!$E5="", "", _xlfn.UNICHAR(HEX2DEC(RIGHT(【調】韻母標調!$E5,4))))), "") -> ú | N5: =IFERROR( _xlfn.CONCAT(N$3, IF(【調】韻母標調!$E5="", "", _xlfn.UNICHAR(HEX2DEC(RIGHT(【調】韻母標調!$E5,4))))), "") -> é | O5: =IFERROR( _xlfn.CONCAT(O$3, IF(【調】韻母標調!$E5="", "", _xlfn.UNICHAR(HEX2DEC(RIGHT(【調】韻母標調!$E5,4))))), "") -> ó | P5: =IFERROR( _xlfn.CONCAT(P$3, IF(【調】韻母標調!$E5="", "", _xlfn.UNICHAR(HEX2DEC(RIGHT(【調】韻母標調!$E5,4))))), "") -> ḿ | Q5: =IFERROR( _xlfn.CONCAT(Q$3, IF(【調】韻母標調!$E5="", "", _xlfn.UNICHAR(HEX2DEC(RIGHT(【調】韻母標調!$E5,4))))), "") -> ń
C6: U+0856 | D6: =_xlfn.CONCAT("a", _xlfn.UNICHAR(HEX2DEC(RIGHT(C6,4)))) -> aࡖ | G6: =RIGHT(C5,4) -> 309C | I6: 3 | J6: =IFERROR( _xlfn.CONCAT("o", _xlfn.UNICHAR(HEX2DEC(RIGHT("U+0358",4))), _xlfn.UNICHAR(HEX2DEC(RIGHT(【調】韻母標調!E6,4)))), $J$3) -> ò͘ | K6: =IFERROR( _xlfn.CONCAT(K$3, IF(【調】韻母標調!$E6="", "", _xlfn.UNICHAR(HEX2DEC(RIGHT(【調】韻母標調!$E6,4))))), "") -> à | L6: =IFERROR( _xlfn.CONCAT(L$3, IF(【調】韻母標調!$E6="", "", _xlfn.UNICHAR(HEX2DEC(RIGHT(【調】韻母標調!$E6,4))))), "") -> ì | M6: =IFERROR( _xlfn.CONCAT(M$3, IF(【調】韻母標調!$E6="", "", _xlfn.UNICHAR(HEX2DEC(RIGHT(【調】韻母標調!$E6,4))))), "") -> ù | N6: =IFERROR( _xlfn.CONCAT(N$3, IF(【調】韻母標調!$E6="", "", _xlfn.UNICHAR(HEX2DEC(RIGHT(【調】韻母標調!$E6,4))))), "") -> è | O6: =IFERROR( _xlfn.CONCAT(O$3, IF(【調】韻母標調!$E6="", "", _xlfn.UNICHAR(HEX2DEC(RIGHT(【調】韻母標調!$E6,4))))), "") -> ò | P6: =IFERROR( _xlfn.CONCAT(P$3, IF(【調】韻母標調!$E6="", "", _xlfn.UNICHAR(HEX2DEC(RIGHT(【調】韻母標調!$E6,4))))), "") -> m̀ | Q6: =IFERROR( _xlfn.CONCAT(Q$3, IF(【調】韻母標調!$E6="", "", _xlfn.UNICHAR(HEX2DEC(RIGHT(【調】韻母標調!$E6,4))))), "") -> ǹ
G7: =HEX2DEC(G6) -> 12444 | I7: 4 | J7: =IFERROR( _xlfn.CONCAT("o", _xlfn.UNICHAR(HEX2DEC(RIGHT("U+0358",4))), _xlfn.UNICHAR(HEX2DEC(RIGHT(【調】韻母標調!E7,4)))), $J$3) -> o͘ | K7: =IFERROR( _xlfn.CONCAT(K$3, IF(【調】韻母標調!$E7="", "", _xlfn.UNICHAR(HEX2DEC(RIGHT(【調】韻母標調!$E7,4))))), "") -> a | L7: =IFERROR( _xlfn.CONCAT(L$3, IF(【調】韻母標調!$E7="", "", _xlfn.UNICHAR(HEX2DEC(RIGHT(【調】韻母標調!$E7,4))))), "") -> i | M7: =IFERROR( _xlfn.CONCAT(M$3, IF(【調】韻母標調!$E7="", "", _xlfn.UNICHAR(HEX2DEC(RIGHT(【調】韻母標調!$E7,4))))), "") -> u | N7: =IFERROR( _xlfn.CONCAT(N$3, IF(【調】韻母標調!$E7="", "", _xlfn.UNICHAR(HEX2DEC(RIGHT(【調】韻母標調!$E7,4))))), "") -> e | O7: =IFERROR( _xlfn.CONCAT(O$3, IF(【調】韻母標調!$E7="", "", _xlfn.UNICHAR(HEX2DEC(RIGHT(【調】韻母標調!$E7,4))))), "") -> o | P7: =IFERROR( _xlfn.CONCAT(P$3, IF(【調】韻母標調!$E7="", "", _xlfn.UNICHAR(HEX2DEC(RIGHT(【調】韻母標調!$E7,4))))), "") -> m | Q7: =IFERROR( _xlfn.CONCAT(Q$3, IF(【調】韻母標調!$E7="", "", _xlfn.UNICHAR(HEX2DEC(RIGHT(【調】韻母標調!$E7,4))))), "") -> n
G8: =_xlfn.UNICHAR(G7) -> ゜ | I8: 5 | J8: =IFERROR( _xlfn.CONCAT("o", _xlfn.UNICHAR(HEX2DEC(RIGHT("U+0358",4))), _xlfn.UNICHAR(HEX2DEC(RIGHT(【調】韻母標調!E8,4)))), "") -> ǒ͘ | K8: =IFERROR( _xlfn.CONCAT(K$3, IF(【調】韻母標調!$E8="", "", _xlfn.UNICHAR(HEX2DEC(RIGHT(【調】韻母標調!$E8,4))))), "") -> ǎ | L8: =IFERROR( _xlfn.CONCAT(L$3, IF(【調】韻母標調!$E8="", "", _xlfn.UNICHAR(HEX2DEC(RIGHT(【調】韻母標調!$E8,4))))), "") -> ǐ | M8: =IFERROR( _xlfn.CONCAT(M$3, IF(【調】韻母標調!$E8="", "", _xlfn.UNICHAR(HEX2DEC(RIGHT(【調】韻母標調!$E8,4))))), "") -> ǔ | N8: =IFERROR( _xlfn.CONCAT(N$3, IF(【調】韻母標調!$E8="", "", _xlfn.UNICHAR(HEX2DEC(RIGHT(【調】韻母標調!$E8,4))))), "") -> ě | O8: =IFERROR( _xlfn.CONCAT(O$3, IF(【調】韻母標調!$E8="", "", _xlfn.UNICHAR(HEX2DEC(RIGHT(【調】韻母標調!$E8,4))))), "") -> ǒ | P8: =IFERROR( _xlfn.CONCAT(P$3, IF(【調】韻母標調!$E8="", "", _xlfn.UNICHAR(HEX2DEC(RIGHT(【調】韻母標調!$E8,4))))), "") -> m̌ | Q8: =IFERROR( _xlfn.CONCAT(Q$3, IF(【調】韻母標調!$E8="", "", _xlfn.UNICHAR(HEX2DEC(RIGHT(【調】韻母標調!$E8,4))))), "") -> ň
B9: 符號 | C9: Unicode 編碼 | D9: 實例 | I9: 6 | J9: =IFERROR( _xlfn.CONCAT("o", _xlfn.UNICHAR(HEX2DEC(RIGHT("U+0358",4))), _xlfn.UNICHAR(HEX2DEC(RIGHT(【調】韻母標調!E9,4)))), "") -> ó͘ | K9: =IFERROR( _xlfn.CONCAT(K$3, IF(【調】韻母標調!$E9="", "", _xlfn.UNICHAR(HEX2DEC(RIGHT(【調】韻母標調!$E9,4))))), "") -> á | L9: =IFERROR( _xlfn.CONCAT(L$3, IF(【調】韻母標調!$E9="", "", _xlfn.UNICHAR(HEX2DEC(RIGHT(【調】韻母標調!$E9,4))))), "") -> í | M9: =IFERROR( _xlfn.CONCAT(M$3, IF(【調】韻母標調!$E9="", "", _xlfn.UNICHAR(HEX2DEC(RIGHT(【調】韻母標調!$E9,4))))), "") -> ú | N9: =IFERROR( _xlfn.CONCAT(N$3, IF(【調】韻母標調!$E9="", "", _xlfn.UNICHAR(HEX2DEC(RIGHT(【調】韻母標調!$E9,4))))), "") -> é | O9: =IFERROR( _xlfn.CONCAT(O$3, IF(【調】韻母標調!$E9="", "", _xlfn.UNICHAR(HEX2DEC(RIGHT(【調】韻母標調!$E9,4))))), "") -> ó | P9: =IFERROR( _xlfn.CONCAT(P$3, IF(【調】韻母標調!$E9="", "", _xlfn.UNICHAR(HEX2DEC(RIGHT(【調】韻母標調!$E9,4))))), "") -> ḿ | Q9: =IFERROR( _xlfn.CONCAT(Q$3, IF(【調】韻母標調!$E9="", "", _xlfn.UNICHAR(HEX2DEC(RIGHT(【調】韻母標調!$E9,4))))), "") -> ń
B10: ŋ | C10: =_xlfn.CONCAT("U+", TEXT(DEC2HEX(_xlfn.UNICODE(B10)), "0000")) -> U+14B | D10: ŋ | I10: 7 | J10: =IFERROR( _xlfn.CONCAT("o", _xlfn.UNICHAR(HEX2DEC(RIGHT("U+0358",4))), _xlfn.UNICHAR(HEX2DEC(RIGHT(【調】韻母標調!E10,4)))), "") -> ō͘ | K10: =IFERROR( _xlfn.CONCAT(K$3, IF(【調】韻母標調!$E10="", "", _xlfn.UNICHAR(HEX2DEC(RIGHT(【調】韻母標調!$E10,4))))), "") -> ā | L10: =IFERROR( _xlfn.CONCAT(L$3, IF(【調】韻母標調!$E10="", "", _xlfn.UNICHAR(HEX2DEC(RIGHT(【調】韻母標調!$E10,4))))), "") -> ī | M10: =IFERROR( _xlfn.CONCAT(M$3, IF(【調】韻母標調!$E10="", "", _xlfn.UNICHAR(HEX2DEC(RIGHT(【調】韻母標調!$E10,4))))), "") -> ū | N10: =IFERROR( _xlfn.CONCAT(N$3, IF(【調】韻母標調!$E10="", "", _xlfn.UNICHAR(HEX2DEC(RIGHT(【調】韻母標調!$E10,4))))), "") -> ē | O10: =IFERROR( _xlfn.CONCAT(O$3, IF(【調】韻母標調!$E10="", "", _xlfn.UNICHAR(HEX2DEC(RIGHT(【調】韻母標調!$E10,4))))), "") -> ō | P10: =IFERROR( _xlfn.CONCAT(P$3, IF(【調】韻母標調!$E10="", "", _xlfn.UNICHAR(HEX2DEC(RIGHT(【調】韻母標調!$E10,4))))), "") -> m̄ | Q10: =IFERROR( _xlfn.CONCAT(Q$3, IF(【調】韻母標調!$E10="", "", _xlfn.UNICHAR(HEX2DEC(RIGHT(【調】韻母標調!$E10,4))))), "") -> n̄
B11: ŋ̍ | D11: ŋ̍ | I11: 8 | J11: =IFERROR( _xlfn.CONCAT("o", _xlfn.UNICHAR(HEX2DEC(RIGHT("U+0358",4))), _xlfn.UNICHAR(HEX2DEC(RIGHT(【調】韻母標調!E11,4)))), "") -> o̍͘ | K11: =IFERROR( _xlfn.CONCAT(K$3, IF(【調】韻母標調!$E11="", "", _xlfn.UNICHAR(HEX2DEC(RIGHT(【調】韻母標調!$E11,4))))), "") -> a̍ | L11: =IFERROR( _xlfn.CONCAT(L$3, IF(【調】韻母標調!$E11="", "", _xlfn.UNICHAR(HEX2DEC(RIGHT(【調】韻母標調!$E11,4))))), "") -> i̍ | M11: =IFERROR( _xlfn.CONCAT(M$3, IF(【調】韻母標調!$E11="", "", _xlfn.UNICHAR(HEX2DEC(RIGHT(【調】韻母標調!$E11,4))))), "") -> u̍ | N11: =IFERROR( _xlfn.CONCAT(N$3, IF(【調】韻母標調!$E11="", "", _xlfn.UNICHAR(HEX2DEC(RIGHT(【調】韻母標調!$E11,4))))), "") -> e̍ | O11: =IFERROR( _xlfn.CONCAT(O$3, IF(【調】韻母標調!$E11="", "", _xlfn.UNICHAR(HEX2DEC(RIGHT(【調】韻母標調!$E11,4))))), "") -> o̍ | P11: =IFERROR( _xlfn.CONCAT(P$3, IF(【調】韻母標調!$E11="", "", _xlfn.UNICHAR(HEX2DEC(RIGHT(【調】韻母標調!$E11,4))))), "") -> m̍ | Q11: =IFERROR( _xlfn.CONCAT(Q$3, IF(【調】韻母標調!$E11="", "", _xlfn.UNICHAR(HEX2DEC(RIGHT(【調】韻母標調!$E11,4))))), "") -> n̍
B12: ə | D12: ə | I12: 9 | J12: =IFERROR( _xlfn.CONCAT("o", _xlfn.UNICHAR(HEX2DEC(RIGHT("U+0358",4))), _xlfn.UNICHAR(HEX2DEC(RIGHT(【調】韻母標調!E12,4)))), "") -> ő͘ | K12: =IFERROR( _xlfn.CONCAT(K$3, IF(【調】韻母標調!$E12="", "", _xlfn.UNICHAR(HEX2DEC(RIGHT(【調】韻母標調!$E12,4))))), "") -> a̋ | L12: =IFERROR( _xlfn.CONCAT(L$3, IF(【調】韻母標調!$E12="", "", _xlfn.UNICHAR(HEX2DEC(RIGHT(【調】韻母標調!$E12,4))))), "") -> i̋ | M12: =IFERROR( _xlfn.CONCAT(M$3, IF(【調】韻母標調!$E12="", "", _xlfn.UNICHAR(HEX2DEC(RIGHT(【調】韻母標調!$E12,4))))), "") -> ű | N12: =IFERROR( _xlfn.CONCAT(N$3, IF(【調】韻母標調!$E12="", "", _xlfn.UNICHAR(HEX2DEC(RIGHT(【調】韻母標調!$E12,4))))), "") -> e̋ | O12: =IFERROR( _xlfn.CONCAT(O$3, IF(【調】韻母標調!$E12="", "", _xlfn.UNICHAR(HEX2DEC(RIGHT(【調】韻母標調!$E12,4))))), "") -> ő | P12: =IFERROR( _xlfn.CONCAT(P$3, IF(【調】韻母標調!$E12="", "", _xlfn.UNICHAR(HEX2DEC(RIGHT(【調】韻母標調!$E12,4))))), "") -> m̋ | Q12: =IFERROR( _xlfn.CONCAT(Q$3, IF(【調】韻母標調!$E12="", "", _xlfn.UNICHAR(HEX2DEC(RIGHT(【調】韻母標調!$E12,4))))), "") -> n̋
B13: əŋ | D13: =_xlfn.CONCAT(B12,B10) -> əŋ | I13: 0 | J13: =IFERROR( _xlfn.CONCAT("o", _xlfn.UNICHAR(HEX2DEC(RIGHT("U+0358",4))), _xlfn.UNICHAR(HEX2DEC(RIGHT(【調】韻母標調!E13,4)))), "") -> o̊͘ | K13: =IFERROR( _xlfn.CONCAT(K$3, IF(【調】韻母標調!$E13="", "", _xlfn.UNICHAR(HEX2DEC(RIGHT(【調】韻母標調!$E13,4))))), "") -> å | L13: =IFERROR( _xlfn.CONCAT(L$3, IF(【調】韻母標調!$E13="", "", _xlfn.UNICHAR(HEX2DEC(RIGHT(【調】韻母標調!$E13,4))))), "") -> i̊ | M13: =IFERROR( _xlfn.CONCAT(M$3, IF(【調】韻母標調!$E13="", "", _xlfn.UNICHAR(HEX2DEC(RIGHT(【調】韻母標調!$E13,4))))), "") -> ů | N13: =IFERROR( _xlfn.CONCAT(N$3, IF(【調】韻母標調!$E13="", "", _xlfn.UNICHAR(HEX2DEC(RIGHT(【調】韻母標調!$E13,4))))), "") -> e̊ | O13: =IFERROR( _xlfn.CONCAT(O$3, IF(【調】韻母標調!$E13="", "", _xlfn.UNICHAR(HEX2DEC(RIGHT(【調】韻母標調!$E13,4))))), "") -> o̊ | P13: =IFERROR( _xlfn.CONCAT(P$3, IF(【調】韻母標調!$E13="", "", _xlfn.UNICHAR(HEX2DEC(RIGHT(【調】韻母標調!$E13,4))))), "") -> m̊ | Q13: =IFERROR( _xlfn.CONCAT(Q$3, IF(【調】韻母標調!$E13="", "", _xlfn.UNICHAR(HEX2DEC(RIGHT(【調】韻母標調!$E13,4))))), "") -> n̊
B14: o͘ | D14: o͘
J16: a | K16: i | L16: u | M16: e | N16: o | O16: m | P16: n | S16: =IFERROR( _xlfn.CONCAT("l", "u", _xlfn.UNICHAR(HEX2DEC(RIGHT(【調】韻母標調!$O4,4))), "n"), "") -> lūn | T16: =IFERROR( _xlfn.CONCAT("n", "g", "o", _xlfn.UNICHAR(HEX2DEC(RIGHT(【調】韻母標調!$O4,4))), "o"), "") -> ngōo
I17: 1 | J17: =IFERROR( _xlfn.CONCAT(K$3, IF(【調】韻母標調!$E17="", "", _xlfn.UNICHAR(HEX2DEC(RIGHT(【調】韻母標調!$E17,4))))), "") -> ā | K17: =IFERROR( _xlfn.CONCAT(L$3, IF(【調】韻母標調!$E17="", "", _xlfn.UNICHAR(HEX2DEC(RIGHT(【調】韻母標調!$E17,4))))), "") -> ī | L17: =IFERROR( _xlfn.CONCAT(M$3, IF(【調】韻母標調!$E17="", "", _xlfn.UNICHAR(HEX2DEC(RIGHT(【調】韻母標調!$E17,4))))), "") -> ū | M17: =IFERROR( _xlfn.CONCAT(N$3, IF(【調】韻母標調!$E17="", "", _xlfn.UNICHAR(HEX2DEC(RIGHT(【調】韻母標調!$E17,4))))), "") -> ē | N17: =IFERROR( _xlfn.CONCAT(O$3, IF(【調】韻母標調!$E17="", "", _xlfn.UNICHAR(HEX2DEC(RIGHT(【調】韻母標調!$E17,4))))), "") -> ō | O17: =IFERROR( _xlfn.CONCAT(P$3, IF(【調】韻母標調!$E17="", "", _xlfn.UNICHAR(HEX2DEC(RIGHT(【調】韻母標調!$E17,4))))), "") -> m̄ | P17: =IFERROR( _xlfn.CONCAT(Q$3, IF(【調】韻母標調!$E17="", "", _xlfn.UNICHAR(HEX2DEC(RIGHT(【調】韻母標調!$E17,4))))), "") -> n̄ | S17: =IFERROR( _xlfn.CONCAT("l", "u", _xlfn.UNICHAR(HEX2DEC(RIGHT(【調】韻母標調!$O7,4))), "n"), "") -> lǔn | T17: =IFERROR( _xlfn.CONCAT("n", "g", "o", _xlfn.UNICHAR(HEX2DEC(RIGHT(【調】韻母標調!$O7,4))), "o"), "") -> ngǒo
B18: ㄥ | I18: 2 | J18: =IFERROR( _xlfn.CONCAT(K$3, IF(【調】韻母標調!$E18="", "", _xlfn.UNICHAR(HEX2DEC(RIGHT(【調】韻母標調!$E18,4))))), "") -> á | K18: =IFERROR( _xlfn.CONCAT(L$3, IF(【調】韻母標調!$E18="", "", _xlfn.UNICHAR(HEX2DEC(RIGHT(【調】韻母標調!$E18,4))))), "") -> í | L18: =IFERROR( _xlfn.CONCAT(M$3, IF(【調】韻母標調!$E18="", "", _xlfn.UNICHAR(HEX2DEC(RIGHT(【調】韻母標調!$E18,4))))), "") -> ú | M18: =IFERROR( _xlfn.CONCAT(N$3, IF(【調】韻母標調!$E18="", "", _xlfn.UNICHAR(HEX2DEC(RIGHT(【調】韻母標調!$E18,4))))), "") -> é | N18: =IFERROR( _xlfn.CONCAT(O$3, IF(【調】韻母標調!$E18="", "", _xlfn.UNICHAR(HEX2DEC(RIGHT(【調】韻母標調!$E18,4))))), "") -> ó | O18: =IFERROR( _xlfn.CONCAT(P$3, IF(【調】韻母標調!$E18="", "", _xlfn.UNICHAR(HEX2DEC(RIGHT(【調】韻母標調!$E18,4))))), "") -> ḿ | P18: =IFERROR( _xlfn.CONCAT(Q$3, IF(【調】韻母標調!$E18="", "", _xlfn.UNICHAR(HEX2DEC(RIGHT(【調】韻母標調!$E18,4))))), "") -> ń | S18: =IFERROR( _xlfn.CONCAT("l", "u", _xlfn.UNICHAR(HEX2DEC(RIGHT(【調】韻母標調!$O6,4))), "n"), "") -> lùn | T18: =IFERROR( _xlfn.CONCAT("n", "g", "o", _xlfn.UNICHAR(HEX2DEC(RIGHT(【調】韻母標調!$O6,4))), "o"), "") -> ngòo
B19: ㆭ | I19: 3 | J19: =IFERROR( _xlfn.CONCAT(K$3, IF(【調】韻母標調!$E19="", "", _xlfn.UNICHAR(HEX2DEC(RIGHT(【調】韻母標調!$E19,4))))), "") -> ǎ | K19: =IFERROR( _xlfn.CONCAT(L$3, IF(【調】韻母標調!$E19="", "", _xlfn.UNICHAR(HEX2DEC(RIGHT(【調】韻母標調!$E19,4))))), "") -> ǐ | L19: =IFERROR( _xlfn.CONCAT(M$3, IF(【調】韻母標調!$E19="", "", _xlfn.UNICHAR(HEX2DEC(RIGHT(【調】韻母標調!$E19,4))))), "") -> ǔ | M19: =IFERROR( _xlfn.CONCAT(N$3, IF(【調】韻母標調!$E19="", "", _xlfn.UNICHAR(HEX2DEC(RIGHT(【調】韻母標調!$E19,4))))), "") -> ě | N19: =IFERROR( _xlfn.CONCAT(O$3, IF(【調】韻母標調!$E19="", "", _xlfn.UNICHAR(HEX2DEC(RIGHT(【調】韻母標調!$E19,4))))), "") -> ǒ | O19: =IFERROR( _xlfn.CONCAT(P$3, IF(【調】韻母標調!$E19="", "", _xlfn.UNICHAR(HEX2DEC(RIGHT(【調】韻母標調!$E19,4))))), "") -> m̌ | P19: =IFERROR( _xlfn.CONCAT(Q$3, IF(【調】韻母標調!$E19="", "", _xlfn.UNICHAR(HEX2DEC(RIGHT(【調】韻母標調!$E19,4))))), "") -> ň | S19: =IFERROR( _xlfn.CONCAT("l", "u", _xlfn.UNICHAR(HEX2DEC(RIGHT(【調】韻母標調!$O9,4))), "n"), "") -> lūn | T19: =IFERROR( _xlfn.CONCAT("n", "g", "o", _xlfn.UNICHAR(HEX2DEC(RIGHT(【調】韻母標調!$O9,4))), "o"), "") -> ngōo
I20: 4 | J20: =IFERROR( _xlfn.CONCAT(K$3, IF(【調】韻母標調!$E20="", "", _xlfn.UNICHAR(HEX2DEC(RIGHT(【調】韻母標調!$E20,4))))), "") -> ǎ | K20: =IFERROR( _xlfn.CONCAT(L$3, IF(【調】韻母標調!$E20="", "", _xlfn.UNICHAR(HEX2DEC(RIGHT(【調】韻母標調!$E20,4))))), "") -> ǐ | L20: =IFERROR( _xlfn.CONCAT(M$3, IF(【調】韻母標調!$E20="", "", _xlfn.UNICHAR(HEX2DEC(RIGHT(【調】韻母標調!$E20,4))))), "") -> ǔ | M20: =IFERROR( _xlfn.CONCAT(N$3, IF(【調】韻母標調!$E20="", "", _xlfn.UNICHAR(HEX2DEC(RIGHT(【調】韻母標調!$E20,4))))), "") -> ě | N20: =IFERROR( _xlfn.CONCAT(O$3, IF(【調】韻母標調!$E20="", "", _xlfn.UNICHAR(HEX2DEC(RIGHT(【調】韻母標調!$E20,4))))), "") -> ǒ | O20: =IFERROR( _xlfn.CONCAT(P$3, IF(【調】韻母標調!$E20="", "", _xlfn.UNICHAR(HEX2DEC(RIGHT(【調】韻母標調!$E20,4))))), "") -> m̌ | P20: =IFERROR( _xlfn.CONCAT(Q$3, IF(【調】韻母標調!$E20="", "", _xlfn.UNICHAR(HEX2DEC(RIGHT(【調】韻母標調!$E20,4))))), "") -> ň | S20: =IFERROR( _xlfn.CONCAT("l", "u", _xlfn.UNICHAR(HEX2DEC(RIGHT(【調】韻母標調!$O8,4))), "n"), "") -> lún | T20: =IFERROR( _xlfn.CONCAT("n", "g", "o", _xlfn.UNICHAR(HEX2DEC(RIGHT(【調】韻母標調!$O8,4))), "o"), "") -> ngóo
I21: 5 | J21: =IFERROR( _xlfn.CONCAT(K$3, IF(【調】韻母標調!$E21="", "", _xlfn.UNICHAR(HEX2DEC(RIGHT(【調】韻母標調!$E21,4))))), "") -> à | K21: =IFERROR( _xlfn.CONCAT(L$3, IF(【調】韻母標調!$E21="", "", _xlfn.UNICHAR(HEX2DEC(RIGHT(【調】韻母標調!$E21,4))))), "") -> ì | L21: =IFERROR( _xlfn.CONCAT(M$3, IF(【調】韻母標調!$E21="", "", _xlfn.UNICHAR(HEX2DEC(RIGHT(【調】韻母標調!$E21,4))))), "") -> ù | M21: =IFERROR( _xlfn.CONCAT(N$3, IF(【調】韻母標調!$E21="", "", _xlfn.UNICHAR(HEX2DEC(RIGHT(【調】韻母標調!$E21,4))))), "") -> è | N21: =IFERROR( _xlfn.CONCAT(O$3, IF(【調】韻母標調!$E21="", "", _xlfn.UNICHAR(HEX2DEC(RIGHT(【調】韻母標調!$E21,4))))), "") -> ò | O21: =IFERROR( _xlfn.CONCAT(P$3, IF(【調】韻母標調!$E21="", "", _xlfn.UNICHAR(HEX2DEC(RIGHT(【調】韻母標調!$E21,4))))), "") -> m̀ | P21: =IFERROR( _xlfn.CONCAT(Q$3, IF(【調】韻母標調!$E21="", "", _xlfn.UNICHAR(HEX2DEC(RIGHT(【調】韻母標調!$E21,4))))), "") -> ǹ | S21: =IFERROR( _xlfn.CONCAT("l", "u", _xlfn.UNICHAR(HEX2DEC(RIGHT(【調】韻母標調!$O11,4))), "n"), "") -> lǔn | T21: =IFERROR( _xlfn.CONCAT("n", "g", "o", _xlfn.UNICHAR(HEX2DEC(RIGHT(【調】韻母標調!$O11,4))), "o"), "") -> ngǒo
I22: 6 | J22: =IFERROR( _xlfn.CONCAT(K$3, IF(【調】韻母標調!$E22="", "", _xlfn.UNICHAR(HEX2DEC(RIGHT(【調】韻母標調!$E22,4))))), "") -> â | K22: =IFERROR( _xlfn.CONCAT(L$3, IF(【調】韻母標調!$E22="", "", _xlfn.UNICHAR(HEX2DEC(RIGHT(【調】韻母標調!$E22,4))))), "") -> î | L22: =IFERROR( _xlfn.CONCAT(M$3, IF(【調】韻母標調!$E22="", "", _xlfn.UNICHAR(HEX2DEC(RIGHT(【調】韻母標調!$E22,4))))), "") -> û | M22: =IFERROR( _xlfn.CONCAT(N$3, IF(【調】韻母標調!$E22="", "", _xlfn.UNICHAR(HEX2DEC(RIGHT(【調】韻母標調!$E22,4))))), "") -> ê | N22: =IFERROR( _xlfn.CONCAT(O$3, IF(【調】韻母標調!$E22="", "", _xlfn.UNICHAR(HEX2DEC(RIGHT(【調】韻母標調!$E22,4))))), "") -> ô | O22: =IFERROR( _xlfn.CONCAT(P$3, IF(【調】韻母標調!$E22="", "", _xlfn.UNICHAR(HEX2DEC(RIGHT(【調】韻母標調!$E22,4))))), "") -> m̂ | P22: =IFERROR( _xlfn.CONCAT(Q$3, IF(【調】韻母標調!$E22="", "", _xlfn.UNICHAR(HEX2DEC(RIGHT(【調】韻母標調!$E22,4))))), "") -> n̂ | S22: =IFERROR( _xlfn.CONCAT("l", "u", _xlfn.UNICHAR(HEX2DEC(RIGHT(【調】韻母標調!$O5,4))), "n"), "") -> lûn | T22: =IFERROR( _xlfn.CONCAT("n", "g", "o", _xlfn.UNICHAR(HEX2DEC(RIGHT(【調】韻母標調!$O5,4))), "o"), "") -> ngôo
I23: 7 | J23: =IFERROR( _xlfn.CONCAT(K$3, IF(【調】韻母標調!$E23="", "", _xlfn.UNICHAR(HEX2DEC(RIGHT(【調】韻母標調!$E23,4))))), "") -> ā | K23: =IFERROR( _xlfn.CONCAT(L$3, IF(【調】韻母標調!$E23="", "", _xlfn.UNICHAR(HEX2DEC(RIGHT(【調】韻母標調!$E23,4))))), "") -> ī | L23: =IFERROR( _xlfn.CONCAT(M$3, IF(【調】韻母標調!$E23="", "", _xlfn.UNICHAR(HEX2DEC(RIGHT(【調】韻母標調!$E23,4))))), "") -> ū | M23: =IFERROR( _xlfn.CONCAT(N$3, IF(【調】韻母標調!$E23="", "", _xlfn.UNICHAR(HEX2DEC(RIGHT(【調】韻母標調!$E23,4))))), "") -> ē | N23: =IFERROR( _xlfn.CONCAT(O$3, IF(【調】韻母標調!$E23="", "", _xlfn.UNICHAR(HEX2DEC(RIGHT(【調】韻母標調!$E23,4))))), "") -> ō | O23: =IFERROR( _xlfn.CONCAT(P$3, IF(【調】韻母標調!$E23="", "", _xlfn.UNICHAR(HEX2DEC(RIGHT(【調】韻母標調!$E23,4))))), "") -> m̄ | P23: =IFERROR( _xlfn.CONCAT(Q$3, IF(【調】韻母標調!$E23="", "", _xlfn.UNICHAR(HEX2DEC(RIGHT(【調】韻母標調!$E23,4))))), "") -> n̄ | S23: =IFERROR( _xlfn.CONCAT("l", "u", _xlfn.UNICHAR(HEX2DEC(RIGHT(【調】韻母標調!$O10,4))), "n"), "") -> lún | T23: =IFERROR( _xlfn.CONCAT("n", "g", "o", _xlfn.UNICHAR(HEX2DEC(RIGHT(【調】韻母標調!$O10,4))), "o"), "") -> ngóo
I24: 8 | J24: =IFERROR( _xlfn.CONCAT(K$3, IF(【調】韻母標調!$E24="", "", _xlfn.UNICHAR(HEX2DEC(RIGHT(【調】韻母標調!$E24,4))))), "") -> á | K24: =IFERROR( _xlfn.CONCAT(L$3, IF(【調】韻母標調!$E24="", "", _xlfn.UNICHAR(HEX2DEC(RIGHT(【調】韻母標調!$E24,4))))), "") -> í | L24: =IFERROR( _xlfn.CONCAT(M$3, IF(【調】韻母標調!$E24="", "", _xlfn.UNICHAR(HEX2DEC(RIGHT(【調】韻母標調!$E24,4))))), "") -> ú | M24: =IFERROR( _xlfn.CONCAT(N$3, IF(【調】韻母標調!$E24="", "", _xlfn.UNICHAR(HEX2DEC(RIGHT(【調】韻母標調!$E24,4))))), "") -> é | N24: =IFERROR( _xlfn.CONCAT(O$3, IF(【調】韻母標調!$E24="", "", _xlfn.UNICHAR(HEX2DEC(RIGHT(【調】韻母標調!$E24,4))))), "") -> ó | O24: =IFERROR( _xlfn.CONCAT(P$3, IF(【調】韻母標調!$E24="", "", _xlfn.UNICHAR(HEX2DEC(RIGHT(【調】韻母標調!$E24,4))))), "") -> ḿ | P24: =IFERROR( _xlfn.CONCAT(Q$3, IF(【調】韻母標調!$E24="", "", _xlfn.UNICHAR(HEX2DEC(RIGHT(【調】韻母標調!$E24,4))))), "") -> ń
J29: a | K29: i | L29: u | M29: e | N29: o | O29: m | P29: n | S29: o | T29: o
I30: 1 | J30: =IFERROR( _xlfn.CONCAT(K$3, IF(【調】韻母標調!$E28="", "", _xlfn.UNICHAR(HEX2DEC(RIGHT(【調】韻母標調!$E28,4))))), "") -> a | K30: =IFERROR( _xlfn.CONCAT(L$3, IF(【調】韻母標調!$E28="", "", _xlfn.UNICHAR(HEX2DEC(RIGHT(【調】韻母標調!$E28,4))))), "") -> i | L30: =IFERROR( _xlfn.CONCAT(M$3, IF(【調】韻母標調!$E28="", "", _xlfn.UNICHAR(HEX2DEC(RIGHT(【調】韻母標調!$E28,4))))), "") -> u | M30: =IFERROR( _xlfn.CONCAT(N$3, IF(【調】韻母標調!$E28="", "", _xlfn.UNICHAR(HEX2DEC(RIGHT(【調】韻母標調!$E28,4))))), "") -> e | N30: =IFERROR( _xlfn.CONCAT(O$3, IF(【調】韻母標調!$E28="", "", _xlfn.UNICHAR(HEX2DEC(RIGHT(【調】韻母標調!$E28,4))))), "") -> o | O30: =IFERROR( _xlfn.CONCAT(P$3, IF(【調】韻母標調!$E28="", "", _xlfn.UNICHAR(HEX2DEC(RIGHT(【調】韻母標調!$E28,4))))), "") -> m | P30: =IFERROR( _xlfn.CONCAT(Q$3, IF(【調】韻母標調!$E28="", "", _xlfn.UNICHAR(HEX2DEC(RIGHT(【調】韻母標調!$E28,4))))), "") -> n | S30: =IFERROR( _xlfn.CONCAT("l", "o", IF(【調】韻母標調!$M4="", "", _xlfn.UNICHAR(HEX2DEC(RIGHT(【調】韻母標調!$M4,4))))), "") -> lo | T30: =IFERROR( _xlfn.CONCAT("l", "o", IF(【調】韻母標調!$M4="", "", _xlfn.UNICHAR(HEX2DEC(RIGHT(【調】韻母標調!$M4,4)))), "r", IF(OR(I30=4, I30=8), "k", "")), "") -> lor
I31: 2 | J31: =IFERROR( _xlfn.CONCAT(K$3, IF(【調】韻母標調!$M3="", "", _xlfn.UNICHAR(HEX2DEC(RIGHT(【調】韻母標調!$M3,4))))), "") | K31: =IFERROR( _xlfn.CONCAT(L$3, IF(【調】韻母標調!$M3="", "", _xlfn.UNICHAR(HEX2DEC(RIGHT(【調】韻母標調!$M3,4))))), "") | L31: =IFERROR( _xlfn.CONCAT(M$3, IF(【調】韻母標調!$M3="", "", _xlfn.UNICHAR(HEX2DEC(RIGHT(【調】韻母標調!$M3,4))))), "") | M31: =IFERROR( _xlfn.CONCAT(N$3, IF(【調】韻母標調!$M3="", "", _xlfn.UNICHAR(HEX2DEC(RIGHT(【調】韻母標調!$M3,4))))), "") | N31: =IFERROR( _xlfn.CONCAT(O$3, IF(【調】韻母標調!$M3="", "", _xlfn.UNICHAR(HEX2DEC(RIGHT(【調】韻母標調!$M3,4))))), "") | O31: =IFERROR( _xlfn.CONCAT(P$3, IF(【調】韻母標調!$M3="", "", _xlfn.UNICHAR(HEX2DEC(RIGHT(【調】韻母標調!$M3,4))))), "") | P31: =IFERROR( _xlfn.CONCAT(Q$3, IF(【調】韻母標調!$M3="", "", _xlfn.UNICHAR(HEX2DEC(RIGHT(【調】韻母標調!$M3,4))))), "") | S31: =IFERROR( _xlfn.CONCAT("l", "o", IF(【調】韻母標調!$M6="", "", _xlfn.UNICHAR(HEX2DEC(RIGHT(【調】韻母標調!$M6,4))))), "") -> ló | T31: =IFERROR( _xlfn.CONCAT("l", "o", IF(【調】韻母標調!$M6="", "", _xlfn.UNICHAR(HEX2DEC(RIGHT(【調】韻母標調!$M6,4)))), "r", IF(OR(I31=4, I31=8), "k", "")), "") -> lór
I32: 3 | J32: =IFERROR( _xlfn.CONCAT(K$3, IF(【調】韻母標調!$M4="", "", _xlfn.UNICHAR(HEX2DEC(RIGHT(【調】韻母標調!$M4,4))))), "") -> a | K32: =IFERROR( _xlfn.CONCAT(L$3, IF(【調】韻母標調!$M4="", "", _xlfn.UNICHAR(HEX2DEC(RIGHT(【調】韻母標調!$M4,4))))), "") -> i | L32: =IFERROR( _xlfn.CONCAT(M$3, IF(【調】韻母標調!$M4="", "", _xlfn.UNICHAR(HEX2DEC(RIGHT(【調】韻母標調!$M4,4))))), "") -> u | M32: =IFERROR( _xlfn.CONCAT(N$3, IF(【調】韻母標調!$M4="", "", _xlfn.UNICHAR(HEX2DEC(RIGHT(【調】韻母標調!$M4,4))))), "") -> e | N32: =IFERROR( _xlfn.CONCAT(O$3, IF(【調】韻母標調!$M4="", "", _xlfn.UNICHAR(HEX2DEC(RIGHT(【調】韻母標調!$M4,4))))), "") -> o | O32: =IFERROR( _xlfn.CONCAT(P$3, IF(【調】韻母標調!$M4="", "", _xlfn.UNICHAR(HEX2DEC(RIGHT(【調】韻母標調!$M4,4))))), "") -> m | P32: =IFERROR( _xlfn.CONCAT(Q$3, IF(【調】韻母標調!$M4="", "", _xlfn.UNICHAR(HEX2DEC(RIGHT(【調】韻母標調!$M4,4))))), "") -> n | S32: =IFERROR( _xlfn.CONCAT("l", "o", IF(【調】韻母標調!$M7="", "", _xlfn.UNICHAR(HEX2DEC(RIGHT(【調】韻母標調!$M7,4))))), "") -> lò | T32: =IFERROR( _xlfn.CONCAT("l", "o", IF(【調】韻母標調!$M7="", "", _xlfn.UNICHAR(HEX2DEC(RIGHT(【調】韻母標調!$M7,4)))), "r", IF(OR(I32=4, I32=8), "k", "")), "") -> lòr
I33: 4 | J33: =IFERROR( _xlfn.CONCAT(K$3, IF(【調】韻母標調!$M6="", "", _xlfn.UNICHAR(HEX2DEC(RIGHT(【調】韻母標調!$M6,4))))), "") -> á | K33: =IFERROR( _xlfn.CONCAT(L$3, IF(【調】韻母標調!$M6="", "", _xlfn.UNICHAR(HEX2DEC(RIGHT(【調】韻母標調!$M6,4))))), "") -> í | L33: =IFERROR( _xlfn.CONCAT(M$3, IF(【調】韻母標調!$M6="", "", _xlfn.UNICHAR(HEX2DEC(RIGHT(【調】韻母標調!$M6,4))))), "") -> ú | M33: =IFERROR( _xlfn.CONCAT(N$3, IF(【調】韻母標調!$M6="", "", _xlfn.UNICHAR(HEX2DEC(RIGHT(【調】韻母標調!$M6,4))))), "") -> é | N33: =IFERROR( _xlfn.CONCAT(O$3, IF(【調】韻母標調!$M6="", "", _xlfn.UNICHAR(HEX2DEC(RIGHT(【調】韻母標調!$M6,4))))), "") -> ó | O33: =IFERROR( _xlfn.CONCAT(P$3, IF(【調】韻母標調!$M6="", "", _xlfn.UNICHAR(HEX2DEC(RIGHT(【調】韻母標調!$M6,4))))), "") -> ḿ | P33: =IFERROR( _xlfn.CONCAT(Q$3, IF(【調】韻母標調!$M6="", "", _xlfn.UNICHAR(HEX2DEC(RIGHT(【調】韻母標調!$M6,4))))), "") -> ń | S33: =IFERROR( _xlfn.CONCAT("l", "o", IF(【調】韻母標調!$M8="", "", _xlfn.UNICHAR(HEX2DEC(RIGHT(【調】韻母標調!$M8,4)))), "k"), "") -> lók | T33: =IFERROR( _xlfn.CONCAT("l", "o", IF(【調】韻母標調!$M8="", "", _xlfn.UNICHAR(HEX2DEC(RIGHT(【調】韻母標調!$M8,4)))), "r", IF(OR(I33=4, I33=8), "k", "")), "") -> lórk
I34: 5 | J34: =IFERROR( _xlfn.CONCAT(K$3, IF(【調】韻母標調!$M7="", "", _xlfn.UNICHAR(HEX2DEC(RIGHT(【調】韻母標調!$M7,4))))), "") -> à | K34: =IFERROR( _xlfn.CONCAT(L$3, IF(【調】韻母標調!$M7="", "", _xlfn.UNICHAR(HEX2DEC(RIGHT(【調】韻母標調!$M7,4))))), "") -> ì | L34: =IFERROR( _xlfn.CONCAT(M$3, IF(【調】韻母標調!$M7="", "", _xlfn.UNICHAR(HEX2DEC(RIGHT(【調】韻母標調!$M7,4))))), "") -> ù | M34: =IFERROR( _xlfn.CONCAT(N$3, IF(【調】韻母標調!$M7="", "", _xlfn.UNICHAR(HEX2DEC(RIGHT(【調】韻母標調!$M7,4))))), "") -> è | N34: =IFERROR( _xlfn.CONCAT(O$3, IF(【調】韻母標調!$M7="", "", _xlfn.UNICHAR(HEX2DEC(RIGHT(【調】韻母標調!$M7,4))))), "") -> ò | O34: =IFERROR( _xlfn.CONCAT(P$3, IF(【調】韻母標調!$M7="", "", _xlfn.UNICHAR(HEX2DEC(RIGHT(【調】韻母標調!$M7,4))))), "") -> m̀ | P34: =IFERROR( _xlfn.CONCAT(Q$3, IF(【調】韻母標調!$M7="", "", _xlfn.UNICHAR(HEX2DEC(RIGHT(【調】韻母標調!$M7,4))))), "") -> ǹ | S34: =IFERROR( _xlfn.CONCAT("l", "o", IF(【調】韻母標調!$M9="", "", _xlfn.UNICHAR(HEX2DEC(RIGHT(【調】韻母標調!$M9,4))))), "") -> lǒ | T34: =IFERROR( _xlfn.CONCAT("l", "o", IF(【調】韻母標調!$M9="", "", _xlfn.UNICHAR(HEX2DEC(RIGHT(【調】韻母標調!$M9,4)))), "r", IF(OR(I34=4, I34=8), "k", "")), "") -> lǒr
I35: 6 | J35: =IFERROR( _xlfn.CONCAT(K$3, IF(【調】韻母標調!$M8="", "", _xlfn.UNICHAR(HEX2DEC(RIGHT(【調】韻母標調!$M8,4))))), "") -> á | K35: =IFERROR( _xlfn.CONCAT(L$3, IF(【調】韻母標調!$M8="", "", _xlfn.UNICHAR(HEX2DEC(RIGHT(【調】韻母標調!$M8,4))))), "") -> í | L35: =IFERROR( _xlfn.CONCAT(M$3, IF(【調】韻母標調!$M8="", "", _xlfn.UNICHAR(HEX2DEC(RIGHT(【調】韻母標調!$M8,4))))), "") -> ú | M35: =IFERROR( _xlfn.CONCAT(N$3, IF(【調】韻母標調!$M8="", "", _xlfn.UNICHAR(HEX2DEC(RIGHT(【調】韻母標調!$M8,4))))), "") -> é | N35: =IFERROR( _xlfn.CONCAT(O$3, IF(【調】韻母標調!$M8="", "", _xlfn.UNICHAR(HEX2DEC(RIGHT(【調】韻母標調!$M8,4))))), "") -> ó | O35: =IFERROR( _xlfn.CONCAT(P$3, IF(【調】韻母標調!$M8="", "", _xlfn.UNICHAR(HEX2DEC(RIGHT(【調】韻母標調!$M8,4))))), "") -> ḿ | P35: =IFERROR( _xlfn.CONCAT(Q$3, IF(【調】韻母標調!$M8="", "", _xlfn.UNICHAR(HEX2DEC(RIGHT(【調】韻母標調!$M8,4))))), "") -> ń | S35: =IFERROR( _xlfn.CONCAT("l", "o", IF(【調】韻母標調!$M11="", "", _xlfn.UNICHAR(HEX2DEC(RIGHT(【調】韻母標調!$M11,4))))), "") -> ló | T35: =IFERROR( _xlfn.CONCAT("l", "o", IF(【調】韻母標調!$M11="", "", _xlfn.UNICHAR(HEX2DEC(RIGHT(【調】韻母標調!$M11,4)))), "r", IF(OR(I35=4, I35=8), "k", "")), "") -> lór
I36: 7 | J36: =IFERROR( _xlfn.CONCAT(K$3, IF(【調】韻母標調!$M9="", "", _xlfn.UNICHAR(HEX2DEC(RIGHT(【調】韻母標調!$M9,4))))), "") -> ǎ | K36: =IFERROR( _xlfn.CONCAT(L$3, IF(【調】韻母標調!$M9="", "", _xlfn.UNICHAR(HEX2DEC(RIGHT(【調】韻母標調!$M9,4))))), "") -> ǐ | L36: =IFERROR( _xlfn.CONCAT(M$3, IF(【調】韻母標調!$M9="", "", _xlfn.UNICHAR(HEX2DEC(RIGHT(【調】韻母標調!$M9,4))))), "") -> ǔ | M36: =IFERROR( _xlfn.CONCAT(N$3, IF(【調】韻母標調!$M9="", "", _xlfn.UNICHAR(HEX2DEC(RIGHT(【調】韻母標調!$M9,4))))), "") -> ě | N36: =IFERROR( _xlfn.CONCAT(O$3, IF(【調】韻母標調!$M9="", "", _xlfn.UNICHAR(HEX2DEC(RIGHT(【調】韻母標調!$M9,4))))), "") -> ǒ | O36: =IFERROR( _xlfn.CONCAT(P$3, IF(【調】韻母標調!$M9="", "", _xlfn.UNICHAR(HEX2DEC(RIGHT(【調】韻母標調!$M9,4))))), "") -> m̌ | P36: =IFERROR( _xlfn.CONCAT(Q$3, IF(【調】韻母標調!$M9="", "", _xlfn.UNICHAR(HEX2DEC(RIGHT(【調】韻母標調!$M9,4))))), "") -> ň | S36: =IFERROR( _xlfn.CONCAT("l", "o", IF(【調】韻母標調!$M5="", "", _xlfn.UNICHAR(HEX2DEC(RIGHT(【調】韻母標調!$M5,4))))), "") -> lō | T36: =IFERROR( _xlfn.CONCAT("l", "o", IF(【調】韻母標調!$M5="", "", _xlfn.UNICHAR(HEX2DEC(RIGHT(【調】韻母標調!$M5,4)))), "r", IF(OR(I36=4, I36=8), "k", "")), "") -> lōr
I37: 8 | J37: =IFERROR( _xlfn.CONCAT(K$3, IF(【調】韻母標調!$M11="", "", _xlfn.UNICHAR(HEX2DEC(RIGHT(【調】韻母標調!$M11,4))))), "") -> á | K37: =IFERROR( _xlfn.CONCAT(L$3, IF(【調】韻母標調!$M11="", "", _xlfn.UNICHAR(HEX2DEC(RIGHT(【調】韻母標調!$M11,4))))), "") -> í | L37: =IFERROR( _xlfn.CONCAT(M$3, IF(【調】韻母標調!$M11="", "", _xlfn.UNICHAR(HEX2DEC(RIGHT(【調】韻母標調!$M11,4))))), "") -> ú | M37: =IFERROR( _xlfn.CONCAT(N$3, IF(【調】韻母標調!$M11="", "", _xlfn.UNICHAR(HEX2DEC(RIGHT(【調】韻母標調!$M11,4))))), "") -> é | N37: =IFERROR( _xlfn.CONCAT(O$3, IF(【調】韻母標調!$M11="", "", _xlfn.UNICHAR(HEX2DEC(RIGHT(【調】韻母標調!$M11,4))))), "") -> ó | O37: =IFERROR( _xlfn.CONCAT(P$3, IF(【調】韻母標調!$M11="", "", _xlfn.UNICHAR(HEX2DEC(RIGHT(【調】韻母標調!$M11,4))))), "") -> ḿ | P37: =IFERROR( _xlfn.CONCAT(Q$3, IF(【調】韻母標調!$M11="", "", _xlfn.UNICHAR(HEX2DEC(RIGHT(【調】韻母標調!$M11,4))))), "") -> ń | S37: =IFERROR( _xlfn.CONCAT("l", "o", IF(【調】韻母標調!$M10="", "", _xlfn.UNICHAR(HEX2DEC(RIGHT(【調】韻母標調!$M10,4)))), "k"), "") -> lo̍k | T37: =IFERROR( _xlfn.CONCAT("l", "o", IF(【調】韻母標調!$M10="", "", _xlfn.UNICHAR(HEX2DEC(RIGHT(【調】韻母標調!$M10,4)))), "r", IF(OR(I37=4, I37=8), "k", "")), "") -> lo̍rk

Sheet 十五音音節表 (BPM)
G2: 1 | H2: 1 | I2: 2 | J2: 3 | K2: 4 | L2: 5 | M2: 6 | N2: 7 | O2: 8 | P2: 9 | Q2: 10 | R2: 11 | S2: 12 | T2: 12 | U2: 13 | V2: 13 | W2: 14 | X2: 15
G3: l | H3: n | I3: p | J3: k | K3: kh | L3: t | M3: ph | N3: th | O3: ts | P3: j | Q3: s | R3: Ø | S3: b | T3: m | U3: g | V3: ng | W3: tsh | X3: h
G4: ㄌ | H4: ㄋ | I4: ㄅ | J4: ㄍ | K4: ㄎ | L4: ㄉ | M4: ㄆ | N4: ㄊ | O4: ㄗ | P4: ㆡ | Q4: ㄙ | S4: ㆠ | T4: ㄇ | U4: ㆣ | V4: ㄫ | W4: ㄘ | X4: ㄏ
B6: 韻序 | C6: 國際音標 | D6: 台羅拼音 | E6: 方音符號 | F6: 韻母 | G6: 柳 | H6: 耐 | I6: 邊 | J6: 求 | K6: 去 | L6: 地 | M6: 頗 | N6: 他 | O6: 曾 | P6: 入 | Q6: 時 | R6: 英 | S6: 門 | T6: 毛 | U6: 語 | V6: 雅 | W6: 出 | X6: 喜 | Y6: 方音符號 | Z6: 台羅拼音 | AA6: 韻母
B7: 1 | C7: un | D7: un | E7: ㄨㄣ | F7: 君（舒） | G7: =IF([6]十五音音節表!F6<>"", _xlfn.CONCAT(G$4,$E7), "") -> ㄌㄨㄣ | H7: =IF([6]十五音音節表!G6<>"", _xlfn.CONCAT(H$4,$E7), "") | I7: =IF([6]十五音音節表!H6<>"", _xlfn.CONCAT(I$4,$E7), "") -> ㄅㄨㄣ | J7: =IF([6]十五音音節表!I6<>"", _xlfn.CONCAT(J$4,$E7), "") -> ㄍㄨㄣ | K7: =IF([6]十五音音節表!J6<>"", _xlfn.CONCAT(K$4,$E7), "") -> ㄎㄨㄣ | L7: =IF([6]十五音音節表!K6<>"", _xlfn.CONCAT(L$4,$E7), "") -> ㄉㄨㄣ | M7: =IF([6]十五音音節表!L6<>"", _xlfn.CONCAT(M$4,$E7), "") -> ㄆㄨㄣ | N7: =IF([6]十五音音節表!M6<>"", _xlfn.CONCAT(N$4,$E7), "") -> ㄊㄨㄣ | ... X7: =IF([6]十五音音節表!W6<>"", _xlfn.CONCAT(X$4,$E7), "") -> ㄏㄨㄣ | Y7: ㄨㄣ | Z7: un | AA7: 君（舒）
B8: 1 | C8: ut̚ | D8: ut | E8: ㄨㆵ | F8: 君（促） | G8: =IF([6]十五音音節表!F7<>"", _xlfn.CONCAT(G$4,$E8), "") -> ㄌㄨㆵ | H8: =IF([6]十五音音節表!G7<>"", _xlfn.CONCAT(H$4,$E8), "") | I8: =IF([6]十五音音節表!H7<>"", _xlfn.CONCAT(I$4,$E8), "") -> ㄅㄨㆵ | J8: =IF([6]十五音音節表!I7<>"", _xlfn.CONCAT(J$4,$E8), "") -> ㄍㄨㆵ | K8: =IF([6]十五音音節表!J7<>"", _xlfn.CONCAT(K$4,$E8), "") -> ㄎㄨㆵ | L8: =IF([6]十五音音節表!K7<>"", _xlfn.CONCAT(L$4,$E8), "") -> ㄉㄨㆵ | M8: =IF([6]十五音音節表!L7<>"", _xlfn.CONCAT(M$4,$E8), "") -> ㄆㄨㆵ | N8: =IF([6]十五音音節表!M7<>"", _xlfn.CONCAT(N$4,$E8), "") -> ㄊㄨㆵ | ... X8: =IF([6]十五音音節表!W7<>"", _xlfn.CONCAT(X$4,$E8), "") -> ㄏㄨㆵ | Y8: ㄨㆵ | Z8: ut | AA8: 君（促）
B9: 2 | C9: ɪan | D9: ian | E9: ㄧㄢ | F9: 堅（舒） | G9: =IF([6]十五音音節表!F8<>"", _xlfn.CONCAT(G$4,$E9), "") -> ㄌㄧㄢ | H9: =IF([6]十五音音節表!G8<>"", _xlfn.CONCAT(H$4,$E9), "") | I9: =IF([6]十五音音節表!H8<>"", _xlfn.CONCAT(I$4,$E9), "") -> ㄅㄧㄢ | J9: =IF([6]十五音音節表!I8<>"", _xlfn.CONCAT(J$4,$E9), "") -> ㄍㄧㄢ | K9: =IF([6]十五音音節表!J8<>"", _xlfn.CONCAT(K$4,$E9), "") -> ㄎㄧㄢ | L9: =IF([6]十五音音節表!K8<>"", _xlfn.CONCAT(L$4,$E9), "") -> ㄉㄧㄢ | M9: =IF([6]十五音音節表!L8<>"", _xlfn.CONCAT(M$4,$E9), "") -> ㄆㄧㄢ | N9: =IF([6]十五音音節表!M8<>"", _xlfn.CONCAT(N$4,$E9), "") -> ㄊㄧㄢ | ... X9: =IF([6]十五音音節表!W8<>"", _xlfn.CONCAT(X$4,$E9), "") -> ㄏㄧㄢ | Y9: ㄧㄢ | Z9: ian | AA9: 堅（舒）
B10: 2 | C10: ɪat̚ | D10: iat | E10: ㄧㄚㆵ | F10: 堅（促） | G10: =IF([6]十五音音節表!F9<>"", _xlfn.CONCAT(G$4,$E10), "") -> ㄌㄧㄚㆵ | H10: =IF([6]十五音音節表!G9<>"", _xlfn.CONCAT(H$4,$E10), "") | I10: =IF([6]十五音音節表!H9<>"", _xlfn.CONCAT(I$4,$E10), "") -> ㄅㄧㄚㆵ | J10: =IF([6]十五音音節表!I9<>"", _xlfn.CONCAT(J$4,$E10), "") -> ㄍㄧㄚㆵ | K10: =IF([6]十五音音節表!J9<>"", _xlfn.CONCAT(K$4,$E10), "") -> ㄎㄧㄚㆵ | L10: =IF([6]十五音音節表!K9<>"", _xlfn.CONCAT(L$4,$E10), "") -> ㄉㄧㄚㆵ | M10: =IF([6]十五音音節表!L9<>"", _xlfn.CONCAT(M$4,$E10), "") -> ㄆㄧㄚㆵ | N10: =IF([6]十五音音節表!M9<>"", _xlfn.CONCAT(N$4,$E10), "") -> ㄊㄧㄚㆵ | ... X10: =IF([6]十五音音節表!W9<>"", _xlfn.CONCAT(X$4,$E10), "") -> ㄏㄧㄚㆵ | Y10: ㄧㄚㆵ | Z10: iat | AA10: 堅（促）
B11: 3 | C11: im | D11: im | E11: ㄧㆬ | F11: 金（舒） | G11: =IF([6]十五音音節表!F10<>"", _xlfn.CONCAT(G$4,$E11), "") -> ㄌㄧㆬ | H11: =IF([6]十五音音節表!G10<>"", _xlfn.CONCAT(H$4,$E11), "") | I11: =IF([6]十五音音節表!H10<>"", _xlfn.CONCAT(I$4,$E11), "") | J11: =IF([6]十五音音節表!I10<>"", _xlfn.CONCAT(J$4,$E11), "") -> ㄍㄧㆬ | K11: =IF([6]十五音音節表!J10<>"", _xlfn.CONCAT(K$4,$E11), "") -> ㄎㄧㆬ | L11: =IF([6]十五音音節表!K10<>"", _xlfn.CONCAT(L$4,$E11), "") -> ㄉㄧㆬ | M11: =IF([6]十五音音節表!L10<>"", _xlfn.CONCAT(M$4,$E11), "") | N11: =IF([6]十五音音節表!M10<>"", _xlfn.CONCAT(N$4,$E11), "") -> ㄊㄧㆬ | ... X11: =IF([6]十五音音節表!W10<>"", _xlfn.CONCAT(X$4,$E11), "") -> ㄏㄧㆬ | Y11: ㄧㆬ | Z11: im | AA11: 金（舒）
B12: 3 | C12: ip̚ | D12: ip | E12: 一ㆴ | F12: 金（促） | G12: =IF([6]十五音音節表!F11<>"", _xlfn.CONCAT(G$4,$E12), "") -> ㄌ一ㆴ | H12: =IF([6]十五音音節表!G11<>"", _xlfn.CONCAT(H$4,$E12), "") | I12: =IF([6]十五音音節表!H11<>"", _xlfn.CONCAT(I$4,$E12), "") | J12: =IF([6]十五音音節表!I11<>"", _xlfn.CONCAT(J$4,$E12), "") -> ㄍ一ㆴ | K12: =IF([6]十五音音節表!J11<>"", _xlfn.CONCAT(K$4,$E12), "") -> ㄎ一ㆴ | L12: =IF([6]十五音音節表!K11<>"", _xlfn.CONCAT(L$4,$E12), "") | M12: =IF([6]十五音音節表!L11<>"", _xlfn.CONCAT(M$4,$E12), "") | N12: =IF([6]十五音音節表!M11<>"", _xlfn.CONCAT(N$4,$E12), "") | ... X12: =IF([6]十五音音節表!W11<>"", _xlfn.CONCAT(X$4,$E12), "") -> ㄏ一ㆴ | Y12: 一ㆴ | Z12: ip | AA12: 金（促）
B13: 4 | C13: ui | D13: ui | E13: ㄨㄧ | F13: 規（舒） | G13: =IF([6]十五音音節表!F12<>"", _xlfn.CONCAT(G$4,$E13), "") -> ㄌㄨㄧ | H13: =IF([6]十五音音節表!G12<>"", _xlfn.CONCAT(H$4,$E13), "") | I13: =IF([6]十五音音節表!H12<>"", _xlfn.CONCAT(I$4,$E13), "") -> ㄅㄨㄧ | J13: =IF([6]十五音音節表!I12<>"", _xlfn.CONCAT(J$4,$E13), "") -> ㄍㄨㄧ | K13: =IF([6]十五音音節表!J12<>"", _xlfn.CONCAT(K$4,$E13), "") -> ㄎㄨㄧ | L13: =IF([6]十五音音節表!K12<>"", _xlfn.CONCAT(L$4,$E13), "") -> ㄉㄨㄧ | M13: =IF([6]十五音音節表!L12<>"", _xlfn.CONCAT(M$4,$E13), "") -> ㄆㄨㄧ | N13: =IF([6]十五音音節表!M12<>"", _xlfn.CONCAT(N$4,$E13), "") -> ㄊㄨㄧ | ... X13: =IF([6]十五音音節表!W12<>"", _xlfn.CONCAT(X$4,$E13), "") -> ㄏㄨㄧ | Y13: ㄨㄧ | Z13: ui | AA13: 規（舒）
B14: 5 | C14: ɛ | D14: ee | E14: ㄝ | F14: 嘉（舒） | G14: =IF([6]十五音音節表!F11<>"", _xlfn.CONCAT(G$4,$E14), "") -> ㄌㄝ | H14: =IF([6]十五音音節表!G11<>"", _xlfn.CONCAT(H$4,$E14), "") | I14: =IF([6]十五音音節表!H11<>"", _xlfn.CONCAT(I$4,$E14), "") | J14: =IF([6]十五音音節表!I11<>"", _xlfn.CONCAT(J$4,$E14), "") -> ㄍㄝ | K14: =IF([6]十五音音節表!J11<>"", _xlfn.CONCAT(K$4,$E14), "") -> ㄎㄝ | L14: =IF([6]十五音音節表!K11<>"", _xlfn.CONCAT(L$4,$E14), "") | M14: =IF([6]十五音音節表!L11<>"", _xlfn.CONCAT(M$4,$E14), "") | N14: =IF([6]十五音音節表!M11<>"", _xlfn.CONCAT(N$4,$E14), "") | ... X14: =IF([6]十五音音節表!W11<>"", _xlfn.CONCAT(X$4,$E14), "") -> ㄏㄝ | Y14: ㄢ | Z14: an | AA14: 干（舒）
B15: 5 | C15: ɛʔ | D15: eeh | E15: ㄝㆷ | F15: 嘉（促） | G15: =IF([6]十五音音節表!F12<>"", _xlfn.CONCAT(G$4,$E15), "") -> ㄌㄝㆷ | H15: =IF([6]十五音音節表!G12<>"", _xlfn.CONCAT(H$4,$E15), "") | I15: =IF([6]十五音音節表!H12<>"", _xlfn.CONCAT(I$4,$E15), "") -> ㄅㄝㆷ | J15: =IF([6]十五音音節表!I12<>"", _xlfn.CONCAT(J$4,$E15), "") -> ㄍㄝㆷ | K15: =IF([6]十五音音節表!J12<>"", _xlfn.CONCAT(K$4,$E15), "") -> ㄎㄝㆷ | L15: =IF([6]十五音音節表!K12<>"", _xlfn.CONCAT(L$4,$E15), "") -> ㄉㄝㆷ | M15: =IF([6]十五音音節表!L12<>"", _xlfn.CONCAT(M$4,$E15), "") -> ㄆㄝㆷ | N15: =IF([6]十五音音節表!M12<>"", _xlfn.CONCAT(N$4,$E15), "") -> ㄊㄝㆷ | ... X15: =IF([6]十五音音節表!W12<>"", _xlfn.CONCAT(X$4,$E15), "") -> ㄏㄝㆷ | Y15: ㄚㆵ | Z15: at | AA15: 干（促）
B16: 6 | C16: an | D16: an | E16: ㄢ | F16: 干（舒） | G16: =IF([6]十五音音節表!F13<>"", _xlfn.CONCAT(G$4,$E16), "") -> ㄌㄢ | H16: =IF([6]十五音音節表!G13<>"", _xlfn.CONCAT(H$4,$E16), "") | I16: =IF([6]十五音音節表!H13<>"", _xlfn.CONCAT(I$4,$E16), "") -> ㄅㄢ | J16: =IF([6]十五音音節表!I13<>"", _xlfn.CONCAT(J$4,$E16), "") -> ㄍㄢ | K16: =IF([6]十五音音節表!J13<>"", _xlfn.CONCAT(K$4,$E16), "") -> ㄎㄢ | L16: =IF([6]十五音音節表!K13<>"", _xlfn.CONCAT(L$4,$E16), "") -> ㄉㄢ | M16: =IF([6]十五音音節表!L13<>"", _xlfn.CONCAT(M$4,$E16), "") -> ㄆㄢ | N16: =IF([6]十五音音節表!M13<>"", _xlfn.CONCAT(N$4,$E16), "") -> ㄊㄢ | ... X16: =IF([6]十五音音節表!W13<>"", _xlfn.CONCAT(X$4,$E16), "") -> ㄏㄢ | Y16: ㄢ | Z16: an | AA16: 干（舒）
B17: 6 | C17: at̚ | D17: at | E17: ㄚㆵ | F17: 干（促） | G17: =IF([6]十五音音節表!F14<>"", _xlfn.CONCAT(G$4,$E17), "") -> ㄌㄚㆵ | H17: =IF([6]十五音音節表!G14<>"", _xlfn.CONCAT(H$4,$E17), "") | I17: =IF([6]十五音音節表!H14<>"", _xlfn.CONCAT(I$4,$E17), "") -> ㄅㄚㆵ | J17: =IF([6]十五音音節表!I14<>"", _xlfn.CONCAT(J$4,$E17), "") -> ㄍㄚㆵ | K17: =IF([6]十五音音節表!J14<>"", _xlfn.CONCAT(K$4,$E17), "") -> ㄎㄚㆵ | L17: =IF([6]十五音音節表!K14<>"", _xlfn.CONCAT(L$4,$E17), "") -> ㄉㄚㆵ | M17: =IF([6]十五音音節表!L14<>"", _xlfn.CONCAT(M$4,$E17), "") | N17: =IF([6]十五音音節表!M14<>"", _xlfn.CONCAT(N$4,$E17), "") -> ㄊㄚㆵ | ... X17: =IF([6]十五音音節表!W14<>"", _xlfn.CONCAT(X$4,$E17), "") -> ㄏㄚㆵ | Y17: ㄚㆵ | Z17: at | AA17: 干（促）
B18: 7 | C18: ɔŋ | D18: ong | E18: ㆲ | F18: 公（舒） | G18: =IF([6]十五音音節表!F15<>"", _xlfn.CONCAT(G$4,$E18), "") -> ㄌㆲ | H18: =IF([6]十五音音節表!G15<>"", _xlfn.CONCAT(H$4,$E18), "") | I18: =IF([6]十五音音節表!H15<>"", _xlfn.CONCAT(I$4,$E18), "") -> ㄅㆲ | J18: =IF([6]十五音音節表!I15<>"", _xlfn.CONCAT(J$4,$E18), "") -> ㄍㆲ | K18: =IF([6]十五音音節表!J15<>"", _xlfn.CONCAT(K$4,$E18), "") -> ㄎㆲ | L18: =IF([6]十五音音節表!K15<>"", _xlfn.CONCAT(L$4,$E18), "") -> ㄉㆲ | M18: =IF([6]十五音音節表!L15<>"", _xlfn.CONCAT(M$4,$E18), "") -> ㄆㆲ | N18: =IF([6]十五音音節表!M15<>"", _xlfn.CONCAT(N$4,$E18), "") -> ㄊㆲ | ... X18: =IF([6]十五音音節表!W15<>"", _xlfn.CONCAT(X$4,$E18), "") -> ㄏㆲ | Y18: ㆲ | Z18: ong | AA18: 公（舒）
B19: 7 | C19: ɔk̚ | D19: ok | E19: ㆦㆻ | F19: 公（促） | G19: =IF([6]十五音音節表!F16<>"", _xlfn.CONCAT(G$4,$E19), "") -> ㄌㆦㆻ | H19: =IF([6]十五音音節表!G16<>"", _xlfn.CONCAT(H$4,$E19), "") | I19: =IF([6]十五音音節表!H16<>"", _xlfn.CONCAT(I$4,$E19), "") -> ㄅㆦㆻ | J19: =IF([6]十五音音節表!I16<>"", _xlfn.CONCAT(J$4,$E19), "") -> ㄍㆦㆻ | K19: =IF([6]十五音音節表!J16<>"", _xlfn.CONCAT(K$4,$E19), "") -> ㄎㆦㆻ | L19: =IF([6]十五音音節表!K16<>"", _xlfn.CONCAT(L$4,$E19), "") -> ㄉㆦㆻ | M19: =IF([6]十五音音節表!L16<>"", _xlfn.CONCAT(M$4,$E19), "") -> ㄆㆦㆻ | N19: =IF([6]十五音音節表!M16<>"", _xlfn.CONCAT(N$4,$E19), "") -> ㄊㆦㆻ | ... X19: =IF([6]十五音音節表!W16<>"", _xlfn.CONCAT(X$4,$E19), "") -> ㄏㆦㆻ | Y19: ㆦㆻ | Z19: ok | AA19: 公（促）
B20: 8 | C20: uai | D20: uai | E20: ㄨㄞ | F20: 乖（舒） | G20: =IF([6]十五音音節表!F17<>"", _xlfn.CONCAT(G$4,$E20), "") | H20: =IF([6]十五音音節表!G17<>"", _xlfn.CONCAT(H$4,$E20), "") | I20: =IF([6]十五音音節表!H17<>"", _xlfn.CONCAT(I$4,$E20), "") | J20: =IF([6]十五音音節表!I17<>"", _xlfn.CONCAT(J$4,$E20), "") -> ㄍㄨㄞ | K20: =IF([6]十五音音節表!J17<>"", _xlfn.CONCAT(K$4,$E20), "") -> ㄎㄨㄞ | L20: =IF([6]十五音音節表!K17<>"", _xlfn.CONCAT(L$4,$E20), "") | M20: =IF([6]十五音音節表!L17<>"", _xlfn.CONCAT(M$4,$E20), "") | N20: =IF([6]十五音音節表!M17<>"", _xlfn.CONCAT(N$4,$E20), "") | ... X20: =IF([6]十五音音節表!W17<>"", _xlfn.CONCAT(X$4,$E20), "") -> ㄏㄨㄞ | Y20: ㄨㄞ | Z20: uai | AA20: 乖（舒）
B21: 9 | C21: ɛŋ | D21: ing | E21: ㄧㄥ | F21: 經（舒） | G21: =IF([6]十五音音節表!F18<>"", _xlfn.CONCAT(G$4,$E21), "") -> ㄌㄧㄥ | H21: =IF([6]十五音音節表!G18<>"", _xlfn.CONCAT(H$4,$E21), "") | I21: =IF([6]十五音音節表!H18<>"", _xlfn.CONCAT(I$4,$E21), "") -> ㄅㄧㄥ | J21: =IF([6]十五音音節表!I18<>"", _xlfn.CONCAT(J$4,$E21), "") -> ㄍㄧㄥ | K21: =IF([6]十五音音節表!J18<>"", _xlfn.CONCAT(K$4,$E21), "") -> ㄎㄧㄥ | L21: =IF([6]十五音音節表!K18<>"", _xlfn.CONCAT(L$4,$E21), "") -> ㄉㄧㄥ | M21: =IF([6]十五音音節表!L18<>"", _xlfn.CONCAT(M$4,$E21), "") -> ㄆㄧㄥ | N21: =IF([6]十五音音節表!M18<>"", _xlfn.CONCAT(N$4,$E21), "") -> ㄊㄧㄥ | ... X21: =IF([6]十五音音節表!W18<>"", _xlfn.CONCAT(X$4,$E21), "") -> ㄏㄧㄥ | Y21: ㄧㄥ | Z21: ing | AA21: 經（舒）
B22: 9 | C22: ɛk | D22: ik | E22: ㄧㆻ | F22: 經（促） | G22: =IF([6]十五音音節表!F19<>"", _xlfn.CONCAT(G$4,$E22), "") -> ㄌㄧㆻ | H22: =IF([6]十五音音節表!G19<>"", _xlfn.CONCAT(H$4,$E22), "") | I22: =IF([6]十五音音節表!H19<>"", _xlfn.CONCAT(I$4,$E22), "") -> ㄅㄧㆻ | J22: =IF([6]十五音音節表!I19<>"", _xlfn.CONCAT(J$4,$E22), "") -> ㄍㄧㆻ | K22: =IF([6]十五音音節表!J19<>"", _xlfn.CONCAT(K$4,$E22), "") | L22: =IF([6]十五音音節表!K19<>"", _xlfn.CONCAT(L$4,$E22), "") -> ㄉㄧㆻ | M22: =IF([6]十五音音節表!L19<>"", _xlfn.CONCAT(M$4,$E22), "") -> ㄆㄧㆻ | N22: =IF([6]十五音音節表!M19<>"", _xlfn.CONCAT(N$4,$E22), "") -> ㄊㄧㆻ | ... X22: =IF([6]十五音音節表!W19<>"", _xlfn.CONCAT(X$4,$E22), "") -> ㄏㄧㆻ | Y22: ㄧㆻ | Z22: ik | AA22: 經（促）
B23: 10 | C23: uan | D23: uan | E23: ㄨㄢ | F23: 觀（舒） | G23: =IF([6]十五音音節表!F20<>"", _xlfn.CONCAT(G$4,$E23), "") -> ㄌㄨㄢ | H23: =IF([6]十五音音節表!G20<>"", _xlfn.CONCAT(H$4,$E23), "") | I23: =IF([6]十五音音節表!H20<>"", _xlfn.CONCAT(I$4,$E23), "") -> ㄅㄨㄢ | J23: =IF([6]十五音音節表!I20<>"", _xlfn.CONCAT(J$4,$E23), "") -> ㄍㄨㄢ | K23: =IF([6]十五音音節表!J20<>"", _xlfn.CONCAT(K$4,$E23), "") -> ㄎㄨㄢ | L23: =IF([6]十五音音節表!K20<>"", _xlfn.CONCAT(L$4,$E23), "") -> ㄉㄨㄢ | M23: =IF([6]十五音音節表!L20<>"", _xlfn.CONCAT(M$4,$E23), "") -> ㄆㄨㄢ | N23: =IF([6]十五音音節表!M20<>"", _xlfn.CONCAT(N$4,$E23), "") -> ㄊㄨㄢ | ... X23: =IF([6]十五音音節表!W20<>"", _xlfn.CONCAT(X$4,$E23), "") -> ㄏㄨㄢ | Y23: ㄨㄢ | Z23: uan | AA23: 觀（舒）
B24: 10 | C24: uat̚ | D24: uat | E24: ㄨㄚㆵ | F24: 觀（促） | G24: =IF([6]十五音音節表!F21<>"", _xlfn.CONCAT(G$4,$E24), "") -> ㄌㄨㄚㆵ | H24: =IF([6]十五音音節表!G21<>"", _xlfn.CONCAT(H$4,$E24), "") | I24: =IF([6]十五音音節表!H21<>"", _xlfn.CONCAT(I$4,$E24), "") -> ㄅㄨㄚㆵ | J24: =IF([6]十五音音節表!I21<>"", _xlfn.CONCAT(J$4,$E24), "") -> ㄍㄨㄚㆵ | K24: =IF([6]十五音音節表!J21<>"", _xlfn.CONCAT(K$4,$E24), "") -> ㄎㄨㄚㆵ | L24: =IF([6]十五音音節表!K21<>"", _xlfn.CONCAT(L$4,$E24), "") -> ㄉㄨㄚㆵ | M24: =IF([6]十五音音節表!L21<>"", _xlfn.CONCAT(M$4,$E24), "") -> ㄆㄨㄚㆵ | N24: =IF([6]十五音音節表!M21<>"", _xlfn.CONCAT(N$4,$E24), "") -> ㄊㄨㄚㆵ | ... X24: =IF([6]十五音音節表!W21<>"", _xlfn.CONCAT(X$4,$E24), "") -> ㄏㄨㄚㆵ | Y24: ㄨㄚㆵ | Z24: uat | AA24: 觀（促）
B25: 11 | C25: ou | D25: oo | E25: ㆦ | F25: 沽（舒） | G25: =IF([6]十五音音節表!F22<>"", _xlfn.CONCAT(G$4,$E25), "") -> ㄌㆦ | H25: =IF([6]十五音音節表!G22<>"", _xlfn.CONCAT(H$4,$E25), "") -> ㄋㆦ | I25: =IF([6]十五音音節表!H22<>"", _xlfn.CONCAT(I$4,$E25), "") -> ㄅㆦ | J25: =IF([6]十五音音節表!I22<>"", _xlfn.CONCAT(J$4,$E25), "") -> ㄍㆦ | K25: =IF([6]十五音音節表!J22<>"", _xlfn.CONCAT(K$4,$E25), "") -> ㄎㆦ | L25: =IF([6]十五音音節表!K22<>"", _xlfn.CONCAT(L$4,$E25), "") -> ㄉㆦ | M25: =IF([6]十五音音節表!L22<>"", _xlfn.CONCAT(M$4,$E25), "") -> ㄆㆦ | N25: =IF([6]十五音音節表!M22<>"", _xlfn.CONCAT(N$4,$E25), "") -> ㄊㆦ | ... X25: =IF([6]十五音音節表!W22<>"", _xlfn.CONCAT(X$4,$E25), "") -> ㄏㆦ | Y25: ㆦ | Z25: oo | AA25: 沽（舒）
... B66: 34 | C66: ĩ | D66: inn | E66: ㆪ | F66: 梔（舒） | G66: =IF([6]十五音音節表!F63<>"", _xlfn.CONCAT(G$4,$E66), "") | H66: =IF([6]十五音音節表!G63<>"", _xlfn.CONCAT(H$4,$E66), "") | I66: =IF([6]十五音音節表!H63<>"", _xlfn.CONCAT(I$4,$E66), "") | J66: =IF([6]十五音音節表!I63<>"", _xlfn.CONCAT(J$4,$E66), "") -> ㄍㆪ | K66: =IF([6]十五音音節表!J63<>"", _xlfn.CONCAT(K$4,$E66), "") -> ㄎㆪ | L66: =IF([6]十五音音節表!K63<>"", _xlfn.CONCAT(L$4,$E66), "") -> ㄉㆪ | M66: =IF([6]十五音音節表!L63<>"", _xlfn.CONCAT(M$4,$E66), "") | N66: =IF([6]十五音音節表!M63<>"", _xlfn.CONCAT(N$4,$E66), "") -> ㄊㆪ | ... X66: =IF([6]十五音音節表!W63<>"", _xlfn.CONCAT(X$4,$E66), "") -> ㄏㆪ | Y66: ㆪ | Z66: inn | AA66: 梔（舒）
B67: 35 | C67: ɪɔ̃ | D67: ionn | E67: ㄧㆧ | F67: 薑（舒） | G67: =IF([6]十五音音節表!F62<>"", _xlfn.CONCAT(G$4,$E67), "") -> ㄌㄧㆧ | H67: =IF([6]十五音音節表!G62<>"", _xlfn.CONCAT(H$4,$E67), "") | I67: =IF([6]十五音音節表!H62<>"", _xlfn.CONCAT(I$4,$E67), "") | J67: =IF([6]十五音音節表!I62<>"", _xlfn.CONCAT(J$4,$E67), "") -> ㄍㄧㆧ | K67: =IF([6]十五音音節表!J62<>"", _xlfn.CONCAT(K$4,$E67), "") -> ㄎㄧㆧ | L67: =IF([6]十五音音節表!K62<>"", _xlfn.CONCAT(L$4,$E67), "") -> ㄉㄧㆧ | M67: =IF([6]十五音音節表!L62<>"", _xlfn.CONCAT(M$4,$E67), "") | N67: =IF([6]十五音音節表!M62<>"", _xlfn.CONCAT(N$4,$E67), "") | ... X67: =IF([6]十五音音節表!W62<>"", _xlfn.CONCAT(X$4,$E67), "") -> ㄏㄧㆧ | Y67: ㄧㆩ | Z67: iann | AA67: 驚（舒）
B68: 36 | C68: ɪã | D68: iann | E68: ㄧㆩ | F68: 驚（舒） | G68: =IF([6]十五音音節表!F64<>"", _xlfn.CONCAT(G$4,$E68), "") | H68: =IF([6]十五音音節表!G64<>"", _xlfn.CONCAT(H$4,$E68), "") | I68: =IF([6]十五音音節表!H64<>"", _xlfn.CONCAT(I$4,$E68), "") -> ㄅㄧㆩ | J68: =IF([6]十五音音節表!I64<>"", _xlfn.CONCAT(J$4,$E68), "") -> ㄍㄧㆩ | K68: =IF([6]十五音音節表!J64<>"", _xlfn.CONCAT(K$4,$E68), "") | L68: =IF([6]十五音音節表!K64<>"", _xlfn.CONCAT(L$4,$E68), "") -> ㄉㄧㆩ | M68: =IF([6]十五音音節表!L64<>"", _xlfn.CONCAT(M$4,$E68), "") | N68: =IF([6]十五音音節表!M64<>"", _xlfn.CONCAT(N$4,$E68), "") -> ㄊㄧㆩ | ... X68: =IF([6]十五音音節表!W64<>"", _xlfn.CONCAT(X$4,$E68), "") -> ㄏㄧㆩ | Y68: ㄧㆩ | Z68: iann | AA68: 驚（舒）
B69: 36 | C69: ɪãh | D69: iannh | E69: ㄧㆩㆷ | F69: 驚（促） | G69: =IF([6]十五音音節表!F65<>"", _xlfn.CONCAT(G$4,$E69), "") | H69: =IF([6]十五音音節表!G65<>"", _xlfn.CONCAT(H$4,$E69), "") | I69: =IF([6]十五音音節表!H65<>"", _xlfn.CONCAT(I$4,$E69), "") | J69: =IF([6]十五音音節表!I65<>"", _xlfn.CONCAT(J$4,$E69), "") | K69: =IF([6]十五音音節表!J65<>"", _xlfn.CONCAT(K$4,$E69), "") | L69: =IF([6]十五音音節表!K65<>"", _xlfn.CONCAT(L$4,$E69), "") | M69: =IF([6]十五音音節表!L65<>"", _xlfn.CONCAT(M$4,$E69), "") | N69: =IF([6]十五音音節表!M65<>"", _xlfn.CONCAT(N$4,$E69), "") | ... X69: =IF([6]十五音音節表!W65<>"", _xlfn.CONCAT(X$4,$E69), "") -> ㄏㄧㆩㆷ | Y69: ㄧㆩㆷ | Z69: iannh | AA69: 驚（促）
B70: 37 | C70: uã | D70: uann | E70: ㄨㆩ | F70: 官（舒） | G70: =IF([6]十五音音節表!F66<>"", _xlfn.CONCAT(G$4,$E70), "") | H70: =IF([6]十五音音節表!G66<>"", _xlfn.CONCAT(H$4,$E70), "") | I70: =IF([6]十五音音節表!H66<>"", _xlfn.CONCAT(I$4,$E70), "") -> ㄅㄨㆩ | J70: =IF([6]十五音音節表!I66<>"", _xlfn.CONCAT(J$4,$E70), "") -> ㄍㄨㆩ | K70: =IF([6]十五音音節表!J66<>"", _xlfn.CONCAT(K$4,$E70), "") -> ㄎㄨㆩ | L70: =IF([6]十五音音節表!K66<>"", _xlfn.CONCAT(L$4,$E70), "") -> ㄉㄨㆩ | M70: =IF([6]十五音音節表!L66<>"", _xlfn.CONCAT(M$4,$E70), "") -> ㄆㄨㆩ | N70: =IF([6]十五音音節表!M66<>"", _xlfn.CONCAT(N$4,$E70), "") -> ㄊㄨㆩ | ... X70: =IF([6]十五音音節表!W66<>"", _xlfn.CONCAT(X$4,$E70), "") -> ㄏㄨㆩ | Y70: ㄨㆩ | Z70: uann | AA70: 官（舒）
B71: 38 | C71: ŋ̍ | D71: ng | E71: ㆭ | F71: 鋼（舒） | G71: =IF([6]十五音音節表!F67<>"", _xlfn.CONCAT(G$4,$E71), "") | H71: =IF([6]十五音音節表!G67<>"", _xlfn.CONCAT(H$4,$E71), "") -> ㄋㆭ | I71: =IF([6]十五音音節表!H67<>"", _xlfn.CONCAT(I$4,$E71), "") -> ㄅㆭ | J71: =IF([6]十五音音節表!I67<>"", _xlfn.CONCAT(J$4,$E71), "") -> ㄍㆭ | K71: =IF([6]十五音音節表!J67<>"", _xlfn.CONCAT(K$4,$E71), "") -> ㄎㆭ | L71: =IF([6]十五音音節表!K67<>"", _xlfn.CONCAT(L$4,$E71), "") -> ㄉㆭ | M71: =IF([6]十五音音節表!L67<>"", _xlfn.CONCAT(M$4,$E71), "") | N71: =IF([6]十五音音節表!M67<>"", _xlfn.CONCAT(N$4,$E71), "") -> ㄊㆭ | ... X71: =IF([6]十五音音節表!W67<>"", _xlfn.CONCAT(X$4,$E71), "") -> ㄏㆭ | Y71: ㆭ | Z71: ng | AA71: 鋼（舒）
B72: 38 | C72: ŋ̍h | D72: ngh | E72: ㆭㆷ | F72: 鋼（促） | G72: =IF([6]十五音音節表!F68<>"", _xlfn.CONCAT(G$4,$E72), "") | H72: =IF([6]十五音音節表!G68<>"", _xlfn.CONCAT(H$4,$E72), "") | I72: =IF([6]十五音音節表!H68<>"", _xlfn.CONCAT(I$4,$E72), "") | J72: =IF([6]十五音音節表!I68<>"", _xlfn.CONCAT(J$4,$E72), "") | K72: =IF([6]十五音音節表!J68<>"", _xlfn.CONCAT(K$4,$E72), "") | L72: =IF([6]十五音音節表!K68<>"", _xlfn.CONCAT(L$4,$E72), "") | M72: =IF([6]十五音音節表!L68<>"", _xlfn.CONCAT(M$4,$E72), "") -> ㄆㆭㆷ | N72: =IF([6]十五音音節表!M68<>"", _xlfn.CONCAT(N$4,$E72), "") | ... X72: =IF([6]十五音音節表!W68<>"", _xlfn.CONCAT(X$4,$E72), "") -> ㄏㆭㆷ | Y72: ㆭㆷ | Z72: ngh | AA72: 鋼（促）
B73: 39 | C73: eʔ | D73: eh | E73: ㆤㆷ | F73: 伽（促） | G73: =IF([6]十五音音節表!F69<>"", _xlfn.CONCAT(G$4,$E73), "") -> ㄌㆤㆷ | H73: =IF([6]十五音音節表!G69<>"", _xlfn.CONCAT(H$4,$E73), "") -> ㄋㆤㆷ | I73: =IF([6]十五音音節表!H69<>"", _xlfn.CONCAT(I$4,$E73), "") -> ㄅㆤㆷ | J73: =IF([6]十五音音節表!I69<>"", _xlfn.CONCAT(J$4,$E73), "") -> ㄍㆤㆷ | K73: =IF([6]十五音音節表!J69<>"", _xlfn.CONCAT(K$4,$E73), "") -> ㄎㆤㆷ | L73: =IF([6]十五音音節表!K69<>"", _xlfn.CONCAT(L$4,$E73), "") -> ㄉㆤㆷ | M73: =IF([6]十五音音節表!L69<>"", _xlfn.CONCAT(M$4,$E73), "") | N73: =IF([6]十五音音節表!M69<>"", _xlfn.CONCAT(N$4,$E73), "") -> ㄊㆤㆷ | ... X73: =IF([6]十五音音節表!W69<>"", _xlfn.CONCAT(X$4,$E73), "") -> ㄏㆤㆷ | Y73: ㆤㆷ | Z73: eh | AA73: 伽（促）
B74: 40 | C74: ãɪ | D74: ainn | E74: ㆮ | F74: 閒（舒） | G74: =IF([6]十五音音節表!F70<>"", _xlfn.CONCAT(G$4,$E74), "") | H74: =IF([6]十五音音節表!G70<>"", _xlfn.CONCAT(H$4,$E74), "") | I74: =IF([6]十五音音節表!H70<>"", _xlfn.CONCAT(I$4,$E74), "") | J74: =IF([6]十五音音節表!I70<>"", _xlfn.CONCAT(J$4,$E74), "") -> ㄍㆮ | K74: =IF([6]十五音音節表!J70<>"", _xlfn.CONCAT(K$4,$E74), "") -> ㄎㆮ | L74: =IF([6]十五音音節表!K70<>"", _xlfn.CONCAT(L$4,$E74), "") -> ㄉㆮ | M74: =IF([6]十五音音節表!L70<>"", _xlfn.CONCAT(M$4,$E74), "") -> ㄆㆮ | N74: =IF([6]十五音音節表!M70<>"", _xlfn.CONCAT(N$4,$E74), "") | ... X74: =IF([6]十五音音節表!W70<>"", _xlfn.CONCAT(X$4,$E74), "") -> ㄏㆮ | Y74: ㆮ | Z74: ainn | AA74: 閒（舒）
B75: 41 | C75: õu | D75: onn | E75: ㆧ | F75: 姑（舒） | G75: =IF([6]十五音音節表!F71<>"", _xlfn.CONCAT(G$4,$E75), "") | H75: =IF([6]十五音音節表!G71<>"", _xlfn.CONCAT(H$4,$E75), "") | I75: =IF([6]十五音音節表!H71<>"", _xlfn.CONCAT(I$4,$E75), "") | J75: =IF([6]十五音音節表!I71<>"", _xlfn.CONCAT(J$4,$E75), "") -> ㄍㆧ | K75: =IF([6]十五音音節表!J71<>"", _xlfn.CONCAT(K$4,$E75), "") | L75: =IF([6]十五音音節表!K71<>"", _xlfn.CONCAT(L$4,$E75), "") | M75: =IF([6]十五音音節表!L71<>"", _xlfn.CONCAT(M$4,$E75), "") | N75: =IF([6]十五音音節表!M71<>"", _xlfn.CONCAT(N$4,$E75), "") | ... X75: =IF([6]十五音音節表!W71<>"", _xlfn.CONCAT(X$4,$E75), "") -> ㄏㆧ | Y75: ㆧ | Z75: onn | AA75: 姑（舒）
B76: 42 | C76: m̩ | D76: m | E76: ㆬ | F76: 姆（舒） | G76: =IF([6]十五音音節表!F72<>"", _xlfn.CONCAT(G$4,$E76), "") | H76: =IF([6]十五音音節表!G72<>"", _xlfn.CONCAT(H$4,$E76), "") | I76: =IF([6]十五音音節表!H72<>"", _xlfn.CONCAT(I$4,$E76), "") | J76: =IF([6]十五音音節表!I72<>"", _xlfn.CONCAT(J$4,$E76), "") | K76: =IF([6]十五音音節表!J72<>"", _xlfn.CONCAT(K$4,$E76), "") | L76: =IF([6]十五音音節表!K72<>"", _xlfn.CONCAT(L$4,$E76), "") | M76: =IF([6]十五音音節表!L72<>"", _xlfn.CONCAT(M$4,$E76), "") | N76: =IF([6]十五音音節表!M72<>"", _xlfn.CONCAT(N$4,$E76), "") | ... X76: =IF([6]十五音音節表!W72<>"", _xlfn.CONCAT(X$4,$E76), "") -> ㄏㆬ | Y76: ㆬ | Z76: m | AA76: 姆（舒）
B77: 42 | C77: m̩h | D77: mh | E77: ㆬㆷ | F77: 姆（促） | G77: =IF([6]十五音音節表!F73<>"", _xlfn.CONCAT(G$4,$E77), "") | H77: =IF([6]十五音音節表!G73<>"", _xlfn.CONCAT(H$4,$E77), "") | I77: =IF([6]十五音音節表!H73<>"", _xlfn.CONCAT(I$4,$E77), "") | J77: =IF([6]十五音音節表!I73<>"", _xlfn.CONCAT(J$4,$E77), "") | K77: =IF([6]十五音音節表!J73<>"", _xlfn.CONCAT(K$4,$E77), "") | L77: =IF([6]十五音音節表!K73<>"", _xlfn.CONCAT(L$4,$E77), "") | M77: =IF([6]十五音音節表!L73<>"", _xlfn.CONCAT(M$4,$E77), "") | N77: =IF([6]十五音音節表!M73<>"", _xlfn.CONCAT(N$4,$E77), "") | ... X77: =IF([6]十五音音節表!W73<>"", _xlfn.CONCAT(X$4,$E77), "") -> ㄏㆬㆷ | Y77: ㆬㆷ | Z77: mh | AA77: 姆（促）
B78: 43 | C78: uaŋ | D78: uang | E78: ㄨㄤ | F78: 光（舒） | G78: =IF([6]十五音音節表!F74<>"", _xlfn.CONCAT(G$4,$E78), "") | H78: =IF([6]十五音音節表!G74<>"", _xlfn.CONCAT(H$4,$E78), "") | I78: =IF([6]十五音音節表!H74<>"", _xlfn.CONCAT(I$4,$E78), "") | J78: =IF([6]十五音音節表!I74<>"", _xlfn.CONCAT(J$4,$E78), "") | K78: =IF([6]十五音音節表!J74<>"", _xlfn.CONCAT(K$4,$E78), "") | L78: =IF([6]十五音音節表!K74<>"", _xlfn.CONCAT(L$4,$E78), "") | M78: =IF([6]十五音音節表!L74<>"", _xlfn.CONCAT(M$4,$E78), "") | N78: =IF([6]十五音音節表!M74<>"", _xlfn.CONCAT(N$4,$E78), "") | ... X78: =IF([6]十五音音節表!W74<>"", _xlfn.CONCAT(X$4,$E78), "") | Y78: ㄨㄤ | Z78: uang | AA78: 光（舒）
B79: 44 | C79: uãi | D79: uainn | E79: ㄨㆮ | F79: 閂（舒） | G79: =IF([6]十五音音節表!F75<>"", _xlfn.CONCAT(G$4,$E79), "") | H79: =IF([6]十五音音節表!G75<>"", _xlfn.CONCAT(H$4,$E79), "") | I79: =IF([6]十五音音節表!H75<>"", _xlfn.CONCAT(I$4,$E79), "") | J79: =IF([6]十五音音節表!I75<>"", _xlfn.CONCAT(J$4,$E79), "") -> ㄍㄨㆮ | K79: =IF([6]十五音音節表!J75<>"", _xlfn.CONCAT(K$4,$E79), "") | L79: =IF([6]十五音音節表!K75<>"", _xlfn.CONCAT(L$4,$E79), "") | M79: =IF([6]十五音音節表!L75<>"", _xlfn.CONCAT(M$4,$E79), "") | N79: =IF([6]十五音音節表!M75<>"", _xlfn.CONCAT(N$4,$E79), "") | ... X79: =IF([6]十五音音節表!W75<>"", _xlfn.CONCAT(X$4,$E79), "") -> ㄏㄨㆮ | Y79: ㄨㆮ | Z79: uainn | AA79: 閂（舒）
... B81: 47 | C81: ɔm | D81: om | E81: ㆱ | F81: 箴（舒） | G81: =IF([6]十五音音節表!F77<>"", _xlfn.CONCAT(G$4,$E81), "") | H81: =IF([6]十五音音節表!G77<>"", _xlfn.CONCAT(H$4,$E81), "") | I81: =IF([6]十五音音節表!H77<>"", _xlfn.CONCAT(I$4,$E81), "") | J81: =IF([6]十五音音節表!I77<>"", _xlfn.CONCAT(J$4,$E81), "") | K81: =IF([6]十五音音節表!J77<>"", _xlfn.CONCAT(K$4,$E81), "") | L81: =IF([6]十五音音節表!K77<>"", _xlfn.CONCAT(L$4,$E81), "") -> ㄉㆱ | M81: =IF([6]十五音音節表!L77<>"", _xlfn.CONCAT(M$4,$E81), "") | N81: =IF([6]十五音音節表!M77<>"", _xlfn.CONCAT(N$4,$E81), "") | ... X81: =IF([6]十五音音節表!W77<>"", _xlfn.CONCAT(X$4,$E81), "") | Y81: ㆱ | Z81: om | AA81: 箴（舒）
B82: 49 | C82: ɔ̃ | D82: onn | F82: 扛（舒）
B83: 49 | C83: ɔ̃ʔ | D83: onnh | E83: ㆧㆷ | F83: 扛（促） | G83: =IF([6]十五音音節表!F78<>"", _xlfn.CONCAT(G$4,$E83), "") | H83: =IF([6]十五音音節表!G78<>"", _xlfn.CONCAT(H$4,$E83), "") | I83: =IF([6]十五音音節表!H78<>"", _xlfn.CONCAT(I$4,$E83), "") | J83: =IF([6]十五音音節表!I78<>"", _xlfn.CONCAT(J$4,$E83), "") | K83: =IF([6]十五音音節表!J78<>"", _xlfn.CONCAT(K$4,$E83), "") | L83: =IF([6]十五音音節表!K78<>"", _xlfn.CONCAT(L$4,$E83), "") | M83: =IF([6]十五音音節表!L78<>"", _xlfn.CONCAT(M$4,$E83), "") | N83: =IF([6]十五音音節表!M78<>"", _xlfn.CONCAT(N$4,$E83), "") | ... X83: =IF([6]十五音音節表!W78<>"", _xlfn.CONCAT(X$4,$E83), "") -> ㄏㆧㆷ | Y83: ㆧㆷ | Z83: onnh | AA83: 扛（促）
B84: 50 | C84: ɪũ | D84: iunn | E84: ㄧㆫ | F84: 牛（舒） | G84: =IF([6]十五音音節表!F79<>"", _xlfn.CONCAT(G$4,$E84), "") | H84: =IF([6]十五音音節表!G79<>"", _xlfn.CONCAT(H$4,$E84), "") | I84: =IF([6]十五音音節表!H79<>"", _xlfn.CONCAT(I$4,$E84), "") | J84: =IF([6]十五音音節表!I79<>"", _xlfn.CONCAT(J$4,$E84), "") -> ㄍㄧㆫ | K84: =IF([6]十五音音節表!J79<>"", _xlfn.CONCAT(K$4,$E84), "") -> ㄎㄧㆫ | L84: =IF([6]十五音音節表!K79<>"", _xlfn.CONCAT(L$4,$E84), "") -> ㄉㄧㆫ | M84: =IF([6]十五音音節表!L79<>"", _xlfn.CONCAT(M$4,$E84), "") | N84: =IF([6]十五音音節表!M79<>"", _xlfn.CONCAT(N$4,$E84), "") | ... X84: =IF([6]十五音音節表!W79<>"", _xlfn.CONCAT(X$4,$E84), "") -> ㄏㄧㆫ | Y84: ㄧㆫ | Z84: iunn | AA84: 牛（舒）
B85: 50 | C85: ɪũʔ | D85: iunnh | E85: ㄧㆫㆷ | F85: 牛（促） | G85: =IF([6]十五音音節表!F80<>"", _xlfn.CONCAT(G$4,$E85), "") | H85: =IF([6]十五音音節表!G80<>"", _xlfn.CONCAT(H$4,$E85), "") | I85: =IF([6]十五音音節表!H80<>"", _xlfn.CONCAT(I$4,$E85), "") | J85: =IF([6]十五音音節表!I80<>"", _xlfn.CONCAT(J$4,$E85), "") | K85: =IF([6]十五音音節表!J80<>"", _xlfn.CONCAT(K$4,$E85), "") | L85: =IF([6]十五音音節表!K80<>"", _xlfn.CONCAT(L$4,$E85), "") | M85: =IF([6]十五音音節表!L80<>"", _xlfn.CONCAT(M$4,$E85), "") | N85: =IF([6]十五音音節表!M80<>"", _xlfn.CONCAT(N$4,$E85), "") | ... X85: =IF([6]十五音音節表!W80<>"", _xlfn.CONCAT(X$4,$E85), "") -> ㄏㄧㆫㆷ | Y85: ㄧㆫㆷ | Z85: iunnh | AA85: 牛（促）
G87: ㄌ | H87: ㄋ | I87: ㄅ | J87: ㄍ | K87: ㄎ | L87: ㄉ | M87: ㄆ | N87: ㄊ | O87: ㄗ | P87: ㆡ | Q87: ㄙ | S87: ㆠ | T87: ㄇ | U87: ㆣ | V87: ㄫ | W87: ㄘ | X87: ㄏ
G88: l | H88: n | I88: p | J88: k | K88: kh | L88: t | M88: ph | N88: th | O88: ts | P88: j | Q88: s | R88: Ø | S88: b | T88: m | U88: g | V88: ng | W88: tsh | X88: h
G89: 柳 | H89: 柳 | I89: 邊 | J89: 求 | K89: 去 | L89: 地 | M89: 頗 | N89: 他 | O89: 曾 | P89: 入 | Q89: 時 | R89: 英 | S89: 門 | T89: 門 | U89: 語 | V89: 語 | W89: 出 | X89: 喜
