Workbook

Sheet 【聲】聲母表
A1: 十五音序 | B1: 十五音 | C1: 漢字例 | D1: 國際音標 | E1: 備註 | H1: 注音序 | I1: 台羅拼音 | J1: 台語注音 | K1: 方音符號 | L1: 台語音標 | M1: 白話字 | N1: 注音二式 | O1: 閩拼方案 | P1: 備註 | S1: 注音序 | T1: 台羅拼音 | U1: 台語注音 | V1: 方音符號
A2: 1 | B2: 柳 | C2: 理 | D2: l | H2: 1 | I2: p | J2: ㄅ | K2: ㄅ | L2: p | M2: p | N2: b | O2: b | S2: 4 | T2: b | U2: ㄪ | V2: ㆠ
A3: 2 | B3: 耐 | C3: 耐 | D3: n | E3: l/n 本不分，此處分柳/耐 | H3: 2 | I3: ph | J3: ㄆ | K3: ㄆ | L3: ph | M3: ph | N3: p | O3: p | S3: 11 | T3: ng | U3: ⁰ㄫ | V3: ㄫ
A4: 3 | B4: 邊 | C4: 比 | D4: p | H4: 3 | I4: m | J4: ㄇ | K4: ㄇ | L4: m | M4: m | N4: m | O4: bbn | S4: 12 | T4: g | U4: ㄫ | V4: ㆣ
A5: 4 | B5: 求 | C5: 己 | D5: k | H5: 4 | I5: b | J5: ㄪ | K5: ㆠ | L5: b | M5: b | N5: bb | O5: bb | S5: 16 | T5: j | U5: ㄖ | V5: ㆡ
A6: 5 | B6: 去 | C6: 起 | D6: kʰ | H6: 5 | I6: t | J6: ㄉ | K6: ㄉ | L6: t | M6: t | N6: d | O6: d | S6: 22 | T6: j+i | U6: ㄖ | V6: ㆢ
A7: 6 | B7: 地 | C7: 底 | D7: t | H7: 6 | I7: th | J7: ㄊ | K7: ㄊ | L7: th | M7: th | N7: t | O7: t
A8: 7 | B8: 頗 | C8: 鄙 | D8: pʰ | H8: 7 | I8: n | J8: ㄋ | K8: ㄋ | L8: n | M8: n | N8: n | O8: ln
A9: 8 | B9: 他 | C9: 恥 | D9: tʰ | H9: 8 | I9: l | J9: ㄌ | K9: ㄌ | L9: l | M9: l | N9: l | O9: l
A10: 9 | B10: 曾 | C10: 阻 | D10: ʦ | H10: 9 | I10: k | J10: ㄍ | K10: ㄍ | L10: k | M10: k | N10: g | O10: g
A11: 10 | B11: 入 | C11: 熱 | D11: ʣ | H11: 10 | I11: kh | J11: ㄎ | K11: ㄎ | L11: kh | M11: kh | N11: k | O11: k
A12: 11 | B12: 時 | C12: 詞 | D12: s | H12: 11 | I12: ng | J12: ⁰ㄫ | K12: ㄫ | L12: ng | M12: ng | N12: ng | O12: ggn
A13: 12 | B13: 英 | C13: 以 | E13: Ø | H13: 12 | I13: g | J13: ㄫ | K13: ㆣ | L13: g | M13: g | N13: gg | O13: gg
A14: 13 | B14: 門 | C14: 美 | D14: b | H14: 13 | I14: ts | J14: ㄗ | K14: ㄗ | L14: z | M14: ch | N14: z | O14: z
A15: 14 | B15: 毛 | C15: 毛 | D15: m | E15: b/m 本不分，此處分門/毛 | H15: 14 | I15: tsh | J15: ㄘ | K15: ㄘ | L15: c | M15: chh | N15: c | O15: c
A16: 15 | B16: 語 | C16: 禦 | D16: ɡ | H16: 15 | I16: s | J16: ㄙ | K16: ㄙ | L16: s | M16: s | N16: s | O16: s
A17: 16 | B17: 雅 | C17: 雅 | D17: ŋ | E17: g/ng 本不分，此處分語/雅 | H17: 16 | I17: j | J17: ㄖ | K17: ㆡ | L17: j | M17: j | N17: zz | O17: zz
A18: 17 | B18: 出 | C18: 取 | D18: ʦʰ | H18: 17 | I18: h | J18: ㄏ | K18: ㄏ | L18: h | M18: h | N18: h | O18: h
A19: 18 | B19: 喜 | C19: 喜 | D19: h | H19: 18 | I19: Ø | J19: Ø | K19: Ø | L19: Ø | M19: Ø | N19: Ø | O19: Ø | P19: 零聲母
A20: 19 | B20: 入 | C20: 熱 | D20: ʥ | E20: ㆢ = ㆡㄧ | H20: 19 | I20: ts+i | J20: ㄐ | K20: ㄐ | L20: zi | M20: chi | N20: j | O20: zi | P20: ㄐ = ㄗㄧ
A21: 20 | B21: 曾 | C21: 止 | D21: ʨ | E21: ㄐ = ㄗㄧ | H21: 20 | I21: tsh+i | J21: ㄑ | K21: ㄑ | L21: ci | M21: chhi | N21: ch | O21: ci | P21: ㄑ = ㄘㄧ
A22: 21 | B22: 出 | C22: 測 | D22: ʨʰ | E22: ㄑ = ㄘㄧ | H22: 21 | I22: s+i | J22: ㄒ | K22: ㄒ | L22: si | M22: si | N22: sh | O22: si | P22: ㄒ = ㄙㄧ
A23: 22 | B23: 時 | C23: 惜 | D23: ɕ | E23: ㄒ = ㄙㄧ | H23: 22 | I23: j+i | J23: ㄖ | K23: ㆢ | L23: ji | M23: ji | N23: jj | O23: zzi | P23: ㆢ = ㆡㄧ

Sheet 【韻】韻母表
A3: 序號 | B3: 台羅拼音 | C3: 台語注音 | D3: 方音符號 | E3: 十五音 | F3: 漢字例 | G3: 十五音識別碼 | J3: 序號 | K3: 台羅拼音 | L3: 台語注音 | M3: 方音符號
A4: =ROW() - 3 -> 1 | B4: a | C4: ㄚ | D4: ㄚ | E4: =LEFT(韻母對照表[[#This Row],[十五音識別碼]],1) -> 膠 | F4: 些 | G4: 膠舒 | J4: 2 | K4: ah | L4: ㄚㄏ | M4: ㄚㆷ
A5: =ROW() - 3 -> 2 | B5: ah | C5: ㄚㄏ | D5: ㄚㆷ | E5: =LEFT(韻母對照表[[#This Row],[十五音識別碼]],1) -> 膠 | F5: 百 | G5: 膠促 | J5: 3 | K5: ai | L5: ㄞ | M5: ㄞ
A6: =ROW() - 3 -> 3 | B6: ai | C6: ㄞ | D6: ㄞ | E6: =LEFT(韻母對照表[[#This Row],[十五音識別碼]],1) -> 皆 | F6: 埃 | G6: 皆舒 | J6: 4 | K6: aih | L6: ㄞㄏ | M6: ㄞㆷ
A7: =ROW() - 3 -> 4 | B7: aih | C7: ㄞㄏ | D7: ㄞㆷ | E7: =LEFT(韻母對照表[[#This Row],[十五音識別碼]],1) -> 皆 | F7: ◯ | G7: 皆促 | J7: 5 | K7: ainn | L7: ⁰ㄞ | M7: ㆮ
A8: =ROW() - 3 -> 5 | B8: ainn | C8: ⁰ㄞ | D8: ㆮ | E8: =LEFT(韻母對照表[[#This Row],[十五音識別碼]],1) -> 閒 | F8: 挨 | G8: 閒舒 | J8: 6 | K8: ak | L8: ㄚㄍ | M8: ㄚㆻ
A9: =ROW() - 3 -> 6 | B9: ak | C9: ㄚㄍ | D9: ㄚㆻ | E9: =LEFT(韻母對照表[[#This Row],[十五音識別碼]],1) -> 江 | F9: 角 | G9: 江促 | J9: 7 | K9: am | L9: ㄚㄇ | M9: ㆰ
A10: =ROW() - 3 -> 7 | B10: am | C10: ㄚㄇ | D10: ㆰ | E10: =LEFT(韻母對照表[[#This Row],[十五音識別碼]],1) -> 甘 | F10: 堪 | G10: 甘舒 | J10: 8 | K10: an | L10: ㄢ | M10: ㄢ
A11: =ROW() - 3 -> 8 | B11: an | C11: ㄢ | D11: ㄢ | E11: =LEFT(韻母對照表[[#This Row],[十五音識別碼]],1) -> 干 | F11: 蘭 | G11: 干舒 | J11: 9 | K11: ang | L11: ㄤ | M11: ㄤ
A12: =ROW() - 3 -> 9 | B12: ang | C12: ㄤ | D12: ㄤ | E12: =LEFT(韻母對照表[[#This Row],[十五音識別碼]],1) -> 江 | F12: 邦 | G12: 江舒 | J12: 10 | K12: ann | L12: ⁰ㄚ | M12: ㆩ
A13: =ROW() - 3 -> 10 | B13: ann | C13: ⁰ㄚ | D13: ㆩ | E13: =LEFT(韻母對照表[[#This Row],[十五音識別碼]],1) -> 監 | F13: 聽 | G13: 監舒 | J13: 11 | K13: annh | L13: ⁰ㄚㄏ | M13: ㆩㆷ
A14: =ROW() - 3 -> 11 | B14: annh | C14: ⁰ㄚㄏ | D14: ㆩㆷ | E14: =LEFT(韻母對照表[[#This Row],[十五音識別碼]],1) -> 監 | F14: 含 | G14: 監促 | J14: 12 | K14: ap | L14: ㄚㄅ | M14: ㄚㆴ
A15: =ROW() - 3 -> 12 | B15: ap | C15: ㄚㄅ | D15: ㄚㆴ | E15: =LEFT(韻母對照表[[#This Row],[十五音識別碼]],1) -> 甘 | F15: 答 | G15: 甘促 | J15: 13 | K15: at | L15: ㄚㄉ | M15: ㄚㆵ
... A88: =ROW() - 3 -> 85 | B88: un | C88: ㄨㄣ | D88: ㄨㄣ | E88: =LEFT(韻母對照表[[#This Row],[十五音識別碼]],1) -> 君 | F88: 汾 | G88: 君舒 | J88: 86 | K88: ut | L88: ㄨㄉ | M88: ㄨㆵ
A89: =ROW() - 3 -> 86 | B89: ut | C89: ㄨㄉ | D89: ㄨㆵ | E89: =LEFT(韻母對照表[[#This Row],[十五音識別碼]],1) -> 君 | F89: 不 | G89: 君促

Sheet 【聲】聲母排序表 (2)
A1: 十五音序 | B1: 十五音 | C1: 漢字例 | D1: 國際音標 | E1: 備註 | H1: 注音序 | I1: 方音符號 | J1: 台語注音 | K1: 台羅拼音 | L1: 台語音標 | M1: 白話字 | N1: 注音二式 | O1: 閩拼方案 | P1: 備註
A2: 1 | B2: 柳 | C2: 理 | D2: l | H2: 1 | I2: ㄅ | J2: ㄅ | K2: p | L2: p | M2: p | N2: b | O2: b
A3: 2 | B3: 耐 | C3: 耐 | D3: n | E3: l/n 本不分，此處分柳/耐 | H3: 2 | I3: ㄆ | J3: ㄆ | K3: ph | L3: ph | M3: ph | N3: p | O3: p
A4: 3 | B4: 邊 | C4: 比 | D4: p | H4: 3 | I4: ㄇ | J4: ㄇ | K4: m | L4: m | M4: m | N4: m | O4: bbn
A5: 4 | B5: 求 | C5: 己 | D5: k | H5: 4 | I5: ㆠ | J5: ㄪ | K5: b | L5: b | M5: b | N5: bb | O5: bb
A6: 5 | B6: 去 | C6: 起 | D6: kʰ | H6: 5 | I6: ㄉ | J6: ㄉ | K6: t | L6: t | M6: t | N6: d | O6: d
A7: 6 | B7: 地 | C7: 底 | D7: t | H7: 6 | I7: ㄊ | J7: ㄊ | K7: th | L7: th | M7: th | N7: t | O7: t
A8: 7 | B8: 頗 | C8: 鄙 | D8: pʰ | H8: 7 | I8: ㄋ | J8: ㄋ | K8: n | L8: n | M8: n | N8: n | O8: ln
A9: 8 | B9: 他 | C9: 恥 | D9: tʰ | H9: 8 | I9: ㄌ | J9: ㄌ | K9: l | L9: l | M9: l | N9: l | O9: l
A10: 9 | B10: 曾 | C10: 阻 | D10: ʦ | H10: 9 | I10: ㄍ | J10: ㄍ | K10: k | L10: k | M10: k | N10: g | O10: g
A11: 10 | B11: 入 | C11: 熱 | D11: ʣ | H11: 10 | I11: ㄎ | J11: ㄎ | K11: kh | L11: kh | M11: kh | N11: k | O11: k
A12: 11 | B12: 時 | C12: 詞 | D12: s | H12: 11 | I12: ㄫ | J12: ⁰ㄫ | K12: ng | L12: ng | M12: ng | N12: ng | O12: ggn
A13: 12 | B13: 英 | C13: 以 | E13: Ø | H13: 12 | I13: ㆣ | J13: ㄫ | K13: g | L13: g | M13: g | N13: gg | O13: gg
A14: 13 | B14: 門 | C14: 美 | D14: b | H14: 13 | I14: ㄗ | J14: ㄗ | K14: ts | L14: z | M14: ch | N14: z | O14: z
A15: 14 | B15: 毛 | C15: 毛 | D15: m | E15: b/m 本不分，此處分門/毛 | H15: 14 | I15: ㄘ | J15: ㄘ | K15: tsh | L15: c | M15: chh | N15: c | O15: c
A16: 15 | B16: 語 | C16: 禦 | D16: ɡ | H16: 15 | I16: ㄙ | J16: ㄙ | K16: s | L16: s | M16: s | N16: s | O16: s
A17: 16 | B17: 雅 | C17: 雅 | D17: ŋ | E17: g/ng 本不分，此處分語/雅 | H17: 16 | I17: ㆡ | J17: ㄖ | K17: j | L17: j | M17: j | N17: zz | O17: zz
A18: 17 | B18: 出 | C18: 取 | D18: ʦʰ | H18: 17 | I18: ㄏ | J18: ㄏ | K18: h | L18: h | M18: h | N18: h | O18: h
A19: 18 | B19: 喜 | C19: 喜 | D19: h | H19: 18 | I19: Ø | J19: Ø | K19: Ø | L19: Ø | M19: Ø | N19: Ø | O19: Ø | P19: 零聲母
A20: 19 | B20: 入 | C20: 熱 | D20: ʥ | E20: ㆢ = ㆡㄧ | H20: 19 | I20: ㄐ | J20: ㄐ | K20: tsi | L20: zi | M20: chi | N20: j | O20: zi | P20: ㄐ = ㄗㄧ
A21: 20 | B21: 曾 | C21: 止 | D21: ʨ | E21: ㄐ = ㄗㄧ | H21: 20 | I21: ㄑ | J21: ㄑ | K21: tshi | L21: ci | M21: chhi | N21: ch | O21: ci | P21: ㄑ = ㄘㄧ
A22: 21 | B22: 出 | C22: 測 | D22: ʨʰ | E22: ㄑ = ㄘㄧ | H22: 21 | I22: ㄒ | J22: ㄒ | K22: si | L22: si | M22: si | N22: sh | O22: si | P22: ㄒ = ㄙㄧ
A23: 22 | B23: 時 | C23: 惜 | D23: ɕ | E23: ㄒ = ㄙㄧ | H23: 22 | I23: ㆢ | J23: ㄖ | K23: ji | L23: ji | M23: ji | N23: jj | O23: zzi | P23: ㆢ = ㆡㄧ

Sheet 【聲】聲母對照表
A1: 識別號 | B1: 序號 | C1: 國際音標 | D1: 台羅拼音 | E1: 台語音標 | F1: 注音二式 | G1: 閩拼方案 | H1: 白話字 | I1: 方音符號 | J1: 台語注音 | K1: 十五音 | L1: 漢字例 | M1: 備註 | N1: s1 | O1: s2 | P1: s3
A2: 1 | B2: 7 | C2: l | D2: l | E2: l | F2: l | G2: l | H2: l | I2: ㄌ | J2: ㄌ | K2: 柳 | L2: 理 | N2: 7 | O2: l | P2: l
A3: 2 | B3: 4 | C3: p | D3: p | E3: p | F3: b | G3: b | H3: p | I3: ㄅ | J3: ㄅ | K3: 邊 | L3: 比 | N3: 4 | O3: b | P3: b
A4: 3 | B4: 12 | C4: k | D4: k | E4: k | F4: g | G4: g | H4: k | I4: ㄍ | J4: ㄍ | K4: 求 | L4: 己 | N4: 12 | O4: g | P4: g
A5: 4 | B5: 13 | C5: kʰ | D5: kh | E5: kh | F5: k | G5: k | H5: kh | I5: ㄎ | J5: ㄎ | K5: 去 | L5: 起 | N5: 13 | O5: k | P5: k
A6: 5 | B6: 8 | C6: t | D6: t | E6: t | F6: d | G6: d | H6: t | I6: ㄉ | J6: ㄉ | K6: 地 | L6: 底 | N6: 8 | O6: d | P6: d
A7: 6 | B7: 5 | C7: pʰ | D7: ph | E7: ph | F7: p | G7: p | H7: ph | I7: ㄆ | J7: ㄆ | K7: 頗 | L7: 鄙 | N7: 5 | O7: p | P7: p
A8: 7 | B8: 9 | C8: tʰ | D8: th | E8: th | F8: t | G8: t | H8: th | I8: ㄊ | J8: ㄊ | K8: 他 | L8: 恥 | N8: 9 | O8: t | P8: t
A9: 8 | B9: 15 | C9: ʦ | D9: ts | E9: z | F9: z | G9: z | H9: ch | I9: ㄗ | J9: ㄗ | K9: 曾 | L9: 阻 | N9: 15 | O9: z | P9: z
A10: 9 | B10: 14 | C10: ʣ | D10: j | E10: j | F10: zz | G10: zz | H10: j | I10: ㆡ | J10: ㄖ | K10: 入 | L10: 熱 | N10: 14 | O10: zz | P10: zz
A11: 10 | B11: 17 | C11: s | D11: s | E11: s | F11: s | G11: s | H11: s | I11: ㄙ | J11: ㄙ | K11: 時 | L11: 詞 | N11: 17 | O11: s | P11: s
A12: 11 | B12: 1 | K12: 英 | L12: 以 | M12: Ø | N12: 1 | O12: Ø | P12: Ø
A13: 12 | B13: 3 | C13: b | D13: b | E13: b | F13: bb | G13: bb | H13: b | I13: ㆠ | J13: ㄪ | K13: 門 | L13: 美 | N13: 3 | O13: bb | P13: bb
A14: 13 | B14: 11 | C14: ɡ | D14: g | E14: g | F14: gg | G14: gg | H14: g | I14: ㆣ | J14: ㄫ | K14: 語 | L14: 禦 | N14: 11 | O14: gg | P14: gg
A15: 14 | B15: 16 | C15: ʦʰ | D15: tsh | E15: c | F15: c | G15: c | H15: chh | I15: ㄘ | J15: ㄘ | K15: 出 | L15: 取 | N15: 16 | O15: c | P15: c
A16: 15 | B16: 22 | C16: h | D16: h | E16: h | F16: h | G16: h | H16: h | I16: ㄏ | J16: ㄏ | K16: 喜 | L16: 喜 | N16: 22 | O16: h | P16: h
A17: 16 | B17: 2 | C17: m | D17: m | E17: m | F17: m | G17: bbn | H17: m | I17: ㄇ | J17: ㄇ | K17: 毛 | L17: 毛 | M17: b/m 本不分，此處分門/毛 | N17: 2 | O17: m | P17: bbn
A18: 17 | B18: 6 | C18: n | D18: n | E18: n | F18: n | G18: ln | H18: n | I18: ㄋ | J18: ㄋ | K18: 耐 | L18: 耐 | M18: l/n 本不分，此處分柳/耐 | N18: 6 | O18: n | P18: ln
A19: 18 | B19: 10 | C19: ŋ | D19: ng | E19: ng | F19: ng | G19: ggn | H19: ng | I19: ㄫ | J19: ⁰ㄫ | K19: 雅 | L19: 雅 | M19: g/ng 本不分，此處分語/雅 | N19: 10 | O19: ng | P19: ggn
A20: 19 | B20: 18 | C20: ʥ | D20: ji | E20: ji | F20: jj | G20: zzi | H20: ji | I20: ㆢ | J20: ㄖ | K20: 入 | L20: 熱 | M20: ㆢ = ㆡㄧ | N20: 18 | O20: jji | P20: zzi
A21: 20 | B21: 19 | C21: ʨ | D21: tsi | E21: zi | F21: j | G21: zi | H21: chi | I21: ㄐ | J21: ㄐ | K21: 曾 | L21: 止 | M21: ㄐ = ㄗㄧ | N21: 19 | O21: ji | P21: zi
A22: 21 | B22: 20 | C22: ʨʰ | D22: tshi | E22: ci | F22: ch | G22: ci | H22: chhi | I22: ㄑ | J22: ㄑ | K22: 出 | L22: 測 | M22: ㄑ = ㄘㄧ | N22: 20 | O22: chi | P22: ci
A23: 22 | B23: 21 | C23: ɕ | D23: si | E23: si | F23: sh | G23: si | H23: si | I23: ㄒ | J23: ㄒ | K23: 時 | L23: 惜 | M23: ㄒ = ㄙㄧ | N23: 21 | O23: shi | P23: si

Sheet 【韻】韻母對照表
A3: 序號 | B3: 國際音標 | C3: 台羅拼音 | D3: 台語音標 | E3: 台語注音二式 | F3: 閩拼方案 | G3: 白話字 | H3: 方音符號 | I3: 台語注音 | J3: 十五音 | K3: 漢字例 | L3: 十五音識別碼 | M3: 聲韻調類 | N3: 字長 | P3: 台羅拼音 | Q3: 台語音標 | S3: 台羅拼音 | T3: 標調字母 | U3: search() | V3: 台語音標 | AB3: U+0301 | AC3: U+0300 | AE3: U+030C | AF3: U+0301 | AG3: U+0304 | AH3: U+030D | AI3: U+030B | AJ3: U+030A
A4: =ROW() - 3 -> 1 | B4: a | C4: a | D4: a | E4: a | F4: a | G4: a | H4: ㄚ | I4: ㄚ | J4: =LEFT(韻母對照表3[[#This Row],[十五音識別碼]],1) -> 膠 | K4: 些 | L4: 膠舒 | N4: =LEN(D4) -> 1 | P4: =C4 -> a | Q4: =D4 -> a | S4: =_xlfn.CONCAT(P4, "(\d)") -> a(\d) | T4: a | U4: =IFERROR( IF(T4="", "", SEARCH(T4, $P4)), "") -> 1 | V4: =IFERROR( _xlfn.CONCAT(LEFT(P4,U4-1), "》", MID(P4,U4,1), "${1}", RIGHT(P4, LEN(P4)-U4)), "" ) -> 》a${1} | X4: =IF(AND(Q4<>"", P4<>""), " - xform/》" & S4 & "/" & V4 & "/", "") -> - xform/》a(\d)/》a${1}/ | Z4: a | AA4: =_xlfn.CONCAT($Z4, IF(AA$3="", "", _xlfn.UNICHAR( HEX2DEC( RIGHT(AA$3,4))))) -> a | AB4: =_xlfn.CONCAT($Z4, IF(AB$3="", "", _xlfn.UNICHAR( HEX2DEC( RIGHT(AB$3,4))))) -> á | AC4: =_xlfn.CONCAT($Z4, IF(AC$3="", "", _xlfn.UNICHAR( HEX2DEC( RIGHT(AC$3,4))))) -> à | AD4: =_xlfn.CONCAT($Z4, IF(AD$3="", "", _xlfn.UNICHAR( HEX2DEC( RIGHT(AD$3,4))))) -> a | AE4: =_xlfn.CONCAT($Z4, IF(AE$3="", "", _xlfn.UNICHAR( HEX2DEC( RIGHT(AE$3,4))))) -> ǎ | AF4: =_xlfn.CONCAT($Z4, IF(AF$3="", "", _xlfn.UNICHAR( HEX2DEC( RIGHT(AF$3,4))))) -> á | AG4: =_xlfn.CONCAT($Z4, IF(AG$3="", "", _xlfn.UNICHAR( HEX2DEC( RIGHT(AG$3,4))))) -> ā | AH4: =_xlfn.CONCAT($Z4, IF(AH$3="", "", _xlfn.UNICHAR( HEX2DEC( RIGHT(AH$3,4))))) -> a̍ | ... AJ4: =_xlfn.CONCAT($Z4, IF(AJ$3="", "", _xlfn.UNICHAR( HEX2DEC( RIGHT(AJ$3,4))))) -> å | AL4: =_xlfn.CONCAT(" - xform/》", $Z4, [1]【調】韻母標調!AJ$1, "/", AA4, "/") -> - xform/》a1/a/ | AM4: =_xlfn.CONCAT(" - xform/》", $Z4, [1]【調】韻母標調!AK$1, "/", AB4, "/") -> - xform/》a2/á/ | AN4: =_xlfn.CONCAT(" - xform/》", $Z4, [1]【調】韻母標調!AL$1, "/", AC4, "/") -> - xform/》a3/à/ | AO4: =_xlfn.CONCAT(" - xform/》", $Z4, [1]【調】韻母標調!AM$1, "/", AD4, "/") -> - xform/》a4/a/ | AP4: =_xlfn.CONCAT(" - xform/》", $Z4, [1]【調】韻母標調!AN$1, "/", AE4, "/") -> - xform/》a5/ǎ/ | AQ4: =_xlfn.CONCAT(" - xform/》", $Z4, [1]【調】韻母標調!AO$1, "/", AF4, "/") -> - xform/》a6/á/ | AR4: =_xlfn.CONCAT(" - xform/》", $Z4, [1]【調】韻母標調!AP$1, "/", AG4, "/") -> - xform/》a7/ā/ | AS4: =_xlfn.CONCAT(" - xform/》", $Z4, [1]【調】韻母標調!AQ$1, "/", AH4, "/") -> - xform/》a8/a̍/ | ... AU4: =_xlfn.CONCAT(" - xform/》", $Z4, [1]【調】韻母標調!AS$1, "/", AJ4, "/") -> - xform/》a9/å/
A5: =ROW() - 3 -> 2 | B5: aʔ | C5: ah | D5: ah | E5: ah | F5: ah | G5: ah | H5: ㄚㆷ | I5: ㄚㄏ | J5: =LEFT(韻母對照表3[[#This Row],[十五音識別碼]],1) -> 膠 | K5: 百 | L5: 膠促 | N5: =LEN(D5) -> 2 | P5: =C5 -> ah | Q5: =D5 -> ah | S5: =_xlfn.CONCAT(P5, "(\d)") -> ah(\d) | T5: a | U5: =IFERROR( IF(T5="", "", SEARCH(T5, $P5)), "") -> 1 | V5: =IFERROR( _xlfn.CONCAT(LEFT(P5,U5-1), "》", MID(P5,U5,1), "${1}", RIGHT(P5, LEN(P5)-U5)), "" ) -> 》a${1}h | X5: =IF(AND(Q5<>"", P5<>""), " - xform/》" & S5 & "/" & V5 & "/", "") -> - xform/》ah(\d)/》a${1}h/ | Z5: u | AA5: =_xlfn.CONCAT($Z5, IF(AA$3="", "", _xlfn.UNICHAR( HEX2DEC( RIGHT(AA$3,4))))) -> u | AB5: =_xlfn.CONCAT($Z5, IF(AB$3="", "", _xlfn.UNICHAR( HEX2DEC( RIGHT(AB$3,4))))) -> ú | AC5: =_xlfn.CONCAT($Z5, IF(AC$3="", "", _xlfn.UNICHAR( HEX2DEC( RIGHT(AC$3,4))))) -> ù | AD5: =_xlfn.CONCAT($Z5, IF(AD$3="", "", _xlfn.UNICHAR( HEX2DEC( RIGHT(AD$3,4))))) -> u | AE5: =_xlfn.CONCAT($Z5, IF(AE$3="", "", _xlfn.UNICHAR( HEX2DEC( RIGHT(AE$3,4))))) -> ǔ | AF5: =_xlfn.CONCAT($Z5, IF(AF$3="", "", _xlfn.UNICHAR( HEX2DEC( RIGHT(AF$3,4))))) -> ú | AG5: =_xlfn.CONCAT($Z5, IF(AG$3="", "", _xlfn.UNICHAR( HEX2DEC( RIGHT(AG$3,4))))) -> ū | AH5: =_xlfn.CONCAT($Z5, IF(AH$3="", "", _xlfn.UNICHAR( HEX2DEC( RIGHT(AH$3,4))))) -> u̍ | ... AJ5: =_xlfn.CONCAT($Z5, IF(AJ$3="", "", _xlfn.UNICHAR( HEX2DEC( RIGHT(AJ$3,4))))) -> ů | AL5: =_xlfn.CONCAT(" - xform/》", $Z5, [1]【調】韻母標調!AJ$1, "/", AA5, "/") -> - xform/》u1/u/ | AM5: =_xlfn.CONCAT(" - xform/》", $Z5, [1]【調】韻母標調!AK$1, "/", AB5, "/") -> - xform/》u2/ú/ | AN5: =_xlfn.CONCAT(" - xform/》", $Z5, [1]【調】韻母標調!AL$1, "/", AC5, "/") -> - xform/》u3/ù/ | AO5: =_xlfn.CONCAT(" - xform/》", $Z5, [1]【調】韻母標調!AM$1, "/", AD5, "/") -> - xform/》u4/u/ | AP5: =_xlfn.CONCAT(" - xform/》", $Z5, [1]【調】韻母標調!AN$1, "/", AE5, "/") -> - xform/》u5/ǔ/ | AQ5: =_xlfn.CONCAT(" - xform/》", $Z5, [1]【調】韻母標調!AO$1, "/", AF5, "/") -> - xform/》u6/ú/ | AR5: =_xlfn.CONCAT(" - xform/》", $Z5, [1]【調】韻母標調!AP$1, "/", AG5, "/") -> - xform/》u7/ū/ | AS5: =_xlfn.CONCAT(" - xform/》", $Z5, [1]【調】韻母標調!AQ$1, "/", AH5, "/") -> - xform/》u8/u̍/ | ... AU5: =_xlfn.CONCAT(" - xform/》", $Z5, [1]【調】韻母標調!AS$1, "/", AJ5, "/") -> - xform/》u9/ů/
A6: =ROW() - 3 -> 3 | B6: aɪ | C6: ai | D6: ai | E6: ai | F6: ai | G6: ai | H6: ㄞ | I6: ㄞ | J6: =LEFT(韻母對照表3[[#This Row],[十五音識別碼]],1) -> 皆 | K6: 埃 | L6: 皆舒 | N6: =LEN(D6) -> 2 | P6: =C6 -> ai | Q6: =D6 -> ai | S6: =_xlfn.CONCAT(P6, "(\d)") -> ai(\d) | T6: o | U6: =IFERROR( IF(T6="", "", SEARCH(T6, $P6)), "") | V6: =IFERROR( _xlfn.CONCAT(LEFT(P6,U6-1), "》", MID(P6,U6,1), "${1}", RIGHT(P6, LEN(P6)-U6)), "" ) | X6: =IF(AND(Q6<>"", P6<>""), " - xform/》" & S6 & "/" & V6 & "/", "") -> - xform/》ai(\d)//
A7: =ROW() - 3 -> 4 | B7: aɪʔ | C7: aih | D7: aih | E7: aih | F7: aih | G7: aih | H7: ㄞㆷ | I7: ㄞㄏ | J7: =LEFT(韻母對照表3[[#This Row],[十五音識別碼]],1) -> 皆 | K7: ◯ | L7: 皆促 | N7: =LEN(D7) -> 3 | P7: =C7 -> aih | Q7: =D7 -> aih | S7: =_xlfn.CONCAT(P7, "(\d)") -> aih(\d) | T7: a | U7: =IFERROR( IF(T7="", "", SEARCH(T7, $P7)), "") -> 1 | V7: =IFERROR( _xlfn.CONCAT(LEFT(P7,U7-1), "》", MID(P7,U7,1), "${1}", RIGHT(P7, LEN(P7)-U7)), "" ) -> 》a${1}ih | X7: =IF(AND(Q7<>"", P7<>""), " - xform/》" & S7 & "/" & V7 & "/", "") -> - xform/》aih(\d)/》a${1}ih/
A8: =ROW() - 3 -> 5 | B8: ãɪ | C8: ainn | D8: ainn | E8: ainn | F8: nai | G8: aiⁿ | H8: ㆮ | I8: ⁰ㄞ | J8: =LEFT(韻母對照表3[[#This Row],[十五音識別碼]],1) -> 閒 | K8: 挨 | L8: 閒舒 | M8: 韻-鼻 | N8: =LEN(D8) -> 4 | P8: =C8 -> ainn | Q8: =D8 -> ainn | S8: =_xlfn.CONCAT(P8, "(\d)") -> ainn(\d) | T8: a | U8: =IFERROR( IF(T8="", "", SEARCH(T8, $P8)), "") -> 1 | V8: =IFERROR( _xlfn.CONCAT(LEFT(P8,U8-1), "》", MID(P8,U8,1), "${1}", RIGHT(P8, LEN(P8)-U8)), "" ) -> 》a${1}inn | X8: =IF(AND(Q8<>"", P8<>""), " - xform/》" & S8 & "/" & V8 & "/", "") -> - xform/》ainn(\d)/》a${1}inn/
A9: =ROW() - 3 -> 6 | B9: =_xlfn.CONCAT("a","k",_xlfn.UNICHAR(794)) -> ak̚ | C9: ak | D9: ak | E9: ak | F9: ak | G9: ak | H9: ㄚㆻ | I9: ㄚㄍ | J9: =LEFT(韻母對照表3[[#This Row],[十五音識別碼]],1) -> 江 | K9: 角 | L9: 江促 | N9: =LEN(D9) -> 2 | P9: =C9 -> ak | Q9: =D9 -> ak | S9: =_xlfn.CONCAT(P9, "(\d)") -> ak(\d) | T9: e | U9: =IFERROR( IF(T9="", "", SEARCH(T9, $P9)), "") | V9: =IFERROR( _xlfn.CONCAT(LEFT(P9,U9-1), "》", MID(P9,U9,1), "${1}", RIGHT(P9, LEN(P9)-U9)), "" ) | X9: =IF(AND(Q9<>"", P9<>""), " - xform/》" & S9 & "/" & V9 & "/", "") -> - xform/》ak(\d)//
A10: =ROW() - 3 -> 7 | B10: am | C10: am | D10: am | E10: am | F10: am | G10: am | H10: ㆰ | I10: ㄚㄇ | J10: =LEFT(韻母對照表3[[#This Row],[十五音識別碼]],1) -> 甘 | K10: 堪 | L10: 甘舒 | N10: =LEN(D10) -> 2 | P10: =C10 -> am | Q10: =D10 -> am | S10: =_xlfn.CONCAT(P10, "(\d)") -> am(\d) | T10: a | U10: =IFERROR( IF(T10="", "", SEARCH(T10, $P10)), "") -> 1 | V10: =IFERROR( _xlfn.CONCAT(LEFT(P10,U10-1), "》", MID(P10,U10,1), "${1}", RIGHT(P10, LEN(P10)-U10)), "" ) -> 》a${1}m | X10: =IF(AND(Q10<>"", P10<>""), " - xform/》" & S10 & "/" & V10 & "/", "") -> - xform/》am(\d)/》a${1}m/ | Z10: o | AA10: =_xlfn.CONCAT($Z10, IF(AA$3="", "", _xlfn.UNICHAR( HEX2DEC( RIGHT(AA$3,4))))) -> o | AB10: =_xlfn.CONCAT($Z10, IF(AB$3="", "", _xlfn.UNICHAR( HEX2DEC( RIGHT(AB$3,4))))) -> ó | AC10: =_xlfn.CONCAT($Z10, IF(AC$3="", "", _xlfn.UNICHAR( HEX2DEC( RIGHT(AC$3,4))))) -> ò | AD10: =_xlfn.CONCAT($Z10, IF(AD$3="", "", _xlfn.UNICHAR( HEX2DEC( RIGHT(AD$3,4))))) -> o | AE10: =_xlfn.CONCAT($Z10, IF(AE$3="", "", _xlfn.UNICHAR( HEX2DEC( RIGHT(AE$3,4))))) -> ǒ | AF10: =_xlfn.CONCAT($Z10, IF(AF$3="", "", _xlfn.UNICHAR( HEX2DEC( RIGHT(AF$3,4))))) -> ó | AG10: =_xlfn.CONCAT($Z10, IF(AG$3="", "", _xlfn.UNICHAR( HEX2DEC( RIGHT(AG$3,4))))) -> ō | AH10: =_xlfn.CONCAT($Z10, IF(AH$3="", "", _xlfn.UNICHAR( HEX2DEC( RIGHT(AH$3,4))))) -> o̍ | ... AJ10: =_xlfn.CONCAT($Z10, IF(AJ$3="", "", _xlfn.UNICHAR( HEX2DEC( RIGHT(AJ$3,4))))) -> o̊ | AL10: =_xlfn.CONCAT(" - xform/》", $Z10, [1]【調】韻母標調!AJ$1, "/", AA10, "/") -> - xform/》o1/o/ | AM10: =_xlfn.CONCAT(" - xform/》", $Z10, [1]【調】韻母標調!AK$1, "/", AB10, "/") -> - xform/》o2/ó/ | AN10: =_xlfn.CONCAT(" - xform/》", $Z10, [1]【調】韻母標調!AL$1, "/", AC10, "/") -> - xform/》o3/ò/ | AO10: =_xlfn.CONCAT(" - xform/》", $Z10, [1]【調】韻母標調!AM$1, "/", AD10, "/") -> - xform/》o4/o/ | AP10: =_xlfn.CONCAT(" - xform/》", $Z10, [1]【調】韻母標調!AN$1, "/", AE10, "/") -> - xform/》o5/ǒ/ | AQ10: =_xlfn.CONCAT(" - xform/》", $Z10, [1]【調】韻母標調!AO$1, "/", AF10, "/") -> - xform/》o6/ó/ | AR10: =_xlfn.CONCAT(" - xform/》", $Z10, [1]【調】韻母標調!AP$1, "/", AG10, "/") -> - xform/》o7/ō/ | AS10: =_xlfn.CONCAT(" - xform/》", $Z10, [1]【調】韻母標調!AQ$1, "/", AH10, "/") -> - xform/》o8/o̍/ | ... AU10: =_xlfn.CONCAT(" - xform/》", $Z10, [1]【調】韻母標調!AS$1, "/", AJ10, "/") -> - xform/》o9/o̊/
A11: =ROW() - 3 -> 8 | B11: an | C11: an | D11: an | E11: an | F11: an | G11: an | H11: ㄢ | I11: ㄢ | J11: =LEFT(韻母對照表3[[#This Row],[十五音識別碼]],1) -> 干 | K11: 蘭 | L11: 干舒 | N11: =LEN(D11) -> 2 | P11: =C11 -> an | Q11: =D11 -> an | S11: =_xlfn.CONCAT(P11, "(\d)") -> an(\d) | T11: a | U11: =IFERROR( IF(T11="", "", SEARCH(T11, $P11)), "") -> 1 | V11: =IFERROR( _xlfn.CONCAT(LEFT(P11,U11-1), "》", MID(P11,U11,1), "${1}", RIGHT(P11, LEN(P11)-U11)), "" ) -> 》a${1}n | X11: =IF(AND(Q11<>"", P11<>""), " - xform/》" & S11 & "/" & V11 & "/", "") -> - xform/》an(\d)/》a${1}n/ | Z11: m | AA11: =_xlfn.CONCAT($Z11, IF(AA$3="", "", _xlfn.UNICHAR( HEX2DEC( RIGHT(AA$3,4))))) -> m | AB11: =_xlfn.CONCAT($Z11, IF(AB$3="", "", _xlfn.UNICHAR( HEX2DEC( RIGHT(AB$3,4))))) -> ḿ | AC11: =_xlfn.CONCAT($Z11, IF(AC$3="", "", _xlfn.UNICHAR( HEX2DEC( RIGHT(AC$3,4))))) -> m̀ | AD11: =_xlfn.CONCAT($Z11, IF(AD$3="", "", _xlfn.UNICHAR( HEX2DEC( RIGHT(AD$3,4))))) -> m | AE11: =_xlfn.CONCAT($Z11, IF(AE$3="", "", _xlfn.UNICHAR( HEX2DEC( RIGHT(AE$3,4))))) -> m̌ | AF11: =_xlfn.CONCAT($Z11, IF(AF$3="", "", _xlfn.UNICHAR( HEX2DEC( RIGHT(AF$3,4))))) -> ḿ | AG11: =_xlfn.CONCAT($Z11, IF(AG$3="", "", _xlfn.UNICHAR( HEX2DEC( RIGHT(AG$3,4))))) -> m̄ | AH11: =_xlfn.CONCAT($Z11, IF(AH$3="", "", _xlfn.UNICHAR( HEX2DEC( RIGHT(AH$3,4))))) -> m̍ | ... AJ11: =_xlfn.CONCAT($Z11, IF(AJ$3="", "", _xlfn.UNICHAR( HEX2DEC( RIGHT(AJ$3,4))))) -> m̊ | AL11: =_xlfn.CONCAT(" - xform/》", $Z11, [1]【調】韻母標調!AJ$1, "/", AA11, "/") -> - xform/》m1/m/ | AM11: =_xlfn.CONCAT(" - xform/》", $Z11, [1]【調】韻母標調!AK$1, "/", AB11, "/") -> - xform/》m2/ḿ/ | AN11: =_xlfn.CONCAT(" - xform/》", $Z11, [1]【調】韻母標調!AL$1, "/", AC11, "/") -> - xform/》m3/m̀/ | AO11: =_xlfn.CONCAT(" - xform/》", $Z11, [1]【調】韻母標調!AM$1, "/", AD11, "/") -> - xform/》m4/m/ | AP11: =_xlfn.CONCAT(" - xform/》", $Z11, [1]【調】韻母標調!AN$1, "/", AE11, "/") -> - xform/》m5/m̌/ | AQ11: =_xlfn.CONCAT(" - xform/》", $Z11, [1]【調】韻母標調!AO$1, "/", AF11, "/") -> - xform/》m6/ḿ/ | AR11: =_xlfn.CONCAT(" - xform/》", $Z11, [1]【調】韻母標調!AP$1, "/", AG11, "/") -> - xform/》m7/m̄/ | AS11: =_xlfn.CONCAT(" - xform/》", $Z11, [1]【調】韻母標調!AQ$1, "/", AH11, "/") -> - xform/》m8/m̍/ | ... AU11: =_xlfn.CONCAT(" - xform/》", $Z11, [1]【調】韻母標調!AS$1, "/", AJ11, "/") -> - xform/》m9/m̊/
A12: =ROW() - 3 -> 9 | B12: aŋ | C12: ang | D12: ang | E12: ang | F12: ang | G12: ang | H12: ㄤ | I12: ㄤ | J12: =LEFT(韻母對照表3[[#This Row],[十五音識別碼]],1) -> 江 | K12: 邦 | L12: 江舒 | N12: =LEN(D12) -> 3 | P12: =C12 -> ang | Q12: =D12 -> ang | S12: =_xlfn.CONCAT(P12, "(\d)") -> ang(\d) | T12: a | U12: =IFERROR( IF(T12="", "", SEARCH(T12, $P12)), "") -> 1 | V12: =IFERROR( _xlfn.CONCAT(LEFT(P12,U12-1), "》", MID(P12,U12,1), "${1}", RIGHT(P12, LEN(P12)-U12)), "" ) -> 》a${1}ng | X12: =IF(AND(Q12<>"", P12<>""), " - xform/》" & S12 & "/" & V12 & "/", "") -> - xform/》ang(\d)/》a${1}ng/ | Z12: n | AA12: =_xlfn.CONCAT($Z12, IF(AA$3="", "", _xlfn.UNICHAR( HEX2DEC( RIGHT(AA$3,4))))) -> n | AB12: =_xlfn.CONCAT($Z12, IF(AB$3="", "", _xlfn.UNICHAR( HEX2DEC( RIGHT(AB$3,4))))) -> ń | AC12: =_xlfn.CONCAT($Z12, IF(AC$3="", "", _xlfn.UNICHAR( HEX2DEC( RIGHT(AC$3,4))))) -> ǹ | AD12: =_xlfn.CONCAT($Z12, IF(AD$3="", "", _xlfn.UNICHAR( HEX2DEC( RIGHT(AD$3,4))))) -> n | AE12: =_xlfn.CONCAT($Z12, IF(AE$3="", "", _xlfn.UNICHAR( HEX2DEC( RIGHT(AE$3,4))))) -> ň | AF12: =_xlfn.CONCAT($Z12, IF(AF$3="", "", _xlfn.UNICHAR( HEX2DEC( RIGHT(AF$3,4))))) -> ń | AG12: =_xlfn.CONCAT($Z12, IF(AG$3="", "", _xlfn.UNICHAR( HEX2DEC( RIGHT(AG$3,4))))) -> n̄ | AH12: =_xlfn.CONCAT($Z12, IF(AH$3="", "", _xlfn.UNICHAR( HEX2DEC( RIGHT(AH$3,4))))) -> n̍ | ... AJ12: =_xlfn.CONCAT($Z12, IF(AJ$3="", "", _xlfn.UNICHAR( HEX2DEC( RIGHT(AJ$3,4))))) -> n̊ | AL12: =_xlfn.CONCAT(" - xform/》", $Z12, [1]【調】韻母標調!AJ$1, "/", AA12, "/") -> - xform/》n1/n/ | AM12: =_xlfn.CONCAT(" - xform/》", $Z12, [1]【調】韻母標調!AK$1, "/", AB12, "/") -> - xform/》n2/ń/ | AN12: =_xlfn.CONCAT(" - xform/》", $Z12, [1]【調】韻母標調!AL$1, "/", AC12, "/") -> - xform/》n3/ǹ/ | AO12: =_xlfn.CONCAT(" - xform/》", $Z12, [1]【調】韻母標調!AM$1, "/", AD12, "/") -> - xform/》n4/n/ | AP12: =_xlfn.CONCAT(" - xform/》", $Z12, [1]【調】韻母標調!AN$1, "/", AE12, "/") -> - xform/》n5/ň/ | AQ12: =_xlfn.CONCAT(" - xform/》", $Z12, [1]【調】韻母標調!AO$1, "/", AF12, "/") -> - xform/》n6/ń/ | AR12: =_xlfn.CONCAT(" - xform/》", $Z12, [1]【調】韻母標調!AP$1, "/", AG12, "/") -> - xform/》n7/n̄/ | AS12: =_xlfn.CONCAT(" - xform/》", $Z12, [1]【調】韻母標調!AQ$1, "/", AH12, "/") -> - xform/》n8/n̍/ | ... AU12: =_xlfn.CONCAT(" - xform/》", $Z12, [1]【調】韻母標調!AS$1, "/", AJ12, "/") -> - xform/》n9/n̊/
A13: =ROW() - 3 -> 10 | B13: ã | C13: ann | D13: ann | E13: ann | F13: na | G13: aⁿ | H13: ㆩ | I13: ⁰ㄚ | J13: =LEFT(韻母對照表3[[#This Row],[十五音識別碼]],1) -> 監 | K13: 聽 | L13: 監舒 | M13: 韻-鼻 | N13: =LEN(D13) -> 3 | P13: =C13 -> ann | Q13: =D13 -> ann | S13: =_xlfn.CONCAT(P13, "(\d)") -> ann(\d) | T13: a | U13: =IFERROR( IF(T13="", "", SEARCH(T13, $P13)), "") -> 1 | V13: =IFERROR( _xlfn.CONCAT(LEFT(P13,U13-1), "》", MID(P13,U13,1), "${1}", RIGHT(P13, LEN(P13)-U13)), "" ) -> 》a${1}nn | X13: =IF(AND(Q13<>"", P13<>""), " - xform/》" & S13 & "/" & V13 & "/", "") -> - xform/》ann(\d)/》a${1}nn/ | Z13: i | AA13: =_xlfn.CONCAT($Z13, IF(AA$3="", "", _xlfn.UNICHAR( HEX2DEC( RIGHT(AA$3,4))))) -> i | AB13: =_xlfn.CONCAT($Z13, IF(AB$3="", "", _xlfn.UNICHAR( HEX2DEC( RIGHT(AB$3,4))))) -> í | AC13: =_xlfn.CONCAT($Z13, IF(AC$3="", "", _xlfn.UNICHAR( HEX2DEC( RIGHT(AC$3,4))))) -> ì | AD13: =_xlfn.CONCAT($Z13, IF(AD$3="", "", _xlfn.UNICHAR( HEX2DEC( RIGHT(AD$3,4))))) -> i | AE13: =_xlfn.CONCAT($Z13, IF(AE$3="", "", _xlfn.UNICHAR( HEX2DEC( RIGHT(AE$3,4))))) -> ǐ | AF13: =_xlfn.CONCAT($Z13, IF(AF$3="", "", _xlfn.UNICHAR( HEX2DEC( RIGHT(AF$3,4))))) -> í | AG13: =_xlfn.CONCAT($Z13, IF(AG$3="", "", _xlfn.UNICHAR( HEX2DEC( RIGHT(AG$3,4))))) -> ī | AH13: =_xlfn.CONCAT($Z13, IF(AH$3="", "", _xlfn.UNICHAR( HEX2DEC( RIGHT(AH$3,4))))) -> i̍ | ... AJ13: =_xlfn.CONCAT($Z13, IF(AJ$3="", "", _xlfn.UNICHAR( HEX2DEC( RIGHT(AJ$3,4))))) -> i̊ | AL13: =_xlfn.CONCAT(" - xform/》", $Z13, [1]【調】韻母標調!AJ$1, "/", AA13, "/") -> - xform/》i1/i/ | AM13: =_xlfn.CONCAT(" - xform/》", $Z13, [1]【調】韻母標調!AK$1, "/", AB13, "/") -> - xform/》i2/í/ | AN13: =_xlfn.CONCAT(" - xform/》", $Z13, [1]【調】韻母標調!AL$1, "/", AC13, "/") -> - xform/》i3/ì/ | AO13: =_xlfn.CONCAT(" - xform/》", $Z13, [1]【調】韻母標調!AM$1, "/", AD13, "/") -> - xform/》i4/i/ | AP13: =_xlfn.CONCAT(" - xform/》", $Z13, [1]【調】韻母標調!AN$1, "/", AE13, "/") -> - xform/》i5/ǐ/ | AQ13: =_xlfn.CONCAT(" - xform/》", $Z13, [1]【調】韻母標調!AO$1, "/", AF13, "/") -> - xform/》i6/í/ | AR13: =_xlfn.CONCAT(" - xform/》", $Z13, [1]【調】韻母標調!AP$1, "/", AG13, "/") -> - xform/》i7/ī/ | AS13: =_xlfn.CONCAT(" - xform/》", $Z13, [1]【調】韻母標調!AQ$1, "/", AH13, "/") -> - xform/》i8/i̍/ | ... AU13: =_xlfn.CONCAT(" - xform/》", $Z13, [1]【調】韻母標調!AS$1, "/", AJ13, "/") -> - xform/》i9/i̊/
A14: =ROW() - 3 -> 11 | B14: ãʔ | C14: annh | D14: annh | E14: annh | F14: nah | G14: ahⁿ | H14: ㆩㆷ | I14: ⁰ㄚㄏ | J14: =LEFT(韻母對照表3[[#This Row],[十五音識別碼]],1) -> 監 | K14: 含 | L14: 監促 | M14: 韻-鼻 | N14: =LEN(D14) -> 4 | P14: =C14 -> annh | Q14: =D14 -> annh | S14: =_xlfn.CONCAT(P14, "(\d)") -> annh(\d) | T14: a | U14: =IFERROR( IF(T14="", "", SEARCH(T14, $P14)), "") -> 1 | V14: =IFERROR( _xlfn.CONCAT(LEFT(P14,U14-1), "》", MID(P14,U14,1), "${1}", RIGHT(P14, LEN(P14)-U14)), "" ) -> 》a${1}nnh | X14: =IF(AND(Q14<>"", P14<>""), " - xform/》" & S14 & "/" & V14 & "/", "") -> - xform/》annh(\d)/》a${1}nnh/ | Z14: e | AA14: =_xlfn.CONCAT($Z14, IF(AA$3="", "", _xlfn.UNICHAR( HEX2DEC( RIGHT(AA$3,4))))) -> e | AB14: =_xlfn.CONCAT($Z14, IF(AB$3="", "", _xlfn.UNICHAR( HEX2DEC( RIGHT(AB$3,4))))) -> é | AC14: =_xlfn.CONCAT($Z14, IF(AC$3="", "", _xlfn.UNICHAR( HEX2DEC( RIGHT(AC$3,4))))) -> è | AD14: =_xlfn.CONCAT($Z14, IF(AD$3="", "", _xlfn.UNICHAR( HEX2DEC( RIGHT(AD$3,4))))) -> e | AE14: =_xlfn.CONCAT($Z14, IF(AE$3="", "", _xlfn.UNICHAR( HEX2DEC( RIGHT(AE$3,4))))) -> ě | AF14: =_xlfn.CONCAT($Z14, IF(AF$3="", "", _xlfn.UNICHAR( HEX2DEC( RIGHT(AF$3,4))))) -> é | AG14: =_xlfn.CONCAT($Z14, IF(AG$3="", "", _xlfn.UNICHAR( HEX2DEC( RIGHT(AG$3,4))))) -> ē | AH14: =_xlfn.CONCAT($Z14, IF(AH$3="", "", _xlfn.UNICHAR( HEX2DEC( RIGHT(AH$3,4))))) -> e̍ | ... AJ14: =_xlfn.CONCAT($Z14, IF(AJ$3="", "", _xlfn.UNICHAR( HEX2DEC( RIGHT(AJ$3,4))))) -> e̊ | AL14: =_xlfn.CONCAT(" - xform/》", $Z14, [1]【調】韻母標調!AJ$1, "/", AA14, "/") -> - xform/》e1/e/ | AM14: =_xlfn.CONCAT(" - xform/》", $Z14, [1]【調】韻母標調!AK$1, "/", AB14, "/") -> - xform/》e2/é/ | AN14: =_xlfn.CONCAT(" - xform/》", $Z14, [1]【調】韻母標調!AL$1, "/", AC14, "/") -> - xform/》e3/è/ | AO14: =_xlfn.CONCAT(" - xform/》", $Z14, [1]【調】韻母標調!AM$1, "/", AD14, "/") -> - xform/》e4/e/ | AP14: =_xlfn.CONCAT(" - xform/》", $Z14, [1]【調】韻母標調!AN$1, "/", AE14, "/") -> - xform/》e5/ě/ | AQ14: =_xlfn.CONCAT(" - xform/》", $Z14, [1]【調】韻母標調!AO$1, "/", AF14, "/") -> - xform/》e6/é/ | AR14: =_xlfn.CONCAT(" - xform/》", $Z14, [1]【調】韻母標調!AP$1, "/", AG14, "/") -> - xform/》e7/ē/ | AS14: =_xlfn.CONCAT(" - xform/》", $Z14, [1]【調】韻母標調!AQ$1, "/", AH14, "/") -> - xform/》e8/e̍/ | ... AU14: =_xlfn.CONCAT(" - xform/》", $Z14, [1]【調】韻母標調!AS$1, "/", AJ14, "/") -> - xform/》e9/e̊/
A15: =ROW() - 3 -> 12 | B15: =_xlfn.CONCAT("a","p",_xlfn.UNICHAR(794)) -> ap̚ | C15: ap | D15: ap | E15: ap | F15: ap | G15: ap | H15: ㄚㆴ | I15: ㄚㄅ | J15: =LEFT(韻母對照表3[[#This Row],[十五音識別碼]],1) -> 甘 | K15: 答 | L15: 甘促 | N15: =LEN(D15) -> 2 | P15: =C15 -> ap | Q15: =D15 -> ap | S15: =_xlfn.CONCAT(P15, "(\d)") -> ap(\d) | T15: a | U15: =IFERROR( IF(T15="", "", SEARCH(T15, $P15)), "") -> 1 | V15: =IFERROR( _xlfn.CONCAT(LEFT(P15,U15-1), "》", MID(P15,U15,1), "${1}", RIGHT(P15, LEN(P15)-U15)), "" ) -> 》a${1}p | X15: =IF(AND(Q15<>"", P15<>""), " - xform/》" & S15 & "/" & V15 & "/", "") -> - xform/》ap(\d)/》a${1}p/
A16: =ROW() - 3 -> 13 | B16: =_xlfn.CONCAT("a","t",_xlfn.UNICHAR(794)) -> at̚ | C16: at | D16: at | E16: at | F16: at | G16: at | H16: ㄚㆵ | I16: ㄚㄉ | J16: =LEFT(韻母對照表3[[#This Row],[十五音識別碼]],1) -> 干 | K16: 識 | L16: 干促 | N16: =LEN(D16) -> 2 | P16: =C16 -> at | Q16: =D16 -> at | S16: =_xlfn.CONCAT(P16, "(\d)") -> at(\d) | T16: o | U16: =IFERROR( IF(T16="", "", SEARCH(T16, $P16)), "") | V16: =IFERROR( _xlfn.CONCAT(LEFT(P16,U16-1), "》", MID(P16,U16,1), "${1}", RIGHT(P16, LEN(P16)-U16)), "" ) | X16: =IF(AND(Q16<>"", P16<>""), " - xform/》" & S16 & "/" & V16 & "/", "") -> - xform/》at(\d)//
A17: =ROW() - 3 -> 14 | B17: aʊ | C17: au | D17: au | E17: au | F17: ao | G17: au | H17: ㄠ | I17: ㄠ | J17: =LEFT(韻母對照表3[[#This Row],[十五音識別碼]],1) -> 交 | K17: 鬧 | L17: 交舒 | N17: =LEN(D17) -> 2 | P17: =C17 -> au | Q17: =D17 -> au | S17: =_xlfn.CONCAT(P17, "(\d)") -> au(\d) | T17: a | U17: =IFERROR( IF(T17="", "", SEARCH(T17, $P17)), "") -> 1 | V17: =IFERROR( _xlfn.CONCAT(LEFT(P17,U17-1), "》", MID(P17,U17,1), "${1}", RIGHT(P17, LEN(P17)-U17)), "" ) -> 》a${1}u | X17: =IF(AND(Q17<>"", P17<>""), " - xform/》" & S17 & "/" & V17 & "/", "") -> - xform/》au(\d)/》a${1}u/
A18: =ROW() - 3 -> 15 | B18: auʔ | C18: auh | D18: auh | E18: auh | F18: aoh | G18: auh | H18: ㄠㆷ | I18: ㄠㄏ | J18: =LEFT(韻母對照表3[[#This Row],[十五音識別碼]],1) -> 交 | K18: 暴 | L18: 交促 | N18: =LEN(D18) -> 3 | P18: =C18 -> auh | Q18: =D18 -> auh | S18: =_xlfn.CONCAT(P18, "(\d)") -> auh(\d) | T18: a | U18: =IFERROR( IF(T18="", "", SEARCH(T18, $P18)), "") -> 1 | V18: =IFERROR( _xlfn.CONCAT(LEFT(P18,U18-1), "》", MID(P18,U18,1), "${1}", RIGHT(P18, LEN(P18)-U18)), "" ) -> 》a${1}uh | X18: =IF(AND(Q18<>"", P18<>""), " - xform/》" & S18 & "/" & V18 & "/", "") -> - xform/》auh(\d)/》a${1}uh/
A19: =ROW() - 3 -> 16 | B19: e | C19: e | D19: ei | E19: e | F19: e | G19: e | H19: ㆤ | I19: ㄝ | J19: =LEFT(韻母對照表3[[#This Row],[十五音識別碼]],1) -> 稽 | K19: 遞 | L19: 稽舒 | N19: =LEN(D19) -> 2 | P19: =C27 -> i | Q19: =D27 -> i | S19: =_xlfn.CONCAT(P19, "(\d)") -> i(\d) | T19: o | U19: =IFERROR( IF(T19="", "", SEARCH(T19, $P19)), "") | V19: =IFERROR( _xlfn.CONCAT(LEFT(P19,U19-1), "》", MID(P19,U19,1), "${1}", RIGHT(P19, LEN(P19)-U19)), "" ) | X19: =IF(AND(Q19<>"", P19<>""), " - xform/》" & S19 & "/" & V19 & "/", "") -> - xform/》i(\d)//
A20: =ROW() - 3 -> 17 | B20: ɛ | C20: ee | D20: ee | H20: ㄝ | I20: ㄝ | J20: =LEFT(韻母對照表3[[#This Row],[十五音識別碼]],1) -> 嘉 | K20: 家 | L20: 嘉舒 | N20: =LEN(D20) -> 2 | P20: =C19 -> e | Q20: =D19 -> ei | S20: =_xlfn.CONCAT(P20, "(\d)") -> e(\d) | T20: i | U20: =IFERROR( IF(T20="", "", SEARCH(T20, $P20)), "") | V20: =IFERROR( _xlfn.CONCAT(LEFT(P20,U20-1), "》", MID(P20,U20,1), "${1}", RIGHT(P20, LEN(P20)-U20)), "" ) | X20: =IF(AND(Q20<>"", P20<>""), " - xform/》" & S20 & "/" & V20 & "/", "") -> - xform/》e(\d)//
A21: =ROW() - 3 -> 18 | B21: =_xlfn.CONCAT(B20, "ʔ") -> ɛʔ | C21: eeh | D21: eeh | H21: ㄝㆷ | I21: ㄝㄏ | J21: =LEFT(韻母對照表3[[#This Row],[十五音識別碼]],1) -> 嘉 | K21: 八 | L21: 嘉促 | N21: =LEN(D21) -> 3 | P21: =C25 -> enn | Q21: =D25 -> enn | S21: =_xlfn.CONCAT(P21, "(\d)") -> enn(\d) | T21: i | U21: =IFERROR( IF(T21="", "", SEARCH(T21, $P21)), "") | V21: =IFERROR( _xlfn.CONCAT(LEFT(P21,U21-1), "》", MID(P21,U21,1), "${1}", RIGHT(P21, LEN(P21)-U21)), "" ) | X21: =IF(AND(Q21<>"", P21<>""), " - xform/》" & S21 & "/" & V21 & "/", "") -> - xform/》enn(\d)//
A22: =ROW() - 3 -> 19 | B22: eʔ | C22: eh | D22: eh | E22: eh | F22: eh | G22: eh | H22: ㆤㆷ | I22: ㄝㄏ | J22: =LEFT(韻母對照表3[[#This Row],[十五音識別碼]],1) -> 伽 | K22: 伯 | L22: 伽促 | N22: =LEN(D22) -> 2 | P22: =C41 -> ih | Q22: =D41 -> ih | S22: =_xlfn.CONCAT(P22, "(\d)") -> ih(\d) | T22: a | U22: =IFERROR( IF(T22="", "", SEARCH(T22, $P22)), "") | V22: =IFERROR( _xlfn.CONCAT(LEFT(P22,U22-1), "》", MID(P22,U22,1), "${1}", RIGHT(P22, LEN(P22)-U22)), "" ) | X22: =IF(AND(Q22<>"", P22<>""), " - xform/》" & S22 & "/" & V22 & "/", "") -> - xform/》ih(\d)//
A23: =ROW() - 3 -> 20 | B23: =_xlfn.CONCAT("ɪ",, "k") -> ɪk | C23: ek | D23: ek | H23: ㄝㆻ | I23: ㄝㄍ | J23: =LEFT(韻母對照表3[[#This Row],[十五音識別碼]],1) -> 經 | K23: ◯ | L23: 經促 | N23: =LEN(D23) -> 2 | P23: =C26 -> ennh | Q23: =D26 -> ennh | S23: =_xlfn.CONCAT(P23, "(\d)") -> ennh(\d) | T23: i | U23: =IFERROR( IF(T23="", "", SEARCH(T23, $P23)), "") | V23: =IFERROR( _xlfn.CONCAT(LEFT(P23,U23-1), "》", MID(P23,U23,1), "${1}", RIGHT(P23, LEN(P23)-U23)), "" ) | X23: =IF(AND(Q23<>"", P23<>""), " - xform/》" & S23 & "/" & V23 & "/", "") -> - xform/》ennh(\d)//
A24: =ROW() - 3 -> 21 | B24: =_xlfn.CONCAT("ɪ", "ŋ") -> ɪŋ | C24: eng | D24: eng | H24: ㄝㆭ | I24: ㄝㄥ | J24: =LEFT(韻母對照表3[[#This Row],[十五音識別碼]],1) -> 經 | K24: ◯ | L24: 經舒 | N24: =LEN(D24) -> 3 | P24: =C22 -> eh | Q24: =D22 -> eh | S24: =_xlfn.CONCAT(P24, "(\d)") -> eh(\d) | T24: a | U24: =IFERROR( IF(T24="", "", SEARCH(T24, $P24)), "") | V24: =IFERROR( _xlfn.CONCAT(LEFT(P24,U24-1), "》", MID(P24,U24,1), "${1}", RIGHT(P24, LEN(P24)-U24)), "" ) | X24: =IF(AND(Q24<>"", P24<>""), " - xform/》" & S24 & "/" & V24 & "/", "") -> - xform/》eh(\d)//
A25: =ROW() - 3 -> 22 | B25: ẽ | C25: enn | D25: enn | E25: enn | F25: ne | G25: eⁿ | H25: ㆥ | I25: ⁰ㄝ | J25: =LEFT(韻母對照表3[[#This Row],[十五音識別碼]],1) -> 更 | K25: 爭 | L25: 更舒 | M25: 韻-鼻 | N25: =LEN(D25) -> 3 | P25: =C46 -> inn | Q25: =D46 -> inn | S25: =_xlfn.CONCAT(P25, "(\d)") -> inn(\d) | T25: o | U25: =IFERROR( IF(T25="", "", SEARCH(T25, $P25)), "") | V25: =IFERROR( _xlfn.CONCAT(LEFT(P25,U25-1), "》", MID(P25,U25,1), "${1}", RIGHT(P25, LEN(P25)-U25)), "" ) | X25: =IF(AND(Q25<>"", P25<>""), " - xform/》" & S25 & "/" & V25 & "/", "") -> - xform/》inn(\d)//
A26: =ROW() - 3 -> 23 | B26: ẽʔ | C26: ennh | D26: ennh | E26: ennh | F26: ennh | G26: ehⁿ | H26: ㆥㆷ | I26: ⁰ㄝㄏ | J26: =LEFT(韻母對照表3[[#This Row],[十五音識別碼]],1) -> 更 | K26: 挾 | L26: 更促 | M26: 韻-鼻 | N26: =LEN(D26) -> 4 | P26: =C43 -> im | Q26: =D43 -> im | S26: =_xlfn.CONCAT(P26, "(\d)") -> im(\d) | T26: e | U26: =IFERROR( IF(T26="", "", SEARCH(T26, $P26)), "") | V26: =IFERROR( _xlfn.CONCAT(LEFT(P26,U26-1), "》", MID(P26,U26,1), "${1}", RIGHT(P26, LEN(P26)-U26)), "" ) | X26: =IF(AND(Q26<>"", P26<>""), " - xform/》" & S26 & "/" & V26 & "/", "") -> - xform/》im(\d)//
A27: =ROW() - 3 -> 24 | B27: i | C27: i | D27: i | E27: i | F27: i | G27: i | H27: ㄧ | I27: ㄧ | J27: =LEFT(韻母對照表3[[#This Row],[十五音識別碼]],1) -> 居 | K27: 爾 | L27: 居舒 | N27: =LEN(D27) -> 1 | P27: =C44 -> in | Q27: =D44 -> in | S27: =_xlfn.CONCAT(P27, "(\d)") -> in(\d) | T27: a | U27: =IFERROR( IF(T27="", "", SEARCH(T27, $P27)), "") | V27: =IFERROR( _xlfn.CONCAT(LEFT(P27,U27-1), "》", MID(P27,U27,1), "${1}", RIGHT(P27, LEN(P27)-U27)), "" ) | X27: =IF(AND(Q27<>"", P27<>""), " - xform/》" & S27 & "/" & V27 & "/", "") -> - xform/》in(\d)//
A28: =ROW() - 3 -> 25 | B28: ɪa | C28: ia | D28: ia | E28: ia | F28: ia | G28: ia | H28: ㄧㄚ | I28: ㄧㄚ | J28: =LEFT(韻母對照表3[[#This Row],[十五音識別碼]],1) -> 迦 | K28: 名 | L28: 迦舒 | N28: =LEN(D28) -> 2 | P28: =C31 -> iam | Q28: =D31 -> iam | S28: =_xlfn.CONCAT(P28, "(\d)") -> iam(\d) | T28: i | U28: =IFERROR( IF(T28="", "", SEARCH(T28, $P28)), "") -> 1 | V28: =IFERROR( _xlfn.CONCAT(LEFT(P28,U28-1), "》", MID(P28,U28,1), "${1}", RIGHT(P28, LEN(P28)-U28)), "" ) -> 》i${1}am | X28: =IF(AND(Q28<>"", P28<>""), " - xform/》" & S28 & "/" & V28 & "/", "") -> - xform/》iam(\d)/》i${1}am/
A29: =ROW() - 3 -> 26 | B29: =_xlfn.CONCAT(B28, "ʔ") -> ɪaʔ | C29: iah | D29: iah | E29: iah | F29: iah | G29: iah | H29: ㄧㄚㆷ | I29: ㄧㄚㄏ | J29: =LEFT(韻母對照表3[[#This Row],[十五音識別碼]],1) -> 迦 | K29: 壁 | L29: 迦促 | N29: =LEN(D29) -> 3 | P29: =C33 -> iang | Q29: =D33 -> iang | S29: =_xlfn.CONCAT(P29, "(\d)") -> iang(\d) | T29: i | U29: =IFERROR( IF(T29="", "", SEARCH(T29, $P29)), "") -> 1 | V29: =IFERROR( _xlfn.CONCAT(LEFT(P29,U29-1), "》", MID(P29,U29,1), "${1}", RIGHT(P29, LEN(P29)-U29)), "" ) -> 》i${1}ang | X29: =IF(AND(Q29<>"", P29<>""), " - xform/》" & S29 & "/" & V29 & "/", "") -> - xform/》iang(\d)/》i${1}ang/
A30: =ROW() - 3 -> 27 | B30: ɪak̚ | C30: iak | D30: iak | E30: iak | F30: iak | G30: iak | H30: ㄧㄚㆻ | I30: ㄧㄚㄍ | J30: =LEFT(韻母對照表3[[#This Row],[十五音識別碼]],1) -> 姜 | K30: 爆 | L30: 姜促 | N30: =LEN(D30) -> 3 | P30: =C47 -> io | Q30: =D47 -> io | S30: =_xlfn.CONCAT(P30, "(\d)") -> io(\d) | T30: a | U30: =IFERROR( IF(T30="", "", SEARCH(T30, $P30)), "") | V30: =IFERROR( _xlfn.CONCAT(LEFT(P30,U30-1), "》", MID(P30,U30,1), "${1}", RIGHT(P30, LEN(P30)-U30)), "" ) | X30: =IF(AND(Q30<>"", P30<>""), " - xform/》" & S30 & "/" & V30 & "/", "") -> - xform/》io(\d)//
A31: =ROW() - 3 -> 28 | B31: ɪam | C31: iam | D31: iam | E31: iam | F31: iam | G31: iam | H31: ㄧㆰ | I31: ㄧㄚㄇ | J31: =LEFT(韻母對照表3[[#This Row],[十五音識別碼]],1) -> 兼 | K31: 尖 | L31: 兼舒 | N31: =LEN(D31) -> 3 | P31: =C37 -> iat | Q31: =D37 -> iat | S31: =_xlfn.CONCAT(P31, "(\d)") -> iat(\d) | T31: e | U31: =IFERROR( IF(T31="", "", SEARCH(T31, $P31)), "") | V31: =IFERROR( _xlfn.CONCAT(LEFT(P31,U31-1), "》", MID(P31,U31,1), "${1}", RIGHT(P31, LEN(P31)-U31)), "" ) | X31: =IF(AND(Q31<>"", P31<>""), " - xform/》" & S31 & "/" & V31 & "/", "") -> - xform/》iat(\d)//
A32: =ROW() - 3 -> 29 | B32: ɪan | C32: ian | D32: ian | E32: ian | F32: ian | G32: ian | H32: ㄧㄢ | I32: ㄧㄢ | J32: =LEFT(韻母對照表3[[#This Row],[十五音識別碼]],1) -> 堅 | K32: 掀 | L32: 堅舒 | N32: =LEN(D32) -> 3 | P32: =C30 -> iak | Q32: =D30 -> iak | S32: =_xlfn.CONCAT(P32, "(\d)") -> iak(\d) | T32: n | U32: =IFERROR( IF(T32="", "", SEARCH(T32, $P32)), "") | V32: =IFERROR( _xlfn.CONCAT(LEFT(P32,U32-1), "》", MID(P32,U32,1), "${1}", RIGHT(P32, LEN(P32)-U32)), "" ) | X32: =IF(AND(Q32<>"", P32<>""), " - xform/》" & S32 & "/" & V32 & "/", "") -> - xform/》iak(\d)//
A33: =ROW() - 3 -> 30 | B33: ɪaŋ | C33: iang | D33: iang | E33: iang | F33: iang | G33: iang | H33: ㄧㄤ | I33: ㄧㄤ | J33: =LEFT(韻母對照表3[[#This Row],[十五音識別碼]],1) -> 姜 | K33: 將 | L33: 姜舒 | N33: =LEN(D33) -> 4 | P33: =C38 -> iau | Q33: =D38 -> iau | S33: =_xlfn.CONCAT(P33, "(\d)") -> iau(\d) | T33: o | U33: =IFERROR( IF(T33="", "", SEARCH(T33, $P33)), "") | V33: =IFERROR( _xlfn.CONCAT(LEFT(P33,U33-1), "》", MID(P33,U33,1), "${1}", RIGHT(P33, LEN(P33)-U33)), "" ) | X33: =IF(AND(Q33<>"", P33<>""), " - xform/》" & S33 & "/" & V33 & "/", "") -> - xform/》iau(\d)//
A34: =ROW() - 3 -> 31 | B34: =_xlfn.CONCAT("ɪ", "a", _xlfn.UNICHAR(771), "") -> ɪã | C34: iann | D34: iann | E34: iann | F34: nia | G34: iaⁿ | H34: ㄧㆩ | I34: ⁰ㄧㄚ | J34: =LEFT(韻母對照表3[[#This Row],[十五音識別碼]],1) -> 驚 | K34: ◯ | L34: 驚舒 | M34: 韻-鼻 | N34: =LEN(D34) -> 4 | P34: =C32 -> ian | Q34: =D32 -> ian | S34: =_xlfn.CONCAT(P34, "(\d)") -> ian(\d) | T34: i | U34: =IFERROR( IF(T34="", "", SEARCH(T34, $P34)), "") -> 1 | V34: =IFERROR( _xlfn.CONCAT(LEFT(P34,U34-1), "》", MID(P34,U34,1), "${1}", RIGHT(P34, LEN(P34)-U34)), "" ) -> 》i${1}an | X34: =IF(AND(Q34<>"", P34<>""), " - xform/》" & S34 & "/" & V34 & "/", "") -> - xform/》ian(\d)/》i${1}an/
A35: =ROW() - 3 -> 32 | B35: =_xlfn.CONCAT(B34, "ʔ") -> ɪãʔ | C35: iannh | D35: iannh | E35: iannh | F35: iannh | G35: iahⁿ | H35: ㄧㆩㆷ | I35: ⁰ㄧㄚㄏ | J35: =LEFT(韻母對照表3[[#This Row],[十五音識別碼]],1) -> 迦 | K35: 且 | L35: 迦促 | M35: 韻-鼻 | N35: =LEN(D35) -> 5 | P35: =C36 -> iap | Q35: =D36 -> iap | S35: =_xlfn.CONCAT(P35, "(\d)") -> iap(\d) | T35: i | U35: =IFERROR( IF(T35="", "", SEARCH(T35, $P35)), "") -> 1 | V35: =IFERROR( _xlfn.CONCAT(LEFT(P35,U35-1), "》", MID(P35,U35,1), "${1}", RIGHT(P35, LEN(P35)-U35)), "" ) -> 》i${1}ap | X35: =IF(AND(Q35<>"", P35<>""), " - xform/》" & S35 & "/" & V35 & "/", "") -> - xform/》iap(\d)/》i${1}ap/
A36: =ROW() - 3 -> 33 | B36: ɪap̚ | C36: iap | D36: iap | E36: iap | F36: iap | G36: iap | H36: ㄧㄚㆴ | I36: ㄧㄚㄅ | J36: =LEFT(韻母對照表3[[#This Row],[十五音識別碼]],1) -> 兼 | K36: 接 | L36: 兼促 | N36: =LEN(D36) -> 3 | P36: =C40 -> iaunn | Q36: =D40 -> iaunn | S36: =_xlfn.CONCAT(P36, "(\d)") -> iaunn(\d) | T36: o | U36: =IFERROR( IF(T36="", "", SEARCH(T36, $P36)), "") | V36: =IFERROR( _xlfn.CONCAT(LEFT(P36,U36-1), "》", MID(P36,U36,1), "${1}", RIGHT(P36, LEN(P36)-U36)), "" ) | X36: =IF(AND(Q36<>"", P36<>""), " - xform/》" & S36 & "/" & V36 & "/", "") -> - xform/》iaunn(\d)//
A37: =ROW() - 3 -> 34 | B37: ɪat̚ | C37: iat | D37: iat | E37: iat | F37: iat | G37: iat | H37: ㄧㄚㆵ | I37: ㄧㄚㄉ | J37: =LEFT(韻母對照表3[[#This Row],[十五音識別碼]],1) -> 堅 | K37: 別 | L37: 堅促 | N37: =LEN(D37) -> 3 | P37: =C39 -> iauh | Q37: =D39 -> iauh | S37: =_xlfn.CONCAT(P37, "(\d)") -> iauh(\d) | T37: o | U37: =IFERROR( IF(T37="", "", SEARCH(T37, $P37)), "") | V37: =IFERROR( _xlfn.CONCAT(LEFT(P37,U37-1), "》", MID(P37,U37,1), "${1}", RIGHT(P37, LEN(P37)-U37)), "" ) | X37: =IF(AND(Q37<>"", P37<>""), " - xform/》" & S37 & "/" & V37 & "/", "") -> - xform/》iauh(\d)//
A38: =ROW() - 3 -> 35 | B38: ɪaʊ | C38: iau | D38: iau | E38: iau | F38: iao | G38: iau | H38: ㄧㄠ | I38: ㄧㄠ | J38: =LEFT(韻母對照表3[[#This Row],[十五音識別碼]],1) -> 嬌 | K38: 遙 | L38: 嬌舒 | N38: =LEN(D38) -> 3 | P38: =C53 -> ionn | Q38: =D53 -> ionn | S38: =_xlfn.CONCAT(P38, "(\d)") -> ionn(\d) | T38: a | U38: =IFERROR( IF(T38="", "", SEARCH(T38, $P38)), "") | V38: =IFERROR( _xlfn.CONCAT(LEFT(P38,U38-1), "》", MID(P38,U38,1), "${1}", RIGHT(P38, LEN(P38)-U38)), "" ) | X38: =IF(AND(Q38<>"", P38<>""), " - xform/》" & S38 & "/" & V38 & "/", "") -> - xform/》ionn(\d)//
A39: =ROW() - 3 -> 36 | B39: =_xlfn.CONCAT(B38, "ʔ") -> ɪaʊʔ | C39: iauh | D39: iauh | E39: iauh | F39: iaoh | G39: iauh | H39: ㄧㄠㆷ | I39: ㄧㄠㄏ | J39: =LEFT(韻母對照表3[[#This Row],[十五音識別碼]],1) -> 嬌 | K39: 噭 | L39: 嬌促 | N39: =LEN(D39) -> 4 | P39: =C50 -> iong | Q39: =D50 -> iong | S39: =_xlfn.CONCAT(P39, "(\d)") -> iong(\d) | T39: a | U39: =IFERROR( IF(T39="", "", SEARCH(T39, $P39)), "") | V39: =IFERROR( _xlfn.CONCAT(LEFT(P39,U39-1), "》", MID(P39,U39,1), "${1}", RIGHT(P39, LEN(P39)-U39)), "" ) | X39: =IF(AND(Q39<>"", P39<>""), " - xform/》" & S39 & "/" & V39 & "/", "") -> - xform/》iong(\d)//
A40: =ROW() - 3 -> 37 | B40: =_xlfn.CONCAT("ɪ", "a", _xlfn.UNICHAR(771), "ʊ") -> ɪãʊ | C40: iaunn | D40: iaunn | E40: iaunn | F40: niao | G40: iauⁿ | H40: ㄧㆯ | I40: ⁰ㄧㄠ | J40: =LEFT(韻母對照表3[[#This Row],[十五音識別碼]],1) -> 嘄 | K40: 鳥 | L40: 嘄舒 | M40: 韻-鼻 | N40: =LEN(D40) -> 5 | P40: =C48 -> ioh | Q40: =D48 -> ioh | S40: =_xlfn.CONCAT(P40, "(\d)") -> ioh(\d) | T40: a | U40: =IFERROR( IF(T40="", "", SEARCH(T40, $P40)), "") | V40: =IFERROR( _xlfn.CONCAT(LEFT(P40,U40-1), "》", MID(P40,U40,1), "${1}", RIGHT(P40, LEN(P40)-U40)), "" ) | X40: =IF(AND(Q40<>"", P40<>""), " - xform/》" & S40 & "/" & V40 & "/", "") -> - xform/》ioh(\d)//
A41: =ROW() - 3 -> 38 | B41: iʔ | C41: ih | D41: ih | E41: ih | F41: ih | G41: ih | H41: ㄧㆷ | I41: ㄧㄏ | J41: =LEFT(韻母對照表3[[#This Row],[十五音識別碼]],1) -> 居 | K41: 逼 | L41: 居促 | N41: =LEN(D41) -> 2 | P41: =C51 -> ip | Q41: =D51 -> ip | S41: =_xlfn.CONCAT(P41, "(\d)") -> ip(\d) | T41: a | U41: =IFERROR( IF(T41="", "", SEARCH(T41, $P41)), "") | V41: =IFERROR( _xlfn.CONCAT(LEFT(P41,U41-1), "》", MID(P41,U41,1), "${1}", RIGHT(P41, LEN(P41)-U41)), "" ) | X41: =IF(AND(Q41<>"", P41<>""), " - xform/》" & S41 & "/" & V41 & "/", "") -> - xform/》ip(\d)//
A42: =ROW() - 3 -> 39 | B42: ik̚ | C42: ik | D42: ik | E42: iek | F42: ik | G42: ek | H42: ㄧㆻ | I42: ㄧㄍ | J42: =LEFT(韻母對照表3[[#This Row],[十五音識別碼]],1) -> 經 | K42: 益 | L42: 經促 | N42: =LEN(D42) -> 2 | P42: =C35 -> iannh | Q42: =D35 -> iannh | S42: =_xlfn.CONCAT(P42, "(\d)") -> iannh(\d) | T42: a | U42: =IFERROR( IF(T42="", "", SEARCH(T42, $P42)), "") -> 2 | V42: =IFERROR( _xlfn.CONCAT(LEFT(P42,U42-1), "》", MID(P42,U42,1), "${1}", RIGHT(P42, LEN(P42)-U42)), "" ) -> i》a${1}nnh | X42: =IF(AND(Q42<>"", P42<>""), " - xform/》" & S42 & "/" & V42 & "/", "") -> - xform/》iannh(\d)/i》a${1}nnh/
A43: =ROW() - 3 -> 40 | B43: im | C43: im | D43: im | E43: im | F43: im | G43: im | H43: ㄧㆬ | I43: ㄧㄇ | J43: =LEFT(韻母對照表3[[#This Row],[十五音識別碼]],1) -> 金 | K43: 深 | L43: 金舒 | N43: =LEN(D43) -> 2 | P43: =C52 -> it | Q43: =D52 -> it | S43: =_xlfn.CONCAT(P43, "(\d)") -> it(\d) | T43: a | U43: =IFERROR( IF(T43="", "", SEARCH(T43, $P43)), "") | V43: =IFERROR( _xlfn.CONCAT(LEFT(P43,U43-1), "》", MID(P43,U43,1), "${1}", RIGHT(P43, LEN(P43)-U43)), "" ) | X43: =IF(AND(Q43<>"", P43<>""), " - xform/》" & S43 & "/" & V43 & "/", "") -> - xform/》it(\d)//
A44: =ROW() - 3 -> 41 | B44: in | C44: in | D44: in | E44: in | F44: in | G44: in | H44: ㄧㄣ | I44: ㄧㄣ | J44: =LEFT(韻母對照表3[[#This Row],[十五音識別碼]],1) -> 巾 | K44: 恩 | L44: 巾舒 | N44: =LEN(D44) -> 2 | P44: =C42 -> ik | Q44: =D42 -> ik | S44: =_xlfn.CONCAT(P44, "(\d)") -> ik(\d) | T44: a | U44: =IFERROR( IF(T44="", "", SEARCH(T44, $P44)), "") | V44: =IFERROR( _xlfn.CONCAT(LEFT(P44,U44-1), "》", MID(P44,U44,1), "${1}", RIGHT(P44, LEN(P44)-U44)), "" ) | X44: =IF(AND(Q44<>"", P44<>""), " - xform/》" & S44 & "/" & V44 & "/", "") -> - xform/》ik(\d)//
A45: =ROW() - 3 -> 42 | B45: iŋ | C45: ing | D45: ing | E45: ing | F45: ing | G45: eng | H45: ㄧㄥ | I45: ㄧㄥ | J45: =LEFT(韻母對照表3[[#This Row],[十五音識別碼]],1) -> 經 | K45: 情 | L45: 經舒 | N45: =LEN(D45) -> 3 | P45: =C28 -> ia | Q45: =D28 -> ia | S45: =_xlfn.CONCAT(P45, "(\d)") -> ia(\d) | T45: a | U45: =IFERROR( IF(T45="", "", SEARCH(T45, $P45)), "") -> 2 | V45: =IFERROR( _xlfn.CONCAT(LEFT(P45,U45-1), "》", MID(P45,U45,1), "${1}", RIGHT(P45, LEN(P45)-U45)), "" ) -> i》a${1} | X45: =IF(AND(Q45<>"", P45<>""), " - xform/》" & S45 & "/" & V45 & "/", "") -> - xform/》ia(\d)/i》a${1}/
A46: =ROW() - 3 -> 43 | B46: ĩ | C46: inn | D46: inn | E46: inn | F46: ni | G46: iⁿ | H46: ㆪ | I46: ⁰ㄧ | J46: =LEFT(韻母對照表3[[#This Row],[十五音識別碼]],1) -> 梔 | K46: 庚 | L46: 梔舒 | M46: 韻-鼻 | N46: =LEN(D46) -> 3 | P46: =C45 -> ing | Q46: =D45 -> ing | S46: =_xlfn.CONCAT(P46, "(\d)") -> ing(\d) | T46: a | U46: =IFERROR( IF(T46="", "", SEARCH(T46, $P46)), "") | V46: =IFERROR( _xlfn.CONCAT(LEFT(P46,U46-1), "》", MID(P46,U46,1), "${1}", RIGHT(P46, LEN(P46)-U46)), "" ) | X46: =IF(AND(Q46<>"", P46<>""), " - xform/》" & S46 & "/" & V46 & "/", "") -> - xform/》ing(\d)//
A47: =ROW() - 3 -> 44 | B47: ɪə | C47: io | D47: io | E47: ior | F47: io | G47: io | H47: ㄧㄜ | I47: ㄧㄜ | J47: =LEFT(韻母對照表3[[#This Row],[十五音識別碼]],1) -> 茄 | K47: 少 | L47: 茄舒 | N47: =LEN(D47) -> 2 | P47: =C49 -> iok | Q47: =D49 -> iok | S47: =_xlfn.CONCAT(P47, "(\d)") -> iok(\d) | T47: e | U47: =IFERROR( IF(T47="", "", SEARCH(T47, $P47)), "") | V47: =IFERROR( _xlfn.CONCAT(LEFT(P47,U47-1), "》", MID(P47,U47,1), "${1}", RIGHT(P47, LEN(P47)-U47)), "" ) | X47: =IF(AND(Q47<>"", P47<>""), " - xform/》" & S47 & "/" & V47 & "/", "") -> - xform/》iok(\d)//
A48: =ROW() - 3 -> 45 | B48: ɪəʔ | C48: ioh | D48: ioh | E48: iorh | F48: ioh | G48: ioh | H48: ㄧㄜㆷ | I48: ㄧㄜㄏ | J48: =LEFT(韻母對照表3[[#This Row],[十五音識別碼]],1) -> 茄 | K48: 著 | L48: 茄促 | N48: =LEN(D48) -> 3 | P48: =C55 -> iunn | Q48: =D55 -> iunn | S48: =_xlfn.CONCAT(P48, "(\d)") -> iunn(\d) | T48: i | U48: =IFERROR( IF(T48="", "", SEARCH(T48, $P48)), "") -> 1 | V48: =IFERROR( _xlfn.CONCAT(LEFT(P48,U48-1), "》", MID(P48,U48,1), "${1}", RIGHT(P48, LEN(P48)-U48)), "" ) -> 》i${1}unn | X48: =IF(AND(Q48<>"", P48<>""), " - xform/》" & S48 & "/" & V48 & "/", "") -> - xform/》iunn(\d)/》i${1}unn/
A49: =ROW() - 3 -> 46 | B49: ɪɔk̚ | C49: iok | D49: iok | E49: iook | F49: iok | G49: iok | H49: ㄧㆦㆻ | I49: ㄧㄛㄍ | J49: =LEFT(韻母對照表3[[#This Row],[十五音識別碼]],1) -> 恭 | K49: 俗 | L49: 恭促 | N49: =LEN(D49) -> 3 | P49: =C61 -> o | Q49: =D61 -> o | S49: =_xlfn.CONCAT(P49, "(\d)") -> o(\d) | T49: i | U49: =IFERROR( IF(T49="", "", SEARCH(T49, $P49)), "") | V49: =IFERROR( _xlfn.CONCAT(LEFT(P49,U49-1), "》", MID(P49,U49,1), "${1}", RIGHT(P49, LEN(P49)-U49)), "" ) | X49: =IF(AND(Q49<>"", P49<>""), " - xform/》" & S49 & "/" & V49 & "/", "") -> - xform/》o(\d)//
A50: =ROW() - 3 -> 47 | B50: ɪɔŋ | C50: iong | D50: iong | E50: iong | F50: iong | G50: iong | H50: ㄧㆲ | I50: ㄧㄛㄥ | J50: =LEFT(韻母對照表3[[#This Row],[十五音識別碼]],1) -> 恭 | K50: 中 | L50: 恭舒 | N50: =LEN(D50) -> 4 | P50: =C56 -> iunnh | Q50: =D56 -> iunnh | S50: =_xlfn.CONCAT(P50, "(\d)") -> iunnh(\d) | T50: a | U50: =IFERROR( IF(T50="", "", SEARCH(T50, $P50)), "") | V50: =IFERROR( _xlfn.CONCAT(LEFT(P50,U50-1), "》", MID(P50,U50,1), "${1}", RIGHT(P50, LEN(P50)-U50)), "" ) | X50: =IF(AND(Q50<>"", P50<>""), " - xform/》" & S50 & "/" & V50 & "/", "") -> - xform/》iunnh(\d)//
A51: =ROW() - 3 -> 48 | B51: ip̚ | C51: ip | D51: ip | E51: ip | F51: ip | G51: ip | H51: 一ㆴ | I51: ㄧㄅ | J51: =LEFT(韻母對照表3[[#This Row],[十五音識別碼]],1) -> 金 | K51: 蟄 | L51: 金促 | N51: =LEN(D51) -> 2 | P51: =C34 -> iann | Q51: =D34 -> iann | S51: =_xlfn.CONCAT(P51, "(\d)") -> iann(\d) | T51: a | U51: =IFERROR( IF(T51="", "", SEARCH(T51, $P51)), "") -> 2 | V51: =IFERROR( _xlfn.CONCAT(LEFT(P51,U51-1), "》", MID(P51,U51,1), "${1}", RIGHT(P51, LEN(P51)-U51)), "" ) -> i》a${1}nn | X51: =IF(AND(Q51<>"", P51<>""), " - xform/》" & S51 & "/" & V51 & "/", "") -> - xform/》iann(\d)/i》a${1}nn/
A52: =ROW() - 3 -> 49 | B52: it̚ | C52: it | D52: it | E52: it | F52: it | G52: it | H52: ㄧㆵ | I52: ㄧㄉ | J52: =LEFT(韻母對照表3[[#This Row],[十五音識別碼]],1) -> 巾 | K52: 一 | L52: 巾促 | N52: =LEN(D52) -> 2 | P52: =C29 -> iah | Q52: =D29 -> iah | S52: =_xlfn.CONCAT(P52, "(\d)") -> iah(\d) | T52: a | U52: =IFERROR( IF(T52="", "", SEARCH(T52, $P52)), "") -> 2 | V52: =IFERROR( _xlfn.CONCAT(LEFT(P52,U52-1), "》", MID(P52,U52,1), "${1}", RIGHT(P52, LEN(P52)-U52)), "" ) -> i》a${1}h | X52: =IF(AND(Q52<>"", P52<>""), " - xform/》" & S52 & "/" & V52 & "/", "") -> - xform/》iah(\d)/i》a${1}h/
A53: =ROW() - 3 -> 50 | B53: ɪɔ̃ | C53: ionn | D53: ionn | E53: ioonn | F53: nioo | G53: ioⁿ | H53: ㄧㆧ | I53: ⁰ㄧㄛ | J53: =LEFT(韻母對照表3[[#This Row],[十五音識別碼]],1) -> 薑 | K53: 腔 | L53: 薑舒 | M53: 韻-鼻 | N53: =LEN(D53) -> 4 | P53: =C54 -> iu | Q53: =D54 -> iu | S53: =_xlfn.CONCAT(P53, "(\d)") -> iu(\d) | T53: a | U53: =IFERROR( IF(T53="", "", SEARCH(T53, $P53)), "") | V53: =IFERROR( _xlfn.CONCAT(LEFT(P53,U53-1), "》", MID(P53,U53,1), "${1}", RIGHT(P53, LEN(P53)-U53)), "" ) | X53: =IF(AND(Q53<>"", P53<>""), " - xform/》" & S53 & "/" & V53 & "/", "") -> - xform/》iu(\d)//
A54: =ROW() - 3 -> 51 | B54: =_xlfn.CONCAT("ɪ", "u") -> ɪu | C54: iu | D54: iu | E54: iu | F54: iu | G54: iu | H54: ㄧㄨ | I54: ㄧㄨ | J54: =LEFT(韻母對照表3[[#This Row],[十五音識別碼]],1) -> 丩 | K54: 油 | L54: 丩舒 | N54: =LEN(D54) -> 2 | P54: =C68 -> oo | Q54: =D68 -> oo | S54: =_xlfn.CONCAT(P54, "(\d)") -> oo(\d) | T54: e | U54: =IFERROR( IF(T54="", "", SEARCH(T54, $P54)), "") | V54: =IFERROR( _xlfn.CONCAT(LEFT(P54,U54-1), "》", MID(P54,U54,1), "${1}", RIGHT(P54, LEN(P54)-U54)), "" ) | X54: =IF(AND(Q54<>"", P54<>""), " - xform/》" & S54 & "/" & V54 & "/", "") -> - xform/》oo(\d)//
A55: =ROW() - 3 -> 52 | B55: =_xlfn.CONCAT("ɪ", "u", _xlfn.UNICHAR(771), "") -> ɪũ | C55: iunn | D55: iunn | E55: iunn | F55: niu | G55: iuⁿ | H55: ㄧㆫ | I55: ⁰ㄧㄨ | J55: =LEFT(韻母對照表3[[#This Row],[十五音識別碼]],1) -> 牛 | K55: 香 | L55: 牛舒 | M55: 韻-鼻 | N55: =LEN(D55) -> 4 | P55: =C66 -> onn | Q55: =D66 -> onn | S55: =_xlfn.CONCAT(P55, "(\d)") -> onn(\d) | T55: e | U55: =IFERROR( IF(T55="", "", SEARCH(T55, $P55)), "") | V55: =IFERROR( _xlfn.CONCAT(LEFT(P55,U55-1), "》", MID(P55,U55,1), "${1}", RIGHT(P55, LEN(P55)-U55)), "" ) | X55: =IF(AND(Q55<>"", P55<>""), " - xform/》" & S55 & "/" & V55 & "/", "") -> - xform/》onn(\d)//
A56: =ROW() - 3 -> 53 | B56: =_xlfn.CONCAT(LEFT(B55,1), MID(B55,2,1), _xlfn.UNICHAR(771), "ʔ") -> ɪũʔ | C56: iunnh | D56: iunnh | E56: iunnh | F56: niuh | G56: iuhⁿ | H56: ㄧㆫㆷ | I56: ⁰ㄧㄨㄏ | J56: =LEFT(韻母對照表3[[#This Row],[十五音識別碼]],1) -> 牛 | K56: ◯ | L56: 牛促 | M56: 韻-鼻 | N56: =LEN(D56) -> 5 | P56: =C62 -> oh | Q56: =D62 -> oh | S56: =_xlfn.CONCAT(P56, "(\d)") -> oh(\d) | T56: a | U56: =IFERROR( IF(T56="", "", SEARCH(T56, $P56)), "") | V56: =IFERROR( _xlfn.CONCAT(LEFT(P56,U56-1), "》", MID(P56,U56,1), "${1}", RIGHT(P56, LEN(P56)-U56)), "" ) | X56: =IF(AND(Q56<>"", P56<>""), " - xform/》" & S56 & "/" & V56 & "/", "") -> - xform/》oh(\d)//
A57: =ROW() - 3 -> 54 | B57: m̩ | C57: m | D57: m | E57: m | F57: m | G57: m | H57: ㆬ | I57: ㄇ | J57: =LEFT(韻母對照表3[[#This Row],[十五音識別碼]],1) -> 姆 | K57: 姆 | L57: 姆舒 | N57: =LEN(D57) -> 1
A58: =ROW() - 3 -> 55 | B58: m̩ʔ | C58: mh | D58: mh | E58: mh | F58: mh | G58: mh | H58: ㆬㆷ | I58: ㄇㄏ | J58: =LEFT(韻母對照表3[[#This Row],[十五音識別碼]],1) -> 姆 | K58: ◯ | L58: 姆促 | N58: =LEN(D58) -> 2
A59: =ROW() - 3 -> 56 | B59: ŋ̍ | C59: ng | D59: ng | E59: ng | F59: ng | G59: ng | H59: ㆭ | I59: ㄥ | J59: =LEFT(韻母對照表3[[#This Row],[十五音識別碼]],1) -> 鋼 | K59: 床 | L59: 鋼舒 | N59: =LEN(D59) -> 2
A60: =ROW() - 3 -> 57 | B60: ŋ̍ʔ | C60: ngh | D60: ngh | E60: ngh | F60: ngh | G60: ngh | H60: ㆭㆷ | I60: ㄥㄏ | J60: =LEFT(韻母對照表3[[#This Row],[十五音識別碼]],1) -> 鋼 | K60: ◯ | L60: 鋼促 | N60: =LEN(D60) -> 3
A61: =ROW() - 3 -> 58 | B61: ə | C61: o | D61: o | E61: or | F61: o | G61: o | H61: ㄜ | I61: ㄜ | J61: =LEFT(韻母對照表3[[#This Row],[十五音識別碼]],1) -> 高 | K61: 果 | L61: 高舒 | N61: =LEN(D61) -> 1 | P61: =C69 -> ooh | Q61: =D69 -> ooh | S61: =_xlfn.CONCAT(P61, "(\d)") -> ooh(\d) | T61: a | U61: =IFERROR( IF(T61="", "", SEARCH(T61, $P61)), "") | V61: =IFERROR( _xlfn.CONCAT(LEFT(P61,U61-1), "》", MID(P61,U61,1), "${1}", RIGHT(P61, LEN(P61)-U61)), "" ) | X61: =IF(AND(Q61<>"", P61<>""), " - xform/》" & S61 & "/" & V61 & "/", "") -> - xform/》ooh(\d)//
A62: =ROW() - 3 -> 59 | B62: əʔ | C62: oh | D62: oh | E62: orh | F62: oh | G62: oh | H62: ㄜㆷ | I62: ㄜㄏ | J62: =LEFT(韻母對照表3[[#This Row],[十五音識別碼]],1) -> 高 | K62: 卜 | L62: 高促 | N62: =LEN(D62) -> 2 | P62: =C65 -> ong | Q62: =D65 -> ong | S62: =_xlfn.CONCAT(P62, "(\d)") -> ong(\d) | T62: a | U62: =IFERROR( IF(T62="", "", SEARCH(T62, $P62)), "") | V62: =IFERROR( _xlfn.CONCAT(LEFT(P62,U62-1), "》", MID(P62,U62,1), "${1}", RIGHT(P62, LEN(P62)-U62)), "" ) | X62: =IF(AND(Q62<>"", P62<>""), " - xform/》" & S62 & "/" & V62 & "/", "") -> - xform/》ong(\d)//
A63: =ROW() - 3 -> 60 | B63: ɔk̚ | C63: ok | D63: ok | E63: ok | F63: ok | G63: ok | H63: ㆦㆻ | I63: ㄛㄍ | J63: =LEFT(韻母對照表3[[#This Row],[十五音識別碼]],1) -> 公 | K63: 福 | L63: 公促 | N63: =LEN(D63) -> 2 | P63: =C89 -> ut | Q63: =D89 -> ut | S63: =_xlfn.CONCAT(P63, "(\d)") -> ut(\d) | T63: a | U63: =IFERROR( IF(T63="", "", SEARCH(T63, $P63)), "") | V63: =IFERROR( _xlfn.CONCAT(LEFT(P63,U63-1), "》", MID(P63,U63,1), "${1}", RIGHT(P63, LEN(P63)-U63)), "" ) | X63: =IF(AND(Q63<>"", P63<>""), " - xform/》" & S63 & "/" & V63 & "/", "") -> - xform/》ut(\d)//
A64: =ROW() - 3 -> 61 | B64: ɔm | C64: om | D64: om | E64: oom | F64: om | G64: om | H64: ㆱ | I64: ㄛㄇ | J64: =LEFT(韻母對照表3[[#This Row],[十五音識別碼]],1) -> 箴 | K64: 丼 | L64: 箴舒 | N64: =LEN(D64) -> 2 | P64: =C71 -> u | Q64: =D71 -> u | S64: =_xlfn.CONCAT(P64, "(\d)") -> u(\d) | T64: a | U64: =IFERROR( IF(T64="", "", SEARCH(T64, $P64)), "") | V64: =IFERROR( _xlfn.CONCAT(LEFT(P64,U64-1), "》", MID(P64,U64,1), "${1}", RIGHT(P64, LEN(P64)-U64)), "" ) | X64: =IF(AND(Q64<>"", P64<>""), " - xform/》" & S64 & "/" & V64 & "/", "") -> - xform/》u(\d)//
A65: =ROW() - 3 -> 62 | B65: ɔŋ | C65: ong | D65: ong | E65: ong | F65: ong | G65: ong | H65: ㆲ | I65: ㄛㄥ | J65: =LEFT(韻母對照表3[[#This Row],[十五音識別碼]],1) -> 公 | K65: 風 | L65: 公舒 | N65: =LEN(D65) -> 3 | P65: =C84 -> uh | Q65: =D84 -> uh | S65: =_xlfn.CONCAT(P65, "(\d)") -> uh(\d) | T65: e | U65: =IFERROR( IF(T65="", "", SEARCH(T65, $P65)), "") | V65: =IFERROR( _xlfn.CONCAT(LEFT(P65,U65-1), "》", MID(P65,U65,1), "${1}", RIGHT(P65, LEN(P65)-U65)), "" ) | X65: =IF(AND(Q65<>"", P65<>""), " - xform/》" & S65 & "/" & V65 & "/", "") -> - xform/》uh(\d)//
A66: =ROW() - 3 -> 63 | B66: ɔ̃ | C66: onn | D66: onn | E66: oonn | F66: noo | G66: oⁿ | H66: ㆧ | I66: ⁰ㄛ | J66: =LEFT(韻母對照表3[[#This Row],[十五音識別碼]],1) -> 姑 | K66: 張 | L66: 姑舒 | N66: =LEN(D66) -> 3 | P66: =C64 -> om | Q66: =D64 -> om | S66: =_xlfn.CONCAT(P66, "(\d)") -> om(\d) | T66: a | U66: =IFERROR( IF(T66="", "", SEARCH(T66, $P66)), "") | V66: =IFERROR( _xlfn.CONCAT(LEFT(P66,U66-1), "》", MID(P66,U66,1), "${1}", RIGHT(P66, LEN(P66)-U66)), "" ) | X66: =IF(AND(Q66<>"", P66<>""), " - xform/》" & S66 & "/" & V66 & "/", "") -> - xform/》om(\d)//
A67: =ROW() - 3 -> 64 | B67: ɔ̃ʔ | C67: onnh | D67: ohnn | E67: onnh | F67: niuh | G67: ohⁿ | H67: ㆧㆷ | I67: ⁰ㄛㄏ | J67: =LEFT(韻母對照表3[[#This Row],[十五音識別碼]],1) -> 扛 | K67: ◯ | L67: 扛促 | M67: 韻-鼻 | N67: =LEN(D67) -> 4 | P67: =C63 -> ok | Q67: =D63 -> ok | S67: =_xlfn.CONCAT(P67, "(\d)") -> ok(\d) | T67: a | U67: =IFERROR( IF(T67="", "", SEARCH(T67, $P67)), "") | V67: =IFERROR( _xlfn.CONCAT(LEFT(P67,U67-1), "》", MID(P67,U67,1), "${1}", RIGHT(P67, LEN(P67)-U67)), "" ) | X67: =IF(AND(Q67<>"", P67<>""), " - xform/》" & S67 & "/" & V67 & "/", "") -> - xform/》ok(\d)//
A68: =ROW() - 3 -> 65 | B68: ɔ | C68: oo | D68: oo | E68: oo | F68: oo | G68: o͘ | H68: ㆦ | I68: ㄛ | J68: =LEFT(韻母對照表3[[#This Row],[十五音識別碼]],1) -> 沽 | K68: 捕 | L68: 沽舒 | N68: =LEN(D68) -> 2 | P68: =C67 -> onnh | Q68: =D67 -> ohnn | S68: =_xlfn.CONCAT(P68, "(\d)") -> onnh(\d) | T68: a | U68: =IFERROR( IF(T68="", "", SEARCH(T68, $P68)), "") | V68: =IFERROR( _xlfn.CONCAT(LEFT(P68,U68-1), "》", MID(P68,U68,1), "${1}", RIGHT(P68, LEN(P68)-U68)), "" ) | X68: =IF(AND(Q68<>"", P68<>""), " - xform/》" & S68 & "/" & V68 & "/", "") -> - xform/》onnh(\d)//
A69: =ROW() - 3 -> 66 | B69: ɔʔ | C69: ooh | D69: ooh | E69: ooh | F69: ooh | G69: o͘h | H69: ㆦㆷ | I69: ㄛㄏ | J69: =LEFT(韻母對照表3[[#This Row],[十五音識別碼]],1) -> 沽 | K69: ◯ | L69: 沽促 | N69: =LEN(D69) -> 3 | P69: =C70 -> op | Q69: =D70 -> op | S69: =_xlfn.CONCAT(P69, "(\d)") -> op(\d) | T69: a | U69: =IFERROR( IF(T69="", "", SEARCH(T69, $P69)), "") | V69: =IFERROR( _xlfn.CONCAT(LEFT(P69,U69-1), "》", MID(P69,U69,1), "${1}", RIGHT(P69, LEN(P69)-U69)), "" ) | X69: =IF(AND(Q69<>"", P69<>""), " - xform/》" & S69 & "/" & V69 & "/", "") -> - xform/》op(\d)//
A70: =ROW() - 3 -> 67 | B70: ɔp̚ | C70: op | D70: op | E70: oop | F70: op | G70: op | H70: ㆦㆴ | I70: ㄛㄅ | J70: =LEFT(韻母對照表3[[#This Row],[十五音識別碼]],1) -> 箴 | K70: 吷 | L70: 箴促 | N70: =LEN(D70) -> 2 | P70: =C88 -> un | Q70: =D88 -> un | S70: =_xlfn.CONCAT(P70, "(\d)") -> un(\d) | T70: i | U70: =IFERROR( IF(T70="", "", SEARCH(T70, $P70)), "") | V70: =IFERROR( _xlfn.CONCAT(LEFT(P70,U70-1), "》", MID(P70,U70,1), "${1}", RIGHT(P70, LEN(P70)-U70)), "" ) | X70: =IF(AND(Q70<>"", P70<>""), " - xform/》" & S70 & "/" & V70 & "/", "") -> - xform/》un(\d)//
A71: =ROW() - 3 -> 68 | B71: u | C71: u | D71: u | E71: u | F71: u | G71: u | H71: ㄨ | I71: ㄨ | J71: =LEFT(韻母對照表3[[#This Row],[十五音識別碼]],1) -> 艍 | K71: 夫 | L71: 艍舒 | N71: =LEN(D71) -> 1 | P71: =C72 -> ua | Q71: =D72 -> ua | S71: =_xlfn.CONCAT(P71, "(\d)") -> ua(\d) | T71: e | U71: =IFERROR( IF(T71="", "", SEARCH(T71, $P71)), "") | V71: =IFERROR( _xlfn.CONCAT(LEFT(P71,U71-1), "》", MID(P71,U71,1), "${1}", RIGHT(P71, LEN(P71)-U71)), "" ) | X71: =IF(AND(Q71<>"", P71<>""), " - xform/》" & S71 & "/" & V71 & "/", "") -> - xform/》ua(\d)//
A72: =ROW() - 3 -> 69 | B72: ua | C72: ua | D72: ua | E72: ua | F72: ua | G72: oa | H72: ㄨㄚ | I72: ㄨㄚ | J72: =LEFT(韻母對照表3[[#This Row],[十五音識別碼]],1) -> 瓜 | K72: 花 | L72: 瓜舒 | N72: =LEN(D72) -> 2 | P72: =C79 -> uang | Q72: =D79 -> uang | S72: =_xlfn.CONCAT(P72, "(\d)") -> uang(\d) | T72: i | U72: =IFERROR( IF(T72="", "", SEARCH(T72, $P72)), "") | V72: =IFERROR( _xlfn.CONCAT(LEFT(P72,U72-1), "》", MID(P72,U72,1), "${1}", RIGHT(P72, LEN(P72)-U72)), "" ) | X72: =IF(AND(Q72<>"", P72<>""), " - xform/》" & S72 & "/" & V72 & "/", "") -> - xform/》uang(\d)//
A73: =ROW() - 3 -> 70 | B73: uaʔ | C73: uah | D73: uah | E73: uah | F73: uah | G73: oah | H73: ㄨㄚㆷ | I73: ㄨㄚㄏ | J73: =LEFT(韻母對照表3[[#This Row],[十五音識別碼]],1) -> 瓜 | K73: 缽 | L73: 瓜促 | N73: =LEN(D73) -> 3 | P73: =C74 -> uai | Q73: =D74 -> uai | S73: =_xlfn.CONCAT(P73, "(\d)") -> uai(\d) | T73: i | U73: =IFERROR( IF(T73="", "", SEARCH(T73, $P73)), "") -> 3 | V73: =IFERROR( _xlfn.CONCAT(LEFT(P73,U73-1), "》", MID(P73,U73,1), "${1}", RIGHT(P73, LEN(P73)-U73)), "" ) -> ua》i${1} | X73: =IF(AND(Q73<>"", P73<>""), " - xform/》" & S73 & "/" & V73 & "/", "") -> - xform/》uai(\d)/ua》i${1}/
A74: =ROW() - 3 -> 71 | B74: uai | C74: uai | D74: uai | E74: uai | F74: uai | G74: oai | H74: ㄨㄞ | I74: ㄨㄞ | J74: =LEFT(韻母對照表3[[#This Row],[十五音識別碼]],1) -> 乖 | K74: 怪 | L74: 乖舒 | N74: =LEN(D74) -> 3 | P74: =C82 -> ue | Q74: =D82 -> ue | S74: =_xlfn.CONCAT(P74, "(\d)") -> ue(\d) | T74: n | U74: =IFERROR( IF(T74="", "", SEARCH(T74, $P74)), "") | V74: =IFERROR( _xlfn.CONCAT(LEFT(P74,U74-1), "》", MID(P74,U74,1), "${1}", RIGHT(P74, LEN(P74)-U74)), "" ) | X74: =IF(AND(Q74<>"", P74<>""), " - xform/》" & S74 & "/" & V74 & "/", "") -> - xform/》ue(\d)//
A75: =ROW() - 3 -> 72 | B75: uãi | C75: uainn | D75: uainn | E75: uainn | F75: nuai | G75: oaiⁿ | H75: ㄨㆮ | I75: ⁰ㄨㄞ | J75: =LEFT(韻母對照表3[[#This Row],[十五音識別碼]],1) -> 閂 | K75: 檨 | L75: 閂舒 | M75: 韻-鼻 | N75: =LEN(D75) -> 5 | P75: =C83 -> ueh | Q75: =D83 -> ueh | S75: =_xlfn.CONCAT(P75, "(\d)") -> ueh(\d) | T75: o | U75: =IFERROR( IF(T75="", "", SEARCH(T75, $P75)), "") | V75: =IFERROR( _xlfn.CONCAT(LEFT(P75,U75-1), "》", MID(P75,U75,1), "${1}", RIGHT(P75, LEN(P75)-U75)), "" ) | X75: =IF(AND(Q75<>"", P75<>""), " - xform/》" & S75 & "/" & V75 & "/", "") -> - xform/》ueh(\d)//
A76: =ROW() - 3 -> 73 | B76: uaiʔ | C76: uaih | D76: uaih | E76: uaih | F76: uaih | G76: oaih | H76: ㄨㄞㆷ | I76: ㄨㄞㄏ | J76: =LEFT(韻母對照表3[[#This Row],[十五音識別碼]],1) -> 乖 | K76: ◯ | L76: 乖促 | N76: =LEN(D76) -> 4 | P76: =C85 -> ui | Q76: =D85 -> ui | S76: =_xlfn.CONCAT(P76, "(\d)") -> ui(\d) | T76: o | U76: =IFERROR( IF(T76="", "", SEARCH(T76, $P76)), "") | V76: =IFERROR( _xlfn.CONCAT(LEFT(P76,U76-1), "》", MID(P76,U76,1), "${1}", RIGHT(P76, LEN(P76)-U76)), "" ) | X76: =IF(AND(Q76<>"", P76<>""), " - xform/》" & S76 & "/" & V76 & "/", "") -> - xform/》ui(\d)//
A77: =ROW() - 3 -> 74 | B77: uãiʔ | C77: uainnh | D77: uaihnn | E77: uainnh | F77: uainnh | G77: oaihⁿ | H77: ㄨㆮㆷ | I77: ⁰ㄨㄞㄏ | J77: =LEFT(韻母對照表3[[#This Row],[十五音識別碼]],1) -> 閂 | K77: 蹶 | L77: 閂促 | M77: 韻-鼻 | N77: =LEN(D77) -> 6 | P77: =C87 -> uinn | Q77: =D87 -> uinn | S77: =_xlfn.CONCAT(P77, "(\d)") -> uinn(\d) | T77: o | U77: =IFERROR( IF(T77="", "", SEARCH(T77, $P77)), "") | V77: =IFERROR( _xlfn.CONCAT(LEFT(P77,U77-1), "》", MID(P77,U77,1), "${1}", RIGHT(P77, LEN(P77)-U77)), "" ) | X77: =IF(AND(Q77<>"", P77<>""), " - xform/》" & S77 & "/" & V77 & "/", "") -> - xform/》uinn(\d)//
A78: =ROW() - 3 -> 75 | B78: uan | C78: uan | D78: uan | E78: uan | F78: uan | G78: oan | H78: ㄨㄢ | I78: ㄨㄢ | J78: =LEFT(韻母對照表3[[#This Row],[十五音識別碼]],1) -> 觀 | K78: 猿 | L78: 觀舒 | N78: =LEN(D78) -> 3 | P78: =C75 -> uainn | Q78: =D75 -> uainn | S78: =_xlfn.CONCAT(P78, "(\d)") -> uainn(\d) | T78: i | U78: =IFERROR( IF(T78="", "", SEARCH(T78, $P78)), "") -> 3 | V78: =IFERROR( _xlfn.CONCAT(LEFT(P78,U78-1), "》", MID(P78,U78,1), "${1}", RIGHT(P78, LEN(P78)-U78)), "" ) -> ua》i${1}nn | X78: =IF(AND(Q78<>"", P78<>""), " - xform/》" & S78 & "/" & V78 & "/", "") -> - xform/》uainn(\d)/ua》i${1}nn/
A79: =ROW() - 3 -> 76 | B79: uaŋ | C79: uang | D79: uang | E79: uang | F79: uang | G79: oang | H79: ㄨㄤ | I79: ㄨㄤ | J79: =LEFT(韻母對照表3[[#This Row],[十五音識別碼]],1) -> 光 | K79: 闖 | L79: 光舒 | N79: =LEN(D79) -> 4 | P79: =C76 -> uaih | Q79: =D76 -> uaih | S79: =_xlfn.CONCAT(P79, "(\d)") -> uaih(\d) | T79: i | U79: =IFERROR( IF(T79="", "", SEARCH(T79, $P79)), "") -> 3 | V79: =IFERROR( _xlfn.CONCAT(LEFT(P79,U79-1), "》", MID(P79,U79,1), "${1}", RIGHT(P79, LEN(P79)-U79)), "" ) -> ua》i${1}h | X79: =IF(AND(Q79<>"", P79<>""), " - xform/》" & S79 & "/" & V79 & "/", "") -> - xform/》uaih(\d)/ua》i${1}h/
A80: =ROW() - 3 -> 77 | B80: uã | C80: uann | D80: uann | E80: uann | F80: nua | G80: oaⁿ | H80: ㄨㆩ | I80: ⁰ㄨㄚ | J80: =LEFT(韻母對照表3[[#This Row],[十五音識別碼]],1) -> 官 | K80: 肝 | L80: 官舒 | N80: =LEN(D80) -> 4 | P80: =C81 -> uat | Q80: =D81 -> uat | S80: =_xlfn.CONCAT(P80, "(\d)") -> uat(\d) | T80: i | U80: =IFERROR( IF(T80="", "", SEARCH(T80, $P80)), "") | V80: =IFERROR( _xlfn.CONCAT(LEFT(P80,U80-1), "》", MID(P80,U80,1), "${1}", RIGHT(P80, LEN(P80)-U80)), "" ) | X80: =IF(AND(Q80<>"", P80<>""), " - xform/》" & S80 & "/" & V80 & "/", "") -> - xform/》uat(\d)//
A81: =ROW() - 3 -> 78 | B81: uat̚ | C81: uat | D81: uat | E81: uat | F81: uat | G81: oat | H81: ㄨㄚㆵ | I81: ㄨㄚㄉ | J81: =LEFT(韻母對照表3[[#This Row],[十五音識別碼]],1) -> 觀 | K81: 說 | L81: 觀促 | N81: =LEN(D81) -> 3 | P81: =C77 -> uainnh | Q81: =D77 -> uaihnn | S81: =_xlfn.CONCAT(P81, "(\d)") -> uainnh(\d) | T81: m | U81: =IFERROR( IF(T81="", "", SEARCH(T81, $P81)), "") | V81: =IFERROR( _xlfn.CONCAT(LEFT(P81,U81-1), "》", MID(P81,U81,1), "${1}", RIGHT(P81, LEN(P81)-U81)), "" ) | X81: =IF(AND(Q81<>"", P81<>""), " - xform/》" & S81 & "/" & V81 & "/", "") -> - xform/》uainnh(\d)//
A82: =ROW() - 3 -> 79 | B82: ue | C82: ue | D82: ue | E82: ue | F82: ue | G82: oe | H82: ㄨㆤ | I82: ㄨㄝ | J82: =LEFT(韻母對照表3[[#This Row],[十五音識別碼]],1) -> 檜 | K82: 話 | L82: 檜舒 | N82: =LEN(D82) -> 2 | P82: =C86 -> uih | Q82: =D86 -> uih | S82: =_xlfn.CONCAT(P82, "(\d)") -> uih(\d) | T82: o | U82: =IFERROR( IF(T82="", "", SEARCH(T82, $P82)), "") | V82: =IFERROR( _xlfn.CONCAT(LEFT(P82,U82-1), "》", MID(P82,U82,1), "${1}", RIGHT(P82, LEN(P82)-U82)), "" ) | X82: =IF(AND(Q82<>"", P82<>""), " - xform/》" & S82 & "/" & V82 & "/", "") -> - xform/》uih(\d)//
A83: =ROW() - 3 -> 80 | B83: ueʔ | C83: ueh | D83: ueh | E83: ueh | F83: ueh | G83: oeh | H83: ㄨㆤㆷ | I83: ㄨㄝㄏ | J83: =LEFT(韻母對照表3[[#This Row],[十五音識別碼]],1) -> 檜 | K83: 拔 | L83: 檜促 | N83: =LEN(D83) -> 3 | P83: =C57 -> m | Q83: =D57 -> m | S83: =_xlfn.CONCAT(P83, "(\d)") -> m(\d) | T83: u | U83: =IFERROR( IF(T83="", "", SEARCH(T83, $P83)), "") | V83: =IFERROR( _xlfn.CONCAT(LEFT(P83,U83-1), "》", MID(P83,U83,1), "${1}", RIGHT(P83, LEN(P83)-U83)), "" ) | X83: =IF(AND(Q83<>"", P83<>""), " - xform/》" & S83 & "/" & V83 & "/", "") -> - xform/》m(\d)//
A84: =ROW() - 3 -> 81 | B84: uʔ | C84: uh | D84: uh | E84: uh | F84: uh | G84: uh | H84: ㄨㆷ | I84: ㄨㄏ | J84: =LEFT(韻母對照表3[[#This Row],[十五音識別碼]],1) -> 艍 | K84: 勃 | L84: 艍促 | N84: =LEN(D84) -> 2 | P84: =C80 -> uann | Q84: =D80 -> uann | S84: =_xlfn.CONCAT(P84, "(\d)") -> uann(\d) | T84: i | U84: =IFERROR( IF(T84="", "", SEARCH(T84, $P84)), "") | V84: =IFERROR( _xlfn.CONCAT(LEFT(P84,U84-1), "》", MID(P84,U84,1), "${1}", RIGHT(P84, LEN(P84)-U84)), "" ) | X84: =IF(AND(Q84<>"", P84<>""), " - xform/》" & S84 & "/" & V84 & "/", "") -> - xform/》uann(\d)//
A85: =ROW() - 3 -> 82 | B85: ui | C85: ui | D85: ui | E85: ui | F85: ui | G85: ui | H85: ㄨㄧ | I85: ㄨㄧ | J85: =LEFT(韻母對照表3[[#This Row],[十五音識別碼]],1) -> 規 | K85: 歸 | L85: 規舒 | N85: =LEN(D85) -> 2 | P85: =C58 -> mh | Q85: =D58 -> mh | S85: =_xlfn.CONCAT(P85, "(\d)") -> mh(\d) | T85: u | U85: =IFERROR( IF(T85="", "", SEARCH(T85, $P85)), "") | V85: =IFERROR( _xlfn.CONCAT(LEFT(P85,U85-1), "》", MID(P85,U85,1), "${1}", RIGHT(P85, LEN(P85)-U85)), "" ) | X85: =IF(AND(Q85<>"", P85<>""), " - xform/》" & S85 & "/" & V85 & "/", "") -> - xform/》mh(\d)//
A86: =ROW() - 3 -> 83 | B86: uiʔ | C86: uih | D86: uih | E86: uih | F86: uih | G86: uih | H86: ㄨㄧㆷ | I86: ㄨㄧㄏ | J86: =LEFT(韻母對照表3[[#This Row],[十五音識別碼]],1) -> 褌 | K86: ◯ | L86: 褌促 | M86: 韻-鼻 | N86: =LEN(D86) -> 3 | P86: =C60 -> ngh | Q86: =D60 -> ngh | S86: =_xlfn.CONCAT(P86, "(\d)") -> ngh(\d) | T86: u | U86: =IFERROR( IF(T86="", "", SEARCH(T86, $P86)), "") | V86: =IFERROR( _xlfn.CONCAT(LEFT(P86,U86-1), "》", MID(P86,U86,1), "${1}", RIGHT(P86, LEN(P86)-U86)), "" ) | X86: =IF(AND(Q86<>"", P86<>""), " - xform/》" & S86 & "/" & V86 & "/", "") -> - xform/》ngh(\d)//
A87: =ROW() - 3 -> 84 | B87: uĩ | C87: uinn | D87: uinn | E87: uinn | F87: nui | G87: uiⁿ | H87: ㄨㆪ | I87: ⁰ㄨㄧ | J87: =LEFT(韻母對照表3[[#This Row],[十五音識別碼]],1) -> 褌 | K87: 荒 | L87: 褌舒 | N87: =LEN(D87) -> 4 | P87: =C59 -> ng | Q87: =D59 -> ng | S87: =_xlfn.CONCAT(P87, "(\d)") -> ng(\d) | T87: u | U87: =IFERROR( IF(T87="", "", SEARCH(T87, $P87)), "") | V87: =IFERROR( _xlfn.CONCAT(LEFT(P87,U87-1), "》", MID(P87,U87,1), "${1}", RIGHT(P87, LEN(P87)-U87)), "" ) | X87: =IF(AND(Q87<>"", P87<>""), " - xform/》" & S87 & "/" & V87 & "/", "") -> - xform/》ng(\d)//
A88: =ROW() - 3 -> 85 | B88: un | C88: un | D88: un | E88: un | F88: un | G88: un | H88: ㄨㄣ | I88: ㄨㄣ | J88: =LEFT(韻母對照表3[[#This Row],[十五音識別碼]],1) -> 君 | K88: 汾 | L88: 君舒 | N88: =LEN(D88) -> 2 | P88: =C73 -> uah | Q88: =D73 -> uah | S88: =_xlfn.CONCAT(P88, "(\d)") -> uah(\d) | T88: i | U88: =IFERROR( IF(T88="", "", SEARCH(T88, $P88)), "") | V88: =IFERROR( _xlfn.CONCAT(LEFT(P88,U88-1), "》", MID(P88,U88,1), "${1}", RIGHT(P88, LEN(P88)-U88)), "" ) | X88: =IF(AND(Q88<>"", P88<>""), " - xform/》" & S88 & "/" & V88 & "/", "") -> - xform/》uah(\d)//
A89: =ROW() - 3 -> 86 | B89: ut̚ | C89: ut | D89: ut | E89: ut | F89: ut | G89: ut | H89: ㄨㆵ | I89: ㄨㄉ | J89: =LEFT(韻母對照表3[[#This Row],[十五音識別碼]],1) -> 君 | K89: 不 | L89: 君促 | N89: =LEN(D89) -> 2 | P89: =C78 -> uan | Q89: =D78 -> uan | S89: =_xlfn.CONCAT(P89, "(\d)") -> uan(\d) | T89: i | U89: =IFERROR( IF(T89="", "", SEARCH(T89, $P89)), "") | V89: =IFERROR( _xlfn.CONCAT(LEFT(P89,U89-1), "》", MID(P89,U89,1), "${1}", RIGHT(P89, LEN(P89)-U89)), "" ) | X89: =IF(AND(Q89<>"", P89<>""), " - xform/》" & S89 & "/" & V89 & "/", "") -> - xform/》uan(\d)//
B91: Unicode 編碼 | C91: 實例 | D91: 實例
B92: U+0303 | C92: =HEX2DEC(VALUE(RIGHT(B92,4))) -> 771 | D92: =_xlfn.CONCAT("a", _xlfn.UNICHAR(HEX2DEC(RIGHT(B92,4)))) -> ã
B93: U+0294 | C93: =HEX2DEC(VALUE(RIGHT(B93,4))) -> 660 | D93: =_xlfn.CONCAT("a", _xlfn.UNICHAR(HEX2DEC(RIGHT(B93,4)))) -> aʔ
B95: U+0856 | C95: =HEX2DEC(VALUE(RIGHT(B95,4))) -> 2134 | D95: =_xlfn.CONCAT("o", _xlfn.UNICHAR( RIGHT(B95,4))) -> o͘
B96: o͘ | C96: =_xlfn.UNICODE( RIGHT(B96,1) ) -> 856 | D96: =_xlfn.CONCAT("o", _xlfn.UNICHAR(C96)) -> o͘
B98: [əŋ] | C98: ㄥ
B99: [ŋ̍] | C99: ㆭ
A101: ="(""" & _xlfn.TEXTJOIN(""",""",TRUE,F4:F89) & """)" -> ("a","ah","ai","aih","nai","ak","am","an","ang","na","nah","ap","at","ao","aoh","e","eh","ne","ennh","i","ia","iah","iak","iam","ian","iang","nia","iannh","iap","iat","iao","iaoh","niao","ih","ik","im","in","ing","ni","io","ioh","iok","iong","ip","it","nioo","iu","niu","niuh","m","mh","ng","ngh","o","oh","ok","om","ong","noo","niuh","oo","ooh","op","u","ua","uah","uai","nuai","uaih","uainnh","uan","uang","nua","uat","ue","ueh","uh","ui","uih","nui","un","ut")

Sheet 工作表1
