Workbook
Name 十五音韻母: '[1]十五音-韻母'!$C$5:$C$54
Name 十五音韻母對照表: '[1]十五音-韻母'!$B$5:$R$54
Name 方音符號聲調: [2]設定!$J$3:$J$10
Name 台羅韻母八音反切: '[1]台羅-韻母八音反切'!$R$5:$Y$54
Name 白話字韻母八音反切: '[1]白話字-韻母八音反切'!$R$5:$Y$54
Name 閩拼八聲調: [2]設定!$I$3:$I$10
Name 閩拼韻母八音反切: '[1]閩拼-韻母八音反切'!$R$5:$Y$54
Name 聲母碼: [2]聲母對照表!$B$4:$B$21
Name 聲母碼表: [1]聲母碼!$D$6:$K$22
Name 韻母對照表: [1]韻母對照表!$B$6:$K$105
Name 韻母碼: [2]韻母對照表!$B$4:$B$103
Name 韻母碼表: [1]韻母碼!$F$5:$M$78
Name 顯示注音輸入: [3]env!$C$10

Sheet 聲母十五音發聲表
B1: 台語注音二式 | AJ1: 閩拼方案
E3: 鼻音 | I3: 塞音 | Q3: 塞擦音 | Y3: 擦音 | AC3: 邊音 | AM3: 鼻音 | AQ3: 塞音 | AY3: 塞擦音 | BG3: 擦音 | BK3: 邊音
I4: 不送氣 | M4: 送氣 | Q4: 不送氣 | U4: 送氣 | AQ4: 不送氣 | AU4: 送氣 | AY4: 不送氣 | BC4: 送氣
B5: 雙唇音 | C5: 雙唇音 | D5: 清音 | I5: 邊 | K5: p | L5: 比 | M5: 頗 | O5: ph | P5: 鄙 | AJ5: 雙唇音 | AK5: 雙唇音 | AL5: 清音 | AQ5: 邊 | AS5: p | AT5: 比 | AU5: 頗 | AW5: ph | AX5: 鄙
I7: ㄅ | J7: 比 | K7: b | L7: ㄅ | M7: ㄆ | N7: 鄙 | O7: p | P7: ㄆ | AQ7: ㄅ | AR7: 比 | AS7: b | AT7: ㄅ | AU7: ㄆ | AV7: 鄙 | AW7: p | AX7: ㄆ
D9: 濁音 | E9: 門 | G9: m | I9: 門 | K9: b | L9: 美 | AL9: 濁音 | AM9: 門 | AO9: m | AQ9: 門 | AS9: b | AT9: 美
E11: ㄇ | G11: m | I11: ㆠ | J11: 美 | K11: b | L11: ㆠ | AM11: ㄇ | AO11: bbn | AQ11: ㆠ | AR11: 美 | AS11: bb | AT11: ㆠ
B13: 舌尖前音 | C13: 齦顎音 | D13: 清音 | Q13: 曾 | S13: tsi | T13: 尖 | U13: 出 | W13: tshi | X13: 手 | Y13: 時 | AA13: si | AJ13: 舌尖前音 | AK13: 齦顎音 | AL13: 清音 | AY13: 曾 | BA13: tsi | BB13: 尖 | BC13: 出 | BE13: tshi | BF13: 手 | BG13: 時 | BI13: si
Q15: ㄐ | R15: tsi | S15: ji | T15: ㄐ | U15: ㄑ | V15: tshi | W15: chi | X15: ㄑ | Y15: ㄒ | Z15: si | AA15: shi | AB15: ㄒ | AY15: ㄐ | AZ15: tsi | BA15: zi | BB15: ㄐ | BC15: ㄑ | BD15: tshi | BE15: ci | BF15: ㄑ | BG15: ㄒ | BH15: si | BI15: si | BJ15: ㄒ
D17: 濁音 | Q17: 入 | S17: ji | AL17: 濁音 | AY17: 入 | BA17: ji
Q19: ㆢ | R19: ji | S19: jji | T19: ㆢ | AY19: ㆢ | AZ19: ji | BA19: ji | BB19: ㆢ
B21: 舌尖中音 | C21: 齒齦音 | D21: 清音 | I21: 地 | K21: t | L21: 底 | M21: 他 | O21: th | P21: 恥 | Q21: 曾 | S21: ts | T21: 止 | U21: 出 | W21: tsh | X21: 取 | Y21: 時 | AA21: s | AB21: 始 | AJ21: 舌尖中音 | AK21: 齒齦音 | AL21: 清音 | AQ21: 地 | AS21: t | AT21: 底 | AU21: 他 | AW21: th | AX21: 恥 | AY21: 曾 | BA21: ts | BB21: 止 | BC21: 出 | BE21: tsh | BF21: 取 | BG21: 時 | BI21: s | BJ21: 始
I23: ㄉ | J23: t | K23: d | L23: ㄉ | M23: ㄊ | N23: th | O23: t | P23: ㄊ | Q23: ㄗ | R23: ts | S23: z | T23: ㄗ | U23: ㄘ | V23: tsh | W23: c | X23: ㄘ | Y23: ㄙ | Z23: s | AA23: s | AB23: ㄙ | AQ23: ㄉ | AR23: t | AS23: d | AT23: ㄉ | AU23: ㄊ | AV23: th | AW23: t | AX23: ㄊ | AY23: ㄗ | AZ23: ts | BA23: z | BB23: ㄗ | BC23: ㄘ | BD23: tsh | BE23: c | BF23: ㄘ | BG23: ㄙ | BH23: s | BI23: s | BJ23: ㄙ
D25: 濁音 | E25: 柳 | G25: n | Q25: 入 | S25: j | T25: 耳 | AC25: 柳 | AE25: l | AF25: 理 | AL25: 濁音 | AM25: 柳 | AO25: n | AY25: 入 | BA25: j | BB25: 耳 | BK25: 柳 | BM25: l | BN25: 理
E27: ㄋ | G27: n | Q27: ㆡ | R27: j | S27: zz | T27: ㆡ | AC27: ㄌ | AD27: l | AE27: l | AF27: ㄌ | AM27: ㄋ | AO27: ln | AY27: ㆡ | AZ27: j | BA27: zz | BB27: ㆡ | BK27: ㄌ | BL27: l | BM27: l | BN27: ㄌ
B29: 舌根音 | C29: 軟顎音 | D29: 清音 | I29: 求 | K29: k | L29: 己 | M29: 去 | O29: kh | P29: 起 | AJ29: 舌根音 | AK29: 軟顎音 | AL29: 清音 | AM29: 語 | AO29: ng | AP29: 雅 | AQ29: 求 | AS29: k | AT29: 己 | AU29: 去 | AW29: kh | AX29: 起
I31: ㄍ | J31: k | K31: g | L31: ㄍ | M31: ㄎ | N31: kh | O31: k | P31: ㄎ | AM31: ㄫ | AN31: ng | AO31: ggn | AP31: ㄫ | AQ31: ㄍ | AR31: k | AS31: g | AT31: ㄍ | AU31: ㄎ | AV31: kh | AW31: k | AX31: ㄎ
D33: 濁音 | E33: 語 | G33: ng | H33: 雅 | I33: 語 | K33: g | L33: 我 | AL33: 濁音 | AQ33: 語 | AS33: ㆣ | AT33: 我
E35: ㄫ | F35: ng | G35: ng | H35: ㄫ | I35: ㆣ | J35: g | K35: gg | L35: ㆣ | AQ35: ㆣ | AR35: g | AS35: gg | AT35: ㆣ
B37: 喉塞音 | C37: 聲門音 | D37: 清音 | I37: 英 | K37: Ø | L37: Ø | Y37: 喜 | AA37: h | AB37: 喜 | AJ37: 喉塞音 | AK37: 聲門音 | AL37: 清音 | AQ37: 英 | AS37: Ø | AT37: Ø | BG37: 喜 | BI37: h | BJ37: 喜
I39: Ø | J39: Ø | K39: Ø | L39: Ø | Y39: ㄏ | Z39: h | AA39: h | AB39: ㄏ | AQ39: Ø | AR39: Ø | AS39: Ø | AT39: Ø | BG39: ㄏ | BH39: h | BI39: h | BJ39: ㄏ

Sheet 聲母十五音發聲表（YX互換）
D2: 雙唇音 | L2: 舌尖前音 | T2: 舌尖中音 | AB2: 舌根音 | AJ2: 㗋塞音
D3: 上脣。下脣 | L3: 舌尖。上齒背 | T3: 舌尖。上齒齦 | AB3: 舌根軟顎 | AJ3: 氣管咽頭
D4: 清音 | H4: 濁音 | L4: 清音 | P4: 濁音 | T4: 清音 | X4: 濁音 | AB4: 清音 | AF4: 濁音 | AJ4: 清音
B5: 鼻音 | H5: 門 | J5: m | X5: 柳 | Z5: n | AF5: 語 | AH5: ng
BP6: 1 | BQ6: ㄅ
H7: ㄇ | J7: m | X7: ㄋ | Z7: n | AF7: ㄫ | AH7: ng | BP7: 2 | BQ7: {=INDIRECT(ADDRESS(ROW($AP$11),COLUMN($AP$11)+(BR7*4)))} -> ㆠ | BR7: 1
AP8: 清音+（塞音/塞擦音） | AT8: 濁音 | AX8: 清音+送氣 | BB8: 濁音+鼻音 | BF8: 濁音+邊音 | BJ8: 清音+擦音 | BP8: 3 | BQ8: {=INDIRECT(ADDRESS(ROW($AP$11),COLUMN($AP$11)+(BR8*4)))} -> ㄆ | BR8: 2
B9: 塞音 | C9: 不送氣 | D9: 邊 | F9: p | H9: 門 | J9: b | T9: 地 | V9: t | AB9: 求 | AD9: k | AF9: 語 | AH9: g | AJ9: 英 | AL9: Ø | AP9: 邊 | AR9: p | AT9: 門 | AV9: b | AX9: 頗 | AZ9: ph | BB9: 毛 | BD9: m | BP9: 4 | BQ9: {=INDIRECT(ADDRESS(ROW($AP$11),COLUMN($AP$11)+(BR9*4)))} -> ㄇ | BR9: 3
BP10: 5 | BQ10: =AP15 -> ㄉ
D11: ㄅ | F11: b | H11: ㆠ | J11: bb | T11: ㄉ | V11: d | AB11: ㄍ | AD11: g | AF11: ㆣ | AH11: gg | AJ11: Ø | AL11: Ø | AP11: ㄅ | AR11: b | AT11: ㆠ | AV11: bb | AX11: ㄆ | AZ11: p | BB11: ㄇ | BD11: m | BP11: 6 | BQ11: {=INDIRECT(ADDRESS(ROW($AP$15),COLUMN($AP$15)+(BR11*4)))} -> ㄊ | BR11: 2
BP12: 7 | BQ12: {=INDIRECT(ADDRESS(ROW($AP$15),COLUMN($AP$15)+(BR12*4)))} -> ㄋ | BR12: 3
C13: 送氣 | D13: 頗 | F13: ph | T13: 他 | V13: th | AB13: 去 | AD13: kh | AP13: 地 | AR13: t | AX13: 他 | AZ13: th | BB13: 耐 | BD13: n | BF13: 柳 | BH13: l | BP13: 8 | BQ13: {=INDIRECT(ADDRESS(ROW($AP$15),COLUMN($AP$15)+(BR13*4)))} -> ㄌ | BR13: 4
BP14: 9 | BQ14: =AP19 -> ㄍ
D15: ㄆ | F15: p | T15: ㄊ | V15: t | AB15: ㄎ | AD15: k | AP15: ㄉ | AR15: d | AX15: ㄊ | AZ15: t | BB15: ㄋ | BD15: n | BF15: ㄌ | BH15: l | BP15: 10 | BQ15: {=INDIRECT(ADDRESS(ROW($AP$19),COLUMN($AP$19)+(BR15*4)))} -> ㆣ | BR15: 1
BP16: 11 | BQ16: {=INDIRECT(ADDRESS(ROW($AP$19),COLUMN($AP$19)+(BR16*4)))} -> ㄎ | BR16: 2
B17: 塞擦音 | C17: 不送氣 | L17: 曾 | N17: tsi | P17: 入 | R17: ji | T17: 曾 | V17: ts | X17: 入 | Z17: j | AP17: 求 | AR17: k | AT17: 語 | AV17: g | AX17: 去 | AZ17: kh | BB17: 雅 | BD17: ng | BP17: 12 | BQ17: {=INDIRECT(ADDRESS(ROW($AP$19),COLUMN($AP$19)+(BR17*4)))} -> ㄫ | BR17: 3
BP18: 13 | BQ18: =BJ23 -> ㄏ
L19: ㄐ | N19: ji | P19: ㆢ | R19: jji | T19: ㄗ | V19: z | X19: ㆡ | Z19: zz | AP19: ㄍ | AR19: g | AT19: ㆣ | AV19: gg | AX19: ㄎ | AZ19: k | BB19: ㄫ | BD19: ng | BP19: 14 | BQ19: =AP27 -> ㄐ
BP20: 15 | BQ20: =AX27 -> ㄑ
C21: 送氣 | L21: 出 | N21: tshi | T21: 出 | V21: tsh | BJ21: 喜 | BL21: h | BP21: 16 | BQ21: =AP31 -> ㄗ
BP22: 17 | BQ22: =AX31 -> ㄘ
L23: ㄑ | N23: chi | T23: ㄘ | V23: c | BJ23: ㄏ | BL23: h | BP23: 18 | BQ23: =BJ31 -> ㄙ
B25: 擦音 | L25: 時 | N25: si | T25: 時 | V25: s | AJ25: 喜 | AL25: h | AP25: 曾 | AR25: tsi | AX25: 出 | AZ25: tshi
L27: ㄒ | N27: shi | T27: ㄙ | V27: s | AJ27: ㄏ | AL27: h | AP27: ㄐ | AR27: ji | AX27: ㄑ | AZ27: chi
B29: 邊音 | X29: 柳 | Z29: l | AP29: 曾 | AR29: ts | AX29: 出 | AZ29: tsh | BJ29: 時 | BL29: s
X31: ㄌ | Z31: l | AP31: ㄗ | AR31: z | AX31: ㄘ | AZ31: c | BJ31: ㄙ | BL31: s

Sheet 十五音聲母 (教材)
B2: 序號 | C2: 音序 | D2: 漢字例 | E2: 十五音 | F2: 新十五音 | G2: 國際音標 | H2: 台羅拼音 | I2: 台語音標 | J2: 白話字 | K2: 閩拼方案 | L2: 注音二式 | M2: 方音符號 | N2: 台語注音
B3: 8 | C3: 1 | D3: 理 | E3: 柳 | F3: 柳 | G3: l | H3: l | I3: l | J3: l | K3: l | L3: l | M3: ㄌ | N3: ㄌ
B4: 9 | C4: 1 | D4: 耐 | E4: 柳 | F4: 耐 | G4: n | H4: n | I4: n | J4: n | K4: ln | L4: n | M4: ㄋ | N4: ㄋ
B5: 2 | C5: 2 | D5: 比 | E5: 邊 | F5: 邊 | G5: p | H5: p | I5: p | J5: p | K5: b | L5: b | M5: ㄅ | N5: ㄅ
B6: 10 | C6: 3 | D6: 己 | E6: 求 | F6: 求 | G6: k | H6: k | I6: k | J6: k | K6: g | L6: g | M6: ㄍ | N6: ㄍ
B7: 11 | C7: 4 | D7: 起 | E7: 去 | F7: 去 | G7: kʰ | H7: kh | I7: kh | J7: kh | K7: k | L7: k | M7: ㄎ | N7: ㄎ
B8: 6 | C8: 5 | D8: 底 | E8: 地 | F8: 地 | G8: t | H8: t | I8: t | J8: t | K8: d | L8: d | M8: ㄉ | N8: ㄉ
B9: 3 | C9: 6 | D9: 鼻 | E9: 頗 | F9: 頗 | G9: pʰ | H9: ph | I9: ph | J9: ph | K9: p | L9: p | M9: ㄆ | N9: ㄆ
B10: 7 | C10: 7 | D10: 替 | E10: 他 | F10: 他 | G10: tʰ | H10: th | I10: th | J10: th | K10: t | L10: t | M10: ㄊ | N10: ㄊ
B11: 15 | C11: 8 | D11: 阻 | E11: 曾 | F11: 曾 | G11: ʦ | H11: ts | I11: z | J11: ch | K11: z | L11: z | M11: ㄗ | N11: ㄗ
B12: 16 | C12: 8 | D12: 止 | E12: 曾 | F12: 曾 | G12: ʨ | H12: tsi | I12: zi | J12: chi | K12: zi | L12: j | M12: ㄐ | N12: ㄐ
B13: 21 | C13: 9 | D13: 如 | E13: 入 | F13: 入 | G13: ʣ | H13: j | I13: j | J13: j | K13: zz | L13: zz | M13: ㆡ | N13: ㄖ
B14: 22 | C14: 9 | D14: 二 | E14: 入 | F14: 入 | G14: ʥ | H14: ji | I14: ji | J14: ji | K14: zzi | L14: jj | M14: ㆢ | N14: ㄖ
... B16: 20 | C16: 10 | D16: 施 | E16: 時 | F16: 時 | G16: ɕ | H16: si | I16: si | J16: si | K16: si | L16: sh | M16: ㄒ | N16: ㄒ
B17: 1 | C17: 11 | D17: 恩 | E17: 英 | F17: 英 | H17: Ø
B18: 4 | C18: 12 | D18: 文 | E18: 門 | F18: 門 | G18: b | H18: b | I18: b | J18: b | K18: bb | L18: bb | M18: ㆠ | N18: ㄪ
B19: 5 | C19: 12 | D19: 毛 | E19: 門 | F19: 毛 | G19: m | H19: m | I19: m | J19: m | K19: bbn | L19: m | M19: ㄇ | N19: ㄇ
B20: 12 | C20: 13 | D20: 禦 | E20: 語 | F20: 語 | G20: ɡ | H20: g | I20: g | J20: g | K20: gg | L20: gg | M20: ㆣ | N20: ㄫ
B21: 13 | C21: 13 | D21: 雅 | E21: 語 | F21: 雅 | G21: ŋ | H21: ng | I21: ng | J21: ng | K21: ggn | L21: ng | M21: ㄫ | N21: ⁰ㄫ
B22: 17 | C22: 14 | D22: 取 | E22: 出 | F22: 出 | G22: ʦʰ | H22: tsh | I22: c | J22: chh | K22: c | L22: c | M22: ㄘ | N22: ㄘ
B23: 18 | C23: 14 | D23: 測 | E23: 出 | F23: 出 | G23: ʨʰ | H23: tshi | I23: ci | J23: chhi | K23: ci | L23: ch | M23: ㄑ | N23: ㄑ
B24: 14 | C24: 15 | D24: 非 | E24: 喜 | F24: 喜 | G24: h | H24: h | I24: h | J24: h | K24: h | L24: h | M24: ㄏ | N24: ㄏ

Sheet 十五音韻母（教材）
B2: 序號 | C2: 韻序 | D2: 漢字例 | E2: 十五音 | F2: 國際音標 | G2: 國際音標2 | H2: 台羅拼音 | I2: 台語音標 | J2: 白話字 | K2: 閩拼方案 | L2: 注音二式 | M2: 方音符號 | N2: 台語注音
B3: 1 | C3: =IF(MOD(韻母表_47[[#This Row],[序號]],2)=0, 韻母表_47[[#This Row],[序號]]/2, ROUNDUP(韻母表_47[[#This Row],[序號]]/2,0)) -> 1 | D3: 分 | E3: 君（舒） | F3: un | H3: un | I3: un | J3: un | K3: un | L3: un | M3: ㄨㄣ | N3: ㄨㄣ
B4: 2 | C4: =IF(MOD(韻母表_47[[#This Row],[序號]],2)=0, 韻母表_47[[#This Row],[序號]]/2, ROUNDUP(韻母表_47[[#This Row],[序號]]/2,0)) -> 1 | D4: 佛 | E4: 君（促） | F4: ut̚ | H4: ut | I4: ut | J4: ut | K4: ut | L4: ut | M4: ㄨㆵ | N4: ㄨㄉ
B5: 3 | C5: =IF(MOD(韻母表_47[[#This Row],[序號]],2)=0, 韻母表_47[[#This Row],[序號]]/2, ROUNDUP(韻母表_47[[#This Row],[序號]]/2,0)) -> 2 | D5: 掀 | E5: 堅（舒） | F5: ɪan | H5: ian | I5: ian | J5: ian | K5: ian | L5: ian | M5: ㄧㄢ | N5: ㄧㄢ
B6: 4 | C6: =IF(MOD(韻母表_47[[#This Row],[序號]],2)=0, 韻母表_47[[#This Row],[序號]]/2, ROUNDUP(韻母表_47[[#This Row],[序號]]/2,0)) -> 2 | D6: 結 | E6: 堅（促） | F6: ɪat̚ | H6: iat | I6: iat | J6: iat | K6: iat | L6: iat | M6: ㄧㄚㆵ | N6: ㄧㄚㄉ
B7: 5 | C7: =IF(MOD(韻母表_47[[#This Row],[序號]],2)=0, 韻母表_47[[#This Row],[序號]]/2, ROUNDUP(韻母表_47[[#This Row],[序號]]/2,0)) -> 3 | D7: 深 | E7: 金（舒） | F7: im | H7: im | I7: im | J7: im | K7: im | L7: im | M7: ㄧㆬ | N7: ㄧㄇ
B8: 6 | C8: =IF(MOD(韻母表_47[[#This Row],[序號]],2)=0, 韻母表_47[[#This Row],[序號]]/2, ROUNDUP(韻母表_47[[#This Row],[序號]]/2,0)) -> 3 | D8: 急 | E8: 金（促） | F8: ip̚ | H8: ip | I8: ip | J8: ip | K8: ip | L8: ip | M8: 一ㆴ | N8: ㄧㄅ
B9: 7 | C9: =IF(MOD(韻母表_47[[#This Row],[序號]],2)=0, 韻母表_47[[#This Row],[序號]]/2, ROUNDUP(韻母表_47[[#This Row],[序號]]/2,0)) -> 4 | D9: 歸 | E9: 規（舒） | F9: ui | H9: ui | I9: ui | J9: ui | K9: ui | L9: ui | M9: ㄨㄧ | N9: ㄨㄧ
B10: 8 | C10: =IF(MOD(韻母表_47[[#This Row],[序號]],2)=0, 韻母表_47[[#This Row],[序號]]/2, ROUNDUP(韻母表_47[[#This Row],[序號]]/2,0)) -> 4 | E10: 規（促）
B11: 9 | C11: =IF(MOD(韻母表_47[[#This Row],[序號]],2)=0, 韻母表_47[[#This Row],[序號]]/2, ROUNDUP(韻母表_47[[#This Row],[序號]]/2,0)) -> 5 | D11: 加 | E11: 嘉（舒） | F11: e | G11: ɛ | H11: ee | I11: ee | J11: 0 | K11: 0 | L11: 0 | M11: ㄝ | N11: ㄝ
B12: 10 | C12: =IF(MOD(韻母表_47[[#This Row],[序號]],2)=0, 韻母表_47[[#This Row],[序號]]/2, ROUNDUP(韻母表_47[[#This Row],[序號]]/2,0)) -> 5 | D12: 格 | E12: 嘉（促） | F12: eʔ | G12: ɛʔ | H12: eeh | I12: eeh | J12: 0 | K12: 0 | L12: 0 | M12: ㄝㆷ | N12: ㄝㄏ
B13: 11 | C13: =IF(MOD(韻母表_47[[#This Row],[序號]],2)=0, 韻母表_47[[#This Row],[序號]]/2, ROUNDUP(韻母表_47[[#This Row],[序號]]/2,0)) -> 6 | D13: 蘭 | E13: 干（舒） | F13: an | H13: an | I13: an | J13: an | K13: an | L13: an | M13: ㄢ | N13: ㄢ
B14: 12 | C14: =IF(MOD(韻母表_47[[#This Row],[序號]],2)=0, 韻母表_47[[#This Row],[序號]]/2, ROUNDUP(韻母表_47[[#This Row],[序號]]/2,0)) -> 6 | D14: 擦 | E14: 干（促） | F14: at̚ | H14: at | I14: at | J14: at | K14: at | L14: at | M14: ㄚㆵ | N14: ㄚㄉ
B15: 13 | C15: =IF(MOD(韻母表_47[[#This Row],[序號]],2)=0, 韻母表_47[[#This Row],[序號]]/2, ROUNDUP(韻母表_47[[#This Row],[序號]]/2,0)) -> 7 | D15: 風 | E15: 公（舒） | F15: ɔŋ | H15: ong | I15: ong | J15: ong | K15: ong | L15: ong | M15: ㆲ | N15: ㄛㄥ
B16: 14 | C16: =IF(MOD(韻母表_47[[#This Row],[序號]],2)=0, 韻母表_47[[#This Row],[序號]]/2, ROUNDUP(韻母表_47[[#This Row],[序號]]/2,0)) -> 7 | D16: 服 | E16: 公（促） | F16: ɔk̚ | H16: ok | I16: ok | J16: ok | K16: ok | L16: ok | M16: ㆦㆻ | N16: ㄛㄍ
B17: 15 | C17: =IF(MOD(韻母表_47[[#This Row],[序號]],2)=0, 韻母表_47[[#This Row],[序號]]/2, ROUNDUP(韻母表_47[[#This Row],[序號]]/2,0)) -> 8 | D17: 怪 | E17: 乖（舒） | F17: uai | H17: uai | I17: uai | J17: oai | K17: uai | L17: uai | M17: ㄨㄞ | N17: ㄨㄞ
B18: 16 | C18: =IF(MOD(韻母表_47[[#This Row],[序號]],2)=0, 韻母表_47[[#This Row],[序號]]/2, ROUNDUP(韻母表_47[[#This Row],[序號]]/2,0)) -> 8 | D18: 孬 | E18: 乖（促） | F18: uaiʔ | H18: uaih | I18: uaih | J18: oaih | K18: uaih | L18: uaih | M18: ㄨㄞㆷ | N18: ㄨㄞㄏ
B19: 17 | C19: =IF(MOD(韻母表_47[[#This Row],[序號]],2)=0, 韻母表_47[[#This Row],[序號]]/2, ROUNDUP(韻母表_47[[#This Row],[序號]]/2,0)) -> 9 | D19: 情 | E19: 經（舒） | F19: ɪŋ | G19: ɛŋ | H19: ing | I19: ing | J19: eng | K19: ing | L19: ing | M19: ㄧㄥ | N19: ㄧㄥ
B20: 18 | C20: =IF(MOD(韻母表_47[[#This Row],[序號]],2)=0, 韻母表_47[[#This Row],[序號]]/2, ROUNDUP(韻母表_47[[#This Row],[序號]]/2,0)) -> 9 | D20: 測 | E20: 經（促） | F20: ɪk | G20: ɛk | H20: ik | I20: ik | J20: ek | K20: ik | L20: ik | M20: ㄧㆻ | N20: ㄧㄍ
B21: 19 | C21: =IF(MOD(韻母表_47[[#This Row],[序號]],2)=0, 韻母表_47[[#This Row],[序號]]/2, ROUNDUP(韻母表_47[[#This Row],[序號]]/2,0)) -> 10 | D21: 團 | E21: 觀（舒） | F21: uan | H21: uan | I21: uan | J21: oan | K21: uan | L21: uan | M21: ㄨㄢ | N21: ㄨㄢ
B22: 20 | C22: =IF(MOD(韻母表_47[[#This Row],[序號]],2)=0, 韻母表_47[[#This Row],[序號]]/2, ROUNDUP(韻母表_47[[#This Row],[序號]]/2,0)) -> 10 | D22: 決 | E22: 觀（促） | F22: uat̚ | H22: uat | I22: uat | J22: oat | K22: uat | L22: uat | M22: ㄨㄚㆵ | N22: ㄨㄚㄉ
B23: 21 | C23: =IF(MOD(韻母表_47[[#This Row],[序號]],2)=0, 韻母表_47[[#This Row],[序號]]/2, ROUNDUP(韻母表_47[[#This Row],[序號]]/2,0)) -> 11 | D23: 姑 | E23: 沽（舒） | F23: ɔ | G23: ou | H23: oo | I23: oo | J23: o͘ | K23: oo | L23: oo | M23: ㆦ | N23: ㄛ
B24: 22 | C24: =IF(MOD(韻母表_47[[#This Row],[序號]],2)=0, 韻母表_47[[#This Row],[序號]]/2, ROUNDUP(韻母表_47[[#This Row],[序號]]/2,0)) -> 11 | E24: 沽（促） | F24: =_xlfn.CONCAT(F23, "h") -> ɔh | H24: =_xlfn.CONCAT(H23, "h") -> ooh | I24: =_xlfn.CONCAT(I23, "h") -> ooh | J24: =_xlfn.CONCAT(J23, "h") -> o͘h | K24: =_xlfn.CONCAT(K23, "h") -> ooh | L24: =_xlfn.CONCAT(L23, "h") -> ooh | M24: =_xlfn.CONCAT(M23, "ㆷ") -> ㆦㆷ | N24: =_xlfn.CONCAT(N23, "ㄏ") -> ㄛㄏ
B25: 23 | C25: =IF(MOD(韻母表_47[[#This Row],[序號]],2)=0, 韻母表_47[[#This Row],[序號]]/2, ROUNDUP(韻母表_47[[#This Row],[序號]]/2,0)) -> 12 | D25: 鵰 | E25: 嬌（舒） | F25: ɪaʊ | H25: iau | I25: iau | J25: iau | K25: iao | L25: iau | M25: ㄧㄠ | N25: ㄧㄠ
B26: 24 | C26: =IF(MOD(韻母表_47[[#This Row],[序號]],2)=0, 韻母表_47[[#This Row],[序號]]/2, ROUNDUP(韻母表_47[[#This Row],[序號]]/2,0)) -> 12 | D26: 愀 | E26: 嬌（促） | F26: ɪaʊʔ | H26: iauh | I26: iauh | J26: iauh | K26: iaoh | L26: iauh | M26: ㄧㄠㆷ | N26: ㄧㄠㄏ
B27: 25 | C27: =IF(MOD(韻母表_47[[#This Row],[序號]],2)=0, 韻母表_47[[#This Row],[序號]]/2, ROUNDUP(韻母表_47[[#This Row],[序號]]/2,0)) -> 13 | D27: 街 | E27: 稽（舒） | F27: e | G27: ei | H27: e | I27: ei | J27: e | K27: e | L27: e | M27: ㆤ | N27: ㄝ
B28: 26 | C28: =IF(MOD(韻母表_47[[#This Row],[序號]],2)=0, 韻母表_47[[#This Row],[序號]]/2, ROUNDUP(韻母表_47[[#This Row],[序號]]/2,0)) -> 13
B29: 27 | C29: =IF(MOD(韻母表_47[[#This Row],[序號]],2)=0, 韻母表_47[[#This Row],[序號]]/2, ROUNDUP(韻母表_47[[#This Row],[序號]]/2,0)) -> 14 | D29: 中 | E29: 恭（舒） | F29: ɪɔŋ | H29: iong | I29: iong | J29: iong | K29: iong | L29: iong | M29: ㄧㆲ | N29: ㄧㄛㄥ
B30: 28 | C30: =IF(MOD(韻母表_47[[#This Row],[序號]],2)=0, 韻母表_47[[#This Row],[序號]]/2, ROUNDUP(韻母表_47[[#This Row],[序號]]/2,0)) -> 14 | D30: 菊 | E30: 恭（促） | F30: ɪɔk̚ | H30: iok | I30: iok | J30: iok | K30: iok | L30: iook | M30: ㄧㆦㆻ | N30: ㄧㄛㄍ
B31: 29 | C31: =IF(MOD(韻母表_47[[#This Row],[序號]],2)=0, 韻母表_47[[#This Row],[序號]]/2, ROUNDUP(韻母表_47[[#This Row],[序號]]/2,0)) -> 15 | D31: 刀 | E31: 高（舒） | F31: ə | H31: o | I31: o | J31: o | K31: o | L31: or | M31: ㄜ | N31: ㄜ
B32: 30 | C32: =IF(MOD(韻母表_47[[#This Row],[序號]],2)=0, 韻母表_47[[#This Row],[序號]]/2, ROUNDUP(韻母表_47[[#This Row],[序號]]/2,0)) -> 15 | D32: 卓 | E32: 高（促） | F32: əʔ | H32: oh | I32: oh | J32: oh | K32: oh | L32: orh | M32: ㄜㆷ | N32: ㄜㄏ
B33: 31 | C33: =IF(MOD(韻母表_47[[#This Row],[序號]],2)=0, 韻母表_47[[#This Row],[序號]]/2, ROUNDUP(韻母表_47[[#This Row],[序號]]/2,0)) -> 16 | D33: 皆 | E33: 皆（舒） | F33: aɪ | H33: ai | I33: ai | J33: ai | K33: ai | L33: ai | M33: ㄞ | N33: ㄞ
B34: 32 | C34: =IF(MOD(韻母表_47[[#This Row],[序號]],2)=0, 韻母表_47[[#This Row],[序號]]/2, ROUNDUP(韻母表_47[[#This Row],[序號]]/2,0)) -> 16
B35: 33 | C35: =IF(MOD(韻母表_47[[#This Row],[序號]],2)=0, 韻母表_47[[#This Row],[序號]]/2, ROUNDUP(韻母表_47[[#This Row],[序號]]/2,0)) -> 17 | D35: 今 | E35: 巾（舒） | F35: in | H35: in | I35: in | J35: in | K35: in | L35: in | M35: ㄧㄣ | N35: ㄧㄣ
B36: 34 | C36: =IF(MOD(韻母表_47[[#This Row],[序號]],2)=0, 韻母表_47[[#This Row],[序號]]/2, ROUNDUP(韻母表_47[[#This Row],[序號]]/2,0)) -> 17 | D36: 乞 | E36: 巾（促） | F36: it̚ | H36: it | I36: it | J36: it | K36: it | L36: it | M36: ㄧㆵ | N36: ㄧㄉ
B37: 35 | C37: =IF(MOD(韻母表_47[[#This Row],[序號]],2)=0, 韻母表_47[[#This Row],[序號]]/2, ROUNDUP(韻母表_47[[#This Row],[序號]]/2,0)) -> 18 | D37: 漳 | E37: 姜（舒） | F37: ɪaŋ | H37: iang | I37: iang | J37: iang | K37: iang | L37: iang | M37: ㄧㄤ | N37: ㄧㄤ
B38: 36 | C38: =IF(MOD(韻母表_47[[#This Row],[序號]],2)=0, 韻母表_47[[#This Row],[序號]]/2, ROUNDUP(韻母表_47[[#This Row],[序號]]/2,0)) -> 18 | D38: 鑠 | E38: 姜（促） | F38: ɪak̚ | H38: iak | I38: iak | J38: iak | K38: iak | L38: iak | M38: ㄧㄚㆻ | N38: ㄧㄚㄍ
B39: 37 | C39: =IF(MOD(韻母表_47[[#This Row],[序號]],2)=0, 韻母表_47[[#This Row],[序號]]/2, ROUNDUP(韻母表_47[[#This Row],[序號]]/2,0)) -> 19 | D39: 堪 | E39: 甘（舒） | F39: am | H39: am | I39: am | J39: am | K39: am | L39: am | M39: ㆰ | N39: ㄚㄇ
B40: 38 | C40: =IF(MOD(韻母表_47[[#This Row],[序號]],2)=0, 韻母表_47[[#This Row],[序號]]/2, ROUNDUP(韻母表_47[[#This Row],[序號]]/2,0)) -> 19 | D40: 合 | E40: 甘（促） | F40: ap̚ | H40: ap | I40: ap | J40: ap | K40: ap | L40: ap | M40: ㄚㆴ | N40: ㄚㄅ
B41: 39 | C41: =IF(MOD(韻母表_47[[#This Row],[序號]],2)=0, 韻母表_47[[#This Row],[序號]]/2, ROUNDUP(韻母表_47[[#This Row],[序號]]/2,0)) -> 20 | D41: 呱 | E41: 瓜（舒） | F41: ua | H41: ua | I41: ua | J41: oa | K41: ua | L41: ua | M41: ㄨㄚ | N41: ㄨㄚ
B42: 40 | C42: =IF(MOD(韻母表_47[[#This Row],[序號]],2)=0, 韻母表_47[[#This Row],[序號]]/2, ROUNDUP(韻母表_47[[#This Row],[序號]]/2,0)) -> 20 | D42: 割 | E42: 瓜（促） | F42: uaʔ | H42: uah | I42: uah | J42: oah | K42: uah | L42: uah | M42: ㄨㄚㆷ | N42: ㄨㄚㄏ
B43: 41 | C43: =IF(MOD(韻母表_47[[#This Row],[序號]],2)=0, 韻母表_47[[#This Row],[序號]]/2, ROUNDUP(韻母表_47[[#This Row],[序號]]/2,0)) -> 21 | D43: 東 | E43: 江（舒） | F43: aŋ | H43: ang | I43: ang | J43: ang | K43: ang | L43: ang | M43: ㄤ | N43: ㄤ
B44: 42 | C44: =IF(MOD(韻母表_47[[#This Row],[序號]],2)=0, 韻母表_47[[#This Row],[序號]]/2, ROUNDUP(韻母表_47[[#This Row],[序號]]/2,0)) -> 21 | D44: 北 | E44: 江（促） | F44: ak̚ | H44: ak | I44: ak | J44: ak | K44: ak | L44: ak | M44: ㄚㆻ | N44: ㄚㄍ
B45: 43 | C45: =IF(MOD(韻母表_47[[#This Row],[序號]],2)=0, 韻母表_47[[#This Row],[序號]]/2, ROUNDUP(韻母表_47[[#This Row],[序號]]/2,0)) -> 22 | D45: 謙 | E45: 兼（舒） | F45: ɪam | H45: iam | I45: iam | J45: iam | K45: iam | L45: iam | M45: ㄧㆰ | N45: ㄧㄚㄇ
B46: 44 | C46: =IF(MOD(韻母表_47[[#This Row],[序號]],2)=0, 韻母表_47[[#This Row],[序號]]/2, ROUNDUP(韻母表_47[[#This Row],[序號]]/2,0)) -> 22 | D46: 俠 | E46: 兼（促） | F46: ɪap̚ | H46: iap | I46: iap | J46: iap | K46: iap | L46: iap | M46: ㄧㄚㆴ | N46: ㄧㄚㄅ
... B50: 48 | C50: =IF(MOD(韻母表_47[[#This Row],[序號]],2)=0, 韻母表_47[[#This Row],[序號]]/2, ROUNDUP(韻母表_47[[#This Row],[序號]]/2,0)) -> 24 | D50: 壁 | E50: 迦（促） | F50: ɪaʔ | H50: iah | I50: iah | J50: iah | K50: iah | L50: iah | M50: ㄧㄚㆷ | N50: ㄧㄚㄏ
B51: 49 | C51: =IF(MOD(韻母表_47[[#This Row],[序號]],2)=0, 韻母表_47[[#This Row],[序號]]/2, ROUNDUP(韻母表_47[[#This Row],[序號]]/2,0)) -> 25 | D51: 魁 | E51: 檜（舒） | F51: ue | G51: uei | H51: ue | I51: ue | J51: oe | K51: ue | L51: ue | M51: ㄨㆤ | N51: ㄨㄝ
B52: 50 | C52: =IF(MOD(韻母表_47[[#This Row],[序號]],2)=0, 韻母表_47[[#This Row],[序號]]/2, ROUNDUP(韻母表_47[[#This Row],[序號]]/2,0)) -> 25 | D52: 郭 | E52: 檜（促） | F52: ueʔ | G52: ueiʔ | H52: ueh | I52: ueh | J52: oeh | K52: ueh | L52: ueh | M52: ㄨㆤㆷ | N52: ㄨㄝㄏ
B53: 51 | C53: =IF(MOD(韻母表_47[[#This Row],[序號]],2)=0, 韻母表_47[[#This Row],[序號]]/2, ROUNDUP(韻母表_47[[#This Row],[序號]]/2,0)) -> 26 | D53: 擔 | E53: 監（舒） | F53: ã | H53: ann | I53: ann | J53: aⁿ | K53: na | L53: ann | M53: ㆩ | N53: ⁰ㄚ
B54: 52 | C54: =IF(MOD(韻母表_47[[#This Row],[序號]],2)=0, 韻母表_47[[#This Row],[序號]]/2, ROUNDUP(韻母表_47[[#This Row],[序號]]/2,0)) -> 26 | D54: 喢 | E54: 監（促） | F54: ãʔ | H54: annh | I54: annh | J54: ahⁿ | K54: nah | L54: annh | M54: ㆩㆷ | N54: ⁰ㄚㄏ
B55: 53 | C55: =IF(MOD(韻母表_47[[#This Row],[序號]],2)=0, 韻母表_47[[#This Row],[序號]]/2, ROUNDUP(韻母表_47[[#This Row],[序號]]/2,0)) -> 27 | D55: 丘 | E55: 艍（舒） | F55: u | H55: u | I55: u | J55: u | K55: u | L55: u | M55: ㄨ | N55: ㄨ
B56: 54 | C56: =IF(MOD(韻母表_47[[#This Row],[序號]],2)=0, 韻母表_47[[#This Row],[序號]]/2, ROUNDUP(韻母表_47[[#This Row],[序號]]/2,0)) -> 27 | D56: 焠 | E56: 艍（促） | F56: uʔ | H56: uh | I56: uh | J56: uh | K56: uh | L56: uh | M56: ㄨㆷ | N56: ㄨㄏ
B57: 55 | C57: =IF(MOD(韻母表_47[[#This Row],[序號]],2)=0, 韻母表_47[[#This Row],[序號]]/2, ROUNDUP(韻母表_47[[#This Row],[序號]]/2,0)) -> 28 | D57: 咬 | E57: 膠（舒） | F57: a | H57: a | I57: a | J57: a | K57: a | L57: a | M57: ㄚ | N57: ㄚ
B58: 56 | C58: =IF(MOD(韻母表_47[[#This Row],[序號]],2)=0, 韻母表_47[[#This Row],[序號]]/2, ROUNDUP(韻母表_47[[#This Row],[序號]]/2,0)) -> 28 | D58: 搭 | E58: 膠（促） | F58: aʔ | H58: ah | I58: ah | J58: ah | K58: ah | L58: ah | M58: ㄚㆷ | N58: ㄚㄏ
B59: 57 | C59: =IF(MOD(韻母表_47[[#This Row],[序號]],2)=0, 韻母表_47[[#This Row],[序號]]/2, ROUNDUP(韻母表_47[[#This Row],[序號]]/2,0)) -> 29 | D59: 其 | E59: 居（舒） | F59: i | H59: i | I59: i | J59: i | K59: i | L59: i | M59: ㄧ | N59: ㄧ
B60: 58 | C60: =IF(MOD(韻母表_47[[#This Row],[序號]],2)=0, 韻母表_47[[#This Row],[序號]]/2, ROUNDUP(韻母表_47[[#This Row],[序號]]/2,0)) -> 29 | D60: 摺 | E60: 居（促） | F60: iʔ | H60: ih | I60: ih | J60: ih | K60: ih | L60: ih | M60: ㄧㆷ | N60: ㄧㄏ
B61: 59 | C61: =IF(MOD(韻母表_47[[#This Row],[序號]],2)=0, 韻母表_47[[#This Row],[序號]]/2, ROUNDUP(韻母表_47[[#This Row],[序號]]/2,0)) -> 30 | D61: 抽 | E61: 丩（舒） | F61: ɪu | H61: iu | I61: iu | J61: iu | K61: iu | L61: iu | M61: ㄧㄨ | N61: ㄧㄨ
B62: 60 | C62: =IF(MOD(韻母表_47[[#This Row],[序號]],2)=0, 韻母表_47[[#This Row],[序號]]/2, ROUNDUP(韻母表_47[[#This Row],[序號]]/2,0)) -> 30
B63: 61 | C63: =IF(MOD(韻母表_47[[#This Row],[序號]],2)=0, 韻母表_47[[#This Row],[序號]]/2, ROUNDUP(韻母表_47[[#This Row],[序號]]/2,0)) -> 31 | D63: 青 | E63: 更（舒） | F63: =_xlfn.CONCAT("e", _xlfn.UNICHAR(HEX2DEC(RIGHT("U+0303",4)))) -> ẽ | G63: =_xlfn.CONCAT("ɛ", _xlfn.UNICHAR(HEX2DEC(RIGHT("U+0303",4)))) -> ɛ̃ | H63: enn | I63: enn | J63: eⁿ | K63: ne | L63: enn | M63: ㆥ | N63: ⁰ㄝ
B64: 62 | C64: =IF(MOD(韻母表_47[[#This Row],[序號]],2)=0, 韻母表_47[[#This Row],[序號]]/2, ROUNDUP(韻母表_47[[#This Row],[序號]]/2,0)) -> 31 | D64: 喀 | E64: 更（促） | F64: =_xlfn.CONCAT("e", _xlfn.UNICHAR(HEX2DEC(RIGHT("U+0294",4)))) -> eʔ | G64: =_xlfn.CONCAT("ɛ", _xlfn.UNICHAR(HEX2DEC(RIGHT("U+0294",4)))) -> ɛʔ | H64: ennh | I64: ennh | J64: ehⁿ | K64: ennh | L64: ennh | M64: ㆥㆷ | N64: ⁰ㄝㄏ
B65: 63 | C65: =IF(MOD(韻母表_47[[#This Row],[序號]],2)=0, 韻母表_47[[#This Row],[序號]]/2, ROUNDUP(韻母表_47[[#This Row],[序號]]/2,0)) -> 32 | D65: 褌 | E65: 褌（舒） | F65: uĩ | H65: uinn | I65: uinn | J65: uiⁿ | K65: nui | L65: uinn | M65: ㄨㆪ | N65: ⁰ㄨㄧ
B66: 64 | C66: =IF(MOD(韻母表_47[[#This Row],[序號]],2)=0, 韻母表_47[[#This Row],[序號]]/2, ROUNDUP(韻母表_47[[#This Row],[序號]]/2,0)) -> 32
B67: 65 | C67: =IF(MOD(韻母表_47[[#This Row],[序號]],2)=0, 韻母表_47[[#This Row],[序號]]/2, ROUNDUP(韻母表_47[[#This Row],[序號]]/2,0)) -> 33 | D67: 招 | E67: 茄（舒） | F67: ɪə | H67: io | I67: io | J67: io | K67: io | L67: ior | M67: ㄧㄜ | N67: ㄧㄜ
B68: 66 | C68: =IF(MOD(韻母表_47[[#This Row],[序號]],2)=0, 韻母表_47[[#This Row],[序號]]/2, ROUNDUP(韻母表_47[[#This Row],[序號]]/2,0)) -> 33 | D68: 借 | E68: 茄（促） | F68: ɪəʔ | H68: ioh | I68: ioh | J68: ioh | K68: ioh | L68: iorh | M68: ㄧㄜㆷ | N68: ㄧㄜㄏ
B69: 67 | C69: =IF(MOD(韻母表_47[[#This Row],[序號]],2)=0, 韻母表_47[[#This Row],[序號]]/2, ROUNDUP(韻母表_47[[#This Row],[序號]]/2,0)) -> 34 | D69: 甜 | E69: 梔（舒） | F69: ĩ | H69: inn | I69: inn | J69: iⁿ | K69: ni | L69: inn | M69: ㆪ | N69: ⁰ㄧ
B70: 68 | C70: =IF(MOD(韻母表_47[[#This Row],[序號]],2)=0, 韻母表_47[[#This Row],[序號]]/2, ROUNDUP(韻母表_47[[#This Row],[序號]]/2,0)) -> 34 | E70: 梔（促） | F70: ĩʔ
B71: 69 | C71: =IF(MOD(韻母表_47[[#This Row],[序號]],2)=0, 韻母表_47[[#This Row],[序號]]/2, ROUNDUP(韻母表_47[[#This Row],[序號]]/2,0)) -> 35 | D71: 腔 | E71: 薑（舒） | F71: ɪɔ̃ | H71: ionn | I71: ionn | J71: ioⁿ | K71: nioo | L71: ioonn | M71: ㄧㆧ | N71: ⁰ㄧㄛ
B72: 70 | C72: =IF(MOD(韻母表_47[[#This Row],[序號]],2)=0, 韻母表_47[[#This Row],[序號]]/2, ROUNDUP(韻母表_47[[#This Row],[序號]]/2,0)) -> 35
B73: 71 | C73: =IF(MOD(韻母表_47[[#This Row],[序號]],2)=0, 韻母表_47[[#This Row],[序號]]/2, ROUNDUP(韻母表_47[[#This Row],[序號]]/2,0)) -> 36 | D73: 聽 | E73: 驚（舒） | F73: ɪã | H73: iann | I73: iann | J73: iaⁿ | K73: nia | L73: iann | M73: ㄧㆩ | N73: ⁰ㄧㄚ
B74: 72 | C74: =IF(MOD(韻母表_47[[#This Row],[序號]],2)=0, 韻母表_47[[#This Row],[序號]]/2, ROUNDUP(韻母表_47[[#This Row],[序號]]/2,0)) -> 36 | E74: 驚（促） | F74: =_xlfn.CONCAT(F73, "h") -> ɪãh | H74: =_xlfn.CONCAT(H73, "h") -> iannh | I74: =_xlfn.CONCAT(I73, "h") -> iannh | J74: =_xlfn.CONCAT(J73, "h") -> iaⁿh | K74: =_xlfn.CONCAT(K73, "h") -> niah | L74: =_xlfn.CONCAT(L73, "h") -> iannh | M74: =_xlfn.CONCAT(M73, "ㆷ") -> ㄧㆩㆷ | N74: =_xlfn.CONCAT(N73, "ㄏ") -> ⁰ㄧㄚㄏ
B75: 73 | C75: =IF(MOD(韻母表_47[[#This Row],[序號]],2)=0, 韻母表_47[[#This Row],[序號]]/2, ROUNDUP(韻母表_47[[#This Row],[序號]]/2,0)) -> 37 | D75: 單 | E75: 官（舒） | F75: uã | H75: uann | I75: uann | J75: oaⁿ | K75: nua | L75: uann | M75: ㄨㆩ | N75: ⁰ㄨㄚ
B76: 74 | C76: =IF(MOD(韻母表_47[[#This Row],[序號]],2)=0, 韻母表_47[[#This Row],[序號]]/2, ROUNDUP(韻母表_47[[#This Row],[序號]]/2,0)) -> 37
B77: 75 | C77: =IF(MOD(韻母表_47[[#This Row],[序號]],2)=0, 韻母表_47[[#This Row],[序號]]/2, ROUNDUP(韻母表_47[[#This Row],[序號]]/2,0)) -> 38 | D77: 湯 | E77: 鋼（舒） | F77: ŋ̍ | H77: ng | I77: ng | J77: ng | K77: ng | L77: ng | M77: ㆭ | N77: ㄥ
B78: 76 | C78: =IF(MOD(韻母表_47[[#This Row],[序號]],2)=0, 韻母表_47[[#This Row],[序號]]/2, ROUNDUP(韻母表_47[[#This Row],[序號]]/2,0)) -> 38 | E78: 鋼（促） | F78: =_xlfn.CONCAT(F77, "h") -> ŋ̍h | H78: =_xlfn.CONCAT(H77, "h") -> ngh | I78: =_xlfn.CONCAT(I77, "h") -> ngh | J78: =_xlfn.CONCAT(J77, "h") -> ngh | K78: =_xlfn.CONCAT(K77, "h") -> ngh | L78: =_xlfn.CONCAT(L77, "h") -> ngh | M78: =_xlfn.CONCAT(M77, "ㆷ") -> ㆭㆷ | N78: =_xlfn.CONCAT(N77, "ㄏ") -> ㄥㄏ
B79: 77 | C79: =IF(MOD(韻母表_47[[#This Row],[序號]],2)=0, 韻母表_47[[#This Row],[序號]]/2, ROUNDUP(韻母表_47[[#This Row],[序號]]/2,0)) -> 39 | D79: 短 | E79: 伽（舒） | F79: e
B80: 78 | C80: =IF(MOD(韻母表_47[[#This Row],[序號]],2)=0, 韻母表_47[[#This Row],[序號]]/2, ROUNDUP(韻母表_47[[#This Row],[序號]]/2,0)) -> 39 | D80: 篋 | E80: 伽（促） | F80: eʔ | H80: eh | I80: eh | J80: eh | K80: eh | L80: eh | M80: ㆤㆷ | N80: ㄝㄏ
B81: 79 | C81: =IF(MOD(韻母表_47[[#This Row],[序號]],2)=0, 韻母表_47[[#This Row],[序號]]/2, ROUNDUP(韻母表_47[[#This Row],[序號]]/2,0)) -> 40 | D81: 歹 | E81: 閒（舒） | F81: ãɪ | H81: ainn | I81: ainn | J81: aiⁿ | K81: nai | L81: ainn | M81: ㆮ | N81: ⁰ㄞ
B82: 80 | C82: =IF(MOD(韻母表_47[[#This Row],[序號]],2)=0, 韻母表_47[[#This Row],[序號]]/2, ROUNDUP(韻母表_47[[#This Row],[序號]]/2,0)) -> 40
B83: 81 | C83: =IF(MOD(韻母表_47[[#This Row],[序號]],2)=0, 韻母表_47[[#This Row],[序號]]/2, ROUNDUP(韻母表_47[[#This Row],[序號]]/2,0)) -> 41 | D83: 姑 | E83: 姑（舒） | F83: =_xlfn.CONCAT("ɔ", _xlfn.UNICHAR(HEX2DEC(RIGHT("U+0303",4)))) -> ɔ̃ | G83: =_xlfn.CONCAT("o", _xlfn.UNICHAR(HEX2DEC(RIGHT("U+0303",4))), "u") -> õu | H83: onn | I83: onn | J83: oⁿ | K83: noo | L83: oonn | M83: ㆧ | N83: ⁰ㄛ
B84: 82 | C84: =IF(MOD(韻母表_47[[#This Row],[序號]],2)=0, 韻母表_47[[#This Row],[序號]]/2, ROUNDUP(韻母表_47[[#This Row],[序號]]/2,0)) -> 41
B85: 83 | C85: =IF(MOD(韻母表_47[[#This Row],[序號]],2)=0, 韻母表_47[[#This Row],[序號]]/2, ROUNDUP(韻母表_47[[#This Row],[序號]]/2,0)) -> 42 | D85: 姆 | E85: 姆（舒） | F85: m̩ | H85: m | I85: m | J85: m | K85: m | L85: m | M85: ㆬ | N85: ㄇ
B86: 84 | C86: =IF(MOD(韻母表_47[[#This Row],[序號]],2)=0, 韻母表_47[[#This Row],[序號]]/2, ROUNDUP(韻母表_47[[#This Row],[序號]]/2,0)) -> 42 | E86: 姆（促） | F86: =_xlfn.CONCAT(F85, "h") -> m̩h | H86: =_xlfn.CONCAT(H85, "h") -> mh | I86: =_xlfn.CONCAT(I85, "h") -> mh | J86: =_xlfn.CONCAT(J85, "h") -> mh | K86: =_xlfn.CONCAT(K85, "h") -> mh | L86: =_xlfn.CONCAT(L85, "h") -> mh | M86: =_xlfn.CONCAT(M85, "ㆷ") -> ㆬㆷ | N86: =_xlfn.CONCAT(N85, "ㄏ") -> ㄇㄏ
B87: 85 | C87: =IF(MOD(韻母表_47[[#This Row],[序號]],2)=0, 韻母表_47[[#This Row],[序號]]/2, ROUNDUP(韻母表_47[[#This Row],[序號]]/2,0)) -> 43 | D87: 闖 | E87: 光（舒） | F87: uaŋ | H87: uang | I87: uang | J87: oang | K87: uang | L87: uang | M87: ㄨㄤ | N87: ㄨㄤ
B88: 86 | C88: =IF(MOD(韻母表_47[[#This Row],[序號]],2)=0, 韻母表_47[[#This Row],[序號]]/2, ROUNDUP(韻母表_47[[#This Row],[序號]]/2,0)) -> 43 | E88: 光（促） | F88: uak
B89: 87 | C89: =IF(MOD(韻母表_47[[#This Row],[序號]],2)=0, 韻母表_47[[#This Row],[序號]]/2, ROUNDUP(韻母表_47[[#This Row],[序號]]/2,0)) -> 44 | E89: 閂（舒） | F89: uãi | H89: uainn | I89: uainn | J89: oaiⁿ | K89: nuai | L89: uainn | M89: ㄨㆮ | N89: ⁰ㄨㄞ
B90: 88 | C90: =IF(MOD(韻母表_47[[#This Row],[序號]],2)=0, 韻母表_47[[#This Row],[序號]]/2, ROUNDUP(韻母表_47[[#This Row],[序號]]/2,0)) -> 44 | E90: 閂（促） | F90: uãiʔ | H90: uainnh | I90: uaihnn | J90: oaihⁿ | K90: uainnh | L90: uainnh | M90: ㄨㆮㆷ | N90: ⁰ㄨㄞㄏ
B91: 89 | C91: =IF(MOD(韻母表_47[[#This Row],[序號]],2)=0, 韻母表_47[[#This Row],[序號]]/2, ROUNDUP(韻母表_47[[#This Row],[序號]]/2,0)) -> 45 | D91: 糜 | E91: 糜（舒） | F91: uẽi
B92: 90 | C92: =IF(MOD(韻母表_47[[#This Row],[序號]],2)=0, 韻母表_47[[#This Row],[序號]]/2, ROUNDUP(韻母表_47[[#This Row],[序號]]/2,0)) -> 45 | D92: 妹 | E92: 糜（促） | F92: uẽiʔ
B93: 91 | C93: =IF(MOD(韻母表_47[[#This Row],[序號]],2)=0, 韻母表_47[[#This Row],[序號]]/2, ROUNDUP(韻母表_47[[#This Row],[序號]]/2,0)) -> 46 | D93: 嘄 | E93: 嘄（舒） | F93: ɪãʊ | H93: iaunn | I93: iaunn | J93: iauⁿ | K93: niao | L93: iaunn | M93: ㄧㆯ | N93: ⁰ㄧㄠ
B94: 92 | C94: =IF(MOD(韻母表_47[[#This Row],[序號]],2)=0, 韻母表_47[[#This Row],[序號]]/2, ROUNDUP(韻母表_47[[#This Row],[序號]]/2,0)) -> 46 | D94: 岋 | E94: 嘄（促） | F94: ɪãʊʔ
B95: 93 | C95: =IF(MOD(韻母表_47[[#This Row],[序號]],2)=0, 韻母表_47[[#This Row],[序號]]/2, ROUNDUP(韻母表_47[[#This Row],[序號]]/2,0)) -> 47 | D95: 丼 | E95: 箴（舒） | F95: ɔm | H95: om | I95: om | J95: om | K95: om | L95: oom | M95: ㆱ | N95: ㄛㄇ
B96: 94 | C96: =IF(MOD(韻母表_47[[#This Row],[序號]],2)=0, 韻母表_47[[#This Row],[序號]]/2, ROUNDUP(韻母表_47[[#This Row],[序號]]/2,0)) -> 47 | D96: 喥 | E96: 箴（促） | F96: ɔp̚ | H96: op | I96: op | J96: op | K96: op | L96: oop | M96: ㆦㆴ | N96: ㄛㄅ
B97: 95 | C97: =IF(MOD(韻母表_47[[#This Row],[序號]],2)=0, 韻母表_47[[#This Row],[序號]]/2, ROUNDUP(韻母表_47[[#This Row],[序號]]/2,0)) -> 48 | D97: 藕 | E97: 爻（舒） | F97: ãʊ
B98: 96 | C98: =IF(MOD(韻母表_47[[#This Row],[序號]],2)=0, 韻母表_47[[#This Row],[序號]]/2, ROUNDUP(韻母表_47[[#This Row],[序號]]/2,0)) -> 48
B99: 97 | C99: =IF(MOD(韻母表_47[[#This Row],[序號]],2)=0, 韻母表_47[[#This Row],[序號]]/2, ROUNDUP(韻母表_47[[#This Row],[序號]]/2,0)) -> 49 | E99: 扛（舒） | F99: ɔ̃
B100: 98 | C100: =IF(MOD(韻母表_47[[#This Row],[序號]],2)=0, 韻母表_47[[#This Row],[序號]]/2, ROUNDUP(韻母表_47[[#This Row],[序號]]/2,0)) -> 49 | E100: 扛（促） | F100: ɔ̃ʔ | H100: onnh | I100: ohnn | J100: ohⁿ | K100: niuh | L100: onnh | M100: ㆧㆷ | N100: ⁰ㄛㄏ
B101: 99 | C101: =IF(MOD(韻母表_47[[#This Row],[序號]],2)=0, 韻母表_47[[#This Row],[序號]]/2, ROUNDUP(韻母表_47[[#This Row],[序號]]/2,0)) -> 50 | D101: 腔 | E101: 牛（舒） | F101: ɪũ | H101: iunn | I101: iunn | J101: iuⁿ | K101: niu | L101: iunn | M101: ㄧㆫ | N101: ⁰ㄧㄨ
B102: 100 | C102: =IF(MOD(韻母表_47[[#This Row],[序號]],2)=0, 韻母表_47[[#This Row],[序號]]/2, ROUNDUP(韻母表_47[[#This Row],[序號]]/2,0)) -> 50 | E102: 牛（促） | F102: ɪũʔ | H102: iunnh | I102: iunnh | J102: iuhⁿ | K102: niuh | L102: iunnh | M102: ㄧㆫㆷ | N102: ⁰ㄧㄨㄏ

Sheet 字母八音反切
B2: 字母序 | C2: 上平 | D2: 上上 | E2: 上去 | F2: 上入 | G2: 下平 | H2: 下上 | I2: 下去 | J2: 下入 | K2: 舒聲韻 | L2: 促聲韻
C3: 一 | D3: 二 | E3: 三 | F3: 四 | G3: 五 | H3: 六 | I3: 七 | J3: 八 | N3: 1 | O3: 2 | P3: 3 | Q3: 4 | R3: 5 | S3: 6 | T3: 7 | U3: 8 | V3: 註 | W3: 韻讀擬測
B4: 1 | C4: 君 | D4: 滾 | E4: 棍 | F4: 骨 | G4: 群 | H4: 滾 | I4: 郡 | J4: 滑 | K4: =Z4 -> un | L4: =AA4 -> ut | N4: k_un | O4: k_ún | P4: k_ùn | Q4: k_ut | R4: k_ûn | S4: k_ún | T4: k_ūn | U4: k_u̍t | W4: un、ut | X4: un、ut | Y4: =FIND("、",W4) -> 3 | Z4: =LEFT(W4,Y4-1) -> un | AA4: =MID(W4,Y4+1, LEN(W4)) -> ut
B5: 2 | C5: 堅 | D5: 蹇 | E5: 見 | F5: 結 | G5: ○ | H5: 蹇 | I5: 健 | J5: 傑 | K5: =Z5 -> ian | L5: =AA5 -> iat | N5: k_ian | O5: k_ián | P5: k_iàn | Q5: k_iat | R5: k_iân | S5: k_ián | T5: k_iān | U5: k_ia̍t | W5: ian、iat | X5: an、at | Y5: =FIND("、",W5) -> 4 | Z5: =LEFT(W5,Y5-1) -> ian | AA5: =MID(W5,Y5+1, LEN(W5)) -> iat
B6: 3 | C6: 金 | D6: 錦 | E6: 禁 | F6: 急 | G6: ○ | H6: 錦 | I6: 㦗 | J6: 及 | K6: =Z6 -> im | L6: =AA6 -> ip | N6: k_im | O6: k_ím | P6: k_ìm | Q6: k_ip | R6: k_îm | S6: k_ím | T6: k_īm | U6: k_i̍p | W6: im、ip | X6: im、ip | Y6: =FIND("、",W6) -> 3 | Z6: =LEFT(W6,Y6-1) -> im | AA6: =MID(W6,Y6+1, LEN(W6)) -> ip
B7: 4 | C7: 規 | D7: 鬼 | E7: 季 | F7: ○ | G7: 葵 | H7: 鬼 | I7: 櫃 | J7: ○ | K7: =Z7 -> ui | L7: =AA7 -> uih | N7: k_ui | O7: k_uí | P7: k_uì | Q7: k_uih | R7: k_uî | S7: k_uí | T7: k_uī | U7: k_ui̍h | W7: ui、uih | X7: ui、uih | Y7: =FIND("、",W7) -> 3 | Z7: =LEFT(W7,Y7-1) -> ui | AA7: =MID(W7,Y7+1, LEN(W7)) -> uih
B8: 5 | C8: 嘉 | D8: 賈 | E8: 嫁 | F8: 骼 | G8: 枷 | H8: 假 | I8: 下 | J8: 逆 | K8: =Z8 -> ee | L8: =AA8 -> eeh | N8: k_ee | O8: k_ée | P8: k_èe | Q8: k_eeh | R8: k_êe | S8: k_ée | T8: k_ēe | U8: k_e̍h | V8: (c.f.稽&伽) | W8: ee、eeh | X8: e、eh | Y8: =FIND("、",W8) -> 3 | Z8: =LEFT(W8,Y8-1) -> ee | AA8: =MID(W8,Y8+1, LEN(W8)) -> eeh
B9: 6 | C9: 干 | D9: 柬 | E9: 澗 | F9: 葛 | G9: ○ | H9: 柬 | I9: ○ | J9: ○ | K9: =Z9 -> an | L9: =AA9 -> ant | N9: k_an | O9: k_án | P9: k_àn | Q9: k_at | R9: k_ân | S9: k_án | T9: k_ān | U9: k_a̍t | W9: an、ant | X9: an、ant | Y9: =FIND("、",W9) -> 3 | Z9: =LEFT(W9,Y9-1) -> an | AA9: =MID(W9,Y9+1, LEN(W9)) -> ant
B10: 7 | C10: 公 | D10: 廣 | E10: 貢 | F10: 國 | G10: 狂 | H10: 廣 | I10: 狂 | J10: 咯 | K10: =Z10 -> ong | L10: =AA10 -> ok | N10: k_ong | O10: k_óng | P10: k_òng | Q10: k_ok | R10: k_ông | S10: k_óng | T10: k_ōng | U10: k_o̍k | W10: ong、ok | X10: ong、ok | Y10: =FIND("、",W10) -> 4 | Z10: =LEFT(W10,Y10-1) -> ong | AA10: =MID(W10,Y10+1, LEN(W10)) -> ok
B11: 8 | C11: 乖 | D11: 拐 | E11: 怪 | F11: ○ | G11: ○ | H11: 拐 | I11: ○ | J11: ○ | K11: =Z11 -> uai | L11: =AA11 -> uaih | N11: k_uai | O11: k_uái | P11: k_uài | Q11: k_uaih | R11: k_uâi | S11: k_uái | T11: k_uāi | U11: k_ua̍ih | W11: uai、uaih | X11: uai、uaih | Y11: =FIND("、",W11) -> 4 | Z11: =LEFT(W11,Y11-1) -> uai | AA11: =MID(W11,Y11+1, LEN(W11)) -> uaih
B12: 9 | C12: 經 | D12: 景 | E12: 敬 | F12: 格 | G12: 煢 | H12: 景 | I12: 勁 | J12: 極 | K12: =Z12 -> eng | L12: =AA12 -> ek | N12: k_ing | O12: k_íng | P12: k_ìng | Q12: k_ik | R12: k_îng | S12: k_íng | T12: k_īng | U12: k_i̍k | V12: 勁，又作梗。 | W12: eng、ek | X12: ing、ik | Y12: =FIND("、",W12) -> 4 | Z12: =LEFT(W12,Y12-1) -> eng | AA12: =MID(W12,Y12+1, LEN(W12)) -> ek
B13: 10 | C13: 觀 | D13: 琯 | E13: 貫 | F13: 适 | G13: 權 | H13: 琯 | I13: 縣 | J13: 橜 | K13: =Z13 -> uan | L13: =AA13 -> uat | N13: k_uan | O13: k_uán | P13: k_uàn | Q13: k_uat | R13: k_uân | S13: k_uán | T13: k_uān | U13: k_ua̍t | V13: 适，又作決。縣，又作倦。 | W13: uan、uat | X13: uan、uat | Y13: =FIND("、",W13) -> 4 | Z13: =LEFT(W13,Y13-1) -> uan | AA13: =MID(W13,Y13+1, LEN(W13)) -> uat
B14: 11 | C14: 沽 | D14: 古 | E14: 固 | F14: ○ | G14: 糊 | H14: 古 | I14: 怙 | J14: ○ | K14: =Z14 -> oo | L14: =AA14 -> ooh | N14: k_ou | O14: k_óu | P14: k_òu | Q14: k_ouh | R14: k_ôu | S14: k_óu | T14: k_ōu | U14: k_o̍uh | W14: oo、ooh | X14: oo、ooh | Y14: =FIND("、",W14) -> 3 | Z14: =LEFT(W14,Y14-1) -> oo | AA14: =MID(W14,Y14+1, LEN(W14)) -> ooh
B15: 12 | C15: 嬌 | D15: 皎 | E15: 呌 | F15: 勪 | G15: 橋 | H15: 皎 | I15: 轎 | J15: 噭 | K15: =Z15 -> iau | L15: =AA15 -> iauh | N15: k_iau | O15: k_iáu | P15: k_iàu | Q15: k_iauh | R15: k_iâu | S15: k_iáu | T15: k_iāu | U15: k_ia̍uh | V15: 橋,又作喬。 | W15: iau、iauh | X15: iau、iauh | Y15: =FIND("、",W15) -> 4 | Z15: =LEFT(W15,Y15-1) -> iau | AA15: =MID(W15,Y15+1, LEN(W15)) -> iauh
B16: 13 | C16: 稽 | D16: 改 | E16: 計 | F16: 莢 | G16: 鮭 | H16: 改 | I16: 易 | J16: ○ | K16: =Z16 -> e | L16: =AA16 -> eh | N16: k_ei | O16: k_éi | P16: k_èi | Q16: k_eih | R16: k_êi | S16: k_éi | T16: k_ēi | U16: k_e̍ih | V16: (c.f.嘉&伽) | W16: e、eh | X16: e、eh | Y16: =FIND("、",W16) -> 2 | Z16: =LEFT(W16,Y16-1) -> e | AA16: =MID(W16,Y16+1, LEN(W16)) -> eh
B17: 14 | C17: 恭 | D17: 拱 | E17: 供 | F17: 菊 | G17: 窮 | H17: 拱 | I17: 共 | J17: 局 | K17: =Z17 -> iong | L17: =AA17 -> iok | N17: k_iong | O17: k_ióng | P17: k_iòng | Q17: k_iok | R17: k_iông | S17: k_ióng | T17: k_iōng | U17: k_io̍k | W17: iong、iok | X17: iong、iok | Y17: =FIND("、",W17) -> 5 | Z17: =LEFT(W17,Y17-1) -> iong | AA17: =MID(W17,Y17+1, LEN(W17)) -> iok
B18: 15 | C18: 高 | D18: 果 | E18: 過 | F18: 閣 | G18: 翗 | H18: 果 | I18: 膏 | J18: ○ | K18: =Z18 -> o | L18: =AA18 -> oh | N18: k_o | O18: k_ó | P18: k_ò | Q18: k_oh | R18: k_ô | S18: k_ó | T18: k_ò | U18: k_ōh | W18: o、oh | X18: o、oh | Y18: =FIND("、",W18) -> 2 | Z18: =LEFT(W18,Y18-1) -> o | AA18: =MID(W18,Y18+1, LEN(W18)) -> oh
B19: 16 | C19: 皆 | D19: 改 | E19: 介 | F19: ○ | G19: ○ | H19: 改 | I19: ○ | J19: ○ | K19: =Z19 -> ai | L19: =AA19 -> aih | N19: k_ai | O19: k_ái | P19: k_ài | Q19: k_aih | R19: k_âi | S19: k_ái | T19: k_āi | U19: k_a̍ih | W19: ai、aih | X19: ai、aih | Y19: =FIND("、",W19) -> 3 | Z19: =LEFT(W19,Y19-1) -> ai | AA19: =MID(W19,Y19+1, LEN(W19)) -> aih
B20: 17 | C20: 巾 | D20: 謹 | E20: 艮 | F20: 吉 | G20: ○ | H20: 謹 | I20: 近 | J20: 楗 | K20: =Z20 -> in | L20: =AA20 -> it | N20: k_in | O20: k_ín | P20: k_ìn | Q20: k_it | R20: k_în | S20: k_ín | T20: k_īn | U20: k_i̍t | W20: in、it | X20: in、it | Y20: =FIND("、",W20) -> 3 | Z20: =LEFT(W20,Y20-1) -> in | AA20: =MID(W20,Y20+1, LEN(W20)) -> it
B21: 18 | C21: 姜 | D21: 襁 | E21: ○ | F21: 腳 | G21: 强 | H21: 襁 | I21: 倞 | J21: 矍 | K21: =Z21 -> iang | L21: =AA21 -> iak | N21: k_iang | O21: k_iáng | P21: k_iàng | Q21: k_iak | R21: k_iâng | S21: k_iáng | T21: k_iāng | U21: k_ia̍k | V21: 矍(按原稿作｛賏攵｝] | W21: iang、iak | X21: iong、iok | Y21: =FIND("、",W21) -> 5 | Z21: =LEFT(W21,Y21-1) -> iang | AA21: =MID(W21,Y21+1, LEN(W21)) -> iak
B22: 19 | C22: 甘 | D22: 敢 | E22: 鑑 | F22: 鴿 | G22: 銜 | H22: 敢 | I22: 𩼳 | J22: ○ | K22: =Z22 -> am | L22: =AA22 -> ap | N22: k_am | O22: k_ám | P22: k_àm | Q22: k_ap | R22: k_âm | S22: k_ám | T22: k_ām | U22: k_a̍p | W22: am、ap | X22: am、ap | Y22: =FIND("、",W22) -> 3 | Z22: =LEFT(W22,Y22-1) -> am | AA22: =MID(W22,Y22+1, LEN(W22)) -> ap
B23: 20 | C23: 瓜 | D23: 𠙼 | E23: 卦 | F23: 嘓 | G23: ○ | H23: 𠙼 | I23: ○ | J23: ○ | K23: =Z23 -> ua | L23: =AA23 -> uah | N23: k_ua | O23: k_uá | P23: k_uà | Q23: k_uah | R23: k_uâ | S23: k_uá | T23: k_uā | U23: k_ua̍h | W23: ua、uah | X23: ua、uah | Y23: =FIND("、",W23) -> 3 | Z23: =LEFT(W23,Y23-1) -> ua | AA23: =MID(W23,Y23+1, LEN(W23)) -> uah
B24: 21 | C24: 江 | D24: 港 | E24: 降 | F24: 角 | G24: ○ | H24: 港 | I24: 共 | J24: 磔 | K24: =Z24 -> ang | L24: =AA24 -> ak | N24: k_ang | O24: k_áng | P24: k_àng | Q24: k_ak | R24: k_âng | S24: k_áng | T24: k_āng | U24: k_a̍k | W24: ang、ak | X24: ang、ak | Y24: =FIND("、",W24) -> 4 | Z24: =LEFT(W24,Y24-1) -> ang | AA24: =MID(W24,Y24+1, LEN(W24)) -> ak
B25: 22 | C25: 兼 | D25: 檢 | E25: 劍 | F25: 夾 | G25: 鹹 | H25: 檢 | I25: 鐱 | J25: ○ | K25: =Z25 -> iam | L25: =AA25 -> iap | N25: k_iam | O25: k_iám | P25: k_iàm | Q25: k_iap | R25: k_iâm | S25: k_iám | T25: k_iām | U25: k_ia̍p | V25: 鹹(按原稿空白) | W25: iam、iap | X25: iam、iap | Y25: =FIND("、",W25) -> 4 | Z25: =LEFT(W25,Y25-1) -> iam | AA25: =MID(W25,Y25+1, LEN(W25)) -> iap
B26: 23 | C26: 交 | D26: 狡 | E26: 教 | F26: 𩛩 | G26: 侯 | H26: 狡 | I26: 厚 | J26: ○ | K26: =Z26 -> au | L26: =AA26 -> auh | N26: k_au | O26: k_áu | P26: k_àu | Q26: k_auh | R26: k_âu | S26: k_áu | T26: k_āu | U26: k_a̍uh | W26: au、auh | X26: au、auh | Y26: =FIND("、",W26) -> 3 | Z26: =LEFT(W26,Y26-1) -> au | AA26: =MID(W26,Y26+1, LEN(W26)) -> auh
B27: 24 | C27: 迦 | D27: ○ | E27: 寄 | F27: ○ | G27: 伽 | H27: ○ | I27: 崎 | J27: 屐 | K27: =Z27 -> ia | L27: =AA27 -> iah | N27: k_ia | O27: k_iá | P27: k_ià | Q27: k_iah | R27: k_iâ | S27: k_iá | T27: k_iā | U27: k_ia̍h | W27: ia、iah | X27: ia、iah | Y27: =FIND("、",W27) -> 3 | Z27: =LEFT(W27,Y27-1) -> ia | AA27: =MID(W27,Y27+1, LEN(W27)) -> iah
B28: 25 | C28: 檜 | D28: 粿 | E28: 檜 | F28: 郭 | G28: 葵 | H28: 粿 | I28: 趶 | J28: 䭝 | K28: =Z28 -> ue | L28: =AA28 -> ueh | N28: k_uei | O28: k_uéi | P28: k_uèi | Q28: k_ueih | R28: k_uêi | S28: k_uéi | T28: k_uēi | U28: k_ue̍ih | W28: ue、ueh | X28: ue、ueh | Y28: =FIND("、",W28) -> 3 | Z28: =LEFT(W28,Y28-1) -> ue | AA28: =MID(W28,Y28+1, LEN(W28)) -> ueh
B29: 26 | C29: 監 | D29: 敢 | E29: 酵 | F29: ○ | G29: 㩜 | H29: 敢 | I29: ○ | J29: ○ | K29: =Z29 -> ann | L29: =AA29 -> annh | N29: k_ann | O29: k_ánn | P29: k_ànn | Q29: k_annh | R29: k_ânn | S29: k_ánn | T29: k_ānn | U29: k_a̍nnh | W29: ann、annh | X29: ann、annh | Y29: =FIND("、",W29) -> 4 | Z29: =LEFT(W29,Y29-1) -> ann | AA29: =MID(W29,Y29+1, LEN(W29)) -> annh
B30: 27 | C30: 艍 | D30: 韮 | E30: 句 | F30: 𣢯 | G30: 𨬡 | H30: 韮 | I30: 舅 | J30: ○ | K30: =Z30 -> u | L30: =AA30 -> uh | N30: k_u | O30: k_ú | P30: k_ù | Q30: k_uh | R30: k_û | S30: k_ú | T30: k_ū | U30: k_u̍h | W30: u、uh | X30: u、uh | Y30: =FIND("、",W30) -> 2 | Z30: =LEFT(W30,Y30-1) -> u | AA30: =MID(W30,Y30+1, LEN(W30)) -> uh
B31: 28 | C31: 膠 | D31: 絞 | E31: 教 | F31: 甲 | G31: ○ | H31: 絞 | I31: 齩 | J31: ○ | K31: =Z31 -> a | L31: =AA31 -> ah | N31: k_a | O31: k_á | P31: k_à | Q31: k_ah | R31: k_â | S31: k_á | T31: k_ā | U31: k_a̍h | W31: a、ah | X31: a、ah | Y31: =FIND("、",W31) -> 2 | Z31: =LEFT(W31,Y31-1) -> a | AA31: =MID(W31,Y31+1, LEN(W31)) -> ah
B32: 29 | C32: 居 | D32: 己 | E32: 旣 | F32: 築 | G32: 期 | H32: 已 | I32: 具 | J32: ○ | K32: =Z32 -> i | L32: =AA32 -> ih | N32: k_i | O32: k_í | P32: k_ì | Q32: k_ih | R32: k_î | S32: k_í | T32: k_ī | U32: k_i̍h | V32: 己(按古作已) | W32: i、ih | X32: i、ih | Y32: =FIND("、",W32) -> 2 | Z32: =LEFT(W32,Y32-1) -> i | AA32: =MID(W32,Y32+1, LEN(W32)) -> ih
B33: 30 | C33: 丩 | D33: 久 | E33: 救 | F33: ○ | G33: 求 | H33: 久 | I33: 舊 | J33: ○ | K33: =Z33 -> iu | L33: =AA33 -> iuh | N33: k_iu | O33: k_iú | P33: k_iù | Q33: k_iuh | R33: k_iû | S33: k_iú | T33: k_iū | U33: k_iu̍h | W33: iu、iuh | X33: iu、iuh | Y33: =FIND("、",W33) -> 3 | Z33: =LEFT(W33,Y33-1) -> iu | AA33: =MID(W33,Y33+1, LEN(W33)) -> iuh
B34: 31 | C34: 更 | D34: 耞 | E34: 徑 | F34: ○ | G34: ○ | H34: 耞 | I34: ○ | J34: ○ | K34: =Z34 -> enn | L34: =AA34 -> ennh | N34: k_eenn | O34: k_éenn | P34: k_èenn | Q34: k_eennh | R34: k_êenn | S34: k_éenn | T34: k_ēenn | U34: k_e̍ennh | W34: enn、ennh | X34: enn、ennh | Y34: =FIND("、",W34) -> 4 | Z34: =LEFT(W34,Y34-1) -> enn | AA34: =MID(W34,Y34+1, LEN(W34)) -> ennh
B35: 32 | C35: 褌 | D35: 捲 | E35: 卷 | F35: ○ | G35: ○ | H35: 捲 | I35: ○ | J35: ○ | K35: =Z35 -> uinn | L35: =AA35 -> uinnh | N35: k_uinn | O35: k_uínn | P35: k_uìnn | Q35: k_uinnh | R35: k_uînn | S35: k_uínn | T35: k_uīnn | U35: k_ui̍nnh | V35: (c.f.鋼) | W35: uinn、uinnh | X35: ng、ngh | Y35: =FIND("、",W35) -> 5 | Z35: =LEFT(W35,Y35-1) -> uinn | AA35: =MID(W35,Y35+1, LEN(W35)) -> uinnh
B36: 33 | C36: 茄 | D36: ○ | E36: 呌 | F36: 腳 | G36: 茄 | H36: ○ | I36: 轎 | J36: ○ | K36: =Z36 -> io | L36: =AA36 -> ioh | N36: k_io | O36: k_ió | P36: k_iò | Q36: k_ioh | R36: k_iô | S36: k_ió | T36: k_iō | U36: k_io̍h | W36: io、ioh | X36: io、ioh | Y36: =FIND("、",W36) -> 3 | Z36: =LEFT(W36,Y36-1) -> io | AA36: =MID(W36,Y36+1, LEN(W36)) -> ioh
B37: 34 | C37: 梔 | D37: ○ | E37: 見 | F37: ○ | G37: 墘 | H37: ○ | I37: ○ | J37: ○ | K37: =Z37 -> inn | L37: =AA37 -> innh | N37: k_inn | O37: k_ínn | P37: k_ìnn | Q37: k_innh | R37: k_înn | S37: k_ínn | T37: k_īnn | U37: k_i̍nnh | W37: inn、innh | X37: inn、innh | Y37: =FIND("、",W37) -> 4 | Z37: =LEFT(W37,Y37-1) -> inn | AA37: =MID(W37,Y37+1, LEN(W37)) -> innh
B38: 35 | C38: 薑 | D38: ○ | E38: ○ | F38: ○ | G38: 強 | H38: ○ | I38: 謽 | J38: ○ | K38: =Z38 -> ionn | L38: =AA38 -> ionnh | N38: k_ionn | O38: k_iónn | P38: k_iònn | Q38: k_ionnh | R38: k_iônn | S38: k_iónn | T38: k_iōnn | U38: k_io̍nnh | V38: (c.f.牛) | W38: ionn、ionnh | X38: iunn、iunnh | Y38: =FIND("、",W38) -> 5 | Z38: =LEFT(W38,Y38-1) -> ionn | AA38: =MID(W38,Y38+1, LEN(W38)) -> ionnh
B39: 36 | C39: 驚 | D39: 囝 | E39: 鏡 | F39: ○ | G39: 行 | H39: 囝 | I39: 件 | J39: ○ | K39: =Z39 -> iann | L39: =AA39 -> iannh | N39: k_iann | O39: k_iánn | P39: k_iànn | Q39: k_iannh | R39: k_iânn | S39: k_iánn | T39: k_iānn | U39: k_ia̍nnh | W39: iann、iannh | X39: iann、iannh | Y39: =FIND("、",W39) -> 5 | Z39: =LEFT(W39,Y39-1) -> iann | AA39: =MID(W39,Y39+1, LEN(W39)) -> iannh
B40: 37 | C40: 官 | D40: 寡 | E40: 觀 | F40: ○ | G40: 寒 | H40: 寡 | I40: 汗 | J40: ○ | K40: =Z40 -> uann | L40: =AA40 -> uannh | N40: k_uann | O40: k_uánn | P40: k_uànn | Q40: k_uannh | R40: k_uânn | S40: k_uánn | T40: k_uānn | U40: k_ua̍nnh | W40: uann、uannh | X40: uann、uannh | Y40: =FIND("、",W40) -> 5 | Z40: =LEFT(W40,Y40-1) -> uann | AA40: =MID(W40,Y40+1, LEN(W40)) -> uannh
B41: 38 | C41: 鋼 | D41: ○ | E41: 槓 | F41: ○ | G41: ○ | H41: ○ | I41: ○ | J41: ○ | K41: =Z41 -> ng | L41: =AA41 -> ngh | N41: k_ng | O41: k_ńg | P41: k_ǹg | Q41: k_ngh | R41: k_n̂g | S41: k_ńg | T41: k_n̄g | U41: k_n̍gh | V41: (c.f.褌) | W41: ng、ngh | X41: ng、ngh | Y41: =FIND("、",W41) -> 3 | Z41: =LEFT(W41,Y41-1) -> ng | AA41: =MID(W41,Y41+1, LEN(W41)) -> ngh
B42: 39 | C42: 伽 | D42: ○ | E42: ○ | F42: 莢 | G42: 瘸 | H42: ○ | I42: ○ | J42: ○ | K42: =Z42 -> e | L42: =AA42 -> eh | N42: k_e | O42: k_é | P42: k_è | Q42: k_eh | R42: k_ê | S42: k_é | T42: k_ē | U42: k_e̍h | V42: (c.f.稽&嘉) | W42: e、eh | X42: e、eh | Y42: =FIND("、",W42) -> 2 | Z42: =LEFT(W42,Y42-1) -> e | AA42: =MID(W42,Y42+1, LEN(W42)) -> eh
B43: 40 | C43: 閒 | D43: 𩈫 | E43: ○ | F43: ○ | G43: ○ | H43: 𩈫 | I43: ○ | J43: ○ | K43: =Z43 -> ainn | L43: =AA43 -> ainnh | N43: k_ainn | O43: k_áinn | P43: k_àinn | Q43: k_ainnh | R43: k_âinn | S43: k_áinn | T43: k_āinn | U43: k_a̍innh | W43: ainn、ainnh | X43: ing | Y43: =FIND("、",W43) -> 5 | Z43: =LEFT(W43,Y43-1) -> ainn | AA43: =MID(W43,Y43+1, LEN(W43)) -> ainnh
B44: 41 | C44: 姑 | D44: ○ | E44: ○ | F44: ○ | G44: ○ | H44: ○ | I44: ○ | J44: ○ | K44: =Z44 -> oonn | L44: =AA44 -> oonnh | N44: k_onn | O44: k_ónn | P44: k_ònn | Q44: k_onnh | R44: k_ônn | S44: k_ónn | T44: k_ōnn | U44: k_o̍nnh | V44: (c.f.扛) | W44: oonn、oonnh | X44: oonn、oonnh | Y44: =FIND("、",W44) -> 5 | Z44: =LEFT(W44,Y44-1) -> oonn | AA44: =MID(W44,Y44+1, LEN(W44)) -> oonnh
B45: 42 | C45: 姆 | D45: ○ | E45: ○ | F45: ○ | G45: ○ | H45: ○ | I45: ○ | J45: ○ | K45: =Z45 -> m | L45: =AA45 -> mh | N45: k_m | O45: k_ḿ | P45: k_m̀ | Q45: k_mh | R45: k_m̂ | S45: k_ḿ | T45: k_m̄ | U45: k_m̍h | W45: m、mh | X45: m、mh | Y45: =FIND("、",W45) -> 2 | Z45: =LEFT(W45,Y45-1) -> m | AA45: =MID(W45,Y45+1, LEN(W45)) -> mh
B46: 43 | C46: 光 | D46: ○ | E46: ○ | F46: ○ | G46: ○ | H46: ○ | I46: ○ | J46: 吷 | K46: =Z46 -> uang | L46: =AA46 -> uak | N46: k_uang | O46: k_uáng | P46: k_uàng | Q46: k_uak | R46: k_uâng | S46: k_uáng | T46: k_uāng | U46: k_ua̍k | W46: uang、uak | X46: uang、uak | Y46: =FIND("、",W46) -> 5 | Z46: =LEFT(W46,Y46-1) -> uang | AA46: =MID(W46,Y46+1, LEN(W46)) -> uak
B47: 44 | C47: 閂 | D47: ○ | E47: ○ | F47: ○ | G47: ○ | H47: ○ | I47: ○ | J47: ○ | K47: =Z47 -> uainn | L47: =AA47 -> uainnh | N47: k_uainn | O47: k_uáinn | P47: k_uàinn | Q47: k_uainnh | R47: k_uâinn | S47: k_uáinn | T47: k_uāinn | U47: k_ua̍innh | V47: (c.f.糜) | W47: uainn、uainnh | X47: uinn、uinnh | Y47: =FIND("、",W47) -> 6 | Z47: =LEFT(W47,Y47-1) -> uainn | AA47: =MID(W47,Y47+1, LEN(W47)) -> uainnh
B48: 45 | C48: 糜 | D48: ○ | E48: ○ | F48: ○ | G48: ○ | H48: ○ | I48: ○ | J48: ○ | K48: =Z48 -> uenn | L48: =AA48 -> uennh | N48: k_ueinn | O48: k_uéinn | P48: k_uèinn | Q48: k_ueinnh | R48: k_uêinn | S48: k_uéinn | T48: k_uēinn | U48: k_ue̍innh | V48: (c.f.閂) | W48: uenn、uennh | X48: uainn、uainnh | Y48: =FIND("、",W48) -> 5 | Z48: =LEFT(W48,Y48-1) -> uenn | AA48: =MID(W48,Y48+1, LEN(W48)) -> uennh
B49: 46 | C49: 嘄 | D49: ○ | E49: ○ | F49: ○ | G49: ○ | H49: ○ | I49: ○ | J49: ○ | K49: =Z49 -> iaunn | L49: =AA49 -> iaunnh | N49: k_iaunn | O49: k_iáunn | P49: k_iàunn | Q49: k_iaunnh | R49: k_iâunn | S49: k_iáunn | T49: k_iaunnh | U49: k_ia̍unnh | W49: iaunn、iaunnh | X49: iaunn、iaunnh | Y49: =FIND("、",W49) -> 6 | Z49: =LEFT(W49,Y49-1) -> iaunn | AA49: =MID(W49,Y49+1, LEN(W49)) -> iaunnh
B50: 47 | C50: 箴 | D50: ○ | E50: 譖 | F50: ○ | G50: ○ | H50: ○ | I50: ○ | J50: ○ | K50: =Z50 -> om | L50: =AA50 -> op | N50: k_om | O50: k_óm | P50: k_òm | Q50: k_op | R50: k_ôm | S50: k_óm | T50: k_ōm | U50: k_o̍p | W50: om、op | X50: om、op | Y50: =FIND("、",W50) -> 3 | Z50: =LEFT(W50,Y50-1) -> om | AA50: =MID(W50,Y50+1, LEN(W50)) -> op
B51: 48 | C51: 爻 | D51: ○ | E51: ○ | F51: ○ | G51: ○ | H51: ○ | I51: ○ | J51: ○ | K51: =Z51 -> aunn | L51: =AA51 -> aunnh | N51: k_aunn | O51: k_áunn | P51: k_àunn | Q51: k_aunnh | R51: k_âunn | S51: k_áunn | T51: k_āunn | U51: k_a̍unnh | W51: aunn、aunnh | X51: aunn、aunnh | Y51: =FIND("、",W51) -> 5 | Z51: =LEFT(W51,Y51-1) -> aunn | AA51: =MID(W51,Y51+1, LEN(W51)) -> aunnh
B52: 49 | C52: 扛 | D52: ○ | E52: ○ | F52: ○ | G52: ○ | H52: ○ | I52: ○ | J52: ○ | K52: =Z52 -> onn | L52: =AA52 -> onnh | N52: k_oonn | O52: k_óonn | P52: k_òonn | Q52: k_oonnh | R52: k_ôonn | S52: k_óonn | T52: k_ōonn | U52: k_o̍onnh | V52: (c.f.姑) | W52: onn、onnh | X52: onn、onnh | Y52: =FIND("、",W52) -> 4 | Z52: =LEFT(W52,Y52-1) -> onn | AA52: =MID(W52,Y52+1, LEN(W52)) -> onnh
B53: 50 | C53: 牛 | D53: ○ | E53: ○ | F53: 牛 | G53: ○ | H53: ○ | I53: ○ | J53: ○ | K53: =Z53 -> iunn | L53: iunnh | N53: k_iunn | O53: k_iúnn | P53: k_iùnn | Q53: k_iunnh | R53: k_iûnn | S53: k_iúnn | T53: k_iūnn | U53: k_iu̍nnh | V53: (c.f.薑){牛}(齒音頂平) | W53: iunn、(iunnh) | X53: iunn、(iunnh) | Y53: =FIND("、",W53) -> 5 | Z53: =LEFT(W53,Y53-1) -> iunn | AA53: =MID(W53,Y53+1, LEN(W53)) -> (iunnh)

Sheet 字母八音反切【上下標音】
B2: 字母序 | C2: 上平 | D2: 上上 | E2: 上去 | F2: 上入 | G2: 下平 | H2: 下上 | I2: 下去 | J2: 下入
C3: 1 | D3: 2 | E3: 3 | F3: 4 | G3: 5 | H3: 6 | I3: 7 | J3: 8
B4: 1 | C4: =_xlfn.CONCAT( IF(OR(C$3=4, C$3=8), _xlfn.XLOOKUP(($B4*2), 韻母表[序號], 韻母表[方音符號]), _xlfn.XLOOKUP($B4, 韻母表[韻序], 韻母表[方音符號]) ), _xlfn.XLOOKUP(C$3, 聲調符號表[調號], 聲調符號表[調符])) -> ㄨㄣ | D4: =_xlfn.CONCAT( IF(OR(D$3=4, D$3=8), _xlfn.XLOOKUP(($B4*2), 韻母表[序號], 韻母表[方音符號]), _xlfn.XLOOKUP($B4, 韻母表[韻序], 韻母表[方音符號]) ), _xlfn.XLOOKUP(D$3, 聲調符號表[調號], 聲調符號表[調符])) -> ㄨㄣˋ | E4: =_xlfn.CONCAT( IF(OR(E$3=4, E$3=8), _xlfn.XLOOKUP(($B4*2), 韻母表[序號], 韻母表[方音符號]), _xlfn.XLOOKUP($B4, 韻母表[韻序], 韻母表[方音符號]) ), _xlfn.XLOOKUP(E$3, 聲調符號表[調號], 聲調符號表[調符])) -> ㄨㄣ˪ | F4: =_xlfn.CONCAT( IF(OR(F$3=4, F$3=8), _xlfn.XLOOKUP(($B4*2), 韻母表[序號], 韻母表[方音符號]), _xlfn.XLOOKUP($B4, 韻母表[韻序], 韻母表[方音符號]) ), _xlfn.XLOOKUP(F$3, 聲調符號表[調號], 聲調符號表[調符])) -> ㄨㆵ | G4: =_xlfn.CONCAT( IF(OR(G$3=4, G$3=8), _xlfn.XLOOKUP(($B4*2), 韻母表[序號], 韻母表[方音符號]), _xlfn.XLOOKUP($B4, 韻母表[韻序], 韻母表[方音符號]) ), _xlfn.XLOOKUP(G$3, 聲調符號表[調號], 聲調符號表[調符])) -> ㄨㄣˊ | H4: =_xlfn.CONCAT( IF(OR(H$3=4, H$3=8), _xlfn.XLOOKUP(($B4*2), 韻母表[序號], 韻母表[方音符號]), _xlfn.XLOOKUP($B4, 韻母表[韻序], 韻母表[方音符號]) ), _xlfn.XLOOKUP(H$3, 聲調符號表[調號], 聲調符號表[調符])) -> ㄨㄣˋ | I4: =_xlfn.CONCAT( IF(OR(I$3=4, I$3=8), _xlfn.XLOOKUP(($B4*2), 韻母表[序號], 韻母表[方音符號]), _xlfn.XLOOKUP($B4, 韻母表[韻序], 韻母表[方音符號]) ), _xlfn.XLOOKUP(I$3, 聲調符號表[調號], 聲調符號表[調符])) -> ㄨㄣ˫ | J4: =_xlfn.CONCAT( IF(OR(J$3=4, J$3=8), _xlfn.XLOOKUP(($B4*2), 韻母表[序號], 韻母表[方音符號]), _xlfn.XLOOKUP($B4, 韻母表[韻序], 韻母表[方音符號]) ), _xlfn.XLOOKUP(J$3, 聲調符號表[調號], 聲調符號表[調符])) -> ㄨㆵ˙
C5: {=INDEX(字母八音反切!$C$4:$J$53, $B4, C$3)} -> 君 | D5: {=INDEX(字母八音反切!$C$4:$J$53, $B4, D$3)} -> 滾 | E5: {=INDEX(字母八音反切!$C$4:$J$53, $B4, E$3)} -> 棍 | F5: {=INDEX(字母八音反切!$C$4:$J$53, $B4, F$3)} -> 骨 | G5: {=INDEX(字母八音反切!$C$4:$J$53, $B4, G$3)} -> 群 | H5: {=INDEX(字母八音反切!$C$4:$J$53, $B4, H$3)} -> 滾 | I5: {=INDEX(字母八音反切!$C$4:$J$53, $B4, I$3)} -> 郡 | J5: {=INDEX(字母八音反切!$C$4:$J$53, $B4, J$3)} -> 滑
C6: =_xlfn.CONCAT( IF(OR(C$3=4, C$3=8), _xlfn.XLOOKUP(($B4*2), 韻母表[序號], 韻母表[台羅拼音]), _xlfn.XLOOKUP($B4, 韻母表[韻序], 韻母表[台羅拼音]) ), C$3) -> un1 | D6: =_xlfn.CONCAT( IF(OR(D$3=4, D$3=8), _xlfn.XLOOKUP(($B4*2), 韻母表[序號], 韻母表[台羅拼音]), _xlfn.XLOOKUP($B4, 韻母表[韻序], 韻母表[台羅拼音]) ), D$3) -> un2 | E6: =_xlfn.CONCAT( IF(OR(E$3=4, E$3=8), _xlfn.XLOOKUP(($B4*2), 韻母表[序號], 韻母表[台羅拼音]), _xlfn.XLOOKUP($B4, 韻母表[韻序], 韻母表[台羅拼音]) ), E$3) -> un3 | F6: =_xlfn.CONCAT( IF(OR(F$3=4, F$3=8), _xlfn.XLOOKUP(($B4*2), 韻母表[序號], 韻母表[台羅拼音]), _xlfn.XLOOKUP($B4, 韻母表[韻序], 韻母表[台羅拼音]) ), F$3) -> ut4 | G6: =_xlfn.CONCAT( IF(OR(G$3=4, G$3=8), _xlfn.XLOOKUP(($B4*2), 韻母表[序號], 韻母表[台羅拼音]), _xlfn.XLOOKUP($B4, 韻母表[韻序], 韻母表[台羅拼音]) ), G$3) -> un5 | H6: =_xlfn.CONCAT( IF(OR(H$3=4, H$3=8), _xlfn.XLOOKUP(($B4*2), 韻母表[序號], 韻母表[台羅拼音]), _xlfn.XLOOKUP($B4, 韻母表[韻序], 韻母表[台羅拼音]) ), H$3) -> un6 | I6: =_xlfn.CONCAT( IF(OR(I$3=4, I$3=8), _xlfn.XLOOKUP(($B4*2), 韻母表[序號], 韻母表[台羅拼音]), _xlfn.XLOOKUP($B4, 韻母表[韻序], 韻母表[台羅拼音]) ), I$3) -> un7 | J6: =_xlfn.CONCAT( IF(OR(J$3=4, J$3=8), _xlfn.XLOOKUP(($B4*2), 韻母表[序號], 韻母表[台羅拼音]), _xlfn.XLOOKUP($B4, 韻母表[韻序], 韻母表[台羅拼音]) ), J$3) -> ut8
B7: 2 | C7: =_xlfn.CONCAT( IF(OR(C$3=4, C$3=8), _xlfn.XLOOKUP(($B7*2), 韻母表[序號], 韻母表[方音符號]), _xlfn.XLOOKUP($B7, 韻母表[韻序], 韻母表[方音符號]) ), _xlfn.XLOOKUP(C$3, 聲調符號表[調號], 聲調符號表[調符])) -> ㄧㄢ | D7: =_xlfn.CONCAT( IF(OR(D$3=4, D$3=8), _xlfn.XLOOKUP(($B7*2), 韻母表[序號], 韻母表[方音符號]), _xlfn.XLOOKUP($B7, 韻母表[韻序], 韻母表[方音符號]) ), _xlfn.XLOOKUP(D$3, 聲調符號表[調號], 聲調符號表[調符])) -> ㄧㄢˋ | E7: =_xlfn.CONCAT( IF(OR(E$3=4, E$3=8), _xlfn.XLOOKUP(($B7*2), 韻母表[序號], 韻母表[方音符號]), _xlfn.XLOOKUP($B7, 韻母表[韻序], 韻母表[方音符號]) ), _xlfn.XLOOKUP(E$3, 聲調符號表[調號], 聲調符號表[調符])) -> ㄧㄢ˪ | F7: =_xlfn.CONCAT( IF(OR(F$3=4, F$3=8), _xlfn.XLOOKUP(($B7*2), 韻母表[序號], 韻母表[方音符號]), _xlfn.XLOOKUP($B7, 韻母表[韻序], 韻母表[方音符號]) ), _xlfn.XLOOKUP(F$3, 聲調符號表[調號], 聲調符號表[調符])) -> ㄧㄚㆵ | G7: =_xlfn.CONCAT( IF(OR(G$3=4, G$3=8), _xlfn.XLOOKUP(($B7*2), 韻母表[序號], 韻母表[方音符號]), _xlfn.XLOOKUP($B7, 韻母表[韻序], 韻母表[方音符號]) ), _xlfn.XLOOKUP(G$3, 聲調符號表[調號], 聲調符號表[調符])) -> ㄧㄢˊ | H7: =_xlfn.CONCAT( IF(OR(H$3=4, H$3=8), _xlfn.XLOOKUP(($B7*2), 韻母表[序號], 韻母表[方音符號]), _xlfn.XLOOKUP($B7, 韻母表[韻序], 韻母表[方音符號]) ), _xlfn.XLOOKUP(H$3, 聲調符號表[調號], 聲調符號表[調符])) -> ㄧㄢˋ | I7: =_xlfn.CONCAT( IF(OR(I$3=4, I$3=8), _xlfn.XLOOKUP(($B7*2), 韻母表[序號], 韻母表[方音符號]), _xlfn.XLOOKUP($B7, 韻母表[韻序], 韻母表[方音符號]) ), _xlfn.XLOOKUP(I$3, 聲調符號表[調號], 聲調符號表[調符])) -> ㄧㄢ˫ | J7: =_xlfn.CONCAT( IF(OR(J$3=4, J$3=8), _xlfn.XLOOKUP(($B7*2), 韻母表[序號], 韻母表[方音符號]), _xlfn.XLOOKUP($B7, 韻母表[韻序], 韻母表[方音符號]) ), _xlfn.XLOOKUP(J$3, 聲調符號表[調號], 聲調符號表[調符])) -> ㄧㄚㆵ˙
B8: 2 | C8: {=INDEX(字母八音反切!$C$4:$J$53, $B7, C$3)} -> 堅 | D8: {=INDEX(字母八音反切!$C$4:$J$53, $B7, D$3)} -> 蹇 | E8: {=INDEX(字母八音反切!$C$4:$J$53, $B7, E$3)} -> 見 | F8: {=INDEX(字母八音反切!$C$4:$J$53, $B7, F$3)} -> 結 | G8: {=INDEX(字母八音反切!$C$4:$J$53, $B7, G$3)} -> ○ | H8: {=INDEX(字母八音反切!$C$4:$J$53, $B7, H$3)} -> 蹇 | I8: {=INDEX(字母八音反切!$C$4:$J$53, $B7, I$3)} -> 健 | J8: {=INDEX(字母八音反切!$C$4:$J$53, $B7, J$3)} -> 傑
C9: =_xlfn.CONCAT( IF(OR(C$3=4, C$3=8), _xlfn.XLOOKUP(($B7*2), 韻母表[序號], 韻母表[台羅拼音]), _xlfn.XLOOKUP($B7, 韻母表[韻序], 韻母表[台羅拼音]) ), C$3) -> ian1 | D9: =_xlfn.CONCAT( IF(OR(D$3=4, D$3=8), _xlfn.XLOOKUP(($B7*2), 韻母表[序號], 韻母表[台羅拼音]), _xlfn.XLOOKUP($B7, 韻母表[韻序], 韻母表[台羅拼音]) ), D$3) -> ian2 | E9: =_xlfn.CONCAT( IF(OR(E$3=4, E$3=8), _xlfn.XLOOKUP(($B7*2), 韻母表[序號], 韻母表[台羅拼音]), _xlfn.XLOOKUP($B7, 韻母表[韻序], 韻母表[台羅拼音]) ), E$3) -> ian3 | F9: =_xlfn.CONCAT( IF(OR(F$3=4, F$3=8), _xlfn.XLOOKUP(($B7*2), 韻母表[序號], 韻母表[台羅拼音]), _xlfn.XLOOKUP($B7, 韻母表[韻序], 韻母表[台羅拼音]) ), F$3) -> iat4 | G9: =_xlfn.CONCAT( IF(OR(G$3=4, G$3=8), _xlfn.XLOOKUP(($B7*2), 韻母表[序號], 韻母表[台羅拼音]), _xlfn.XLOOKUP($B7, 韻母表[韻序], 韻母表[台羅拼音]) ), G$3) -> ian5 | H9: =_xlfn.CONCAT( IF(OR(H$3=4, H$3=8), _xlfn.XLOOKUP(($B7*2), 韻母表[序號], 韻母表[台羅拼音]), _xlfn.XLOOKUP($B7, 韻母表[韻序], 韻母表[台羅拼音]) ), H$3) -> ian6 | I9: =_xlfn.CONCAT( IF(OR(I$3=4, I$3=8), _xlfn.XLOOKUP(($B7*2), 韻母表[序號], 韻母表[台羅拼音]), _xlfn.XLOOKUP($B7, 韻母表[韻序], 韻母表[台羅拼音]) ), I$3) -> ian7 | J9: =_xlfn.CONCAT( IF(OR(J$3=4, J$3=8), _xlfn.XLOOKUP(($B7*2), 韻母表[序號], 韻母表[台羅拼音]), _xlfn.XLOOKUP($B7, 韻母表[韻序], 韻母表[台羅拼音]) ), J$3) -> iat8
B10: 3 | C10: =_xlfn.CONCAT( IF(OR(C$3=4, C$3=8), _xlfn.XLOOKUP(($B10*2), 韻母表[序號], 韻母表[方音符號]), _xlfn.XLOOKUP($B10, 韻母表[韻序], 韻母表[方音符號]) ), _xlfn.XLOOKUP(C$3, 聲調符號表[調號], 聲調符號表[調符])) -> ㄧㆬ | D10: =_xlfn.CONCAT( IF(OR(D$3=4, D$3=8), _xlfn.XLOOKUP(($B10*2), 韻母表[序號], 韻母表[方音符號]), _xlfn.XLOOKUP($B10, 韻母表[韻序], 韻母表[方音符號]) ), _xlfn.XLOOKUP(D$3, 聲調符號表[調號], 聲調符號表[調符])) -> ㄧㆬˋ | E10: =_xlfn.CONCAT( IF(OR(E$3=4, E$3=8), _xlfn.XLOOKUP(($B10*2), 韻母表[序號], 韻母表[方音符號]), _xlfn.XLOOKUP($B10, 韻母表[韻序], 韻母表[方音符號]) ), _xlfn.XLOOKUP(E$3, 聲調符號表[調號], 聲調符號表[調符])) -> ㄧㆬ˪ | F10: =_xlfn.CONCAT( IF(OR(F$3=4, F$3=8), _xlfn.XLOOKUP(($B10*2), 韻母表[序號], 韻母表[方音符號]), _xlfn.XLOOKUP($B10, 韻母表[韻序], 韻母表[方音符號]) ), _xlfn.XLOOKUP(F$3, 聲調符號表[調號], 聲調符號表[調符])) -> 一ㆴ | G10: =_xlfn.CONCAT( IF(OR(G$3=4, G$3=8), _xlfn.XLOOKUP(($B10*2), 韻母表[序號], 韻母表[方音符號]), _xlfn.XLOOKUP($B10, 韻母表[韻序], 韻母表[方音符號]) ), _xlfn.XLOOKUP(G$3, 聲調符號表[調號], 聲調符號表[調符])) -> ㄧㆬˊ | H10: =_xlfn.CONCAT( IF(OR(H$3=4, H$3=8), _xlfn.XLOOKUP(($B10*2), 韻母表[序號], 韻母表[方音符號]), _xlfn.XLOOKUP($B10, 韻母表[韻序], 韻母表[方音符號]) ), _xlfn.XLOOKUP(H$3, 聲調符號表[調號], 聲調符號表[調符])) -> ㄧㆬˋ | I10: =_xlfn.CONCAT( IF(OR(I$3=4, I$3=8), _xlfn.XLOOKUP(($B10*2), 韻母表[序號], 韻母表[方音符號]), _xlfn.XLOOKUP($B10, 韻母表[韻序], 韻母表[方音符號]) ), _xlfn.XLOOKUP(I$3, 聲調符號表[調號], 聲調符號表[調符])) -> ㄧㆬ˫ | J10: =_xlfn.CONCAT( IF(OR(J$3=4, J$3=8), _xlfn.XLOOKUP(($B10*2), 韻母表[序號], 韻母表[方音符號]), _xlfn.XLOOKUP($B10, 韻母表[韻序], 韻母表[方音符號]) ), _xlfn.XLOOKUP(J$3, 聲調符號表[調號], 聲調符號表[調符])) -> 一ㆴ˙
B11: 3 | C11: {=INDEX(字母八音反切!$C$4:$J$53, $B10, C$3)} -> 金 | D11: {=INDEX(字母八音反切!$C$4:$J$53, $B10, D$3)} -> 錦 | E11: {=INDEX(字母八音反切!$C$4:$J$53, $B10, E$3)} -> 禁 | F11: {=INDEX(字母八音反切!$C$4:$J$53, $B10, F$3)} -> 急 | G11: {=INDEX(字母八音反切!$C$4:$J$53, $B10, G$3)} -> ○ | H11: {=INDEX(字母八音反切!$C$4:$J$53, $B10, H$3)} -> 錦 | I11: {=INDEX(字母八音反切!$C$4:$J$53, $B10, I$3)} -> 㦗 | J11: {=INDEX(字母八音反切!$C$4:$J$53, $B10, J$3)} -> 及
C12: =_xlfn.CONCAT( IF(OR(C$3=4, C$3=8), _xlfn.XLOOKUP(($B10*2), 韻母表[序號], 韻母表[台羅拼音]), _xlfn.XLOOKUP($B10, 韻母表[韻序], 韻母表[台羅拼音]) ), C$3) -> im1 | D12: =_xlfn.CONCAT( IF(OR(D$3=4, D$3=8), _xlfn.XLOOKUP(($B10*2), 韻母表[序號], 韻母表[台羅拼音]), _xlfn.XLOOKUP($B10, 韻母表[韻序], 韻母表[台羅拼音]) ), D$3) -> im2 | E12: =_xlfn.CONCAT( IF(OR(E$3=4, E$3=8), _xlfn.XLOOKUP(($B10*2), 韻母表[序號], 韻母表[台羅拼音]), _xlfn.XLOOKUP($B10, 韻母表[韻序], 韻母表[台羅拼音]) ), E$3) -> im3 | F12: =_xlfn.CONCAT( IF(OR(F$3=4, F$3=8), _xlfn.XLOOKUP(($B10*2), 韻母表[序號], 韻母表[台羅拼音]), _xlfn.XLOOKUP($B10, 韻母表[韻序], 韻母表[台羅拼音]) ), F$3) -> ip4 | G12: =_xlfn.CONCAT( IF(OR(G$3=4, G$3=8), _xlfn.XLOOKUP(($B10*2), 韻母表[序號], 韻母表[台羅拼音]), _xlfn.XLOOKUP($B10, 韻母表[韻序], 韻母表[台羅拼音]) ), G$3) -> im5 | H12: =_xlfn.CONCAT( IF(OR(H$3=4, H$3=8), _xlfn.XLOOKUP(($B10*2), 韻母表[序號], 韻母表[台羅拼音]), _xlfn.XLOOKUP($B10, 韻母表[韻序], 韻母表[台羅拼音]) ), H$3) -> im6 | I12: =_xlfn.CONCAT( IF(OR(I$3=4, I$3=8), _xlfn.XLOOKUP(($B10*2), 韻母表[序號], 韻母表[台羅拼音]), _xlfn.XLOOKUP($B10, 韻母表[韻序], 韻母表[台羅拼音]) ), I$3) -> im7 | J12: =_xlfn.CONCAT( IF(OR(J$3=4, J$3=8), _xlfn.XLOOKUP(($B10*2), 韻母表[序號], 韻母表[台羅拼音]), _xlfn.XLOOKUP($B10, 韻母表[韻序], 韻母表[台羅拼音]) ), J$3) -> ip8
B13: 4 | C13: =_xlfn.CONCAT( IF(OR(C$3=4, C$3=8), _xlfn.XLOOKUP(($B13*2), 韻母表[序號], 韻母表[方音符號]), _xlfn.XLOOKUP($B13, 韻母表[韻序], 韻母表[方音符號]) ), _xlfn.XLOOKUP(C$3, 聲調符號表[調號], 聲調符號表[調符])) -> ㄨㄧ | D13: =_xlfn.CONCAT( IF(OR(D$3=4, D$3=8), _xlfn.XLOOKUP(($B13*2), 韻母表[序號], 韻母表[方音符號]), _xlfn.XLOOKUP($B13, 韻母表[韻序], 韻母表[方音符號]) ), _xlfn.XLOOKUP(D$3, 聲調符號表[調號], 聲調符號表[調符])) -> ㄨㄧˋ | E13: =_xlfn.CONCAT( IF(OR(E$3=4, E$3=8), _xlfn.XLOOKUP(($B13*2), 韻母表[序號], 韻母表[方音符號]), _xlfn.XLOOKUP($B13, 韻母表[韻序], 韻母表[方音符號]) ), _xlfn.XLOOKUP(E$3, 聲調符號表[調號], 聲調符號表[調符])) -> ㄨㄧ˪ | F13: =_xlfn.CONCAT( IF(OR(F$3=4, F$3=8), _xlfn.XLOOKUP(($B13*2), 韻母表[序號], 韻母表[方音符號]), _xlfn.XLOOKUP($B13, 韻母表[韻序], 韻母表[方音符號]) ), _xlfn.XLOOKUP(F$3, 聲調符號表[調號], 聲調符號表[調符])) -> ㄨㄧㆷ | G13: =_xlfn.CONCAT( IF(OR(G$3=4, G$3=8), _xlfn.XLOOKUP(($B13*2), 韻母表[序號], 韻母表[方音符號]), _xlfn.XLOOKUP($B13, 韻母表[韻序], 韻母表[方音符號]) ), _xlfn.XLOOKUP(G$3, 聲調符號表[調號], 聲調符號表[調符])) -> ㄨㄧˊ | H13: =_xlfn.CONCAT( IF(OR(H$3=4, H$3=8), _xlfn.XLOOKUP(($B13*2), 韻母表[序號], 韻母表[方音符號]), _xlfn.XLOOKUP($B13, 韻母表[韻序], 韻母表[方音符號]) ), _xlfn.XLOOKUP(H$3, 聲調符號表[調號], 聲調符號表[調符])) -> ㄨㄧˋ | I13: =_xlfn.CONCAT( IF(OR(I$3=4, I$3=8), _xlfn.XLOOKUP(($B13*2), 韻母表[序號], 韻母表[方音符號]), _xlfn.XLOOKUP($B13, 韻母表[韻序], 韻母表[方音符號]) ), _xlfn.XLOOKUP(I$3, 聲調符號表[調號], 聲調符號表[調符])) -> ㄨㄧ˫ | J13: =_xlfn.CONCAT( IF(OR(J$3=4, J$3=8), _xlfn.XLOOKUP(($B13*2), 韻母表[序號], 韻母表[方音符號]), _xlfn.XLOOKUP($B13, 韻母表[韻序], 韻母表[方音符號]) ), _xlfn.XLOOKUP(J$3, 聲調符號表[調號], 聲調符號表[調符])) -> ㄨㄧㆷ˙
B14: 3.7 | C14: {=INDEX(字母八音反切!$C$4:$J$53, $B13, C$3)} -> 規 | D14: {=INDEX(字母八音反切!$C$4:$J$53, $B13, D$3)} -> 鬼 | E14: {=INDEX(字母八音反切!$C$4:$J$53, $B13, E$3)} -> 季 | F14: {=INDEX(字母八音反切!$C$4:$J$53, $B13, F$3)} -> ○ | G14: {=INDEX(字母八音反切!$C$4:$J$53, $B13, G$3)} -> 葵 | H14: {=INDEX(字母八音反切!$C$4:$J$53, $B13, H$3)} -> 鬼 | I14: {=INDEX(字母八音反切!$C$4:$J$53, $B13, I$3)} -> 櫃 | J14: {=INDEX(字母八音反切!$C$4:$J$53, $B13, J$3)} -> ○
B15: 4 | C15: =_xlfn.CONCAT( IF(OR(C$3=4, C$3=8), _xlfn.XLOOKUP(($B13*2), 韻母表[序號], 韻母表[台羅拼音]), _xlfn.XLOOKUP($B13, 韻母表[韻序], 韻母表[台羅拼音]) ), C$3) -> ui1 | D15: =_xlfn.CONCAT( IF(OR(D$3=4, D$3=8), _xlfn.XLOOKUP(($B13*2), 韻母表[序號], 韻母表[台羅拼音]), _xlfn.XLOOKUP($B13, 韻母表[韻序], 韻母表[台羅拼音]) ), D$3) -> ui2 | E15: =_xlfn.CONCAT( IF(OR(E$3=4, E$3=8), _xlfn.XLOOKUP(($B13*2), 韻母表[序號], 韻母表[台羅拼音]), _xlfn.XLOOKUP($B13, 韻母表[韻序], 韻母表[台羅拼音]) ), E$3) -> ui3 | F15: =_xlfn.CONCAT( IF(OR(F$3=4, F$3=8), _xlfn.XLOOKUP(($B13*2), 韻母表[序號], 韻母表[台羅拼音]), _xlfn.XLOOKUP($B13, 韻母表[韻序], 韻母表[台羅拼音]) ), F$3) -> ui4 | G15: =_xlfn.CONCAT( IF(OR(G$3=4, G$3=8), _xlfn.XLOOKUP(($B13*2), 韻母表[序號], 韻母表[台羅拼音]), _xlfn.XLOOKUP($B13, 韻母表[韻序], 韻母表[台羅拼音]) ), G$3) -> ui5 | H15: =_xlfn.CONCAT( IF(OR(H$3=4, H$3=8), _xlfn.XLOOKUP(($B13*2), 韻母表[序號], 韻母表[台羅拼音]), _xlfn.XLOOKUP($B13, 韻母表[韻序], 韻母表[台羅拼音]) ), H$3) -> ui6 | I15: =_xlfn.CONCAT( IF(OR(I$3=4, I$3=8), _xlfn.XLOOKUP(($B13*2), 韻母表[序號], 韻母表[台羅拼音]), _xlfn.XLOOKUP($B13, 韻母表[韻序], 韻母表[台羅拼音]) ), I$3) -> ui7 | J15: =_xlfn.CONCAT( IF(OR(J$3=4, J$3=8), _xlfn.XLOOKUP(($B13*2), 韻母表[序號], 韻母表[台羅拼音]), _xlfn.XLOOKUP($B13, 韻母表[韻序], 韻母表[台羅拼音]) ), J$3) -> ui8
B16: =B13+1 -> 5 | C16: =_xlfn.CONCAT( IF(OR(C$3=4, C$3=8), _xlfn.XLOOKUP(($B16*2), 韻母表[序號], 韻母表[方音符號]), _xlfn.XLOOKUP($B16, 韻母表[韻序], 韻母表[方音符號]) ), _xlfn.XLOOKUP(C$3, 聲調符號表[調號], 聲調符號表[調符])) -> ㄝ | D16: =_xlfn.CONCAT( IF(OR(D$3=4, D$3=8), _xlfn.XLOOKUP(($B16*2), 韻母表[序號], 韻母表[方音符號]), _xlfn.XLOOKUP($B16, 韻母表[韻序], 韻母表[方音符號]) ), _xlfn.XLOOKUP(D$3, 聲調符號表[調號], 聲調符號表[調符])) -> ㄝˋ | E16: =_xlfn.CONCAT( IF(OR(E$3=4, E$3=8), _xlfn.XLOOKUP(($B16*2), 韻母表[序號], 韻母表[方音符號]), _xlfn.XLOOKUP($B16, 韻母表[韻序], 韻母表[方音符號]) ), _xlfn.XLOOKUP(E$3, 聲調符號表[調號], 聲調符號表[調符])) -> ㄝ˪ | F16: =_xlfn.CONCAT( IF(OR(F$3=4, F$3=8), _xlfn.XLOOKUP(($B16*2), 韻母表[序號], 韻母表[方音符號]), _xlfn.XLOOKUP($B16, 韻母表[韻序], 韻母表[方音符號]) ), _xlfn.XLOOKUP(F$3, 聲調符號表[調號], 聲調符號表[調符])) -> ㄝㆷ | G16: =_xlfn.CONCAT( IF(OR(G$3=4, G$3=8), _xlfn.XLOOKUP(($B16*2), 韻母表[序號], 韻母表[方音符號]), _xlfn.XLOOKUP($B16, 韻母表[韻序], 韻母表[方音符號]) ), _xlfn.XLOOKUP(G$3, 聲調符號表[調號], 聲調符號表[調符])) -> ㄝˊ | H16: =_xlfn.CONCAT( IF(OR(H$3=4, H$3=8), _xlfn.XLOOKUP(($B16*2), 韻母表[序號], 韻母表[方音符號]), _xlfn.XLOOKUP($B16, 韻母表[韻序], 韻母表[方音符號]) ), _xlfn.XLOOKUP(H$3, 聲調符號表[調號], 聲調符號表[調符])) -> ㄝˋ | I16: =_xlfn.CONCAT( IF(OR(I$3=4, I$3=8), _xlfn.XLOOKUP(($B16*2), 韻母表[序號], 韻母表[方音符號]), _xlfn.XLOOKUP($B16, 韻母表[韻序], 韻母表[方音符號]) ), _xlfn.XLOOKUP(I$3, 聲調符號表[調號], 聲調符號表[調符])) -> ㄝ˫ | J16: =_xlfn.CONCAT( IF(OR(J$3=4, J$3=8), _xlfn.XLOOKUP(($B16*2), 韻母表[序號], 韻母表[方音符號]), _xlfn.XLOOKUP($B16, 韻母表[韻序], 韻母表[方音符號]) ), _xlfn.XLOOKUP(J$3, 聲調符號表[調號], 聲調符號表[調符])) -> ㄝㆷ˙
B17: 4.6 | C17: {=INDEX(字母八音反切!$C$4:$J$53, $B16, C$3)} -> 嘉 | D17: {=INDEX(字母八音反切!$C$4:$J$53, $B16, D$3)} -> 賈 | E17: {=INDEX(字母八音反切!$C$4:$J$53, $B16, E$3)} -> 嫁 | F17: {=INDEX(字母八音反切!$C$4:$J$53, $B16, F$3)} -> 骼 | G17: {=INDEX(字母八音反切!$C$4:$J$53, $B16, G$3)} -> 枷 | H17: {=INDEX(字母八音反切!$C$4:$J$53, $B16, H$3)} -> 假 | I17: {=INDEX(字母八音反切!$C$4:$J$53, $B16, I$3)} -> 下 | J17: {=INDEX(字母八音反切!$C$4:$J$53, $B16, J$3)} -> 逆
C18: =_xlfn.CONCAT( IF(OR(C$3=4, C$3=8), _xlfn.XLOOKUP(($B16*2), 韻母表[序號], 韻母表[台羅拼音]), _xlfn.XLOOKUP($B16, 韻母表[韻序], 韻母表[台羅拼音]) ), C$3) -> ee1 | D18: =_xlfn.CONCAT( IF(OR(D$3=4, D$3=8), _xlfn.XLOOKUP(($B16*2), 韻母表[序號], 韻母表[台羅拼音]), _xlfn.XLOOKUP($B16, 韻母表[韻序], 韻母表[台羅拼音]) ), D$3) -> ee2 | E18: =_xlfn.CONCAT( IF(OR(E$3=4, E$3=8), _xlfn.XLOOKUP(($B16*2), 韻母表[序號], 韻母表[台羅拼音]), _xlfn.XLOOKUP($B16, 韻母表[韻序], 韻母表[台羅拼音]) ), E$3) -> ee3 | F18: =_xlfn.CONCAT( IF(OR(F$3=4, F$3=8), _xlfn.XLOOKUP(($B16*2), 韻母表[序號], 韻母表[台羅拼音]), _xlfn.XLOOKUP($B16, 韻母表[韻序], 韻母表[台羅拼音]) ), F$3) -> eeh4 | G18: =_xlfn.CONCAT( IF(OR(G$3=4, G$3=8), _xlfn.XLOOKUP(($B16*2), 韻母表[序號], 韻母表[台羅拼音]), _xlfn.XLOOKUP($B16, 韻母表[韻序], 韻母表[台羅拼音]) ), G$3) -> ee5 | H18: =_xlfn.CONCAT( IF(OR(H$3=4, H$3=8), _xlfn.XLOOKUP(($B16*2), 韻母表[序號], 韻母表[台羅拼音]), _xlfn.XLOOKUP($B16, 韻母表[韻序], 韻母表[台羅拼音]) ), H$3) -> ee6 | I18: =_xlfn.CONCAT( IF(OR(I$3=4, I$3=8), _xlfn.XLOOKUP(($B16*2), 韻母表[序號], 韻母表[台羅拼音]), _xlfn.XLOOKUP($B16, 韻母表[韻序], 韻母表[台羅拼音]) ), I$3) -> ee7 | J18: =_xlfn.CONCAT( IF(OR(J$3=4, J$3=8), _xlfn.XLOOKUP(($B16*2), 韻母表[序號], 韻母表[台羅拼音]), _xlfn.XLOOKUP($B16, 韻母表[韻序], 韻母表[台羅拼音]) ), J$3) -> eeh8
B19: =B16+1 -> 6 | C19: =_xlfn.CONCAT( IF(OR(C$3=4, C$3=8), _xlfn.XLOOKUP(($B19*2), 韻母表[序號], 韻母表[方音符號]), _xlfn.XLOOKUP($B19, 韻母表[韻序], 韻母表[方音符號]) ), _xlfn.XLOOKUP(C$3, 聲調符號表[調號], 聲調符號表[調符])) -> ㄢ | D19: =_xlfn.CONCAT( IF(OR(D$3=4, D$3=8), _xlfn.XLOOKUP(($B19*2), 韻母表[序號], 韻母表[方音符號]), _xlfn.XLOOKUP($B19, 韻母表[韻序], 韻母表[方音符號]) ), _xlfn.XLOOKUP(D$3, 聲調符號表[調號], 聲調符號表[調符])) -> ㄢˋ | E19: =_xlfn.CONCAT( IF(OR(E$3=4, E$3=8), _xlfn.XLOOKUP(($B19*2), 韻母表[序號], 韻母表[方音符號]), _xlfn.XLOOKUP($B19, 韻母表[韻序], 韻母表[方音符號]) ), _xlfn.XLOOKUP(E$3, 聲調符號表[調號], 聲調符號表[調符])) -> ㄢ˪ | F19: =_xlfn.CONCAT( IF(OR(F$3=4, F$3=8), _xlfn.XLOOKUP(($B19*2), 韻母表[序號], 韻母表[方音符號]), _xlfn.XLOOKUP($B19, 韻母表[韻序], 韻母表[方音符號]) ), _xlfn.XLOOKUP(F$3, 聲調符號表[調號], 聲調符號表[調符])) -> ㄚㆵ | G19: =_xlfn.CONCAT( IF(OR(G$3=4, G$3=8), _xlfn.XLOOKUP(($B19*2), 韻母表[序號], 韻母表[方音符號]), _xlfn.XLOOKUP($B19, 韻母表[韻序], 韻母表[方音符號]) ), _xlfn.XLOOKUP(G$3, 聲調符號表[調號], 聲調符號表[調符])) -> ㄢˊ | H19: =_xlfn.CONCAT( IF(OR(H$3=4, H$3=8), _xlfn.XLOOKUP(($B19*2), 韻母表[序號], 韻母表[方音符號]), _xlfn.XLOOKUP($B19, 韻母表[韻序], 韻母表[方音符號]) ), _xlfn.XLOOKUP(H$3, 聲調符號表[調號], 聲調符號表[調符])) -> ㄢˋ | I19: =_xlfn.CONCAT( IF(OR(I$3=4, I$3=8), _xlfn.XLOOKUP(($B19*2), 韻母表[序號], 韻母表[方音符號]), _xlfn.XLOOKUP($B19, 韻母表[韻序], 韻母表[方音符號]) ), _xlfn.XLOOKUP(I$3, 聲調符號表[調號], 聲調符號表[調符])) -> ㄢ˫ | J19: =_xlfn.CONCAT( IF(OR(J$3=4, J$3=8), _xlfn.XLOOKUP(($B19*2), 韻母表[序號], 韻母表[方音符號]), _xlfn.XLOOKUP($B19, 韻母表[韻序], 韻母表[方音符號]) ), _xlfn.XLOOKUP(J$3, 聲調符號表[調號], 聲調符號表[調符])) -> ㄚㆵ˙
B20: 4.6 | C20: {=INDEX(字母八音反切!$C$4:$J$53, $B19, C$3)} -> 干 | D20: {=INDEX(字母八音反切!$C$4:$J$53, $B19, D$3)} -> 柬 | E20: {=INDEX(字母八音反切!$C$4:$J$53, $B19, E$3)} -> 澗 | F20: {=INDEX(字母八音反切!$C$4:$J$53, $B19, F$3)} -> 葛 | G20: {=INDEX(字母八音反切!$C$4:$J$53, $B19, G$3)} -> ○ | H20: {=INDEX(字母八音反切!$C$4:$J$53, $B19, H$3)} -> 柬 | I20: {=INDEX(字母八音反切!$C$4:$J$53, $B19, I$3)} -> ○ | J20: {=INDEX(字母八音反切!$C$4:$J$53, $B19, J$3)} -> ○
C21: =_xlfn.CONCAT( IF(OR(C$3=4, C$3=8), _xlfn.XLOOKUP(($B19*2), 韻母表[序號], 韻母表[台羅拼音]), _xlfn.XLOOKUP($B19, 韻母表[韻序], 韻母表[台羅拼音]) ), C$3) -> an1 | D21: =_xlfn.CONCAT( IF(OR(D$3=4, D$3=8), _xlfn.XLOOKUP(($B19*2), 韻母表[序號], 韻母表[台羅拼音]), _xlfn.XLOOKUP($B19, 韻母表[韻序], 韻母表[台羅拼音]) ), D$3) -> an2 | E21: =_xlfn.CONCAT( IF(OR(E$3=4, E$3=8), _xlfn.XLOOKUP(($B19*2), 韻母表[序號], 韻母表[台羅拼音]), _xlfn.XLOOKUP($B19, 韻母表[韻序], 韻母表[台羅拼音]) ), E$3) -> an3 | F21: =_xlfn.CONCAT( IF(OR(F$3=4, F$3=8), _xlfn.XLOOKUP(($B19*2), 韻母表[序號], 韻母表[台羅拼音]), _xlfn.XLOOKUP($B19, 韻母表[韻序], 韻母表[台羅拼音]) ), F$3) -> at4 | G21: =_xlfn.CONCAT( IF(OR(G$3=4, G$3=8), _xlfn.XLOOKUP(($B19*2), 韻母表[序號], 韻母表[台羅拼音]), _xlfn.XLOOKUP($B19, 韻母表[韻序], 韻母表[台羅拼音]) ), G$3) -> an5 | H21: =_xlfn.CONCAT( IF(OR(H$3=4, H$3=8), _xlfn.XLOOKUP(($B19*2), 韻母表[序號], 韻母表[台羅拼音]), _xlfn.XLOOKUP($B19, 韻母表[韻序], 韻母表[台羅拼音]) ), H$3) -> an6 | I21: =_xlfn.CONCAT( IF(OR(I$3=4, I$3=8), _xlfn.XLOOKUP(($B19*2), 韻母表[序號], 韻母表[台羅拼音]), _xlfn.XLOOKUP($B19, 韻母表[韻序], 韻母表[台羅拼音]) ), I$3) -> an7 | J21: =_xlfn.CONCAT( IF(OR(J$3=4, J$3=8), _xlfn.XLOOKUP(($B19*2), 韻母表[序號], 韻母表[台羅拼音]), _xlfn.XLOOKUP($B19, 韻母表[韻序], 韻母表[台羅拼音]) ), J$3) -> at8
B22: =B19+1 -> 7 | C22: =_xlfn.CONCAT( IF(OR(C$3=4, C$3=8), _xlfn.XLOOKUP(($B22*2), 韻母表[序號], 韻母表[方音符號]), _xlfn.XLOOKUP($B22, 韻母表[韻序], 韻母表[方音符號]) ), _xlfn.XLOOKUP(C$3, 聲調符號表[調號], 聲調符號表[調符])) -> ㆲ | D22: =_xlfn.CONCAT( IF(OR(D$3=4, D$3=8), _xlfn.XLOOKUP(($B22*2), 韻母表[序號], 韻母表[方音符號]), _xlfn.XLOOKUP($B22, 韻母表[韻序], 韻母表[方音符號]) ), _xlfn.XLOOKUP(D$3, 聲調符號表[調號], 聲調符號表[調符])) -> ㆲˋ | E22: =_xlfn.CONCAT( IF(OR(E$3=4, E$3=8), _xlfn.XLOOKUP(($B22*2), 韻母表[序號], 韻母表[方音符號]), _xlfn.XLOOKUP($B22, 韻母表[韻序], 韻母表[方音符號]) ), _xlfn.XLOOKUP(E$3, 聲調符號表[調號], 聲調符號表[調符])) -> ㆲ˪ | F22: =_xlfn.CONCAT( IF(OR(F$3=4, F$3=8), _xlfn.XLOOKUP(($B22*2), 韻母表[序號], 韻母表[方音符號]), _xlfn.XLOOKUP($B22, 韻母表[韻序], 韻母表[方音符號]) ), _xlfn.XLOOKUP(F$3, 聲調符號表[調號], 聲調符號表[調符])) -> ㆦㆻ | G22: =_xlfn.CONCAT( IF(OR(G$3=4, G$3=8), _xlfn.XLOOKUP(($B22*2), 韻母表[序號], 韻母表[方音符號]), _xlfn.XLOOKUP($B22, 韻母表[韻序], 韻母表[方音符號]) ), _xlfn.XLOOKUP(G$3, 聲調符號表[調號], 聲調符號表[調符])) -> ㆲˊ | H22: =_xlfn.CONCAT( IF(OR(H$3=4, H$3=8), _xlfn.XLOOKUP(($B22*2), 韻母表[序號], 韻母表[方音符號]), _xlfn.XLOOKUP($B22, 韻母表[韻序], 韻母表[方音符號]) ), _xlfn.XLOOKUP(H$3, 聲調符號表[調號], 聲調符號表[調符])) -> ㆲˋ | I22: =_xlfn.CONCAT( IF(OR(I$3=4, I$3=8), _xlfn.XLOOKUP(($B22*2), 韻母表[序號], 韻母表[方音符號]), _xlfn.XLOOKUP($B22, 韻母表[韻序], 韻母表[方音符號]) ), _xlfn.XLOOKUP(I$3, 聲調符號表[調號], 聲調符號表[調符])) -> ㆲ˫ | J22: =_xlfn.CONCAT( IF(OR(J$3=4, J$3=8), _xlfn.XLOOKUP(($B22*2), 韻母表[序號], 韻母表[方音符號]), _xlfn.XLOOKUP($B22, 韻母表[韻序], 韻母表[方音符號]) ), _xlfn.XLOOKUP(J$3, 聲調符號表[調號], 聲調符號表[調符])) -> ㆦㆻ˙
B23: 4.6 | C23: {=INDEX(字母八音反切!$C$4:$J$53, $B22, C$3)} -> 公 | D23: {=INDEX(字母八音反切!$C$4:$J$53, $B22, D$3)} -> 廣 | E23: {=INDEX(字母八音反切!$C$4:$J$53, $B22, E$3)} -> 貢 | F23: {=INDEX(字母八音反切!$C$4:$J$53, $B22, F$3)} -> 國 | G23: {=INDEX(字母八音反切!$C$4:$J$53, $B22, G$3)} -> 狂 | H23: {=INDEX(字母八音反切!$C$4:$J$53, $B22, H$3)} -> 廣 | I23: {=INDEX(字母八音反切!$C$4:$J$53, $B22, I$3)} -> 狂 | J23: {=INDEX(字母八音反切!$C$4:$J$53, $B22, J$3)} -> 咯
C24: =_xlfn.CONCAT( IF(OR(C$3=4, C$3=8), _xlfn.XLOOKUP(($B22*2), 韻母表[序號], 韻母表[台羅拼音]), _xlfn.XLOOKUP($B22, 韻母表[韻序], 韻母表[台羅拼音]) ), C$3) -> ong1 | D24: =_xlfn.CONCAT( IF(OR(D$3=4, D$3=8), _xlfn.XLOOKUP(($B22*2), 韻母表[序號], 韻母表[台羅拼音]), _xlfn.XLOOKUP($B22, 韻母表[韻序], 韻母表[台羅拼音]) ), D$3) -> ong2 | E24: =_xlfn.CONCAT( IF(OR(E$3=4, E$3=8), _xlfn.XLOOKUP(($B22*2), 韻母表[序號], 韻母表[台羅拼音]), _xlfn.XLOOKUP($B22, 韻母表[韻序], 韻母表[台羅拼音]) ), E$3) -> ong3 | F24: =_xlfn.CONCAT( IF(OR(F$3=4, F$3=8), _xlfn.XLOOKUP(($B22*2), 韻母表[序號], 韻母表[台羅拼音]), _xlfn.XLOOKUP($B22, 韻母表[韻序], 韻母表[台羅拼音]) ), F$3) -> ok4 | G24: =_xlfn.CONCAT( IF(OR(G$3=4, G$3=8), _xlfn.XLOOKUP(($B22*2), 韻母表[序號], 韻母表[台羅拼音]), _xlfn.XLOOKUP($B22, 韻母表[韻序], 韻母表[台羅拼音]) ), G$3) -> ong5 | H24: =_xlfn.CONCAT( IF(OR(H$3=4, H$3=8), _xlfn.XLOOKUP(($B22*2), 韻母表[序號], 韻母表[台羅拼音]), _xlfn.XLOOKUP($B22, 韻母表[韻序], 韻母表[台羅拼音]) ), H$3) -> ong6 | I24: =_xlfn.CONCAT( IF(OR(I$3=4, I$3=8), _xlfn.XLOOKUP(($B22*2), 韻母表[序號], 韻母表[台羅拼音]), _xlfn.XLOOKUP($B22, 韻母表[韻序], 韻母表[台羅拼音]) ), I$3) -> ong7 | J24: =_xlfn.CONCAT( IF(OR(J$3=4, J$3=8), _xlfn.XLOOKUP(($B22*2), 韻母表[序號], 韻母表[台羅拼音]), _xlfn.XLOOKUP($B22, 韻母表[韻序], 韻母表[台羅拼音]) ), J$3) -> ok8
B25: =B22+1 -> 8 | C25: =_xlfn.CONCAT( IF(OR(C$3=4, C$3=8), _xlfn.XLOOKUP(($B25*2), 韻母表[序號], 韻母表[方音符號]), _xlfn.XLOOKUP($B25, 韻母表[韻序], 韻母表[方音符號]) ), _xlfn.XLOOKUP(C$3, 聲調符號表[調號], 聲調符號表[調符])) -> ㄨㄞ | D25: =_xlfn.CONCAT( IF(OR(D$3=4, D$3=8), _xlfn.XLOOKUP(($B25*2), 韻母表[序號], 韻母表[方音符號]), _xlfn.XLOOKUP($B25, 韻母表[韻序], 韻母表[方音符號]) ), _xlfn.XLOOKUP(D$3, 聲調符號表[調號], 聲調符號表[調符])) -> ㄨㄞˋ | E25: =_xlfn.CONCAT( IF(OR(E$3=4, E$3=8), _xlfn.XLOOKUP(($B25*2), 韻母表[序號], 韻母表[方音符號]), _xlfn.XLOOKUP($B25, 韻母表[韻序], 韻母表[方音符號]) ), _xlfn.XLOOKUP(E$3, 聲調符號表[調號], 聲調符號表[調符])) -> ㄨㄞ˪ | F25: =_xlfn.CONCAT( IF(OR(F$3=4, F$3=8), _xlfn.XLOOKUP(($B25*2), 韻母表[序號], 韻母表[方音符號]), _xlfn.XLOOKUP($B25, 韻母表[韻序], 韻母表[方音符號]) ), _xlfn.XLOOKUP(F$3, 聲調符號表[調號], 聲調符號表[調符])) -> ㄨㄞㆷ | G25: =_xlfn.CONCAT( IF(OR(G$3=4, G$3=8), _xlfn.XLOOKUP(($B25*2), 韻母表[序號], 韻母表[方音符號]), _xlfn.XLOOKUP($B25, 韻母表[韻序], 韻母表[方音符號]) ), _xlfn.XLOOKUP(G$3, 聲調符號表[調號], 聲調符號表[調符])) -> ㄨㄞˊ | H25: =_xlfn.CONCAT( IF(OR(H$3=4, H$3=8), _xlfn.XLOOKUP(($B25*2), 韻母表[序號], 韻母表[方音符號]), _xlfn.XLOOKUP($B25, 韻母表[韻序], 韻母表[方音符號]) ), _xlfn.XLOOKUP(H$3, 聲調符號表[調號], 聲調符號表[調符])) -> ㄨㄞˋ | I25: =_xlfn.CONCAT( IF(OR(I$3=4, I$3=8), _xlfn.XLOOKUP(($B25*2), 韻母表[序號], 韻母表[方音符號]), _xlfn.XLOOKUP($B25, 韻母表[韻序], 韻母表[方音符號]) ), _xlfn.XLOOKUP(I$3, 聲調符號表[調號], 聲調符號表[調符])) -> ㄨㄞ˫ | J25: =_xlfn.CONCAT( IF(OR(J$3=4, J$3=8), _xlfn.XLOOKUP(($B25*2), 韻母表[序號], 韻母表[方音符號]), _xlfn.XLOOKUP($B25, 韻母表[韻序], 韻母表[方音符號]) ), _xlfn.XLOOKUP(J$3, 聲調符號表[調號], 聲調符號表[調符])) -> ㄨㄞㆷ˙
B26: 4.6 | C26: {=INDEX(字母八音反切!$C$4:$J$53, $B25, C$3)} -> 乖 | D26: {=INDEX(字母八音反切!$C$4:$J$53, $B25, D$3)} -> 拐 | E26: {=INDEX(字母八音反切!$C$4:$J$53, $B25, E$3)} -> 怪 | F26: {=INDEX(字母八音反切!$C$4:$J$53, $B25, F$3)} -> ○ | G26: {=INDEX(字母八音反切!$C$4:$J$53, $B25, G$3)} -> ○ | H26: {=INDEX(字母八音反切!$C$4:$J$53, $B25, H$3)} -> 拐 | I26: {=INDEX(字母八音反切!$C$4:$J$53, $B25, I$3)} -> ○ | J26: {=INDEX(字母八音反切!$C$4:$J$53, $B25, J$3)} -> ○
C27: =_xlfn.CONCAT( IF(OR(C$3=4, C$3=8), _xlfn.XLOOKUP(($B25*2), 韻母表[序號], 韻母表[台羅拼音]), _xlfn.XLOOKUP($B25, 韻母表[韻序], 韻母表[台羅拼音]) ), C$3) -> uai1 | D27: =_xlfn.CONCAT( IF(OR(D$3=4, D$3=8), _xlfn.XLOOKUP(($B25*2), 韻母表[序號], 韻母表[台羅拼音]), _xlfn.XLOOKUP($B25, 韻母表[韻序], 韻母表[台羅拼音]) ), D$3) -> uai2 | E27: =_xlfn.CONCAT( IF(OR(E$3=4, E$3=8), _xlfn.XLOOKUP(($B25*2), 韻母表[序號], 韻母表[台羅拼音]), _xlfn.XLOOKUP($B25, 韻母表[韻序], 韻母表[台羅拼音]) ), E$3) -> uai3 | F27: =_xlfn.CONCAT( IF(OR(F$3=4, F$3=8), _xlfn.XLOOKUP(($B25*2), 韻母表[序號], 韻母表[台羅拼音]), _xlfn.XLOOKUP($B25, 韻母表[韻序], 韻母表[台羅拼音]) ), F$3) -> uaih4 | G27: =_xlfn.CONCAT( IF(OR(G$3=4, G$3=8), _xlfn.XLOOKUP(($B25*2), 韻母表[序號], 韻母表[台羅拼音]), _xlfn.XLOOKUP($B25, 韻母表[韻序], 韻母表[台羅拼音]) ), G$3) -> uai5 | H27: =_xlfn.CONCAT( IF(OR(H$3=4, H$3=8), _xlfn.XLOOKUP(($B25*2), 韻母表[序號], 韻母表[台羅拼音]), _xlfn.XLOOKUP($B25, 韻母表[韻序], 韻母表[台羅拼音]) ), H$3) -> uai6 | I27: =_xlfn.CONCAT( IF(OR(I$3=4, I$3=8), _xlfn.XLOOKUP(($B25*2), 韻母表[序號], 韻母表[台羅拼音]), _xlfn.XLOOKUP($B25, 韻母表[韻序], 韻母表[台羅拼音]) ), I$3) -> uai7 | J27: =_xlfn.CONCAT( IF(OR(J$3=4, J$3=8), _xlfn.XLOOKUP(($B25*2), 韻母表[序號], 韻母表[台羅拼音]), _xlfn.XLOOKUP($B25, 韻母表[韻序], 韻母表[台羅拼音]) ), J$3) -> uaih8
B28: =B25+1 -> 9 | C28: =_xlfn.CONCAT( IF(OR(C$3=4, C$3=8), _xlfn.XLOOKUP(($B28*2), 韻母表[序號], 韻母表[方音符號]), _xlfn.XLOOKUP($B28, 韻母表[韻序], 韻母表[方音符號]) ), _xlfn.XLOOKUP(C$3, 聲調符號表[調號], 聲調符號表[調符])) -> ㄧㄥ | D28: =_xlfn.CONCAT( IF(OR(D$3=4, D$3=8), _xlfn.XLOOKUP(($B28*2), 韻母表[序號], 韻母表[方音符號]), _xlfn.XLOOKUP($B28, 韻母表[韻序], 韻母表[方音符號]) ), _xlfn.XLOOKUP(D$3, 聲調符號表[調號], 聲調符號表[調符])) -> ㄧㄥˋ | E28: =_xlfn.CONCAT( IF(OR(E$3=4, E$3=8), _xlfn.XLOOKUP(($B28*2), 韻母表[序號], 韻母表[方音符號]), _xlfn.XLOOKUP($B28, 韻母表[韻序], 韻母表[方音符號]) ), _xlfn.XLOOKUP(E$3, 聲調符號表[調號], 聲調符號表[調符])) -> ㄧㄥ˪ | F28: =_xlfn.CONCAT( IF(OR(F$3=4, F$3=8), _xlfn.XLOOKUP(($B28*2), 韻母表[序號], 韻母表[方音符號]), _xlfn.XLOOKUP($B28, 韻母表[韻序], 韻母表[方音符號]) ), _xlfn.XLOOKUP(F$3, 聲調符號表[調號], 聲調符號表[調符])) -> ㄧㆻ | G28: =_xlfn.CONCAT( IF(OR(G$3=4, G$3=8), _xlfn.XLOOKUP(($B28*2), 韻母表[序號], 韻母表[方音符號]), _xlfn.XLOOKUP($B28, 韻母表[韻序], 韻母表[方音符號]) ), _xlfn.XLOOKUP(G$3, 聲調符號表[調號], 聲調符號表[調符])) -> ㄧㄥˊ | H28: =_xlfn.CONCAT( IF(OR(H$3=4, H$3=8), _xlfn.XLOOKUP(($B28*2), 韻母表[序號], 韻母表[方音符號]), _xlfn.XLOOKUP($B28, 韻母表[韻序], 韻母表[方音符號]) ), _xlfn.XLOOKUP(H$3, 聲調符號表[調號], 聲調符號表[調符])) -> ㄧㄥˋ | I28: =_xlfn.CONCAT( IF(OR(I$3=4, I$3=8), _xlfn.XLOOKUP(($B28*2), 韻母表[序號], 韻母表[方音符號]), _xlfn.XLOOKUP($B28, 韻母表[韻序], 韻母表[方音符號]) ), _xlfn.XLOOKUP(I$3, 聲調符號表[調號], 聲調符號表[調符])) -> ㄧㄥ˫ | J28: =_xlfn.CONCAT( IF(OR(J$3=4, J$3=8), _xlfn.XLOOKUP(($B28*2), 韻母表[序號], 韻母表[方音符號]), _xlfn.XLOOKUP($B28, 韻母表[韻序], 韻母表[方音符號]) ), _xlfn.XLOOKUP(J$3, 聲調符號表[調號], 聲調符號表[調符])) -> ㄧㆻ˙
B29: 4.6 | C29: {=INDEX(字母八音反切!$C$4:$J$53, $B28, C$3)} -> 經 | D29: {=INDEX(字母八音反切!$C$4:$J$53, $B28, D$3)} -> 景 | E29: {=INDEX(字母八音反切!$C$4:$J$53, $B28, E$3)} -> 敬 | F29: {=INDEX(字母八音反切!$C$4:$J$53, $B28, F$3)} -> 格 | G29: {=INDEX(字母八音反切!$C$4:$J$53, $B28, G$3)} -> 煢 | H29: {=INDEX(字母八音反切!$C$4:$J$53, $B28, H$3)} -> 景 | I29: {=INDEX(字母八音反切!$C$4:$J$53, $B28, I$3)} -> 勁 | J29: {=INDEX(字母八音反切!$C$4:$J$53, $B28, J$3)} -> 極
C30: =_xlfn.CONCAT( IF(OR(C$3=4, C$3=8), _xlfn.XLOOKUP(($B28*2), 韻母表[序號], 韻母表[台羅拼音]), _xlfn.XLOOKUP($B28, 韻母表[韻序], 韻母表[台羅拼音]) ), C$3) -> ing1 | D30: =_xlfn.CONCAT( IF(OR(D$3=4, D$3=8), _xlfn.XLOOKUP(($B28*2), 韻母表[序號], 韻母表[台羅拼音]), _xlfn.XLOOKUP($B28, 韻母表[韻序], 韻母表[台羅拼音]) ), D$3) -> ing2 | E30: =_xlfn.CONCAT( IF(OR(E$3=4, E$3=8), _xlfn.XLOOKUP(($B28*2), 韻母表[序號], 韻母表[台羅拼音]), _xlfn.XLOOKUP($B28, 韻母表[韻序], 韻母表[台羅拼音]) ), E$3) -> ing3 | F30: =_xlfn.CONCAT( IF(OR(F$3=4, F$3=8), _xlfn.XLOOKUP(($B28*2), 韻母表[序號], 韻母表[台羅拼音]), _xlfn.XLOOKUP($B28, 韻母表[韻序], 韻母表[台羅拼音]) ), F$3) -> ik4 | G30: =_xlfn.CONCAT( IF(OR(G$3=4, G$3=8), _xlfn.XLOOKUP(($B28*2), 韻母表[序號], 韻母表[台羅拼音]), _xlfn.XLOOKUP($B28, 韻母表[韻序], 韻母表[台羅拼音]) ), G$3) -> ing5 | H30: =_xlfn.CONCAT( IF(OR(H$3=4, H$3=8), _xlfn.XLOOKUP(($B28*2), 韻母表[序號], 韻母表[台羅拼音]), _xlfn.XLOOKUP($B28, 韻母表[韻序], 韻母表[台羅拼音]) ), H$3) -> ing6 | I30: =_xlfn.CONCAT( IF(OR(I$3=4, I$3=8), _xlfn.XLOOKUP(($B28*2), 韻母表[序號], 韻母表[台羅拼音]), _xlfn.XLOOKUP($B28, 韻母表[韻序], 韻母表[台羅拼音]) ), I$3) -> ing7 | J30: =_xlfn.CONCAT( IF(OR(J$3=4, J$3=8), _xlfn.XLOOKUP(($B28*2), 韻母表[序號], 韻母表[台羅拼音]), _xlfn.XLOOKUP($B28, 韻母表[韻序], 韻母表[台羅拼音]) ), J$3) -> ik8
B31: =B28+1 -> 10 | C31: =_xlfn.CONCAT( IF(OR(C$3=4, C$3=8), _xlfn.XLOOKUP(($B31*2), 韻母表[序號], 韻母表[方音符號]), _xlfn.XLOOKUP($B31, 韻母表[韻序], 韻母表[方音符號]) ), _xlfn.XLOOKUP(C$3, 聲調符號表[調號], 聲調符號表[調符])) -> ㄨㄢ | D31: =_xlfn.CONCAT( IF(OR(D$3=4, D$3=8), _xlfn.XLOOKUP(($B31*2), 韻母表[序號], 韻母表[方音符號]), _xlfn.XLOOKUP($B31, 韻母表[韻序], 韻母表[方音符號]) ), _xlfn.XLOOKUP(D$3, 聲調符號表[調號], 聲調符號表[調符])) -> ㄨㄢˋ | E31: =_xlfn.CONCAT( IF(OR(E$3=4, E$3=8), _xlfn.XLOOKUP(($B31*2), 韻母表[序號], 韻母表[方音符號]), _xlfn.XLOOKUP($B31, 韻母表[韻序], 韻母表[方音符號]) ), _xlfn.XLOOKUP(E$3, 聲調符號表[調號], 聲調符號表[調符])) -> ㄨㄢ˪ | F31: =_xlfn.CONCAT( IF(OR(F$3=4, F$3=8), _xlfn.XLOOKUP(($B31*2), 韻母表[序號], 韻母表[方音符號]), _xlfn.XLOOKUP($B31, 韻母表[韻序], 韻母表[方音符號]) ), _xlfn.XLOOKUP(F$3, 聲調符號表[調號], 聲調符號表[調符])) -> ㄨㄚㆵ | G31: =_xlfn.CONCAT( IF(OR(G$3=4, G$3=8), _xlfn.XLOOKUP(($B31*2), 韻母表[序號], 韻母表[方音符號]), _xlfn.XLOOKUP($B31, 韻母表[韻序], 韻母表[方音符號]) ), _xlfn.XLOOKUP(G$3, 聲調符號表[調號], 聲調符號表[調符])) -> ㄨㄢˊ | H31: =_xlfn.CONCAT( IF(OR(H$3=4, H$3=8), _xlfn.XLOOKUP(($B31*2), 韻母表[序號], 韻母表[方音符號]), _xlfn.XLOOKUP($B31, 韻母表[韻序], 韻母表[方音符號]) ), _xlfn.XLOOKUP(H$3, 聲調符號表[調號], 聲調符號表[調符])) -> ㄨㄢˋ | I31: =_xlfn.CONCAT( IF(OR(I$3=4, I$3=8), _xlfn.XLOOKUP(($B31*2), 韻母表[序號], 韻母表[方音符號]), _xlfn.XLOOKUP($B31, 韻母表[韻序], 韻母表[方音符號]) ), _xlfn.XLOOKUP(I$3, 聲調符號表[調號], 聲調符號表[調符])) -> ㄨㄢ˫ | J31: =_xlfn.CONCAT( IF(OR(J$3=4, J$3=8), _xlfn.XLOOKUP(($B31*2), 韻母表[序號], 韻母表[方音符號]), _xlfn.XLOOKUP($B31, 韻母表[韻序], 韻母表[方音符號]) ), _xlfn.XLOOKUP(J$3, 聲調符號表[調號], 聲調符號表[調符])) -> ㄨㄚㆵ˙
B32: 4.6 | C32: {=INDEX(字母八音反切!$C$4:$J$53, $B31, C$3)} -> 觀 | D32: {=INDEX(字母八音反切!$C$4:$J$53, $B31, D$3)} -> 琯 | E32: {=INDEX(字母八音反切!$C$4:$J$53, $B31, E$3)} -> 貫 | F32: {=INDEX(字母八音反切!$C$4:$J$53, $B31, F$3)} -> 适 | G32: {=INDEX(字母八音反切!$C$4:$J$53, $B31, G$3)} -> 權 | H32: {=INDEX(字母八音反切!$C$4:$J$53, $B31, H$3)} -> 琯 | I32: {=INDEX(字母八音反切!$C$4:$J$53, $B31, I$3)} -> 縣 | J32: {=INDEX(字母八音反切!$C$4:$J$53, $B31, J$3)} -> 橜
C33: =_xlfn.CONCAT( IF(OR(C$3=4, C$3=8), _xlfn.XLOOKUP(($B31*2), 韻母表[序號], 韻母表[台羅拼音]), _xlfn.XLOOKUP($B31, 韻母表[韻序], 韻母表[台羅拼音]) ), C$3) -> uan1 | D33: =_xlfn.CONCAT( IF(OR(D$3=4, D$3=8), _xlfn.XLOOKUP(($B31*2), 韻母表[序號], 韻母表[台羅拼音]), _xlfn.XLOOKUP($B31, 韻母表[韻序], 韻母表[台羅拼音]) ), D$3) -> uan2 | E33: =_xlfn.CONCAT( IF(OR(E$3=4, E$3=8), _xlfn.XLOOKUP(($B31*2), 韻母表[序號], 韻母表[台羅拼音]), _xlfn.XLOOKUP($B31, 韻母表[韻序], 韻母表[台羅拼音]) ), E$3) -> uan3 | F33: =_xlfn.CONCAT( IF(OR(F$3=4, F$3=8), _xlfn.XLOOKUP(($B31*2), 韻母表[序號], 韻母表[台羅拼音]), _xlfn.XLOOKUP($B31, 韻母表[韻序], 韻母表[台羅拼音]) ), F$3) -> uat4 | G33: =_xlfn.CONCAT( IF(OR(G$3=4, G$3=8), _xlfn.XLOOKUP(($B31*2), 韻母表[序號], 韻母表[台羅拼音]), _xlfn.XLOOKUP($B31, 韻母表[韻序], 韻母表[台羅拼音]) ), G$3) -> uan5 | H33: =_xlfn.CONCAT( IF(OR(H$3=4, H$3=8), _xlfn.XLOOKUP(($B31*2), 韻母表[序號], 韻母表[台羅拼音]), _xlfn.XLOOKUP($B31, 韻母表[韻序], 韻母表[台羅拼音]) ), H$3) -> uan6 | I33: =_xlfn.CONCAT( IF(OR(I$3=4, I$3=8), _xlfn.XLOOKUP(($B31*2), 韻母表[序號], 韻母表[台羅拼音]), _xlfn.XLOOKUP($B31, 韻母表[韻序], 韻母表[台羅拼音]) ), I$3) -> uan7 | J33: =_xlfn.CONCAT( IF(OR(J$3=4, J$3=8), _xlfn.XLOOKUP(($B31*2), 韻母表[序號], 韻母表[台羅拼音]), _xlfn.XLOOKUP($B31, 韻母表[韻序], 韻母表[台羅拼音]) ), J$3) -> uat8
B34: =B31+1 -> 11 | C34: =_xlfn.CONCAT( IF(OR(C$3=4, C$3=8), _xlfn.XLOOKUP(($B34*2), 韻母表[序號], 韻母表[方音符號]), _xlfn.XLOOKUP($B34, 韻母表[韻序], 韻母表[方音符號]) ), _xlfn.XLOOKUP(C$3, 聲調符號表[調號], 聲調符號表[調符])) -> ㆦ | D34: =_xlfn.CONCAT( IF(OR(D$3=4, D$3=8), _xlfn.XLOOKUP(($B34*2), 韻母表[序號], 韻母表[方音符號]), _xlfn.XLOOKUP($B34, 韻母表[韻序], 韻母表[方音符號]) ), _xlfn.XLOOKUP(D$3, 聲調符號表[調號], 聲調符號表[調符])) -> ㆦˋ | E34: =_xlfn.CONCAT( IF(OR(E$3=4, E$3=8), _xlfn.XLOOKUP(($B34*2), 韻母表[序號], 韻母表[方音符號]), _xlfn.XLOOKUP($B34, 韻母表[韻序], 韻母表[方音符號]) ), _xlfn.XLOOKUP(E$3, 聲調符號表[調號], 聲調符號表[調符])) -> ㆦ˪ | F34: =_xlfn.CONCAT( IF(OR(F$3=4, F$3=8), _xlfn.XLOOKUP(($B34*2), 韻母表[序號], 韻母表[方音符號]), _xlfn.XLOOKUP($B34, 韻母表[韻序], 韻母表[方音符號]) ), _xlfn.XLOOKUP(F$3, 聲調符號表[調號], 聲調符號表[調符])) -> ㆦㆷ | G34: =_xlfn.CONCAT( IF(OR(G$3=4, G$3=8), _xlfn.XLOOKUP(($B34*2), 韻母表[序號], 韻母表[方音符號]), _xlfn.XLOOKUP($B34, 韻母表[韻序], 韻母表[方音符號]) ), _xlfn.XLOOKUP(G$3, 聲調符號表[調號], 聲調符號表[調符])) -> ㆦˊ | H34: =_xlfn.CONCAT( IF(OR(H$3=4, H$3=8), _xlfn.XLOOKUP(($B34*2), 韻母表[序號], 韻母表[方音符號]), _xlfn.XLOOKUP($B34, 韻母表[韻序], 韻母表[方音符號]) ), _xlfn.XLOOKUP(H$3, 聲調符號表[調號], 聲調符號表[調符])) -> ㆦˋ | I34: =_xlfn.CONCAT( IF(OR(I$3=4, I$3=8), _xlfn.XLOOKUP(($B34*2), 韻母表[序號], 韻母表[方音符號]), _xlfn.XLOOKUP($B34, 韻母表[韻序], 韻母表[方音符號]) ), _xlfn.XLOOKUP(I$3, 聲調符號表[調號], 聲調符號表[調符])) -> ㆦ˫ | J34: =_xlfn.CONCAT( IF(OR(J$3=4, J$3=8), _xlfn.XLOOKUP(($B34*2), 韻母表[序號], 韻母表[方音符號]), _xlfn.XLOOKUP($B34, 韻母表[韻序], 韻母表[方音符號]) ), _xlfn.XLOOKUP(J$3, 聲調符號表[調號], 聲調符號表[調符])) -> ㆦㆷ˙
B35: 4.6 | C35: {=INDEX(字母八音反切!$C$4:$J$53, $B34, C$3)} -> 沽 | D35: {=INDEX(字母八音反切!$C$4:$J$53, $B34, D$3)} -> 古 | E35: {=INDEX(字母八音反切!$C$4:$J$53, $B34, E$3)} -> 固 | F35: {=INDEX(字母八音反切!$C$4:$J$53, $B34, F$3)} -> ○ | G35: {=INDEX(字母八音反切!$C$4:$J$53, $B34, G$3)} -> 糊 | H35: {=INDEX(字母八音反切!$C$4:$J$53, $B34, H$3)} -> 古 | I35: {=INDEX(字母八音反切!$C$4:$J$53, $B34, I$3)} -> 怙 | J35: {=INDEX(字母八音反切!$C$4:$J$53, $B34, J$3)} -> ○
C36: =_xlfn.CONCAT( IF(OR(C$3=4, C$3=8), _xlfn.XLOOKUP(($B34*2), 韻母表[序號], 韻母表[台羅拼音]), _xlfn.XLOOKUP($B34, 韻母表[韻序], 韻母表[台羅拼音]) ), C$3) -> oo1 | D36: =_xlfn.CONCAT( IF(OR(D$3=4, D$3=8), _xlfn.XLOOKUP(($B34*2), 韻母表[序號], 韻母表[台羅拼音]), _xlfn.XLOOKUP($B34, 韻母表[韻序], 韻母表[台羅拼音]) ), D$3) -> oo2 | E36: =_xlfn.CONCAT( IF(OR(E$3=4, E$3=8), _xlfn.XLOOKUP(($B34*2), 韻母表[序號], 韻母表[台羅拼音]), _xlfn.XLOOKUP($B34, 韻母表[韻序], 韻母表[台羅拼音]) ), E$3) -> oo3 | F36: =_xlfn.CONCAT( IF(OR(F$3=4, F$3=8), _xlfn.XLOOKUP(($B34*2), 韻母表[序號], 韻母表[台羅拼音]), _xlfn.XLOOKUP($B34, 韻母表[韻序], 韻母表[台羅拼音]) ), F$3) -> ooh4 | G36: =_xlfn.CONCAT( IF(OR(G$3=4, G$3=8), _xlfn.XLOOKUP(($B34*2), 韻母表[序號], 韻母表[台羅拼音]), _xlfn.XLOOKUP($B34, 韻母表[韻序], 韻母表[台羅拼音]) ), G$3) -> oo5 | H36: =_xlfn.CONCAT( IF(OR(H$3=4, H$3=8), _xlfn.XLOOKUP(($B34*2), 韻母表[序號], 韻母表[台羅拼音]), _xlfn.XLOOKUP($B34, 韻母表[韻序], 韻母表[台羅拼音]) ), H$3) -> oo6 | I36: =_xlfn.CONCAT( IF(OR(I$3=4, I$3=8), _xlfn.XLOOKUP(($B34*2), 韻母表[序號], 韻母表[台羅拼音]), _xlfn.XLOOKUP($B34, 韻母表[韻序], 韻母表[台羅拼音]) ), I$3) -> oo7 | J36: =_xlfn.CONCAT( IF(OR(J$3=4, J$3=8), _xlfn.XLOOKUP(($B34*2), 韻母表[序號], 韻母表[台羅拼音]), _xlfn.XLOOKUP($B34, 韻母表[韻序], 韻母表[台羅拼音]) ), J$3) -> ooh8
B37: =B34+1 -> 12 | C37: =_xlfn.CONCAT( IF(OR(C$3=4, C$3=8), _xlfn.XLOOKUP(($B37*2), 韻母表[序號], 韻母表[方音符號]), _xlfn.XLOOKUP($B37, 韻母表[韻序], 韻母表[方音符號]) ), _xlfn.XLOOKUP(C$3, 聲調符號表[調號], 聲調符號表[調符])) -> ㄧㄠ | D37: =_xlfn.CONCAT( IF(OR(D$3=4, D$3=8), _xlfn.XLOOKUP(($B37*2), 韻母表[序號], 韻母表[方音符號]), _xlfn.XLOOKUP($B37, 韻母表[韻序], 韻母表[方音符號]) ), _xlfn.XLOOKUP(D$3, 聲調符號表[調號], 聲調符號表[調符])) -> ㄧㄠˋ | E37: =_xlfn.CONCAT( IF(OR(E$3=4, E$3=8), _xlfn.XLOOKUP(($B37*2), 韻母表[序號], 韻母表[方音符號]), _xlfn.XLOOKUP($B37, 韻母表[韻序], 韻母表[方音符號]) ), _xlfn.XLOOKUP(E$3, 聲調符號表[調號], 聲調符號表[調符])) -> ㄧㄠ˪ | F37: =_xlfn.CONCAT( IF(OR(F$3=4, F$3=8), _xlfn.XLOOKUP(($B37*2), 韻母表[序號], 韻母表[方音符號]), _xlfn.XLOOKUP($B37, 韻母表[韻序], 韻母表[方音符號]) ), _xlfn.XLOOKUP(F$3, 聲調符號表[調號], 聲調符號表[調符])) -> ㄧㄠㆷ | G37: =_xlfn.CONCAT( IF(OR(G$3=4, G$3=8), _xlfn.XLOOKUP(($B37*2), 韻母表[序號], 韻母表[方音符號]), _xlfn.XLOOKUP($B37, 韻母表[韻序], 韻母表[方音符號]) ), _xlfn.XLOOKUP(G$3, 聲調符號表[調號], 聲調符號表[調符])) -> ㄧㄠˊ | H37: =_xlfn.CONCAT( IF(OR(H$3=4, H$3=8), _xlfn.XLOOKUP(($B37*2), 韻母表[序號], 韻母表[方音符號]), _xlfn.XLOOKUP($B37, 韻母表[韻序], 韻母表[方音符號]) ), _xlfn.XLOOKUP(H$3, 聲調符號表[調號], 聲調符號表[調符])) -> ㄧㄠˋ | I37: =_xlfn.CONCAT( IF(OR(I$3=4, I$3=8), _xlfn.XLOOKUP(($B37*2), 韻母表[序號], 韻母表[方音符號]), _xlfn.XLOOKUP($B37, 韻母表[韻序], 韻母表[方音符號]) ), _xlfn.XLOOKUP(I$3, 聲調符號表[調號], 聲調符號表[調符])) -> ㄧㄠ˫ | J37: =_xlfn.CONCAT( IF(OR(J$3=4, J$3=8), _xlfn.XLOOKUP(($B37*2), 韻母表[序號], 韻母表[方音符號]), _xlfn.XLOOKUP($B37, 韻母表[韻序], 韻母表[方音符號]) ), _xlfn.XLOOKUP(J$3, 聲調符號表[調號], 聲調符號表[調符])) -> ㄧㄠㆷ˙
B38: 4.6 | C38: {=INDEX(字母八音反切!$C$4:$J$53, $B37, C$3)} -> 嬌 | D38: {=INDEX(字母八音反切!$C$4:$J$53, $B37, D$3)} -> 皎 | E38: {=INDEX(字母八音反切!$C$4:$J$53, $B37, E$3)} -> 呌 | F38: {=INDEX(字母八音反切!$C$4:$J$53, $B37, F$3)} -> 勪 | G38: {=INDEX(字母八音反切!$C$4:$J$53, $B37, G$3)} -> 橋 | H38: {=INDEX(字母八音反切!$C$4:$J$53, $B37, H$3)} -> 皎 | I38: {=INDEX(字母八音反切!$C$4:$J$53, $B37, I$3)} -> 轎 | J38: {=INDEX(字母八音反切!$C$4:$J$53, $B37, J$3)} -> 噭
C39: =_xlfn.CONCAT( IF(OR(C$3=4, C$3=8), _xlfn.XLOOKUP(($B37*2), 韻母表[序號], 韻母表[台羅拼音]), _xlfn.XLOOKUP($B37, 韻母表[韻序], 韻母表[台羅拼音]) ), C$3) -> iau1 | D39: =_xlfn.CONCAT( IF(OR(D$3=4, D$3=8), _xlfn.XLOOKUP(($B37*2), 韻母表[序號], 韻母表[台羅拼音]), _xlfn.XLOOKUP($B37, 韻母表[韻序], 韻母表[台羅拼音]) ), D$3) -> iau2 | E39: =_xlfn.CONCAT( IF(OR(E$3=4, E$3=8), _xlfn.XLOOKUP(($B37*2), 韻母表[序號], 韻母表[台羅拼音]), _xlfn.XLOOKUP($B37, 韻母表[韻序], 韻母表[台羅拼音]) ), E$3) -> iau3 | F39: =_xlfn.CONCAT( IF(OR(F$3=4, F$3=8), _xlfn.XLOOKUP(($B37*2), 韻母表[序號], 韻母表[台羅拼音]), _xlfn.XLOOKUP($B37, 韻母表[韻序], 韻母表[台羅拼音]) ), F$3) -> iauh4 | G39: =_xlfn.CONCAT( IF(OR(G$3=4, G$3=8), _xlfn.XLOOKUP(($B37*2), 韻母表[序號], 韻母表[台羅拼音]), _xlfn.XLOOKUP($B37, 韻母表[韻序], 韻母表[台羅拼音]) ), G$3) -> iau5 | H39: =_xlfn.CONCAT( IF(OR(H$3=4, H$3=8), _xlfn.XLOOKUP(($B37*2), 韻母表[序號], 韻母表[台羅拼音]), _xlfn.XLOOKUP($B37, 韻母表[韻序], 韻母表[台羅拼音]) ), H$3) -> iau6 | I39: =_xlfn.CONCAT( IF(OR(I$3=4, I$3=8), _xlfn.XLOOKUP(($B37*2), 韻母表[序號], 韻母表[台羅拼音]), _xlfn.XLOOKUP($B37, 韻母表[韻序], 韻母表[台羅拼音]) ), I$3) -> iau7 | J39: =_xlfn.CONCAT( IF(OR(J$3=4, J$3=8), _xlfn.XLOOKUP(($B37*2), 韻母表[序號], 韻母表[台羅拼音]), _xlfn.XLOOKUP($B37, 韻母表[韻序], 韻母表[台羅拼音]) ), J$3) -> iauh8
B40: =B37+1 -> 13 | C40: =_xlfn.CONCAT( IF(OR(C$3=4, C$3=8), _xlfn.XLOOKUP(($B40*2), 韻母表[序號], 韻母表[方音符號]), _xlfn.XLOOKUP($B40, 韻母表[韻序], 韻母表[方音符號]) ), _xlfn.XLOOKUP(C$3, 聲調符號表[調號], 聲調符號表[調符])) -> ㆤ | D40: =_xlfn.CONCAT( IF(OR(D$3=4, D$3=8), _xlfn.XLOOKUP(($B40*2), 韻母表[序號], 韻母表[方音符號]), _xlfn.XLOOKUP($B40, 韻母表[韻序], 韻母表[方音符號]) ), _xlfn.XLOOKUP(D$3, 聲調符號表[調號], 聲調符號表[調符])) -> ㆤˋ | E40: =_xlfn.CONCAT( IF(OR(E$3=4, E$3=8), _xlfn.XLOOKUP(($B40*2), 韻母表[序號], 韻母表[方音符號]), _xlfn.XLOOKUP($B40, 韻母表[韻序], 韻母表[方音符號]) ), _xlfn.XLOOKUP(E$3, 聲調符號表[調號], 聲調符號表[調符])) -> ㆤ˪ | F40: =_xlfn.CONCAT( IF(OR(F$3=4, F$3=8), _xlfn.XLOOKUP(($B40*2), 韻母表[序號], 韻母表[方音符號]), _xlfn.XLOOKUP($B40, 韻母表[韻序], 韻母表[方音符號]) ), _xlfn.XLOOKUP(F$3, 聲調符號表[調號], 聲調符號表[調符])) -> ㆤㆷ | G40: =_xlfn.CONCAT( IF(OR(G$3=4, G$3=8), _xlfn.XLOOKUP(($B40*2), 韻母表[序號], 韻母表[方音符號]), _xlfn.XLOOKUP($B40, 韻母表[韻序], 韻母表[方音符號]) ), _xlfn.XLOOKUP(G$3, 聲調符號表[調號], 聲調符號表[調符])) -> ㆤˊ | H40: =_xlfn.CONCAT( IF(OR(H$3=4, H$3=8), _xlfn.XLOOKUP(($B40*2), 韻母表[序號], 韻母表[方音符號]), _xlfn.XLOOKUP($B40, 韻母表[韻序], 韻母表[方音符號]) ), _xlfn.XLOOKUP(H$3, 聲調符號表[調號], 聲調符號表[調符])) -> ㆤˋ | I40: =_xlfn.CONCAT( IF(OR(I$3=4, I$3=8), _xlfn.XLOOKUP(($B40*2), 韻母表[序號], 韻母表[方音符號]), _xlfn.XLOOKUP($B40, 韻母表[韻序], 韻母表[方音符號]) ), _xlfn.XLOOKUP(I$3, 聲調符號表[調號], 聲調符號表[調符])) -> ㆤ˫ | J40: =_xlfn.CONCAT( IF(OR(J$3=4, J$3=8), _xlfn.XLOOKUP(($B40*2), 韻母表[序號], 韻母表[方音符號]), _xlfn.XLOOKUP($B40, 韻母表[韻序], 韻母表[方音符號]) ), _xlfn.XLOOKUP(J$3, 聲調符號表[調號], 聲調符號表[調符])) -> ㆤㆷ˙
B41: 4.6 | C41: {=INDEX(字母八音反切!$C$4:$J$53, $B40, C$3)} -> 稽 | D41: {=INDEX(字母八音反切!$C$4:$J$53, $B40, D$3)} -> 改 | E41: {=INDEX(字母八音反切!$C$4:$J$53, $B40, E$3)} -> 計 | F41: {=INDEX(字母八音反切!$C$4:$J$53, $B40, F$3)} -> 莢 | G41: {=INDEX(字母八音反切!$C$4:$J$53, $B40, G$3)} -> 鮭 | H41: {=INDEX(字母八音反切!$C$4:$J$53, $B40, H$3)} -> 改 | I41: {=INDEX(字母八音反切!$C$4:$J$53, $B40, I$3)} -> 易 | J41: {=INDEX(字母八音反切!$C$4:$J$53, $B40, J$3)} -> ○
C42: =_xlfn.CONCAT( IF(OR(C$3=4, C$3=8), _xlfn.XLOOKUP(($B40*2), 韻母表[序號], 韻母表[台羅拼音]), _xlfn.XLOOKUP($B40, 韻母表[韻序], 韻母表[台羅拼音]) ), C$3) -> e1 | D42: =_xlfn.CONCAT( IF(OR(D$3=4, D$3=8), _xlfn.XLOOKUP(($B40*2), 韻母表[序號], 韻母表[台羅拼音]), _xlfn.XLOOKUP($B40, 韻母表[韻序], 韻母表[台羅拼音]) ), D$3) -> e2 | E42: =_xlfn.CONCAT( IF(OR(E$3=4, E$3=8), _xlfn.XLOOKUP(($B40*2), 韻母表[序號], 韻母表[台羅拼音]), _xlfn.XLOOKUP($B40, 韻母表[韻序], 韻母表[台羅拼音]) ), E$3) -> e3 | F42: =_xlfn.CONCAT( IF(OR(F$3=4, F$3=8), _xlfn.XLOOKUP(($B40*2), 韻母表[序號], 韻母表[台羅拼音]), _xlfn.XLOOKUP($B40, 韻母表[韻序], 韻母表[台羅拼音]) ), F$3) -> eh4 | G42: =_xlfn.CONCAT( IF(OR(G$3=4, G$3=8), _xlfn.XLOOKUP(($B40*2), 韻母表[序號], 韻母表[台羅拼音]), _xlfn.XLOOKUP($B40, 韻母表[韻序], 韻母表[台羅拼音]) ), G$3) -> e5 | H42: =_xlfn.CONCAT( IF(OR(H$3=4, H$3=8), _xlfn.XLOOKUP(($B40*2), 韻母表[序號], 韻母表[台羅拼音]), _xlfn.XLOOKUP($B40, 韻母表[韻序], 韻母表[台羅拼音]) ), H$3) -> e6 | I42: =_xlfn.CONCAT( IF(OR(I$3=4, I$3=8), _xlfn.XLOOKUP(($B40*2), 韻母表[序號], 韻母表[台羅拼音]), _xlfn.XLOOKUP($B40, 韻母表[韻序], 韻母表[台羅拼音]) ), I$3) -> e7 | J42: =_xlfn.CONCAT( IF(OR(J$3=4, J$3=8), _xlfn.XLOOKUP(($B40*2), 韻母表[序號], 韻母表[台羅拼音]), _xlfn.XLOOKUP($B40, 韻母表[韻序], 韻母表[台羅拼音]) ), J$3) -> eh8
B43: =B40+1 -> 14 | C43: =_xlfn.CONCAT( IF(OR(C$3=4, C$3=8), _xlfn.XLOOKUP(($B43*2), 韻母表[序號], 韻母表[方音符號]), _xlfn.XLOOKUP($B43, 韻母表[韻序], 韻母表[方音符號]) ), _xlfn.XLOOKUP(C$3, 聲調符號表[調號], 聲調符號表[調符])) -> ㄧㆲ | D43: =_xlfn.CONCAT( IF(OR(D$3=4, D$3=8), _xlfn.XLOOKUP(($B43*2), 韻母表[序號], 韻母表[方音符號]), _xlfn.XLOOKUP($B43, 韻母表[韻序], 韻母表[方音符號]) ), _xlfn.XLOOKUP(D$3, 聲調符號表[調號], 聲調符號表[調符])) -> ㄧㆲˋ | E43: =_xlfn.CONCAT( IF(OR(E$3=4, E$3=8), _xlfn.XLOOKUP(($B43*2), 韻母表[序號], 韻母表[方音符號]), _xlfn.XLOOKUP($B43, 韻母表[韻序], 韻母表[方音符號]) ), _xlfn.XLOOKUP(E$3, 聲調符號表[調號], 聲調符號表[調符])) -> ㄧㆲ˪ | F43: =_xlfn.CONCAT( IF(OR(F$3=4, F$3=8), _xlfn.XLOOKUP(($B43*2), 韻母表[序號], 韻母表[方音符號]), _xlfn.XLOOKUP($B43, 韻母表[韻序], 韻母表[方音符號]) ), _xlfn.XLOOKUP(F$3, 聲調符號表[調號], 聲調符號表[調符])) -> ㄧㆦㆻ | G43: =_xlfn.CONCAT( IF(OR(G$3=4, G$3=8), _xlfn.XLOOKUP(($B43*2), 韻母表[序號], 韻母表[方音符號]), _xlfn.XLOOKUP($B43, 韻母表[韻序], 韻母表[方音符號]) ), _xlfn.XLOOKUP(G$3, 聲調符號表[調號], 聲調符號表[調符])) -> ㄧㆲˊ | H43: =_xlfn.CONCAT( IF(OR(H$3=4, H$3=8), _xlfn.XLOOKUP(($B43*2), 韻母表[序號], 韻母表[方音符號]), _xlfn.XLOOKUP($B43, 韻母表[韻序], 韻母表[方音符號]) ), _xlfn.XLOOKUP(H$3, 聲調符號表[調號], 聲調符號表[調符])) -> ㄧㆲˋ | I43: =_xlfn.CONCAT( IF(OR(I$3=4, I$3=8), _xlfn.XLOOKUP(($B43*2), 韻母表[序號], 韻母表[方音符號]), _xlfn.XLOOKUP($B43, 韻母表[韻序], 韻母表[方音符號]) ), _xlfn.XLOOKUP(I$3, 聲調符號表[調號], 聲調符號表[調符])) -> ㄧㆲ˫ | J43: =_xlfn.CONCAT( IF(OR(J$3=4, J$3=8), _xlfn.XLOOKUP(($B43*2), 韻母表[序號], 韻母表[方音符號]), _xlfn.XLOOKUP($B43, 韻母表[韻序], 韻母表[方音符號]) ), _xlfn.XLOOKUP(J$3, 聲調符號表[調號], 聲調符號表[調符])) -> ㄧㆦㆻ˙
B44: 4.6 | C44: {=INDEX(字母八音反切!$C$4:$J$53, $B43, C$3)} -> 恭 | D44: {=INDEX(字母八音反切!$C$4:$J$53, $B43, D$3)} -> 拱 | E44: {=INDEX(字母八音反切!$C$4:$J$53, $B43, E$3)} -> 供 | F44: {=INDEX(字母八音反切!$C$4:$J$53, $B43, F$3)} -> 菊 | G44: {=INDEX(字母八音反切!$C$4:$J$53, $B43, G$3)} -> 窮 | H44: {=INDEX(字母八音反切!$C$4:$J$53, $B43, H$3)} -> 拱 | I44: {=INDEX(字母八音反切!$C$4:$J$53, $B43, I$3)} -> 共 | J44: {=INDEX(字母八音反切!$C$4:$J$53, $B43, J$3)} -> 局
C45: =_xlfn.CONCAT( IF(OR(C$3=4, C$3=8), _xlfn.XLOOKUP(($B43*2), 韻母表[序號], 韻母表[台羅拼音]), _xlfn.XLOOKUP($B43, 韻母表[韻序], 韻母表[台羅拼音]) ), C$3) -> iong1 | D45: =_xlfn.CONCAT( IF(OR(D$3=4, D$3=8), _xlfn.XLOOKUP(($B43*2), 韻母表[序號], 韻母表[台羅拼音]), _xlfn.XLOOKUP($B43, 韻母表[韻序], 韻母表[台羅拼音]) ), D$3) -> iong2 | E45: =_xlfn.CONCAT( IF(OR(E$3=4, E$3=8), _xlfn.XLOOKUP(($B43*2), 韻母表[序號], 韻母表[台羅拼音]), _xlfn.XLOOKUP($B43, 韻母表[韻序], 韻母表[台羅拼音]) ), E$3) -> iong3 | F45: =_xlfn.CONCAT( IF(OR(F$3=4, F$3=8), _xlfn.XLOOKUP(($B43*2), 韻母表[序號], 韻母表[台羅拼音]), _xlfn.XLOOKUP($B43, 韻母表[韻序], 韻母表[台羅拼音]) ), F$3) -> iok4 | G45: =_xlfn.CONCAT( IF(OR(G$3=4, G$3=8), _xlfn.XLOOKUP(($B43*2), 韻母表[序號], 韻母表[台羅拼音]), _xlfn.XLOOKUP($B43, 韻母表[韻序], 韻母表[台羅拼音]) ), G$3) -> iong5 | H45: =_xlfn.CONCAT( IF(OR(H$3=4, H$3=8), _xlfn.XLOOKUP(($B43*2), 韻母表[序號], 韻母表[台羅拼音]), _xlfn.XLOOKUP($B43, 韻母表[韻序], 韻母表[台羅拼音]) ), H$3) -> iong6 | I45: =_xlfn.CONCAT( IF(OR(I$3=4, I$3=8), _xlfn.XLOOKUP(($B43*2), 韻母表[序號], 韻母表[台羅拼音]), _xlfn.XLOOKUP($B43, 韻母表[韻序], 韻母表[台羅拼音]) ), I$3) -> iong7 | J45: =_xlfn.CONCAT( IF(OR(J$3=4, J$3=8), _xlfn.XLOOKUP(($B43*2), 韻母表[序號], 韻母表[台羅拼音]), _xlfn.XLOOKUP($B43, 韻母表[韻序], 韻母表[台羅拼音]) ), J$3) -> iok8
B46: =B43+1 -> 15 | C46: =_xlfn.CONCAT( IF(OR(C$3=4, C$3=8), _xlfn.XLOOKUP(($B46*2), 韻母表[序號], 韻母表[方音符號]), _xlfn.XLOOKUP($B46, 韻母表[韻序], 韻母表[方音符號]) ), _xlfn.XLOOKUP(C$3, 聲調符號表[調號], 聲調符號表[調符])) -> ㄜ | D46: =_xlfn.CONCAT( IF(OR(D$3=4, D$3=8), _xlfn.XLOOKUP(($B46*2), 韻母表[序號], 韻母表[方音符號]), _xlfn.XLOOKUP($B46, 韻母表[韻序], 韻母表[方音符號]) ), _xlfn.XLOOKUP(D$3, 聲調符號表[調號], 聲調符號表[調符])) -> ㄜˋ | E46: =_xlfn.CONCAT( IF(OR(E$3=4, E$3=8), _xlfn.XLOOKUP(($B46*2), 韻母表[序號], 韻母表[方音符號]), _xlfn.XLOOKUP($B46, 韻母表[韻序], 韻母表[方音符號]) ), _xlfn.XLOOKUP(E$3, 聲調符號表[調號], 聲調符號表[調符])) -> ㄜ˪ | F46: =_xlfn.CONCAT( IF(OR(F$3=4, F$3=8), _xlfn.XLOOKUP(($B46*2), 韻母表[序號], 韻母表[方音符號]), _xlfn.XLOOKUP($B46, 韻母表[韻序], 韻母表[方音符號]) ), _xlfn.XLOOKUP(F$3, 聲調符號表[調號], 聲調符號表[調符])) -> ㄜㆷ | G46: =_xlfn.CONCAT( IF(OR(G$3=4, G$3=8), _xlfn.XLOOKUP(($B46*2), 韻母表[序號], 韻母表[方音符號]), _xlfn.XLOOKUP($B46, 韻母表[韻序], 韻母表[方音符號]) ), _xlfn.XLOOKUP(G$3, 聲調符號表[調號], 聲調符號表[調符])) -> ㄜˊ | H46: =_xlfn.CONCAT( IF(OR(H$3=4, H$3=8), _xlfn.XLOOKUP(($B46*2), 韻母表[序號], 韻母表[方音符號]), _xlfn.XLOOKUP($B46, 韻母表[韻序], 韻母表[方音符號]) ), _xlfn.XLOOKUP(H$3, 聲調符號表[調號], 聲調符號表[調符])) -> ㄜˋ | I46: =_xlfn.CONCAT( IF(OR(I$3=4, I$3=8), _xlfn.XLOOKUP(($B46*2), 韻母表[序號], 韻母表[方音符號]), _xlfn.XLOOKUP($B46, 韻母表[韻序], 韻母表[方音符號]) ), _xlfn.XLOOKUP(I$3, 聲調符號表[調號], 聲調符號表[調符])) -> ㄜ˫ | J46: =_xlfn.CONCAT( IF(OR(J$3=4, J$3=8), _xlfn.XLOOKUP(($B46*2), 韻母表[序號], 韻母表[方音符號]), _xlfn.XLOOKUP($B46, 韻母表[韻序], 韻母表[方音符號]) ), _xlfn.XLOOKUP(J$3, 聲調符號表[調號], 聲調符號表[調符])) -> ㄜㆷ˙
B47: 4.6 | C47: {=INDEX(字母八音反切!$C$4:$J$53, $B46, C$3)} -> 高 | D47: {=INDEX(字母八音反切!$C$4:$J$53, $B46, D$3)} -> 果 | E47: {=INDEX(字母八音反切!$C$4:$J$53, $B46, E$3)} -> 過 | F47: {=INDEX(字母八音反切!$C$4:$J$53, $B46, F$3)} -> 閣 | G47: {=INDEX(字母八音反切!$C$4:$J$53, $B46, G$3)} -> 翗 | H47: {=INDEX(字母八音反切!$C$4:$J$53, $B46, H$3)} -> 果 | I47: {=INDEX(字母八音反切!$C$4:$J$53, $B46, I$3)} -> 膏 | J47: {=INDEX(字母八音反切!$C$4:$J$53, $B46, J$3)} -> ○
C48: =_xlfn.CONCAT( IF(OR(C$3=4, C$3=8), _xlfn.XLOOKUP(($B46*2), 韻母表[序號], 韻母表[台羅拼音]), _xlfn.XLOOKUP($B46, 韻母表[韻序], 韻母表[台羅拼音]) ), C$3) -> o1 | D48: =_xlfn.CONCAT( IF(OR(D$3=4, D$3=8), _xlfn.XLOOKUP(($B46*2), 韻母表[序號], 韻母表[台羅拼音]), _xlfn.XLOOKUP($B46, 韻母表[韻序], 韻母表[台羅拼音]) ), D$3) -> o2 | E48: =_xlfn.CONCAT( IF(OR(E$3=4, E$3=8), _xlfn.XLOOKUP(($B46*2), 韻母表[序號], 韻母表[台羅拼音]), _xlfn.XLOOKUP($B46, 韻母表[韻序], 韻母表[台羅拼音]) ), E$3) -> o3 | F48: =_xlfn.CONCAT( IF(OR(F$3=4, F$3=8), _xlfn.XLOOKUP(($B46*2), 韻母表[序號], 韻母表[台羅拼音]), _xlfn.XLOOKUP($B46, 韻母表[韻序], 韻母表[台羅拼音]) ), F$3) -> oh4 | G48: =_xlfn.CONCAT( IF(OR(G$3=4, G$3=8), _xlfn.XLOOKUP(($B46*2), 韻母表[序號], 韻母表[台羅拼音]), _xlfn.XLOOKUP($B46, 韻母表[韻序], 韻母表[台羅拼音]) ), G$3) -> o5 | H48: =_xlfn.CONCAT( IF(OR(H$3=4, H$3=8), _xlfn.XLOOKUP(($B46*2), 韻母表[序號], 韻母表[台羅拼音]), _xlfn.XLOOKUP($B46, 韻母表[韻序], 韻母表[台羅拼音]) ), H$3) -> o6 | I48: =_xlfn.CONCAT( IF(OR(I$3=4, I$3=8), _xlfn.XLOOKUP(($B46*2), 韻母表[序號], 韻母表[台羅拼音]), _xlfn.XLOOKUP($B46, 韻母表[韻序], 韻母表[台羅拼音]) ), I$3) -> o7 | J48: =_xlfn.CONCAT( IF(OR(J$3=4, J$3=8), _xlfn.XLOOKUP(($B46*2), 韻母表[序號], 韻母表[台羅拼音]), _xlfn.XLOOKUP($B46, 韻母表[韻序], 韻母表[台羅拼音]) ), J$3) -> oh8
B49: =B46+1 -> 16 | C49: =_xlfn.CONCAT( IF(OR(C$3=4, C$3=8), _xlfn.XLOOKUP(($B49*2), 韻母表[序號], 韻母表[方音符號]), _xlfn.XLOOKUP($B49, 韻母表[韻序], 韻母表[方音符號]) ), _xlfn.XLOOKUP(C$3, 聲調符號表[調號], 聲調符號表[調符])) -> ㄞ | D49: =_xlfn.CONCAT( IF(OR(D$3=4, D$3=8), _xlfn.XLOOKUP(($B49*2), 韻母表[序號], 韻母表[方音符號]), _xlfn.XLOOKUP($B49, 韻母表[韻序], 韻母表[方音符號]) ), _xlfn.XLOOKUP(D$3, 聲調符號表[調號], 聲調符號表[調符])) -> ㄞˋ | E49: =_xlfn.CONCAT( IF(OR(E$3=4, E$3=8), _xlfn.XLOOKUP(($B49*2), 韻母表[序號], 韻母表[方音符號]), _xlfn.XLOOKUP($B49, 韻母表[韻序], 韻母表[方音符號]) ), _xlfn.XLOOKUP(E$3, 聲調符號表[調號], 聲調符號表[調符])) -> ㄞ˪ | F49: =_xlfn.CONCAT( IF(OR(F$3=4, F$3=8), _xlfn.XLOOKUP(($B49*2), 韻母表[序號], 韻母表[方音符號]), _xlfn.XLOOKUP($B49, 韻母表[韻序], 韻母表[方音符號]) ), _xlfn.XLOOKUP(F$3, 聲調符號表[調號], 聲調符號表[調符])) -> ㄞㆷ | G49: =_xlfn.CONCAT( IF(OR(G$3=4, G$3=8), _xlfn.XLOOKUP(($B49*2), 韻母表[序號], 韻母表[方音符號]), _xlfn.XLOOKUP($B49, 韻母表[韻序], 韻母表[方音符號]) ), _xlfn.XLOOKUP(G$3, 聲調符號表[調號], 聲調符號表[調符])) -> ㄞˊ | H49: =_xlfn.CONCAT( IF(OR(H$3=4, H$3=8), _xlfn.XLOOKUP(($B49*2), 韻母表[序號], 韻母表[方音符號]), _xlfn.XLOOKUP($B49, 韻母表[韻序], 韻母表[方音符號]) ), _xlfn.XLOOKUP(H$3, 聲調符號表[調號], 聲調符號表[調符])) -> ㄞˋ | I49: =_xlfn.CONCAT( IF(OR(I$3=4, I$3=8), _xlfn.XLOOKUP(($B49*2), 韻母表[序號], 韻母表[方音符號]), _xlfn.XLOOKUP($B49, 韻母表[韻序], 韻母表[方音符號]) ), _xlfn.XLOOKUP(I$3, 聲調符號表[調號], 聲調符號表[調符])) -> ㄞ˫ | J49: =_xlfn.CONCAT( IF(OR(J$3=4, J$3=8), _xlfn.XLOOKUP(($B49*2), 韻母表[序號], 韻母表[方音符號]), _xlfn.XLOOKUP($B49, 韻母表[韻序], 韻母表[方音符號]) ), _xlfn.XLOOKUP(J$3, 聲調符號表[調號], 聲調符號表[調符])) -> ㄞㆷ˙
B50: 4.6 | C50: {=INDEX(字母八音反切!$C$4:$J$53, $B49, C$3)} -> 皆 | D50: {=INDEX(字母八音反切!$C$4:$J$53, $B49, D$3)} -> 改 | E50: {=INDEX(字母八音反切!$C$4:$J$53, $B49, E$3)} -> 介 | F50: {=INDEX(字母八音反切!$C$4:$J$53, $B49, F$3)} -> ○ | G50: {=INDEX(字母八音反切!$C$4:$J$53, $B49, G$3)} -> ○ | H50: {=INDEX(字母八音反切!$C$4:$J$53, $B49, H$3)} -> 改 | I50: {=INDEX(字母八音反切!$C$4:$J$53, $B49, I$3)} -> ○ | J50: {=INDEX(字母八音反切!$C$4:$J$53, $B49, J$3)} -> ○
C51: =_xlfn.CONCAT( IF(OR(C$3=4, C$3=8), _xlfn.XLOOKUP(($B49*2), 韻母表[序號], 韻母表[台羅拼音]), _xlfn.XLOOKUP($B49, 韻母表[韻序], 韻母表[台羅拼音]) ), C$3) -> ai1 | D51: =_xlfn.CONCAT( IF(OR(D$3=4, D$3=8), _xlfn.XLOOKUP(($B49*2), 韻母表[序號], 韻母表[台羅拼音]), _xlfn.XLOOKUP($B49, 韻母表[韻序], 韻母表[台羅拼音]) ), D$3) -> ai2 | E51: =_xlfn.CONCAT( IF(OR(E$3=4, E$3=8), _xlfn.XLOOKUP(($B49*2), 韻母表[序號], 韻母表[台羅拼音]), _xlfn.XLOOKUP($B49, 韻母表[韻序], 韻母表[台羅拼音]) ), E$3) -> ai3 | F51: =_xlfn.CONCAT( IF(OR(F$3=4, F$3=8), _xlfn.XLOOKUP(($B49*2), 韻母表[序號], 韻母表[台羅拼音]), _xlfn.XLOOKUP($B49, 韻母表[韻序], 韻母表[台羅拼音]) ), F$3) -> aih4 | G51: =_xlfn.CONCAT( IF(OR(G$3=4, G$3=8), _xlfn.XLOOKUP(($B49*2), 韻母表[序號], 韻母表[台羅拼音]), _xlfn.XLOOKUP($B49, 韻母表[韻序], 韻母表[台羅拼音]) ), G$3) -> ai5 | H51: =_xlfn.CONCAT( IF(OR(H$3=4, H$3=8), _xlfn.XLOOKUP(($B49*2), 韻母表[序號], 韻母表[台羅拼音]), _xlfn.XLOOKUP($B49, 韻母表[韻序], 韻母表[台羅拼音]) ), H$3) -> ai6 | I51: =_xlfn.CONCAT( IF(OR(I$3=4, I$3=8), _xlfn.XLOOKUP(($B49*2), 韻母表[序號], 韻母表[台羅拼音]), _xlfn.XLOOKUP($B49, 韻母表[韻序], 韻母表[台羅拼音]) ), I$3) -> ai7 | J51: =_xlfn.CONCAT( IF(OR(J$3=4, J$3=8), _xlfn.XLOOKUP(($B49*2), 韻母表[序號], 韻母表[台羅拼音]), _xlfn.XLOOKUP($B49, 韻母表[韻序], 韻母表[台羅拼音]) ), J$3) -> aih8
B52: =B49+1 -> 17 | C52: =_xlfn.CONCAT( IF(OR(C$3=4, C$3=8), _xlfn.XLOOKUP(($B52*2), 韻母表[序號], 韻母表[方音符號]), _xlfn.XLOOKUP($B52, 韻母表[韻序], 韻母表[方音符號]) ), _xlfn.XLOOKUP(C$3, 聲調符號表[調號], 聲調符號表[調符])) -> ㄧㄣ | D52: =_xlfn.CONCAT( IF(OR(D$3=4, D$3=8), _xlfn.XLOOKUP(($B52*2), 韻母表[序號], 韻母表[方音符號]), _xlfn.XLOOKUP($B52, 韻母表[韻序], 韻母表[方音符號]) ), _xlfn.XLOOKUP(D$3, 聲調符號表[調號], 聲調符號表[調符])) -> ㄧㄣˋ | E52: =_xlfn.CONCAT( IF(OR(E$3=4, E$3=8), _xlfn.XLOOKUP(($B52*2), 韻母表[序號], 韻母表[方音符號]), _xlfn.XLOOKUP($B52, 韻母表[韻序], 韻母表[方音符號]) ), _xlfn.XLOOKUP(E$3, 聲調符號表[調號], 聲調符號表[調符])) -> ㄧㄣ˪ | F52: =_xlfn.CONCAT( IF(OR(F$3=4, F$3=8), _xlfn.XLOOKUP(($B52*2), 韻母表[序號], 韻母表[方音符號]), _xlfn.XLOOKUP($B52, 韻母表[韻序], 韻母表[方音符號]) ), _xlfn.XLOOKUP(F$3, 聲調符號表[調號], 聲調符號表[調符])) -> ㄧㆵ | G52: =_xlfn.CONCAT( IF(OR(G$3=4, G$3=8), _xlfn.XLOOKUP(($B52*2), 韻母表[序號], 韻母表[方音符號]), _xlfn.XLOOKUP($B52, 韻母表[韻序], 韻母表[方音符號]) ), _xlfn.XLOOKUP(G$3, 聲調符號表[調號], 聲調符號表[調符])) -> ㄧㄣˊ | H52: =_xlfn.CONCAT( IF(OR(H$3=4, H$3=8), _xlfn.XLOOKUP(($B52*2), 韻母表[序號], 韻母表[方音符號]), _xlfn.XLOOKUP($B52, 韻母表[韻序], 韻母表[方音符號]) ), _xlfn.XLOOKUP(H$3, 聲調符號表[調號], 聲調符號表[調符])) -> ㄧㄣˋ | I52: =_xlfn.CONCAT( IF(OR(I$3=4, I$3=8), _xlfn.XLOOKUP(($B52*2), 韻母表[序號], 韻母表[方音符號]), _xlfn.XLOOKUP($B52, 韻母表[韻序], 韻母表[方音符號]) ), _xlfn.XLOOKUP(I$3, 聲調符號表[調號], 聲調符號表[調符])) -> ㄧㄣ˫ | J52: =_xlfn.CONCAT( IF(OR(J$3=4, J$3=8), _xlfn.XLOOKUP(($B52*2), 韻母表[序號], 韻母表[方音符號]), _xlfn.XLOOKUP($B52, 韻母表[韻序], 韻母表[方音符號]) ), _xlfn.XLOOKUP(J$3, 聲調符號表[調號], 聲調符號表[調符])) -> ㄧㆵ˙
B53: 4.6 | C53: {=INDEX(字母八音反切!$C$4:$J$53, $B52, C$3)} -> 巾 | D53: {=INDEX(字母八音反切!$C$4:$J$53, $B52, D$3)} -> 謹 | E53: {=INDEX(字母八音反切!$C$4:$J$53, $B52, E$3)} -> 艮 | F53: {=INDEX(字母八音反切!$C$4:$J$53, $B52, F$3)} -> 吉 | G53: {=INDEX(字母八音反切!$C$4:$J$53, $B52, G$3)} -> ○ | H53: {=INDEX(字母八音反切!$C$4:$J$53, $B52, H$3)} -> 謹 | I53: {=INDEX(字母八音反切!$C$4:$J$53, $B52, I$3)} -> 近 | J53: {=INDEX(字母八音反切!$C$4:$J$53, $B52, J$3)} -> 楗
C54: =_xlfn.CONCAT( IF(OR(C$3=4, C$3=8), _xlfn.XLOOKUP(($B52*2), 韻母表[序號], 韻母表[台羅拼音]), _xlfn.XLOOKUP($B52, 韻母表[韻序], 韻母表[台羅拼音]) ), C$3) -> in1 | D54: =_xlfn.CONCAT( IF(OR(D$3=4, D$3=8), _xlfn.XLOOKUP(($B52*2), 韻母表[序號], 韻母表[台羅拼音]), _xlfn.XLOOKUP($B52, 韻母表[韻序], 韻母表[台羅拼音]) ), D$3) -> in2 | E54: =_xlfn.CONCAT( IF(OR(E$3=4, E$3=8), _xlfn.XLOOKUP(($B52*2), 韻母表[序號], 韻母表[台羅拼音]), _xlfn.XLOOKUP($B52, 韻母表[韻序], 韻母表[台羅拼音]) ), E$3) -> in3 | F54: =_xlfn.CONCAT( IF(OR(F$3=4, F$3=8), _xlfn.XLOOKUP(($B52*2), 韻母表[序號], 韻母表[台羅拼音]), _xlfn.XLOOKUP($B52, 韻母表[韻序], 韻母表[台羅拼音]) ), F$3) -> it4 | G54: =_xlfn.CONCAT( IF(OR(G$3=4, G$3=8), _xlfn.XLOOKUP(($B52*2), 韻母表[序號], 韻母表[台羅拼音]), _xlfn.XLOOKUP($B52, 韻母表[韻序], 韻母表[台羅拼音]) ), G$3) -> in5 | H54: =_xlfn.CONCAT( IF(OR(H$3=4, H$3=8), _xlfn.XLOOKUP(($B52*2), 韻母表[序號], 韻母表[台羅拼音]), _xlfn.XLOOKUP($B52, 韻母表[韻序], 韻母表[台羅拼音]) ), H$3) -> in6 | I54: =_xlfn.CONCAT( IF(OR(I$3=4, I$3=8), _xlfn.XLOOKUP(($B52*2), 韻母表[序號], 韻母表[台羅拼音]), _xlfn.XLOOKUP($B52, 韻母表[韻序], 韻母表[台羅拼音]) ), I$3) -> in7 | J54: =_xlfn.CONCAT( IF(OR(J$3=4, J$3=8), _xlfn.XLOOKUP(($B52*2), 韻母表[序號], 韻母表[台羅拼音]), _xlfn.XLOOKUP($B52, 韻母表[韻序], 韻母表[台羅拼音]) ), J$3) -> it8
B55: =B52+1 -> 18 | C55: =_xlfn.CONCAT( IF(OR(C$3=4, C$3=8), _xlfn.XLOOKUP(($B55*2), 韻母表[序號], 韻母表[方音符號]), _xlfn.XLOOKUP($B55, 韻母表[韻序], 韻母表[方音符號]) ), _xlfn.XLOOKUP(C$3, 聲調符號表[調號], 聲調符號表[調符])) -> ㄧㄤ | D55: =_xlfn.CONCAT( IF(OR(D$3=4, D$3=8), _xlfn.XLOOKUP(($B55*2), 韻母表[序號], 韻母表[方音符號]), _xlfn.XLOOKUP($B55, 韻母表[韻序], 韻母表[方音符號]) ), _xlfn.XLOOKUP(D$3, 聲調符號表[調號], 聲調符號表[調符])) -> ㄧㄤˋ | E55: =_xlfn.CONCAT( IF(OR(E$3=4, E$3=8), _xlfn.XLOOKUP(($B55*2), 韻母表[序號], 韻母表[方音符號]), _xlfn.XLOOKUP($B55, 韻母表[韻序], 韻母表[方音符號]) ), _xlfn.XLOOKUP(E$3, 聲調符號表[調號], 聲調符號表[調符])) -> ㄧㄤ˪ | F55: =_xlfn.CONCAT( IF(OR(F$3=4, F$3=8), _xlfn.XLOOKUP(($B55*2), 韻母表[序號], 韻母表[方音符號]), _xlfn.XLOOKUP($B55, 韻母表[韻序], 韻母表[方音符號]) ), _xlfn.XLOOKUP(F$3, 聲調符號表[調號], 聲調符號表[調符])) -> ㄧㄚㆻ | G55: =_xlfn.CONCAT( IF(OR(G$3=4, G$3=8), _xlfn.XLOOKUP(($B55*2), 韻母表[序號], 韻母表[方音符號]), _xlfn.XLOOKUP($B55, 韻母表[韻序], 韻母表[方音符號]) ), _xlfn.XLOOKUP(G$3, 聲調符號表[調號], 聲調符號表[調符])) -> ㄧㄤˊ | H55: =_xlfn.CONCAT( IF(OR(H$3=4, H$3=8), _xlfn.XLOOKUP(($B55*2), 韻母表[序號], 韻母表[方音符號]), _xlfn.XLOOKUP($B55, 韻母表[韻序], 韻母表[方音符號]) ), _xlfn.XLOOKUP(H$3, 聲調符號表[調號], 聲調符號表[調符])) -> ㄧㄤˋ | I55: =_xlfn.CONCAT( IF(OR(I$3=4, I$3=8), _xlfn.XLOOKUP(($B55*2), 韻母表[序號], 韻母表[方音符號]), _xlfn.XLOOKUP($B55, 韻母表[韻序], 韻母表[方音符號]) ), _xlfn.XLOOKUP(I$3, 聲調符號表[調號], 聲調符號表[調符])) -> ㄧㄤ˫ | J55: =_xlfn.CONCAT( IF(OR(J$3=4, J$3=8), _xlfn.XLOOKUP(($B55*2), 韻母表[序號], 韻母表[方音符號]), _xlfn.XLOOKUP($B55, 韻母表[韻序], 韻母表[方音符號]) ), _xlfn.XLOOKUP(J$3, 聲調符號表[調號], 聲調符號表[調符])) -> ㄧㄚㆻ˙
B56: 4.6 | C56: {=INDEX(字母八音反切!$C$4:$J$53, $B55, C$3)} -> 姜 | D56: {=INDEX(字母八音反切!$C$4:$J$53, $B55, D$3)} -> 襁 | E56: {=INDEX(字母八音反切!$C$4:$J$53, $B55, E$3)} -> ○ | F56: {=INDEX(字母八音反切!$C$4:$J$53, $B55, F$3)} -> 腳 | G56: {=INDEX(字母八音反切!$C$4:$J$53, $B55, G$3)} -> 强 | H56: {=INDEX(字母八音反切!$C$4:$J$53, $B55, H$3)} -> 襁 | I56: {=INDEX(字母八音反切!$C$4:$J$53, $B55, I$3)} -> 倞 | J56: {=INDEX(字母八音反切!$C$4:$J$53, $B55, J$3)} -> 矍
C57: =_xlfn.CONCAT( IF(OR(C$3=4, C$3=8), _xlfn.XLOOKUP(($B55*2), 韻母表[序號], 韻母表[台羅拼音]), _xlfn.XLOOKUP($B55, 韻母表[韻序], 韻母表[台羅拼音]) ), C$3) -> iang1 | D57: =_xlfn.CONCAT( IF(OR(D$3=4, D$3=8), _xlfn.XLOOKUP(($B55*2), 韻母表[序號], 韻母表[台羅拼音]), _xlfn.XLOOKUP($B55, 韻母表[韻序], 韻母表[台羅拼音]) ), D$3) -> iang2 | E57: =_xlfn.CONCAT( IF(OR(E$3=4, E$3=8), _xlfn.XLOOKUP(($B55*2), 韻母表[序號], 韻母表[台羅拼音]), _xlfn.XLOOKUP($B55, 韻母表[韻序], 韻母表[台羅拼音]) ), E$3) -> iang3 | F57: =_xlfn.CONCAT( IF(OR(F$3=4, F$3=8), _xlfn.XLOOKUP(($B55*2), 韻母表[序號], 韻母表[台羅拼音]), _xlfn.XLOOKUP($B55, 韻母表[韻序], 韻母表[台羅拼音]) ), F$3) -> iak4 | G57: =_xlfn.CONCAT( IF(OR(G$3=4, G$3=8), _xlfn.XLOOKUP(($B55*2), 韻母表[序號], 韻母表[台羅拼音]), _xlfn.XLOOKUP($B55, 韻母表[韻序], 韻母表[台羅拼音]) ), G$3) -> iang5 | H57: =_xlfn.CONCAT( IF(OR(H$3=4, H$3=8), _xlfn.XLOOKUP(($B55*2), 韻母表[序號], 韻母表[台羅拼音]), _xlfn.XLOOKUP($B55, 韻母表[韻序], 韻母表[台羅拼音]) ), H$3) -> iang6 | I57: =_xlfn.CONCAT( IF(OR(I$3=4, I$3=8), _xlfn.XLOOKUP(($B55*2), 韻母表[序號], 韻母表[台羅拼音]), _xlfn.XLOOKUP($B55, 韻母表[韻序], 韻母表[台羅拼音]) ), I$3) -> iang7 | J57: =_xlfn.CONCAT( IF(OR(J$3=4, J$3=8), _xlfn.XLOOKUP(($B55*2), 韻母表[序號], 韻母表[台羅拼音]), _xlfn.XLOOKUP($B55, 韻母表[韻序], 韻母表[台羅拼音]) ), J$3) -> iak8
B58: =B55+1 -> 19 | C58: =_xlfn.CONCAT( IF(OR(C$3=4, C$3=8), _xlfn.XLOOKUP(($B58*2), 韻母表[序號], 韻母表[方音符號]), _xlfn.XLOOKUP($B58, 韻母表[韻序], 韻母表[方音符號]) ), _xlfn.XLOOKUP(C$3, 聲調符號表[調號], 聲調符號表[調符])) -> ㆰ | D58: =_xlfn.CONCAT( IF(OR(D$3=4, D$3=8), _xlfn.XLOOKUP(($B58*2), 韻母表[序號], 韻母表[方音符號]), _xlfn.XLOOKUP($B58, 韻母表[韻序], 韻母表[方音符號]) ), _xlfn.XLOOKUP(D$3, 聲調符號表[調號], 聲調符號表[調符])) -> ㆰˋ | E58: =_xlfn.CONCAT( IF(OR(E$3=4, E$3=8), _xlfn.XLOOKUP(($B58*2), 韻母表[序號], 韻母表[方音符號]), _xlfn.XLOOKUP($B58, 韻母表[韻序], 韻母表[方音符號]) ), _xlfn.XLOOKUP(E$3, 聲調符號表[調號], 聲調符號表[調符])) -> ㆰ˪ | F58: =_xlfn.CONCAT( IF(OR(F$3=4, F$3=8), _xlfn.XLOOKUP(($B58*2), 韻母表[序號], 韻母表[方音符號]), _xlfn.XLOOKUP($B58, 韻母表[韻序], 韻母表[方音符號]) ), _xlfn.XLOOKUP(F$3, 聲調符號表[調號], 聲調符號表[調符])) -> ㄚㆴ | G58: =_xlfn.CONCAT( IF(OR(G$3=4, G$3=8), _xlfn.XLOOKUP(($B58*2), 韻母表[序號], 韻母表[方音符號]), _xlfn.XLOOKUP($B58, 韻母表[韻序], 韻母表[方音符號]) ), _xlfn.XLOOKUP(G$3, 聲調符號表[調號], 聲調符號表[調符])) -> ㆰˊ | H58: =_xlfn.CONCAT( IF(OR(H$3=4, H$3=8), _xlfn.XLOOKUP(($B58*2), 韻母表[序號], 韻母表[方音符號]), _xlfn.XLOOKUP($B58, 韻母表[韻序], 韻母表[方音符號]) ), _xlfn.XLOOKUP(H$3, 聲調符號表[調號], 聲調符號表[調符])) -> ㆰˋ | I58: =_xlfn.CONCAT( IF(OR(I$3=4, I$3=8), _xlfn.XLOOKUP(($B58*2), 韻母表[序號], 韻母表[方音符號]), _xlfn.XLOOKUP($B58, 韻母表[韻序], 韻母表[方音符號]) ), _xlfn.XLOOKUP(I$3, 聲調符號表[調號], 聲調符號表[調符])) -> ㆰ˫ | J58: =_xlfn.CONCAT( IF(OR(J$3=4, J$3=8), _xlfn.XLOOKUP(($B58*2), 韻母表[序號], 韻母表[方音符號]), _xlfn.XLOOKUP($B58, 韻母表[韻序], 韻母表[方音符號]) ), _xlfn.XLOOKUP(J$3, 聲調符號表[調號], 聲調符號表[調符])) -> ㄚㆴ˙
B59: 4.6 | C59: {=INDEX(字母八音反切!$C$4:$J$53, $B58, C$3)} -> 甘 | D59: {=INDEX(字母八音反切!$C$4:$J$53, $B58, D$3)} -> 敢 | E59: {=INDEX(字母八音反切!$C$4:$J$53, $B58, E$3)} -> 鑑 | F59: {=INDEX(字母八音反切!$C$4:$J$53, $B58, F$3)} -> 鴿 | G59: {=INDEX(字母八音反切!$C$4:$J$53, $B58, G$3)} -> 銜 | H59: {=INDEX(字母八音反切!$C$4:$J$53, $B58, H$3)} -> 敢 | I59: {=INDEX(字母八音反切!$C$4:$J$53, $B58, I$3)} -> 𩼳 | J59: {=INDEX(字母八音反切!$C$4:$J$53, $B58, J$3)} -> ○
C60: =_xlfn.CONCAT( IF(OR(C$3=4, C$3=8), _xlfn.XLOOKUP(($B58*2), 韻母表[序號], 韻母表[台羅拼音]), _xlfn.XLOOKUP($B58, 韻母表[韻序], 韻母表[台羅拼音]) ), C$3) -> am1 | D60: =_xlfn.CONCAT( IF(OR(D$3=4, D$3=8), _xlfn.XLOOKUP(($B58*2), 韻母表[序號], 韻母表[台羅拼音]), _xlfn.XLOOKUP($B58, 韻母表[韻序], 韻母表[台羅拼音]) ), D$3) -> am2 | E60: =_xlfn.CONCAT( IF(OR(E$3=4, E$3=8), _xlfn.XLOOKUP(($B58*2), 韻母表[序號], 韻母表[台羅拼音]), _xlfn.XLOOKUP($B58, 韻母表[韻序], 韻母表[台羅拼音]) ), E$3) -> am3 | F60: =_xlfn.CONCAT( IF(OR(F$3=4, F$3=8), _xlfn.XLOOKUP(($B58*2), 韻母表[序號], 韻母表[台羅拼音]), _xlfn.XLOOKUP($B58, 韻母表[韻序], 韻母表[台羅拼音]) ), F$3) -> ap4 | G60: =_xlfn.CONCAT( IF(OR(G$3=4, G$3=8), _xlfn.XLOOKUP(($B58*2), 韻母表[序號], 韻母表[台羅拼音]), _xlfn.XLOOKUP($B58, 韻母表[韻序], 韻母表[台羅拼音]) ), G$3) -> am5 | H60: =_xlfn.CONCAT( IF(OR(H$3=4, H$3=8), _xlfn.XLOOKUP(($B58*2), 韻母表[序號], 韻母表[台羅拼音]), _xlfn.XLOOKUP($B58, 韻母表[韻序], 韻母表[台羅拼音]) ), H$3) -> am6 | I60: =_xlfn.CONCAT( IF(OR(I$3=4, I$3=8), _xlfn.XLOOKUP(($B58*2), 韻母表[序號], 韻母表[台羅拼音]), _xlfn.XLOOKUP($B58, 韻母表[韻序], 韻母表[台羅拼音]) ), I$3) -> am7 | J60: =_xlfn.CONCAT( IF(OR(J$3=4, J$3=8), _xlfn.XLOOKUP(($B58*2), 韻母表[序號], 韻母表[台羅拼音]), _xlfn.XLOOKUP($B58, 韻母表[韻序], 韻母表[台羅拼音]) ), J$3) -> ap8
B61: =B58+1 -> 20 | C61: =_xlfn.CONCAT( IF(OR(C$3=4, C$3=8), _xlfn.XLOOKUP(($B61*2), 韻母表[序號], 韻母表[方音符號]), _xlfn.XLOOKUP($B61, 韻母表[韻序], 韻母表[方音符號]) ), _xlfn.XLOOKUP(C$3, 聲調符號表[調號], 聲調符號表[調符])) -> ㄨㄚ | D61: =_xlfn.CONCAT( IF(OR(D$3=4, D$3=8), _xlfn.XLOOKUP(($B61*2), 韻母表[序號], 韻母表[方音符號]), _xlfn.XLOOKUP($B61, 韻母表[韻序], 韻母表[方音符號]) ), _xlfn.XLOOKUP(D$3, 聲調符號表[調號], 聲調符號表[調符])) -> ㄨㄚˋ | E61: =_xlfn.CONCAT( IF(OR(E$3=4, E$3=8), _xlfn.XLOOKUP(($B61*2), 韻母表[序號], 韻母表[方音符號]), _xlfn.XLOOKUP($B61, 韻母表[韻序], 韻母表[方音符號]) ), _xlfn.XLOOKUP(E$3, 聲調符號表[調號], 聲調符號表[調符])) -> ㄨㄚ˪ | F61: =_xlfn.CONCAT( IF(OR(F$3=4, F$3=8), _xlfn.XLOOKUP(($B61*2), 韻母表[序號], 韻母表[方音符號]), _xlfn.XLOOKUP($B61, 韻母表[韻序], 韻母表[方音符號]) ), _xlfn.XLOOKUP(F$3, 聲調符號表[調號], 聲調符號表[調符])) -> ㄨㄚㆷ | G61: =_xlfn.CONCAT( IF(OR(G$3=4, G$3=8), _xlfn.XLOOKUP(($B61*2), 韻母表[序號], 韻母表[方音符號]), _xlfn.XLOOKUP($B61, 韻母表[韻序], 韻母表[方音符號]) ), _xlfn.XLOOKUP(G$3, 聲調符號表[調號], 聲調符號表[調符])) -> ㄨㄚˊ | H61: =_xlfn.CONCAT( IF(OR(H$3=4, H$3=8), _xlfn.XLOOKUP(($B61*2), 韻母表[序號], 韻母表[方音符號]), _xlfn.XLOOKUP($B61, 韻母表[韻序], 韻母表[方音符號]) ), _xlfn.XLOOKUP(H$3, 聲調符號表[調號], 聲調符號表[調符])) -> ㄨㄚˋ | I61: =_xlfn.CONCAT( IF(OR(I$3=4, I$3=8), _xlfn.XLOOKUP(($B61*2), 韻母表[序號], 韻母表[方音符號]), _xlfn.XLOOKUP($B61, 韻母表[韻序], 韻母表[方音符號]) ), _xlfn.XLOOKUP(I$3, 聲調符號表[調號], 聲調符號表[調符])) -> ㄨㄚ˫ | J61: =_xlfn.CONCAT( IF(OR(J$3=4, J$3=8), _xlfn.XLOOKUP(($B61*2), 韻母表[序號], 韻母表[方音符號]), _xlfn.XLOOKUP($B61, 韻母表[韻序], 韻母表[方音符號]) ), _xlfn.XLOOKUP(J$3, 聲調符號表[調號], 聲調符號表[調符])) -> ㄨㄚㆷ˙
B62: 4.6 | C62: {=INDEX(字母八音反切!$C$4:$J$53, $B61, C$3)} -> 瓜 | D62: {=INDEX(字母八音反切!$C$4:$J$53, $B61, D$3)} -> 𠙼 | E62: {=INDEX(字母八音反切!$C$4:$J$53, $B61, E$3)} -> 卦 | F62: {=INDEX(字母八音反切!$C$4:$J$53, $B61, F$3)} -> 嘓 | G62: {=INDEX(字母八音反切!$C$4:$J$53, $B61, G$3)} -> ○ | H62: {=INDEX(字母八音反切!$C$4:$J$53, $B61, H$3)} -> 𠙼 | I62: {=INDEX(字母八音反切!$C$4:$J$53, $B61, I$3)} -> ○ | J62: {=INDEX(字母八音反切!$C$4:$J$53, $B61, J$3)} -> ○
C63: =_xlfn.CONCAT( IF(OR(C$3=4, C$3=8), _xlfn.XLOOKUP(($B61*2), 韻母表[序號], 韻母表[台羅拼音]), _xlfn.XLOOKUP($B61, 韻母表[韻序], 韻母表[台羅拼音]) ), C$3) -> ua1 | D63: =_xlfn.CONCAT( IF(OR(D$3=4, D$3=8), _xlfn.XLOOKUP(($B61*2), 韻母表[序號], 韻母表[台羅拼音]), _xlfn.XLOOKUP($B61, 韻母表[韻序], 韻母表[台羅拼音]) ), D$3) -> ua2 | E63: =_xlfn.CONCAT( IF(OR(E$3=4, E$3=8), _xlfn.XLOOKUP(($B61*2), 韻母表[序號], 韻母表[台羅拼音]), _xlfn.XLOOKUP($B61, 韻母表[韻序], 韻母表[台羅拼音]) ), E$3) -> ua3 | F63: =_xlfn.CONCAT( IF(OR(F$3=4, F$3=8), _xlfn.XLOOKUP(($B61*2), 韻母表[序號], 韻母表[台羅拼音]), _xlfn.XLOOKUP($B61, 韻母表[韻序], 韻母表[台羅拼音]) ), F$3) -> uah4 | G63: =_xlfn.CONCAT( IF(OR(G$3=4, G$3=8), _xlfn.XLOOKUP(($B61*2), 韻母表[序號], 韻母表[台羅拼音]), _xlfn.XLOOKUP($B61, 韻母表[韻序], 韻母表[台羅拼音]) ), G$3) -> ua5 | H63: =_xlfn.CONCAT( IF(OR(H$3=4, H$3=8), _xlfn.XLOOKUP(($B61*2), 韻母表[序號], 韻母表[台羅拼音]), _xlfn.XLOOKUP($B61, 韻母表[韻序], 韻母表[台羅拼音]) ), H$3) -> ua6 | I63: =_xlfn.CONCAT( IF(OR(I$3=4, I$3=8), _xlfn.XLOOKUP(($B61*2), 韻母表[序號], 韻母表[台羅拼音]), _xlfn.XLOOKUP($B61, 韻母表[韻序], 韻母表[台羅拼音]) ), I$3) -> ua7 | J63: =_xlfn.CONCAT( IF(OR(J$3=4, J$3=8), _xlfn.XLOOKUP(($B61*2), 韻母表[序號], 韻母表[台羅拼音]), _xlfn.XLOOKUP($B61, 韻母表[韻序], 韻母表[台羅拼音]) ), J$3) -> uah8
B64: =B61+1 -> 21 | C64: =_xlfn.CONCAT( IF(OR(C$3=4, C$3=8), _xlfn.XLOOKUP(($B64*2), 韻母表[序號], 韻母表[方音符號]), _xlfn.XLOOKUP($B64, 韻母表[韻序], 韻母表[方音符號]) ), _xlfn.XLOOKUP(C$3, 聲調符號表[調號], 聲調符號表[調符])) -> ㄤ | D64: =_xlfn.CONCAT( IF(OR(D$3=4, D$3=8), _xlfn.XLOOKUP(($B64*2), 韻母表[序號], 韻母表[方音符號]), _xlfn.XLOOKUP($B64, 韻母表[韻序], 韻母表[方音符號]) ), _xlfn.XLOOKUP(D$3, 聲調符號表[調號], 聲調符號表[調符])) -> ㄤˋ | E64: =_xlfn.CONCAT( IF(OR(E$3=4, E$3=8), _xlfn.XLOOKUP(($B64*2), 韻母表[序號], 韻母表[方音符號]), _xlfn.XLOOKUP($B64, 韻母表[韻序], 韻母表[方音符號]) ), _xlfn.XLOOKUP(E$3, 聲調符號表[調號], 聲調符號表[調符])) -> ㄤ˪ | F64: =_xlfn.CONCAT( IF(OR(F$3=4, F$3=8), _xlfn.XLOOKUP(($B64*2), 韻母表[序號], 韻母表[方音符號]), _xlfn.XLOOKUP($B64, 韻母表[韻序], 韻母表[方音符號]) ), _xlfn.XLOOKUP(F$3, 聲調符號表[調號], 聲調符號表[調符])) -> ㄚㆻ | G64: =_xlfn.CONCAT( IF(OR(G$3=4, G$3=8), _xlfn.XLOOKUP(($B64*2), 韻母表[序號], 韻母表[方音符號]), _xlfn.XLOOKUP($B64, 韻母表[韻序], 韻母表[方音符號]) ), _xlfn.XLOOKUP(G$3, 聲調符號表[調號], 聲調符號表[調符])) -> ㄤˊ | H64: =_xlfn.CONCAT( IF(OR(H$3=4, H$3=8), _xlfn.XLOOKUP(($B64*2), 韻母表[序號], 韻母表[方音符號]), _xlfn.XLOOKUP($B64, 韻母表[韻序], 韻母表[方音符號]) ), _xlfn.XLOOKUP(H$3, 聲調符號表[調號], 聲調符號表[調符])) -> ㄤˋ | I64: =_xlfn.CONCAT( IF(OR(I$3=4, I$3=8), _xlfn.XLOOKUP(($B64*2), 韻母表[序號], 韻母表[方音符號]), _xlfn.XLOOKUP($B64, 韻母表[韻序], 韻母表[方音符號]) ), _xlfn.XLOOKUP(I$3, 聲調符號表[調號], 聲調符號表[調符])) -> ㄤ˫ | J64: =_xlfn.CONCAT( IF(OR(J$3=4, J$3=8), _xlfn.XLOOKUP(($B64*2), 韻母表[序號], 韻母表[方音符號]), _xlfn.XLOOKUP($B64, 韻母表[韻序], 韻母表[方音符號]) ), _xlfn.XLOOKUP(J$3, 聲調符號表[調號], 聲調符號表[調符])) -> ㄚㆻ˙
B65: 4.6 | C65: {=INDEX(字母八音反切!$C$4:$J$53, $B64, C$3)} -> 江 | D65: {=INDEX(字母八音反切!$C$4:$J$53, $B64, D$3)} -> 港 | E65: {=INDEX(字母八音反切!$C$4:$J$53, $B64, E$3)} -> 降 | F65: {=INDEX(字母八音反切!$C$4:$J$53, $B64, F$3)} -> 角 | G65: {=INDEX(字母八音反切!$C$4:$J$53, $B64, G$3)} -> ○ | H65: {=INDEX(字母八音反切!$C$4:$J$53, $B64, H$3)} -> 港 | I65: {=INDEX(字母八音反切!$C$4:$J$53, $B64, I$3)} -> 共 | J65: {=INDEX(字母八音反切!$C$4:$J$53, $B64, J$3)} -> 磔
C66: =_xlfn.CONCAT( IF(OR(C$3=4, C$3=8), _xlfn.XLOOKUP(($B64*2), 韻母表[序號], 韻母表[台羅拼音]), _xlfn.XLOOKUP($B64, 韻母表[韻序], 韻母表[台羅拼音]) ), C$3) -> ang1 | D66: =_xlfn.CONCAT( IF(OR(D$3=4, D$3=8), _xlfn.XLOOKUP(($B64*2), 韻母表[序號], 韻母表[台羅拼音]), _xlfn.XLOOKUP($B64, 韻母表[韻序], 韻母表[台羅拼音]) ), D$3) -> ang2 | E66: =_xlfn.CONCAT( IF(OR(E$3=4, E$3=8), _xlfn.XLOOKUP(($B64*2), 韻母表[序號], 韻母表[台羅拼音]), _xlfn.XLOOKUP($B64, 韻母表[韻序], 韻母表[台羅拼音]) ), E$3) -> ang3 | F66: =_xlfn.CONCAT( IF(OR(F$3=4, F$3=8), _xlfn.XLOOKUP(($B64*2), 韻母表[序號], 韻母表[台羅拼音]), _xlfn.XLOOKUP($B64, 韻母表[韻序], 韻母表[台羅拼音]) ), F$3) -> ak4 | G66: =_xlfn.CONCAT( IF(OR(G$3=4, G$3=8), _xlfn.XLOOKUP(($B64*2), 韻母表[序號], 韻母表[台羅拼音]), _xlfn.XLOOKUP($B64, 韻母表[韻序], 韻母表[台羅拼音]) ), G$3) -> ang5 | H66: =_xlfn.CONCAT( IF(OR(H$3=4, H$3=8), _xlfn.XLOOKUP(($B64*2), 韻母表[序號], 韻母表[台羅拼音]), _xlfn.XLOOKUP($B64, 韻母表[韻序], 韻母表[台羅拼音]) ), H$3) -> ang6 | I66: =_xlfn.CONCAT( IF(OR(I$3=4, I$3=8), _xlfn.XLOOKUP(($B64*2), 韻母表[序號], 韻母表[台羅拼音]), _xlfn.XLOOKUP($B64, 韻母表[韻序], 韻母表[台羅拼音]) ), I$3) -> ang7 | J66: =_xlfn.CONCAT( IF(OR(J$3=4, J$3=8), _xlfn.XLOOKUP(($B64*2), 韻母表[序號], 韻母表[台羅拼音]), _xlfn.XLOOKUP($B64, 韻母表[韻序], 韻母表[台羅拼音]) ), J$3) -> ak8
B67: =B64+1 -> 22 | C67: =_xlfn.CONCAT( IF(OR(C$3=4, C$3=8), _xlfn.XLOOKUP(($B67*2), 韻母表[序號], 韻母表[方音符號]), _xlfn.XLOOKUP($B67, 韻母表[韻序], 韻母表[方音符號]) ), _xlfn.XLOOKUP(C$3, 聲調符號表[調號], 聲調符號表[調符])) -> ㄧㆰ | D67: =_xlfn.CONCAT( IF(OR(D$3=4, D$3=8), _xlfn.XLOOKUP(($B67*2), 韻母表[序號], 韻母表[方音符號]), _xlfn.XLOOKUP($B67, 韻母表[韻序], 韻母表[方音符號]) ), _xlfn.XLOOKUP(D$3, 聲調符號表[調號], 聲調符號表[調符])) -> ㄧㆰˋ | E67: =_xlfn.CONCAT( IF(OR(E$3=4, E$3=8), _xlfn.XLOOKUP(($B67*2), 韻母表[序號], 韻母表[方音符號]), _xlfn.XLOOKUP($B67, 韻母表[韻序], 韻母表[方音符號]) ), _xlfn.XLOOKUP(E$3, 聲調符號表[調號], 聲調符號表[調符])) -> ㄧㆰ˪ | F67: =_xlfn.CONCAT( IF(OR(F$3=4, F$3=8), _xlfn.XLOOKUP(($B67*2), 韻母表[序號], 韻母表[方音符號]), _xlfn.XLOOKUP($B67, 韻母表[韻序], 韻母表[方音符號]) ), _xlfn.XLOOKUP(F$3, 聲調符號表[調號], 聲調符號表[調符])) -> ㄧㄚㆴ | G67: =_xlfn.CONCAT( IF(OR(G$3=4, G$3=8), _xlfn.XLOOKUP(($B67*2), 韻母表[序號], 韻母表[方音符號]), _xlfn.XLOOKUP($B67, 韻母表[韻序], 韻母表[方音符號]) ), _xlfn.XLOOKUP(G$3, 聲調符號表[調號], 聲調符號表[調符])) -> ㄧㆰˊ | H67: =_xlfn.CONCAT( IF(OR(H$3=4, H$3=8), _xlfn.XLOOKUP(($B67*2), 韻母表[序號], 韻母表[方音符號]), _xlfn.XLOOKUP($B67, 韻母表[韻序], 韻母表[方音符號]) ), _xlfn.XLOOKUP(H$3, 聲調符號表[調號], 聲調符號表[調符])) -> ㄧㆰˋ | I67: =_xlfn.CONCAT( IF(OR(I$3=4, I$3=8), _xlfn.XLOOKUP(($B67*2), 韻母表[序號], 韻母表[方音符號]), _xlfn.XLOOKUP($B67, 韻母表[韻序], 韻母表[方音符號]) ), _xlfn.XLOOKUP(I$3, 聲調符號表[調號], 聲調符號表[調符])) -> ㄧㆰ˫ | J67: =_xlfn.CONCAT( IF(OR(J$3=4, J$3=8), _xlfn.XLOOKUP(($B67*2), 韻母表[序號], 韻母表[方音符號]), _xlfn.XLOOKUP($B67, 韻母表[韻序], 韻母表[方音符號]) ), _xlfn.XLOOKUP(J$3, 聲調符號表[調號], 聲調符號表[調符])) -> ㄧㄚㆴ˙
B68: 4.6 | C68: {=INDEX(字母八音反切!$C$4:$J$53, $B67, C$3)} -> 兼 | D68: {=INDEX(字母八音反切!$C$4:$J$53, $B67, D$3)} -> 檢 | E68: {=INDEX(字母八音反切!$C$4:$J$53, $B67, E$3)} -> 劍 | F68: {=INDEX(字母八音反切!$C$4:$J$53, $B67, F$3)} -> 夾 | G68: {=INDEX(字母八音反切!$C$4:$J$53, $B67, G$3)} -> 鹹 | H68: {=INDEX(字母八音反切!$C$4:$J$53, $B67, H$3)} -> 檢 | I68: {=INDEX(字母八音反切!$C$4:$J$53, $B67, I$3)} -> 鐱 | J68: {=INDEX(字母八音反切!$C$4:$J$53, $B67, J$3)} -> ○
C69: =_xlfn.CONCAT( IF(OR(C$3=4, C$3=8), _xlfn.XLOOKUP(($B67*2), 韻母表[序號], 韻母表[台羅拼音]), _xlfn.XLOOKUP($B67, 韻母表[韻序], 韻母表[台羅拼音]) ), C$3) -> iam1 | D69: =_xlfn.CONCAT( IF(OR(D$3=4, D$3=8), _xlfn.XLOOKUP(($B67*2), 韻母表[序號], 韻母表[台羅拼音]), _xlfn.XLOOKUP($B67, 韻母表[韻序], 韻母表[台羅拼音]) ), D$3) -> iam2 | E69: =_xlfn.CONCAT( IF(OR(E$3=4, E$3=8), _xlfn.XLOOKUP(($B67*2), 韻母表[序號], 韻母表[台羅拼音]), _xlfn.XLOOKUP($B67, 韻母表[韻序], 韻母表[台羅拼音]) ), E$3) -> iam3 | F69: =_xlfn.CONCAT( IF(OR(F$3=4, F$3=8), _xlfn.XLOOKUP(($B67*2), 韻母表[序號], 韻母表[台羅拼音]), _xlfn.XLOOKUP($B67, 韻母表[韻序], 韻母表[台羅拼音]) ), F$3) -> iap4 | G69: =_xlfn.CONCAT( IF(OR(G$3=4, G$3=8), _xlfn.XLOOKUP(($B67*2), 韻母表[序號], 韻母表[台羅拼音]), _xlfn.XLOOKUP($B67, 韻母表[韻序], 韻母表[台羅拼音]) ), G$3) -> iam5 | H69: =_xlfn.CONCAT( IF(OR(H$3=4, H$3=8), _xlfn.XLOOKUP(($B67*2), 韻母表[序號], 韻母表[台羅拼音]), _xlfn.XLOOKUP($B67, 韻母表[韻序], 韻母表[台羅拼音]) ), H$3) -> iam6 | I69: =_xlfn.CONCAT( IF(OR(I$3=4, I$3=8), _xlfn.XLOOKUP(($B67*2), 韻母表[序號], 韻母表[台羅拼音]), _xlfn.XLOOKUP($B67, 韻母表[韻序], 韻母表[台羅拼音]) ), I$3) -> iam7 | J69: =_xlfn.CONCAT( IF(OR(J$3=4, J$3=8), _xlfn.XLOOKUP(($B67*2), 韻母表[序號], 韻母表[台羅拼音]), _xlfn.XLOOKUP($B67, 韻母表[韻序], 韻母表[台羅拼音]) ), J$3) -> iap8
B70: =B67+1 -> 23 | C70: =_xlfn.CONCAT( IF(OR(C$3=4, C$3=8), _xlfn.XLOOKUP(($B70*2), 韻母表[序號], 韻母表[方音符號]), _xlfn.XLOOKUP($B70, 韻母表[韻序], 韻母表[方音符號]) ), _xlfn.XLOOKUP(C$3, 聲調符號表[調號], 聲調符號表[調符])) -> ㄠ | D70: =_xlfn.CONCAT( IF(OR(D$3=4, D$3=8), _xlfn.XLOOKUP(($B70*2), 韻母表[序號], 韻母表[方音符號]), _xlfn.XLOOKUP($B70, 韻母表[韻序], 韻母表[方音符號]) ), _xlfn.XLOOKUP(D$3, 聲調符號表[調號], 聲調符號表[調符])) -> ㄠˋ | E70: =_xlfn.CONCAT( IF(OR(E$3=4, E$3=8), _xlfn.XLOOKUP(($B70*2), 韻母表[序號], 韻母表[方音符號]), _xlfn.XLOOKUP($B70, 韻母表[韻序], 韻母表[方音符號]) ), _xlfn.XLOOKUP(E$3, 聲調符號表[調號], 聲調符號表[調符])) -> ㄠ˪ | F70: =_xlfn.CONCAT( IF(OR(F$3=4, F$3=8), _xlfn.XLOOKUP(($B70*2), 韻母表[序號], 韻母表[方音符號]), _xlfn.XLOOKUP($B70, 韻母表[韻序], 韻母表[方音符號]) ), _xlfn.XLOOKUP(F$3, 聲調符號表[調號], 聲調符號表[調符])) -> ㄠㆷ | G70: =_xlfn.CONCAT( IF(OR(G$3=4, G$3=8), _xlfn.XLOOKUP(($B70*2), 韻母表[序號], 韻母表[方音符號]), _xlfn.XLOOKUP($B70, 韻母表[韻序], 韻母表[方音符號]) ), _xlfn.XLOOKUP(G$3, 聲調符號表[調號], 聲調符號表[調符])) -> ㄠˊ | H70: =_xlfn.CONCAT( IF(OR(H$3=4, H$3=8), _xlfn.XLOOKUP(($B70*2), 韻母表[序號], 韻母表[方音符號]), _xlfn.XLOOKUP($B70, 韻母表[韻序], 韻母表[方音符號]) ), _xlfn.XLOOKUP(H$3, 聲調符號表[調號], 聲調符號表[調符])) -> ㄠˋ | I70: =_xlfn.CONCAT( IF(OR(I$3=4, I$3=8), _xlfn.XLOOKUP(($B70*2), 韻母表[序號], 韻母表[方音符號]), _xlfn.XLOOKUP($B70, 韻母表[韻序], 韻母表[方音符號]) ), _xlfn.XLOOKUP(I$3, 聲調符號表[調號], 聲調符號表[調符])) -> ㄠ˫ | J70: =_xlfn.CONCAT( IF(OR(J$3=4, J$3=8), _xlfn.XLOOKUP(($B70*2), 韻母表[序號], 韻母表[方音符號]), _xlfn.XLOOKUP($B70, 韻母表[韻序], 韻母表[方音符號]) ), _xlfn.XLOOKUP(J$3, 聲調符號表[調號], 聲調符號表[調符])) -> ㄠㆷ˙
B71: 4.6 | C71: {=INDEX(字母八音反切!$C$4:$J$53, $B70, C$3)} -> 交 | D71: {=INDEX(字母八音反切!$C$4:$J$53, $B70, D$3)} -> 狡 | E71: {=INDEX(字母八音反切!$C$4:$J$53, $B70, E$3)} -> 教 | F71: {=INDEX(字母八音反切!$C$4:$J$53, $B70, F$3)} -> 𩛩 | G71: {=INDEX(字母八音反切!$C$4:$J$53, $B70, G$3)} -> 侯 | H71: {=INDEX(字母八音反切!$C$4:$J$53, $B70, H$3)} -> 狡 | I71: {=INDEX(字母八音反切!$C$4:$J$53, $B70, I$3)} -> 厚 | J71: {=INDEX(字母八音反切!$C$4:$J$53, $B70, J$3)} -> ○
C72: =_xlfn.CONCAT( IF(OR(C$3=4, C$3=8), _xlfn.XLOOKUP(($B70*2), 韻母表[序號], 韻母表[台羅拼音]), _xlfn.XLOOKUP($B70, 韻母表[韻序], 韻母表[台羅拼音]) ), C$3) -> au1 | D72: =_xlfn.CONCAT( IF(OR(D$3=4, D$3=8), _xlfn.XLOOKUP(($B70*2), 韻母表[序號], 韻母表[台羅拼音]), _xlfn.XLOOKUP($B70, 韻母表[韻序], 韻母表[台羅拼音]) ), D$3) -> au2 | E72: =_xlfn.CONCAT( IF(OR(E$3=4, E$3=8), _xlfn.XLOOKUP(($B70*2), 韻母表[序號], 韻母表[台羅拼音]), _xlfn.XLOOKUP($B70, 韻母表[韻序], 韻母表[台羅拼音]) ), E$3) -> au3 | F72: =_xlfn.CONCAT( IF(OR(F$3=4, F$3=8), _xlfn.XLOOKUP(($B70*2), 韻母表[序號], 韻母表[台羅拼音]), _xlfn.XLOOKUP($B70, 韻母表[韻序], 韻母表[台羅拼音]) ), F$3) -> auh4 | G72: =_xlfn.CONCAT( IF(OR(G$3=4, G$3=8), _xlfn.XLOOKUP(($B70*2), 韻母表[序號], 韻母表[台羅拼音]), _xlfn.XLOOKUP($B70, 韻母表[韻序], 韻母表[台羅拼音]) ), G$3) -> au5 | H72: =_xlfn.CONCAT( IF(OR(H$3=4, H$3=8), _xlfn.XLOOKUP(($B70*2), 韻母表[序號], 韻母表[台羅拼音]), _xlfn.XLOOKUP($B70, 韻母表[韻序], 韻母表[台羅拼音]) ), H$3) -> au6 | I72: =_xlfn.CONCAT( IF(OR(I$3=4, I$3=8), _xlfn.XLOOKUP(($B70*2), 韻母表[序號], 韻母表[台羅拼音]), _xlfn.XLOOKUP($B70, 韻母表[韻序], 韻母表[台羅拼音]) ), I$3) -> au7 | J72: =_xlfn.CONCAT( IF(OR(J$3=4, J$3=8), _xlfn.XLOOKUP(($B70*2), 韻母表[序號], 韻母表[台羅拼音]), _xlfn.XLOOKUP($B70, 韻母表[韻序], 韻母表[台羅拼音]) ), J$3) -> auh8
B73: =B70+1 -> 24 | C73: =_xlfn.CONCAT( IF(OR(C$3=4, C$3=8), _xlfn.XLOOKUP(($B73*2), 韻母表[序號], 韻母表[方音符號]), _xlfn.XLOOKUP($B73, 韻母表[韻序], 韻母表[方音符號]) ), _xlfn.XLOOKUP(C$3, 聲調符號表[調號], 聲調符號表[調符])) -> ㄧㄚ | D73: =_xlfn.CONCAT( IF(OR(D$3=4, D$3=8), _xlfn.XLOOKUP(($B73*2), 韻母表[序號], 韻母表[方音符號]), _xlfn.XLOOKUP($B73, 韻母表[韻序], 韻母表[方音符號]) ), _xlfn.XLOOKUP(D$3, 聲調符號表[調號], 聲調符號表[調符])) -> ㄧㄚˋ | E73: =_xlfn.CONCAT( IF(OR(E$3=4, E$3=8), _xlfn.XLOOKUP(($B73*2), 韻母表[序號], 韻母表[方音符號]), _xlfn.XLOOKUP($B73, 韻母表[韻序], 韻母表[方音符號]) ), _xlfn.XLOOKUP(E$3, 聲調符號表[調號], 聲調符號表[調符])) -> ㄧㄚ˪ | F73: =_xlfn.CONCAT( IF(OR(F$3=4, F$3=8), _xlfn.XLOOKUP(($B73*2), 韻母表[序號], 韻母表[方音符號]), _xlfn.XLOOKUP($B73, 韻母表[韻序], 韻母表[方音符號]) ), _xlfn.XLOOKUP(F$3, 聲調符號表[調號], 聲調符號表[調符])) -> ㄧㄚㆷ | G73: =_xlfn.CONCAT( IF(OR(G$3=4, G$3=8), _xlfn.XLOOKUP(($B73*2), 韻母表[序號], 韻母表[方音符號]), _xlfn.XLOOKUP($B73, 韻母表[韻序], 韻母表[方音符號]) ), _xlfn.XLOOKUP(G$3, 聲調符號表[調號], 聲調符號表[調符])) -> ㄧㄚˊ | H73: =_xlfn.CONCAT( IF(OR(H$3=4, H$3=8), _xlfn.XLOOKUP(($B73*2), 韻母表[序號], 韻母表[方音符號]), _xlfn.XLOOKUP($B73, 韻母表[韻序], 韻母表[方音符號]) ), _xlfn.XLOOKUP(H$3, 聲調符號表[調號], 聲調符號表[調符])) -> ㄧㄚˋ | I73: =_xlfn.CONCAT( IF(OR(I$3=4, I$3=8), _xlfn.XLOOKUP(($B73*2), 韻母表[序號], 韻母表[方音符號]), _xlfn.XLOOKUP($B73, 韻母表[韻序], 韻母表[方音符號]) ), _xlfn.XLOOKUP(I$3, 聲調符號表[調號], 聲調符號表[調符])) -> ㄧㄚ˫ | J73: =_xlfn.CONCAT( IF(OR(J$3=4, J$3=8), _xlfn.XLOOKUP(($B73*2), 韻母表[序號], 韻母表[方音符號]), _xlfn.XLOOKUP($B73, 韻母表[韻序], 韻母表[方音符號]) ), _xlfn.XLOOKUP(J$3, 聲調符號表[調號], 聲調符號表[調符])) -> ㄧㄚㆷ˙
B74: 4.6 | C74: {=INDEX(字母八音反切!$C$4:$J$53, $B73, C$3)} -> 迦 | D74: {=INDEX(字母八音反切!$C$4:$J$53, $B73, D$3)} -> ○ | E74: {=INDEX(字母八音反切!$C$4:$J$53, $B73, E$3)} -> 寄 | F74: {=INDEX(字母八音反切!$C$4:$J$53, $B73, F$3)} -> ○ | G74: {=INDEX(字母八音反切!$C$4:$J$53, $B73, G$3)} -> 伽 | H74: {=INDEX(字母八音反切!$C$4:$J$53, $B73, H$3)} -> ○ | I74: {=INDEX(字母八音反切!$C$4:$J$53, $B73, I$3)} -> 崎 | J74: {=INDEX(字母八音反切!$C$4:$J$53, $B73, J$3)} -> 屐
C75: =_xlfn.CONCAT( IF(OR(C$3=4, C$3=8), _xlfn.XLOOKUP(($B73*2), 韻母表[序號], 韻母表[台羅拼音]), _xlfn.XLOOKUP($B73, 韻母表[韻序], 韻母表[台羅拼音]) ), C$3) -> ia1 | D75: =_xlfn.CONCAT( IF(OR(D$3=4, D$3=8), _xlfn.XLOOKUP(($B73*2), 韻母表[序號], 韻母表[台羅拼音]), _xlfn.XLOOKUP($B73, 韻母表[韻序], 韻母表[台羅拼音]) ), D$3) -> ia2 | E75: =_xlfn.CONCAT( IF(OR(E$3=4, E$3=8), _xlfn.XLOOKUP(($B73*2), 韻母表[序號], 韻母表[台羅拼音]), _xlfn.XLOOKUP($B73, 韻母表[韻序], 韻母表[台羅拼音]) ), E$3) -> ia3 | F75: =_xlfn.CONCAT( IF(OR(F$3=4, F$3=8), _xlfn.XLOOKUP(($B73*2), 韻母表[序號], 韻母表[台羅拼音]), _xlfn.XLOOKUP($B73, 韻母表[韻序], 韻母表[台羅拼音]) ), F$3) -> iah4 | G75: =_xlfn.CONCAT( IF(OR(G$3=4, G$3=8), _xlfn.XLOOKUP(($B73*2), 韻母表[序號], 韻母表[台羅拼音]), _xlfn.XLOOKUP($B73, 韻母表[韻序], 韻母表[台羅拼音]) ), G$3) -> ia5 | H75: =_xlfn.CONCAT( IF(OR(H$3=4, H$3=8), _xlfn.XLOOKUP(($B73*2), 韻母表[序號], 韻母表[台羅拼音]), _xlfn.XLOOKUP($B73, 韻母表[韻序], 韻母表[台羅拼音]) ), H$3) -> ia6 | I75: =_xlfn.CONCAT( IF(OR(I$3=4, I$3=8), _xlfn.XLOOKUP(($B73*2), 韻母表[序號], 韻母表[台羅拼音]), _xlfn.XLOOKUP($B73, 韻母表[韻序], 韻母表[台羅拼音]) ), I$3) -> ia7 | J75: =_xlfn.CONCAT( IF(OR(J$3=4, J$3=8), _xlfn.XLOOKUP(($B73*2), 韻母表[序號], 韻母表[台羅拼音]), _xlfn.XLOOKUP($B73, 韻母表[韻序], 韻母表[台羅拼音]) ), J$3) -> iah8
B76: =B73+1 -> 25 | C76: =_xlfn.CONCAT( IF(OR(C$3=4, C$3=8), _xlfn.XLOOKUP(($B76*2), 韻母表[序號], 韻母表[方音符號]), _xlfn.XLOOKUP($B76, 韻母表[韻序], 韻母表[方音符號]) ), _xlfn.XLOOKUP(C$3, 聲調符號表[調號], 聲調符號表[調符])) -> ㄨㆤ | D76: =_xlfn.CONCAT( IF(OR(D$3=4, D$3=8), _xlfn.XLOOKUP(($B76*2), 韻母表[序號], 韻母表[方音符號]), _xlfn.XLOOKUP($B76, 韻母表[韻序], 韻母表[方音符號]) ), _xlfn.XLOOKUP(D$3, 聲調符號表[調號], 聲調符號表[調符])) -> ㄨㆤˋ | E76: =_xlfn.CONCAT( IF(OR(E$3=4, E$3=8), _xlfn.XLOOKUP(($B76*2), 韻母表[序號], 韻母表[方音符號]), _xlfn.XLOOKUP($B76, 韻母表[韻序], 韻母表[方音符號]) ), _xlfn.XLOOKUP(E$3, 聲調符號表[調號], 聲調符號表[調符])) -> ㄨㆤ˪ | F76: =_xlfn.CONCAT( IF(OR(F$3=4, F$3=8), _xlfn.XLOOKUP(($B76*2), 韻母表[序號], 韻母表[方音符號]), _xlfn.XLOOKUP($B76, 韻母表[韻序], 韻母表[方音符號]) ), _xlfn.XLOOKUP(F$3, 聲調符號表[調號], 聲調符號表[調符])) -> ㄨㆤㆷ | G76: =_xlfn.CONCAT( IF(OR(G$3=4, G$3=8), _xlfn.XLOOKUP(($B76*2), 韻母表[序號], 韻母表[方音符號]), _xlfn.XLOOKUP($B76, 韻母表[韻序], 韻母表[方音符號]) ), _xlfn.XLOOKUP(G$3, 聲調符號表[調號], 聲調符號表[調符])) -> ㄨㆤˊ | H76: =_xlfn.CONCAT( IF(OR(H$3=4, H$3=8), _xlfn.XLOOKUP(($B76*2), 韻母表[序號], 韻母表[方音符號]), _xlfn.XLOOKUP($B76, 韻母表[韻序], 韻母表[方音符號]) ), _xlfn.XLOOKUP(H$3, 聲調符號表[調號], 聲調符號表[調符])) -> ㄨㆤˋ | I76: =_xlfn.CONCAT( IF(OR(I$3=4, I$3=8), _xlfn.XLOOKUP(($B76*2), 韻母表[序號], 韻母表[方音符號]), _xlfn.XLOOKUP($B76, 韻母表[韻序], 韻母表[方音符號]) ), _xlfn.XLOOKUP(I$3, 聲調符號表[調號], 聲調符號表[調符])) -> ㄨㆤ˫ | J76: =_xlfn.CONCAT( IF(OR(J$3=4, J$3=8), _xlfn.XLOOKUP(($B76*2), 韻母表[序號], 韻母表[方音符號]), _xlfn.XLOOKUP($B76, 韻母表[韻序], 韻母表[方音符號]) ), _xlfn.XLOOKUP(J$3, 聲調符號表[調號], 聲調符號表[調符])) -> ㄨㆤㆷ˙
B77: 4.6 | C77: {=INDEX(字母八音反切!$C$4:$J$53, $B76, C$3)} -> 檜 | D77: {=INDEX(字母八音反切!$C$4:$J$53, $B76, D$3)} -> 粿 | E77: {=INDEX(字母八音反切!$C$4:$J$53, $B76, E$3)} -> 檜 | F77: {=INDEX(字母八音反切!$C$4:$J$53, $B76, F$3)} -> 郭 | G77: {=INDEX(字母八音反切!$C$4:$J$53, $B76, G$3)} -> 葵 | H77: {=INDEX(字母八音反切!$C$4:$J$53, $B76, H$3)} -> 粿 | I77: {=INDEX(字母八音反切!$C$4:$J$53, $B76, I$3)} -> 趶 | J77: {=INDEX(字母八音反切!$C$4:$J$53, $B76, J$3)} -> 䭝
C78: =_xlfn.CONCAT( IF(OR(C$3=4, C$3=8), _xlfn.XLOOKUP(($B76*2), 韻母表[序號], 韻母表[台羅拼音]), _xlfn.XLOOKUP($B76, 韻母表[韻序], 韻母表[台羅拼音]) ), C$3) -> ue1 | D78: =_xlfn.CONCAT( IF(OR(D$3=4, D$3=8), _xlfn.XLOOKUP(($B76*2), 韻母表[序號], 韻母表[台羅拼音]), _xlfn.XLOOKUP($B76, 韻母表[韻序], 韻母表[台羅拼音]) ), D$3) -> ue2 | E78: =_xlfn.CONCAT( IF(OR(E$3=4, E$3=8), _xlfn.XLOOKUP(($B76*2), 韻母表[序號], 韻母表[台羅拼音]), _xlfn.XLOOKUP($B76, 韻母表[韻序], 韻母表[台羅拼音]) ), E$3) -> ue3 | F78: =_xlfn.CONCAT( IF(OR(F$3=4, F$3=8), _xlfn.XLOOKUP(($B76*2), 韻母表[序號], 韻母表[台羅拼音]), _xlfn.XLOOKUP($B76, 韻母表[韻序], 韻母表[台羅拼音]) ), F$3) -> ueh4 | G78: =_xlfn.CONCAT( IF(OR(G$3=4, G$3=8), _xlfn.XLOOKUP(($B76*2), 韻母表[序號], 韻母表[台羅拼音]), _xlfn.XLOOKUP($B76, 韻母表[韻序], 韻母表[台羅拼音]) ), G$3) -> ue5 | H78: =_xlfn.CONCAT( IF(OR(H$3=4, H$3=8), _xlfn.XLOOKUP(($B76*2), 韻母表[序號], 韻母表[台羅拼音]), _xlfn.XLOOKUP($B76, 韻母表[韻序], 韻母表[台羅拼音]) ), H$3) -> ue6 | I78: =_xlfn.CONCAT( IF(OR(I$3=4, I$3=8), _xlfn.XLOOKUP(($B76*2), 韻母表[序號], 韻母表[台羅拼音]), _xlfn.XLOOKUP($B76, 韻母表[韻序], 韻母表[台羅拼音]) ), I$3) -> ue7 | J78: =_xlfn.CONCAT( IF(OR(J$3=4, J$3=8), _xlfn.XLOOKUP(($B76*2), 韻母表[序號], 韻母表[台羅拼音]), _xlfn.XLOOKUP($B76, 韻母表[韻序], 韻母表[台羅拼音]) ), J$3) -> ueh8
B79: =B76+1 -> 26 | C79: =_xlfn.CONCAT( IF(OR(C$3=4, C$3=8), _xlfn.XLOOKUP(($B79*2), 韻母表[序號], 韻母表[方音符號]), _xlfn.XLOOKUP($B79, 韻母表[韻序], 韻母表[方音符號]) ), _xlfn.XLOOKUP(C$3, 聲調符號表[調號], 聲調符號表[調符])) -> ㆩ | D79: =_xlfn.CONCAT( IF(OR(D$3=4, D$3=8), _xlfn.XLOOKUP(($B79*2), 韻母表[序號], 韻母表[方音符號]), _xlfn.XLOOKUP($B79, 韻母表[韻序], 韻母表[方音符號]) ), _xlfn.XLOOKUP(D$3, 聲調符號表[調號], 聲調符號表[調符])) -> ㆩˋ | E79: =_xlfn.CONCAT( IF(OR(E$3=4, E$3=8), _xlfn.XLOOKUP(($B79*2), 韻母表[序號], 韻母表[方音符號]), _xlfn.XLOOKUP($B79, 韻母表[韻序], 韻母表[方音符號]) ), _xlfn.XLOOKUP(E$3, 聲調符號表[調號], 聲調符號表[調符])) -> ㆩ˪ | F79: =_xlfn.CONCAT( IF(OR(F$3=4, F$3=8), _xlfn.XLOOKUP(($B79*2), 韻母表[序號], 韻母表[方音符號]), _xlfn.XLOOKUP($B79, 韻母表[韻序], 韻母表[方音符號]) ), _xlfn.XLOOKUP(F$3, 聲調符號表[調號], 聲調符號表[調符])) -> ㆩㆷ | G79: =_xlfn.CONCAT( IF(OR(G$3=4, G$3=8), _xlfn.XLOOKUP(($B79*2), 韻母表[序號], 韻母表[方音符號]), _xlfn.XLOOKUP($B79, 韻母表[韻序], 韻母表[方音符號]) ), _xlfn.XLOOKUP(G$3, 聲調符號表[調號], 聲調符號表[調符])) -> ㆩˊ | H79: =_xlfn.CONCAT( IF(OR(H$3=4, H$3=8), _xlfn.XLOOKUP(($B79*2), 韻母表[序號], 韻母表[方音符號]), _xlfn.XLOOKUP($B79, 韻母表[韻序], 韻母表[方音符號]) ), _xlfn.XLOOKUP(H$3, 聲調符號表[調號], 聲調符號表[調符])) -> ㆩˋ | I79: =_xlfn.CONCAT( IF(OR(I$3=4, I$3=8), _xlfn.XLOOKUP(($B79*2), 韻母表[序號], 韻母表[方音符號]), _xlfn.XLOOKUP($B79, 韻母表[韻序], 韻母表[方音符號]) ), _xlfn.XLOOKUP(I$3, 聲調符號表[調號], 聲調符號表[調符])) -> ㆩ˫ | J79: =_xlfn.CONCAT( IF(OR(J$3=4, J$3=8), _xlfn.XLOOKUP(($B79*2), 韻母表[序號], 韻母表[方音符號]), _xlfn.XLOOKUP($B79, 韻母表[韻序], 韻母表[方音符號]) ), _xlfn.XLOOKUP(J$3, 聲調符號表[調號], 聲調符號表[調符])) -> ㆩㆷ˙
B80: 4.6 | C80: {=INDEX(字母八音反切!$C$4:$J$53, $B79, C$3)} -> 監 | D80: {=INDEX(字母八音反切!$C$4:$J$53, $B79, D$3)} -> 敢 | E80: {=INDEX(字母八音反切!$C$4:$J$53, $B79, E$3)} -> 酵 | F80: {=INDEX(字母八音反切!$C$4:$J$53, $B79, F$3)} -> ○ | G80: {=INDEX(字母八音反切!$C$4:$J$53, $B79, G$3)} -> 㩜 | H80: {=INDEX(字母八音反切!$C$4:$J$53, $B79, H$3)} -> 敢 | I80: {=INDEX(字母八音反切!$C$4:$J$53, $B79, I$3)} -> ○ | J80: {=INDEX(字母八音反切!$C$4:$J$53, $B79, J$3)} -> ○
C81: =_xlfn.CONCAT( IF(OR(C$3=4, C$3=8), _xlfn.XLOOKUP(($B79*2), 韻母表[序號], 韻母表[台羅拼音]), _xlfn.XLOOKUP($B79, 韻母表[韻序], 韻母表[台羅拼音]) ), C$3) -> ann1 | D81: =_xlfn.CONCAT( IF(OR(D$3=4, D$3=8), _xlfn.XLOOKUP(($B79*2), 韻母表[序號], 韻母表[台羅拼音]), _xlfn.XLOOKUP($B79, 韻母表[韻序], 韻母表[台羅拼音]) ), D$3) -> ann2 | E81: =_xlfn.CONCAT( IF(OR(E$3=4, E$3=8), _xlfn.XLOOKUP(($B79*2), 韻母表[序號], 韻母表[台羅拼音]), _xlfn.XLOOKUP($B79, 韻母表[韻序], 韻母表[台羅拼音]) ), E$3) -> ann3 | F81: =_xlfn.CONCAT( IF(OR(F$3=4, F$3=8), _xlfn.XLOOKUP(($B79*2), 韻母表[序號], 韻母表[台羅拼音]), _xlfn.XLOOKUP($B79, 韻母表[韻序], 韻母表[台羅拼音]) ), F$3) -> annh4 | G81: =_xlfn.CONCAT( IF(OR(G$3=4, G$3=8), _xlfn.XLOOKUP(($B79*2), 韻母表[序號], 韻母表[台羅拼音]), _xlfn.XLOOKUP($B79, 韻母表[韻序], 韻母表[台羅拼音]) ), G$3) -> ann5 | H81: =_xlfn.CONCAT( IF(OR(H$3=4, H$3=8), _xlfn.XLOOKUP(($B79*2), 韻母表[序號], 韻母表[台羅拼音]), _xlfn.XLOOKUP($B79, 韻母表[韻序], 韻母表[台羅拼音]) ), H$3) -> ann6 | I81: =_xlfn.CONCAT( IF(OR(I$3=4, I$3=8), _xlfn.XLOOKUP(($B79*2), 韻母表[序號], 韻母表[台羅拼音]), _xlfn.XLOOKUP($B79, 韻母表[韻序], 韻母表[台羅拼音]) ), I$3) -> ann7 | J81: =_xlfn.CONCAT( IF(OR(J$3=4, J$3=8), _xlfn.XLOOKUP(($B79*2), 韻母表[序號], 韻母表[台羅拼音]), _xlfn.XLOOKUP($B79, 韻母表[韻序], 韻母表[台羅拼音]) ), J$3) -> annh8
B82: =B79+1 -> 27 | C82: =_xlfn.CONCAT( IF(OR(C$3=4, C$3=8), _xlfn.XLOOKUP(($B82*2), 韻母表[序號], 韻母表[方音符號]), _xlfn.XLOOKUP($B82, 韻母表[韻序], 韻母表[方音符號]) ), _xlfn.XLOOKUP(C$3, 聲調符號表[調號], 聲調符號表[調符])) -> ㄨ | D82: =_xlfn.CONCAT( IF(OR(D$3=4, D$3=8), _xlfn.XLOOKUP(($B82*2), 韻母表[序號], 韻母表[方音符號]), _xlfn.XLOOKUP($B82, 韻母表[韻序], 韻母表[方音符號]) ), _xlfn.XLOOKUP(D$3, 聲調符號表[調號], 聲調符號表[調符])) -> ㄨˋ | E82: =_xlfn.CONCAT( IF(OR(E$3=4, E$3=8), _xlfn.XLOOKUP(($B82*2), 韻母表[序號], 韻母表[方音符號]), _xlfn.XLOOKUP($B82, 韻母表[韻序], 韻母表[方音符號]) ), _xlfn.XLOOKUP(E$3, 聲調符號表[調號], 聲調符號表[調符])) -> ㄨ˪ | F82: =_xlfn.CONCAT( IF(OR(F$3=4, F$3=8), _xlfn.XLOOKUP(($B82*2), 韻母表[序號], 韻母表[方音符號]), _xlfn.XLOOKUP($B82, 韻母表[韻序], 韻母表[方音符號]) ), _xlfn.XLOOKUP(F$3, 聲調符號表[調號], 聲調符號表[調符])) -> ㄨㆷ | G82: =_xlfn.CONCAT( IF(OR(G$3=4, G$3=8), _xlfn.XLOOKUP(($B82*2), 韻母表[序號], 韻母表[方音符號]), _xlfn.XLOOKUP($B82, 韻母表[韻序], 韻母表[方音符號]) ), _xlfn.XLOOKUP(G$3, 聲調符號表[調號], 聲調符號表[調符])) -> ㄨˊ | H82: =_xlfn.CONCAT( IF(OR(H$3=4, H$3=8), _xlfn.XLOOKUP(($B82*2), 韻母表[序號], 韻母表[方音符號]), _xlfn.XLOOKUP($B82, 韻母表[韻序], 韻母表[方音符號]) ), _xlfn.XLOOKUP(H$3, 聲調符號表[調號], 聲調符號表[調符])) -> ㄨˋ | I82: =_xlfn.CONCAT( IF(OR(I$3=4, I$3=8), _xlfn.XLOOKUP(($B82*2), 韻母表[序號], 韻母表[方音符號]), _xlfn.XLOOKUP($B82, 韻母表[韻序], 韻母表[方音符號]) ), _xlfn.XLOOKUP(I$3, 聲調符號表[調號], 聲調符號表[調符])) -> ㄨ˫ | J82: =_xlfn.CONCAT( IF(OR(J$3=4, J$3=8), _xlfn.XLOOKUP(($B82*2), 韻母表[序號], 韻母表[方音符號]), _xlfn.XLOOKUP($B82, 韻母表[韻序], 韻母表[方音符號]) ), _xlfn.XLOOKUP(J$3, 聲調符號表[調號], 聲調符號表[調符])) -> ㄨㆷ˙
B83: 4.6 | C83: {=INDEX(字母八音反切!$C$4:$J$53, $B82, C$3)} -> 艍 | D83: {=INDEX(字母八音反切!$C$4:$J$53, $B82, D$3)} -> 韮 | E83: {=INDEX(字母八音反切!$C$4:$J$53, $B82, E$3)} -> 句 | F83: {=INDEX(字母八音反切!$C$4:$J$53, $B82, F$3)} -> 𣢯 | G83: {=INDEX(字母八音反切!$C$4:$J$53, $B82, G$3)} -> 𨬡 | H83: {=INDEX(字母八音反切!$C$4:$J$53, $B82, H$3)} -> 韮 | I83: {=INDEX(字母八音反切!$C$4:$J$53, $B82, I$3)} -> 舅 | J83: {=INDEX(字母八音反切!$C$4:$J$53, $B82, J$3)} -> ○
C84: =_xlfn.CONCAT( IF(OR(C$3=4, C$3=8), _xlfn.XLOOKUP(($B82*2), 韻母表[序號], 韻母表[台羅拼音]), _xlfn.XLOOKUP($B82, 韻母表[韻序], 韻母表[台羅拼音]) ), C$3) -> u1 | D84: =_xlfn.CONCAT( IF(OR(D$3=4, D$3=8), _xlfn.XLOOKUP(($B82*2), 韻母表[序號], 韻母表[台羅拼音]), _xlfn.XLOOKUP($B82, 韻母表[韻序], 韻母表[台羅拼音]) ), D$3) -> u2 | E84: =_xlfn.CONCAT( IF(OR(E$3=4, E$3=8), _xlfn.XLOOKUP(($B82*2), 韻母表[序號], 韻母表[台羅拼音]), _xlfn.XLOOKUP($B82, 韻母表[韻序], 韻母表[台羅拼音]) ), E$3) -> u3 | F84: =_xlfn.CONCAT( IF(OR(F$3=4, F$3=8), _xlfn.XLOOKUP(($B82*2), 韻母表[序號], 韻母表[台羅拼音]), _xlfn.XLOOKUP($B82, 韻母表[韻序], 韻母表[台羅拼音]) ), F$3) -> uh4 | G84: =_xlfn.CONCAT( IF(OR(G$3=4, G$3=8), _xlfn.XLOOKUP(($B82*2), 韻母表[序號], 韻母表[台羅拼音]), _xlfn.XLOOKUP($B82, 韻母表[韻序], 韻母表[台羅拼音]) ), G$3) -> u5 | H84: =_xlfn.CONCAT( IF(OR(H$3=4, H$3=8), _xlfn.XLOOKUP(($B82*2), 韻母表[序號], 韻母表[台羅拼音]), _xlfn.XLOOKUP($B82, 韻母表[韻序], 韻母表[台羅拼音]) ), H$3) -> u6 | I84: =_xlfn.CONCAT( IF(OR(I$3=4, I$3=8), _xlfn.XLOOKUP(($B82*2), 韻母表[序號], 韻母表[台羅拼音]), _xlfn.XLOOKUP($B82, 韻母表[韻序], 韻母表[台羅拼音]) ), I$3) -> u7 | J84: =_xlfn.CONCAT( IF(OR(J$3=4, J$3=8), _xlfn.XLOOKUP(($B82*2), 韻母表[序號], 韻母表[台羅拼音]), _xlfn.XLOOKUP($B82, 韻母表[韻序], 韻母表[台羅拼音]) ), J$3) -> uh8
B85: =B82+1 -> 28 | C85: =_xlfn.CONCAT( IF(OR(C$3=4, C$3=8), _xlfn.XLOOKUP(($B85*2), 韻母表[序號], 韻母表[方音符號]), _xlfn.XLOOKUP($B85, 韻母表[韻序], 韻母表[方音符號]) ), _xlfn.XLOOKUP(C$3, 聲調符號表[調號], 聲調符號表[調符])) -> ㄚ | D85: =_xlfn.CONCAT( IF(OR(D$3=4, D$3=8), _xlfn.XLOOKUP(($B85*2), 韻母表[序號], 韻母表[方音符號]), _xlfn.XLOOKUP($B85, 韻母表[韻序], 韻母表[方音符號]) ), _xlfn.XLOOKUP(D$3, 聲調符號表[調號], 聲調符號表[調符])) -> ㄚˋ | E85: =_xlfn.CONCAT( IF(OR(E$3=4, E$3=8), _xlfn.XLOOKUP(($B85*2), 韻母表[序號], 韻母表[方音符號]), _xlfn.XLOOKUP($B85, 韻母表[韻序], 韻母表[方音符號]) ), _xlfn.XLOOKUP(E$3, 聲調符號表[調號], 聲調符號表[調符])) -> ㄚ˪ | F85: =_xlfn.CONCAT( IF(OR(F$3=4, F$3=8), _xlfn.XLOOKUP(($B85*2), 韻母表[序號], 韻母表[方音符號]), _xlfn.XLOOKUP($B85, 韻母表[韻序], 韻母表[方音符號]) ), _xlfn.XLOOKUP(F$3, 聲調符號表[調號], 聲調符號表[調符])) -> ㄚㆷ | G85: =_xlfn.CONCAT( IF(OR(G$3=4, G$3=8), _xlfn.XLOOKUP(($B85*2), 韻母表[序號], 韻母表[方音符號]), _xlfn.XLOOKUP($B85, 韻母表[韻序], 韻母表[方音符號]) ), _xlfn.XLOOKUP(G$3, 聲調符號表[調號], 聲調符號表[調符])) -> ㄚˊ | H85: =_xlfn.CONCAT( IF(OR(H$3=4, H$3=8), _xlfn.XLOOKUP(($B85*2), 韻母表[序號], 韻母表[方音符號]), _xlfn.XLOOKUP($B85, 韻母表[韻序], 韻母表[方音符號]) ), _xlfn.XLOOKUP(H$3, 聲調符號表[調號], 聲調符號表[調符])) -> ㄚˋ | I85: =_xlfn.CONCAT( IF(OR(I$3=4, I$3=8), _xlfn.XLOOKUP(($B85*2), 韻母表[序號], 韻母表[方音符號]), _xlfn.XLOOKUP($B85, 韻母表[韻序], 韻母表[方音符號]) ), _xlfn.XLOOKUP(I$3, 聲調符號表[調號], 聲調符號表[調符])) -> ㄚ˫ | J85: =_xlfn.CONCAT( IF(OR(J$3=4, J$3=8), _xlfn.XLOOKUP(($B85*2), 韻母表[序號], 韻母表[方音符號]), _xlfn.XLOOKUP($B85, 韻母表[韻序], 韻母表[方音符號]) ), _xlfn.XLOOKUP(J$3, 聲調符號表[調號], 聲調符號表[調符])) -> ㄚㆷ˙
B86: 4.6 | C86: {=INDEX(字母八音反切!$C$4:$J$53, $B85, C$3)} -> 膠 | D86: {=INDEX(字母八音反切!$C$4:$J$53, $B85, D$3)} -> 絞 | E86: {=INDEX(字母八音反切!$C$4:$J$53, $B85, E$3)} -> 教 | F86: {=INDEX(字母八音反切!$C$4:$J$53, $B85, F$3)} -> 甲 | G86: {=INDEX(字母八音反切!$C$4:$J$53, $B85, G$3)} -> ○ | H86: {=INDEX(字母八音反切!$C$4:$J$53, $B85, H$3)} -> 絞 | I86: {=INDEX(字母八音反切!$C$4:$J$53, $B85, I$3)} -> 齩 | J86: {=INDEX(字母八音反切!$C$4:$J$53, $B85, J$3)} -> ○
C87: =_xlfn.CONCAT( IF(OR(C$3=4, C$3=8), _xlfn.XLOOKUP(($B85*2), 韻母表[序號], 韻母表[台羅拼音]), _xlfn.XLOOKUP($B85, 韻母表[韻序], 韻母表[台羅拼音]) ), C$3) -> a1 | D87: =_xlfn.CONCAT( IF(OR(D$3=4, D$3=8), _xlfn.XLOOKUP(($B85*2), 韻母表[序號], 韻母表[台羅拼音]), _xlfn.XLOOKUP($B85, 韻母表[韻序], 韻母表[台羅拼音]) ), D$3) -> a2 | E87: =_xlfn.CONCAT( IF(OR(E$3=4, E$3=8), _xlfn.XLOOKUP(($B85*2), 韻母表[序號], 韻母表[台羅拼音]), _xlfn.XLOOKUP($B85, 韻母表[韻序], 韻母表[台羅拼音]) ), E$3) -> a3 | F87: =_xlfn.CONCAT( IF(OR(F$3=4, F$3=8), _xlfn.XLOOKUP(($B85*2), 韻母表[序號], 韻母表[台羅拼音]), _xlfn.XLOOKUP($B85, 韻母表[韻序], 韻母表[台羅拼音]) ), F$3) -> ah4 | G87: =_xlfn.CONCAT( IF(OR(G$3=4, G$3=8), _xlfn.XLOOKUP(($B85*2), 韻母表[序號], 韻母表[台羅拼音]), _xlfn.XLOOKUP($B85, 韻母表[韻序], 韻母表[台羅拼音]) ), G$3) -> a5 | H87: =_xlfn.CONCAT( IF(OR(H$3=4, H$3=8), _xlfn.XLOOKUP(($B85*2), 韻母表[序號], 韻母表[台羅拼音]), _xlfn.XLOOKUP($B85, 韻母表[韻序], 韻母表[台羅拼音]) ), H$3) -> a6 | I87: =_xlfn.CONCAT( IF(OR(I$3=4, I$3=8), _xlfn.XLOOKUP(($B85*2), 韻母表[序號], 韻母表[台羅拼音]), _xlfn.XLOOKUP($B85, 韻母表[韻序], 韻母表[台羅拼音]) ), I$3) -> a7 | J87: =_xlfn.CONCAT( IF(OR(J$3=4, J$3=8), _xlfn.XLOOKUP(($B85*2), 韻母表[序號], 韻母表[台羅拼音]), _xlfn.XLOOKUP($B85, 韻母表[韻序], 韻母表[台羅拼音]) ), J$3) -> ah8
B88: =B85+1 -> 29 | C88: =_xlfn.CONCAT( IF(OR(C$3=4, C$3=8), _xlfn.XLOOKUP(($B88*2), 韻母表[序號], 韻母表[方音符號]), _xlfn.XLOOKUP($B88, 韻母表[韻序], 韻母表[方音符號]) ), _xlfn.XLOOKUP(C$3, 聲調符號表[調號], 聲調符號表[調符])) -> ㄧ | D88: =_xlfn.CONCAT( IF(OR(D$3=4, D$3=8), _xlfn.XLOOKUP(($B88*2), 韻母表[序號], 韻母表[方音符號]), _xlfn.XLOOKUP($B88, 韻母表[韻序], 韻母表[方音符號]) ), _xlfn.XLOOKUP(D$3, 聲調符號表[調號], 聲調符號表[調符])) -> ㄧˋ | E88: =_xlfn.CONCAT( IF(OR(E$3=4, E$3=8), _xlfn.XLOOKUP(($B88*2), 韻母表[序號], 韻母表[方音符號]), _xlfn.XLOOKUP($B88, 韻母表[韻序], 韻母表[方音符號]) ), _xlfn.XLOOKUP(E$3, 聲調符號表[調號], 聲調符號表[調符])) -> ㄧ˪ | F88: =_xlfn.CONCAT( IF(OR(F$3=4, F$3=8), _xlfn.XLOOKUP(($B88*2), 韻母表[序號], 韻母表[方音符號]), _xlfn.XLOOKUP($B88, 韻母表[韻序], 韻母表[方音符號]) ), _xlfn.XLOOKUP(F$3, 聲調符號表[調號], 聲調符號表[調符])) -> ㄧㆷ | G88: =_xlfn.CONCAT( IF(OR(G$3=4, G$3=8), _xlfn.XLOOKUP(($B88*2), 韻母表[序號], 韻母表[方音符號]), _xlfn.XLOOKUP($B88, 韻母表[韻序], 韻母表[方音符號]) ), _xlfn.XLOOKUP(G$3, 聲調符號表[調號], 聲調符號表[調符])) -> ㄧˊ | H88: =_xlfn.CONCAT( IF(OR(H$3=4, H$3=8), _xlfn.XLOOKUP(($B88*2), 韻母表[序號], 韻母表[方音符號]), _xlfn.XLOOKUP($B88, 韻母表[韻序], 韻母表[方音符號]) ), _xlfn.XLOOKUP(H$3, 聲調符號表[調號], 聲調符號表[調符])) -> ㄧˋ | I88: =_xlfn.CONCAT( IF(OR(I$3=4, I$3=8), _xlfn.XLOOKUP(($B88*2), 韻母表[序號], 韻母表[方音符號]), _xlfn.XLOOKUP($B88, 韻母表[韻序], 韻母表[方音符號]) ), _xlfn.XLOOKUP(I$3, 聲調符號表[調號], 聲調符號表[調符])) -> ㄧ˫ | J88: =_xlfn.CONCAT( IF(OR(J$3=4, J$3=8), _xlfn.XLOOKUP(($B88*2), 韻母表[序號], 韻母表[方音符號]), _xlfn.XLOOKUP($B88, 韻母表[韻序], 韻母表[方音符號]) ), _xlfn.XLOOKUP(J$3, 聲調符號表[調號], 聲調符號表[調符])) -> ㄧㆷ˙
B89: 4.6 | C89: {=INDEX(字母八音反切!$C$4:$J$53, $B88, C$3)} -> 居 | D89: {=INDEX(字母八音反切!$C$4:$J$53, $B88, D$3)} -> 己 | E89: {=INDEX(字母八音反切!$C$4:$J$53, $B88, E$3)} -> 旣 | F89: {=INDEX(字母八音反切!$C$4:$J$53, $B88, F$3)} -> 築 | G89: {=INDEX(字母八音反切!$C$4:$J$53, $B88, G$3)} -> 期 | H89: {=INDEX(字母八音反切!$C$4:$J$53, $B88, H$3)} -> 已 | I89: {=INDEX(字母八音反切!$C$4:$J$53, $B88, I$3)} -> 具 | J89: {=INDEX(字母八音反切!$C$4:$J$53, $B88, J$3)} -> ○
C90: =_xlfn.CONCAT( IF(OR(C$3=4, C$3=8), _xlfn.XLOOKUP(($B88*2), 韻母表[序號], 韻母表[台羅拼音]), _xlfn.XLOOKUP($B88, 韻母表[韻序], 韻母表[台羅拼音]) ), C$3) -> i1 | D90: =_xlfn.CONCAT( IF(OR(D$3=4, D$3=8), _xlfn.XLOOKUP(($B88*2), 韻母表[序號], 韻母表[台羅拼音]), _xlfn.XLOOKUP($B88, 韻母表[韻序], 韻母表[台羅拼音]) ), D$3) -> i2 | E90: =_xlfn.CONCAT( IF(OR(E$3=4, E$3=8), _xlfn.XLOOKUP(($B88*2), 韻母表[序號], 韻母表[台羅拼音]), _xlfn.XLOOKUP($B88, 韻母表[韻序], 韻母表[台羅拼音]) ), E$3) -> i3 | F90: =_xlfn.CONCAT( IF(OR(F$3=4, F$3=8), _xlfn.XLOOKUP(($B88*2), 韻母表[序號], 韻母表[台羅拼音]), _xlfn.XLOOKUP($B88, 韻母表[韻序], 韻母表[台羅拼音]) ), F$3) -> ih4 | G90: =_xlfn.CONCAT( IF(OR(G$3=4, G$3=8), _xlfn.XLOOKUP(($B88*2), 韻母表[序號], 韻母表[台羅拼音]), _xlfn.XLOOKUP($B88, 韻母表[韻序], 韻母表[台羅拼音]) ), G$3) -> i5 | H90: =_xlfn.CONCAT( IF(OR(H$3=4, H$3=8), _xlfn.XLOOKUP(($B88*2), 韻母表[序號], 韻母表[台羅拼音]), _xlfn.XLOOKUP($B88, 韻母表[韻序], 韻母表[台羅拼音]) ), H$3) -> i6 | I90: =_xlfn.CONCAT( IF(OR(I$3=4, I$3=8), _xlfn.XLOOKUP(($B88*2), 韻母表[序號], 韻母表[台羅拼音]), _xlfn.XLOOKUP($B88, 韻母表[韻序], 韻母表[台羅拼音]) ), I$3) -> i7 | J90: =_xlfn.CONCAT( IF(OR(J$3=4, J$3=8), _xlfn.XLOOKUP(($B88*2), 韻母表[序號], 韻母表[台羅拼音]), _xlfn.XLOOKUP($B88, 韻母表[韻序], 韻母表[台羅拼音]) ), J$3) -> ih8
B91: =B88+1 -> 30 | C91: =_xlfn.CONCAT( IF(OR(C$3=4, C$3=8), _xlfn.XLOOKUP(($B91*2), 韻母表[序號], 韻母表[方音符號]), _xlfn.XLOOKUP($B91, 韻母表[韻序], 韻母表[方音符號]) ), _xlfn.XLOOKUP(C$3, 聲調符號表[調號], 聲調符號表[調符])) -> ㄧㄨ | D91: =_xlfn.CONCAT( IF(OR(D$3=4, D$3=8), _xlfn.XLOOKUP(($B91*2), 韻母表[序號], 韻母表[方音符號]), _xlfn.XLOOKUP($B91, 韻母表[韻序], 韻母表[方音符號]) ), _xlfn.XLOOKUP(D$3, 聲調符號表[調號], 聲調符號表[調符])) -> ㄧㄨˋ | E91: =_xlfn.CONCAT( IF(OR(E$3=4, E$3=8), _xlfn.XLOOKUP(($B91*2), 韻母表[序號], 韻母表[方音符號]), _xlfn.XLOOKUP($B91, 韻母表[韻序], 韻母表[方音符號]) ), _xlfn.XLOOKUP(E$3, 聲調符號表[調號], 聲調符號表[調符])) -> ㄧㄨ˪ | F91: =_xlfn.CONCAT( IF(OR(F$3=4, F$3=8), _xlfn.XLOOKUP(($B91*2), 韻母表[序號], 韻母表[方音符號]), _xlfn.XLOOKUP($B91, 韻母表[韻序], 韻母表[方音符號]) ), _xlfn.XLOOKUP(F$3, 聲調符號表[調號], 聲調符號表[調符])) -> ㄧㄨㆷ | G91: =_xlfn.CONCAT( IF(OR(G$3=4, G$3=8), _xlfn.XLOOKUP(($B91*2), 韻母表[序號], 韻母表[方音符號]), _xlfn.XLOOKUP($B91, 韻母表[韻序], 韻母表[方音符號]) ), _xlfn.XLOOKUP(G$3, 聲調符號表[調號], 聲調符號表[調符])) -> ㄧㄨˊ | H91: =_xlfn.CONCAT( IF(OR(H$3=4, H$3=8), _xlfn.XLOOKUP(($B91*2), 韻母表[序號], 韻母表[方音符號]), _xlfn.XLOOKUP($B91, 韻母表[韻序], 韻母表[方音符號]) ), _xlfn.XLOOKUP(H$3, 聲調符號表[調號], 聲調符號表[調符])) -> ㄧㄨˋ | I91: =_xlfn.CONCAT( IF(OR(I$3=4, I$3=8), _xlfn.XLOOKUP(($B91*2), 韻母表[序號], 韻母表[方音符號]), _xlfn.XLOOKUP($B91, 韻母表[韻序], 韻母表[方音符號]) ), _xlfn.XLOOKUP(I$3, 聲調符號表[調號], 聲調符號表[調符])) -> ㄧㄨ˫ | J91: =_xlfn.CONCAT( IF(OR(J$3=4, J$3=8), _xlfn.XLOOKUP(($B91*2), 韻母表[序號], 韻母表[方音符號]), _xlfn.XLOOKUP($B91, 韻母表[韻序], 韻母表[方音符號]) ), _xlfn.XLOOKUP(J$3, 聲調符號表[調號], 聲調符號表[調符])) -> ㄧㄨㆷ˙
B92: 4.6 | C92: {=INDEX(字母八音反切!$C$4:$J$53, $B91, C$3)} -> 丩 | D92: {=INDEX(字母八音反切!$C$4:$J$53, $B91, D$3)} -> 久 | E92: {=INDEX(字母八音反切!$C$4:$J$53, $B91, E$3)} -> 救 | F92: {=INDEX(字母八音反切!$C$4:$J$53, $B91, F$3)} -> ○ | G92: {=INDEX(字母八音反切!$C$4:$J$53, $B91, G$3)} -> 求 | H92: {=INDEX(字母八音反切!$C$4:$J$53, $B91, H$3)} -> 久 | I92: {=INDEX(字母八音反切!$C$4:$J$53, $B91, I$3)} -> 舊 | J92: {=INDEX(字母八音反切!$C$4:$J$53, $B91, J$3)} -> ○
C93: =_xlfn.CONCAT( IF(OR(C$3=4, C$3=8), _xlfn.XLOOKUP(($B91*2), 韻母表[序號], 韻母表[台羅拼音]), _xlfn.XLOOKUP($B91, 韻母表[韻序], 韻母表[台羅拼音]) ), C$3) -> iu1 | D93: =_xlfn.CONCAT( IF(OR(D$3=4, D$3=8), _xlfn.XLOOKUP(($B91*2), 韻母表[序號], 韻母表[台羅拼音]), _xlfn.XLOOKUP($B91, 韻母表[韻序], 韻母表[台羅拼音]) ), D$3) -> iu2 | E93: =_xlfn.CONCAT( IF(OR(E$3=4, E$3=8), _xlfn.XLOOKUP(($B91*2), 韻母表[序號], 韻母表[台羅拼音]), _xlfn.XLOOKUP($B91, 韻母表[韻序], 韻母表[台羅拼音]) ), E$3) -> iu3 | F93: =_xlfn.CONCAT( IF(OR(F$3=4, F$3=8), _xlfn.XLOOKUP(($B91*2), 韻母表[序號], 韻母表[台羅拼音]), _xlfn.XLOOKUP($B91, 韻母表[韻序], 韻母表[台羅拼音]) ), F$3) -> iuh4 | G93: =_xlfn.CONCAT( IF(OR(G$3=4, G$3=8), _xlfn.XLOOKUP(($B91*2), 韻母表[序號], 韻母表[台羅拼音]), _xlfn.XLOOKUP($B91, 韻母表[韻序], 韻母表[台羅拼音]) ), G$3) -> iu5 | H93: =_xlfn.CONCAT( IF(OR(H$3=4, H$3=8), _xlfn.XLOOKUP(($B91*2), 韻母表[序號], 韻母表[台羅拼音]), _xlfn.XLOOKUP($B91, 韻母表[韻序], 韻母表[台羅拼音]) ), H$3) -> iu6 | I93: =_xlfn.CONCAT( IF(OR(I$3=4, I$3=8), _xlfn.XLOOKUP(($B91*2), 韻母表[序號], 韻母表[台羅拼音]), _xlfn.XLOOKUP($B91, 韻母表[韻序], 韻母表[台羅拼音]) ), I$3) -> iu7 | J93: =_xlfn.CONCAT( IF(OR(J$3=4, J$3=8), _xlfn.XLOOKUP(($B91*2), 韻母表[序號], 韻母表[台羅拼音]), _xlfn.XLOOKUP($B91, 韻母表[韻序], 韻母表[台羅拼音]) ), J$3) -> iuh8
B94: =B91+1 -> 31 | C94: =_xlfn.CONCAT( IF(OR(C$3=4, C$3=8), _xlfn.XLOOKUP(($B94*2), 韻母表[序號], 韻母表[方音符號]), _xlfn.XLOOKUP($B94, 韻母表[韻序], 韻母表[方音符號]) ), _xlfn.XLOOKUP(C$3, 聲調符號表[調號], 聲調符號表[調符])) -> ㆥ | D94: =_xlfn.CONCAT( IF(OR(D$3=4, D$3=8), _xlfn.XLOOKUP(($B94*2), 韻母表[序號], 韻母表[方音符號]), _xlfn.XLOOKUP($B94, 韻母表[韻序], 韻母表[方音符號]) ), _xlfn.XLOOKUP(D$3, 聲調符號表[調號], 聲調符號表[調符])) -> ㆥˋ | E94: =_xlfn.CONCAT( IF(OR(E$3=4, E$3=8), _xlfn.XLOOKUP(($B94*2), 韻母表[序號], 韻母表[方音符號]), _xlfn.XLOOKUP($B94, 韻母表[韻序], 韻母表[方音符號]) ), _xlfn.XLOOKUP(E$3, 聲調符號表[調號], 聲調符號表[調符])) -> ㆥ˪ | F94: =_xlfn.CONCAT( IF(OR(F$3=4, F$3=8), _xlfn.XLOOKUP(($B94*2), 韻母表[序號], 韻母表[方音符號]), _xlfn.XLOOKUP($B94, 韻母表[韻序], 韻母表[方音符號]) ), _xlfn.XLOOKUP(F$3, 聲調符號表[調號], 聲調符號表[調符])) -> ㆥㆷ | G94: =_xlfn.CONCAT( IF(OR(G$3=4, G$3=8), _xlfn.XLOOKUP(($B94*2), 韻母表[序號], 韻母表[方音符號]), _xlfn.XLOOKUP($B94, 韻母表[韻序], 韻母表[方音符號]) ), _xlfn.XLOOKUP(G$3, 聲調符號表[調號], 聲調符號表[調符])) -> ㆥˊ | H94: =_xlfn.CONCAT( IF(OR(H$3=4, H$3=8), _xlfn.XLOOKUP(($B94*2), 韻母表[序號], 韻母表[方音符號]), _xlfn.XLOOKUP($B94, 韻母表[韻序], 韻母表[方音符號]) ), _xlfn.XLOOKUP(H$3, 聲調符號表[調號], 聲調符號表[調符])) -> ㆥˋ | I94: =_xlfn.CONCAT( IF(OR(I$3=4, I$3=8), _xlfn.XLOOKUP(($B94*2), 韻母表[序號], 韻母表[方音符號]), _xlfn.XLOOKUP($B94, 韻母表[韻序], 韻母表[方音符號]) ), _xlfn.XLOOKUP(I$3, 聲調符號表[調號], 聲調符號表[調符])) -> ㆥ˫ | J94: =_xlfn.CONCAT( IF(OR(J$3=4, J$3=8), _xlfn.XLOOKUP(($B94*2), 韻母表[序號], 韻母表[方音符號]), _xlfn.XLOOKUP($B94, 韻母表[韻序], 韻母表[方音符號]) ), _xlfn.XLOOKUP(J$3, 聲調符號表[調號], 聲調符號表[調符])) -> ㆥㆷ˙
B95: 4.6 | C95: {=INDEX(字母八音反切!$C$4:$J$53, $B94, C$3)} -> 更 | D95: {=INDEX(字母八音反切!$C$4:$J$53, $B94, D$3)} -> 耞 | E95: {=INDEX(字母八音反切!$C$4:$J$53, $B94, E$3)} -> 徑 | F95: {=INDEX(字母八音反切!$C$4:$J$53, $B94, F$3)} -> ○ | G95: {=INDEX(字母八音反切!$C$4:$J$53, $B94, G$3)} -> ○ | H95: {=INDEX(字母八音反切!$C$4:$J$53, $B94, H$3)} -> 耞 | I95: {=INDEX(字母八音反切!$C$4:$J$53, $B94, I$3)} -> ○ | J95: {=INDEX(字母八音反切!$C$4:$J$53, $B94, J$3)} -> ○
C96: =_xlfn.CONCAT( IF(OR(C$3=4, C$3=8), _xlfn.XLOOKUP(($B94*2), 韻母表[序號], 韻母表[台羅拼音]), _xlfn.XLOOKUP($B94, 韻母表[韻序], 韻母表[台羅拼音]) ), C$3) -> enn1 | D96: =_xlfn.CONCAT( IF(OR(D$3=4, D$3=8), _xlfn.XLOOKUP(($B94*2), 韻母表[序號], 韻母表[台羅拼音]), _xlfn.XLOOKUP($B94, 韻母表[韻序], 韻母表[台羅拼音]) ), D$3) -> enn2 | E96: =_xlfn.CONCAT( IF(OR(E$3=4, E$3=8), _xlfn.XLOOKUP(($B94*2), 韻母表[序號], 韻母表[台羅拼音]), _xlfn.XLOOKUP($B94, 韻母表[韻序], 韻母表[台羅拼音]) ), E$3) -> enn3 | F96: =_xlfn.CONCAT( IF(OR(F$3=4, F$3=8), _xlfn.XLOOKUP(($B94*2), 韻母表[序號], 韻母表[台羅拼音]), _xlfn.XLOOKUP($B94, 韻母表[韻序], 韻母表[台羅拼音]) ), F$3) -> ennh4 | G96: =_xlfn.CONCAT( IF(OR(G$3=4, G$3=8), _xlfn.XLOOKUP(($B94*2), 韻母表[序號], 韻母表[台羅拼音]), _xlfn.XLOOKUP($B94, 韻母表[韻序], 韻母表[台羅拼音]) ), G$3) -> enn5 | H96: =_xlfn.CONCAT( IF(OR(H$3=4, H$3=8), _xlfn.XLOOKUP(($B94*2), 韻母表[序號], 韻母表[台羅拼音]), _xlfn.XLOOKUP($B94, 韻母表[韻序], 韻母表[台羅拼音]) ), H$3) -> enn6 | I96: =_xlfn.CONCAT( IF(OR(I$3=4, I$3=8), _xlfn.XLOOKUP(($B94*2), 韻母表[序號], 韻母表[台羅拼音]), _xlfn.XLOOKUP($B94, 韻母表[韻序], 韻母表[台羅拼音]) ), I$3) -> enn7 | J96: =_xlfn.CONCAT( IF(OR(J$3=4, J$3=8), _xlfn.XLOOKUP(($B94*2), 韻母表[序號], 韻母表[台羅拼音]), _xlfn.XLOOKUP($B94, 韻母表[韻序], 韻母表[台羅拼音]) ), J$3) -> ennh8
B97: =B94+1 -> 32 | C97: =_xlfn.CONCAT( IF(OR(C$3=4, C$3=8), _xlfn.XLOOKUP(($B97*2), 韻母表[序號], 韻母表[方音符號]), _xlfn.XLOOKUP($B97, 韻母表[韻序], 韻母表[方音符號]) ), _xlfn.XLOOKUP(C$3, 聲調符號表[調號], 聲調符號表[調符])) -> ㄨㆪ | D97: =_xlfn.CONCAT( IF(OR(D$3=4, D$3=8), _xlfn.XLOOKUP(($B97*2), 韻母表[序號], 韻母表[方音符號]), _xlfn.XLOOKUP($B97, 韻母表[韻序], 韻母表[方音符號]) ), _xlfn.XLOOKUP(D$3, 聲調符號表[調號], 聲調符號表[調符])) -> ㄨㆪˋ | E97: =_xlfn.CONCAT( IF(OR(E$3=4, E$3=8), _xlfn.XLOOKUP(($B97*2), 韻母表[序號], 韻母表[方音符號]), _xlfn.XLOOKUP($B97, 韻母表[韻序], 韻母表[方音符號]) ), _xlfn.XLOOKUP(E$3, 聲調符號表[調號], 聲調符號表[調符])) -> ㄨㆪ˪ | F97: =_xlfn.CONCAT( IF(OR(F$3=4, F$3=8), _xlfn.XLOOKUP(($B97*2), 韻母表[序號], 韻母表[方音符號]), _xlfn.XLOOKUP($B97, 韻母表[韻序], 韻母表[方音符號]) ), _xlfn.XLOOKUP(F$3, 聲調符號表[調號], 聲調符號表[調符])) -> ㄨㆪㆷ | G97: =_xlfn.CONCAT( IF(OR(G$3=4, G$3=8), _xlfn.XLOOKUP(($B97*2), 韻母表[序號], 韻母表[方音符號]), _xlfn.XLOOKUP($B97, 韻母表[韻序], 韻母表[方音符號]) ), _xlfn.XLOOKUP(G$3, 聲調符號表[調號], 聲調符號表[調符])) -> ㄨㆪˊ | H97: =_xlfn.CONCAT( IF(OR(H$3=4, H$3=8), _xlfn.XLOOKUP(($B97*2), 韻母表[序號], 韻母表[方音符號]), _xlfn.XLOOKUP($B97, 韻母表[韻序], 韻母表[方音符號]) ), _xlfn.XLOOKUP(H$3, 聲調符號表[調號], 聲調符號表[調符])) -> ㄨㆪˋ | I97: =_xlfn.CONCAT( IF(OR(I$3=4, I$3=8), _xlfn.XLOOKUP(($B97*2), 韻母表[序號], 韻母表[方音符號]), _xlfn.XLOOKUP($B97, 韻母表[韻序], 韻母表[方音符號]) ), _xlfn.XLOOKUP(I$3, 聲調符號表[調號], 聲調符號表[調符])) -> ㄨㆪ˫ | J97: =_xlfn.CONCAT( IF(OR(J$3=4, J$3=8), _xlfn.XLOOKUP(($B97*2), 韻母表[序號], 韻母表[方音符號]), _xlfn.XLOOKUP($B97, 韻母表[韻序], 韻母表[方音符號]) ), _xlfn.XLOOKUP(J$3, 聲調符號表[調號], 聲調符號表[調符])) -> ㄨㆪㆷ˙
B98: 4.6 | C98: {=INDEX(字母八音反切!$C$4:$J$53, $B97, C$3)} -> 褌 | D98: {=INDEX(字母八音反切!$C$4:$J$53, $B97, D$3)} -> 捲 | E98: {=INDEX(字母八音反切!$C$4:$J$53, $B97, E$3)} -> 卷 | F98: {=INDEX(字母八音反切!$C$4:$J$53, $B97, F$3)} -> ○ | G98: {=INDEX(字母八音反切!$C$4:$J$53, $B97, G$3)} -> ○ | H98: {=INDEX(字母八音反切!$C$4:$J$53, $B97, H$3)} -> 捲 | I98: {=INDEX(字母八音反切!$C$4:$J$53, $B97, I$3)} -> ○ | J98: {=INDEX(字母八音反切!$C$4:$J$53, $B97, J$3)} -> ○
C99: =_xlfn.CONCAT( IF(OR(C$3=4, C$3=8), _xlfn.XLOOKUP(($B97*2), 韻母表[序號], 韻母表[台羅拼音]), _xlfn.XLOOKUP($B97, 韻母表[韻序], 韻母表[台羅拼音]) ), C$3) -> uinn1 | D99: =_xlfn.CONCAT( IF(OR(D$3=4, D$3=8), _xlfn.XLOOKUP(($B97*2), 韻母表[序號], 韻母表[台羅拼音]), _xlfn.XLOOKUP($B97, 韻母表[韻序], 韻母表[台羅拼音]) ), D$3) -> uinn2 | E99: =_xlfn.CONCAT( IF(OR(E$3=4, E$3=8), _xlfn.XLOOKUP(($B97*2), 韻母表[序號], 韻母表[台羅拼音]), _xlfn.XLOOKUP($B97, 韻母表[韻序], 韻母表[台羅拼音]) ), E$3) -> uinn3 | F99: =_xlfn.CONCAT( IF(OR(F$3=4, F$3=8), _xlfn.XLOOKUP(($B97*2), 韻母表[序號], 韻母表[台羅拼音]), _xlfn.XLOOKUP($B97, 韻母表[韻序], 韻母表[台羅拼音]) ), F$3) -> uinnh4 | G99: =_xlfn.CONCAT( IF(OR(G$3=4, G$3=8), _xlfn.XLOOKUP(($B97*2), 韻母表[序號], 韻母表[台羅拼音]), _xlfn.XLOOKUP($B97, 韻母表[韻序], 韻母表[台羅拼音]) ), G$3) -> uinn5 | H99: =_xlfn.CONCAT( IF(OR(H$3=4, H$3=8), _xlfn.XLOOKUP(($B97*2), 韻母表[序號], 韻母表[台羅拼音]), _xlfn.XLOOKUP($B97, 韻母表[韻序], 韻母表[台羅拼音]) ), H$3) -> uinn6 | I99: =_xlfn.CONCAT( IF(OR(I$3=4, I$3=8), _xlfn.XLOOKUP(($B97*2), 韻母表[序號], 韻母表[台羅拼音]), _xlfn.XLOOKUP($B97, 韻母表[韻序], 韻母表[台羅拼音]) ), I$3) -> uinn7 | J99: =_xlfn.CONCAT( IF(OR(J$3=4, J$3=8), _xlfn.XLOOKUP(($B97*2), 韻母表[序號], 韻母表[台羅拼音]), _xlfn.XLOOKUP($B97, 韻母表[韻序], 韻母表[台羅拼音]) ), J$3) -> uinnh8
B100: =B97+1 -> 33 | C100: =_xlfn.CONCAT( IF(OR(C$3=4, C$3=8), _xlfn.XLOOKUP(($B100*2), 韻母表[序號], 韻母表[方音符號]), _xlfn.XLOOKUP($B100, 韻母表[韻序], 韻母表[方音符號]) ), _xlfn.XLOOKUP(C$3, 聲調符號表[調號], 聲調符號表[調符])) -> ㄧㄜ | D100: =_xlfn.CONCAT( IF(OR(D$3=4, D$3=8), _xlfn.XLOOKUP(($B100*2), 韻母表[序號], 韻母表[方音符號]), _xlfn.XLOOKUP($B100, 韻母表[韻序], 韻母表[方音符號]) ), _xlfn.XLOOKUP(D$3, 聲調符號表[調號], 聲調符號表[調符])) -> ㄧㄜˋ | E100: =_xlfn.CONCAT( IF(OR(E$3=4, E$3=8), _xlfn.XLOOKUP(($B100*2), 韻母表[序號], 韻母表[方音符號]), _xlfn.XLOOKUP($B100, 韻母表[韻序], 韻母表[方音符號]) ), _xlfn.XLOOKUP(E$3, 聲調符號表[調號], 聲調符號表[調符])) -> ㄧㄜ˪ | F100: =_xlfn.CONCAT( IF(OR(F$3=4, F$3=8), _xlfn.XLOOKUP(($B100*2), 韻母表[序號], 韻母表[方音符號]), _xlfn.XLOOKUP($B100, 韻母表[韻序], 韻母表[方音符號]) ), _xlfn.XLOOKUP(F$3, 聲調符號表[調號], 聲調符號表[調符])) -> ㄧㄜㆷ | G100: =_xlfn.CONCAT( IF(OR(G$3=4, G$3=8), _xlfn.XLOOKUP(($B100*2), 韻母表[序號], 韻母表[方音符號]), _xlfn.XLOOKUP($B100, 韻母表[韻序], 韻母表[方音符號]) ), _xlfn.XLOOKUP(G$3, 聲調符號表[調號], 聲調符號表[調符])) -> ㄧㄜˊ | H100: =_xlfn.CONCAT( IF(OR(H$3=4, H$3=8), _xlfn.XLOOKUP(($B100*2), 韻母表[序號], 韻母表[方音符號]), _xlfn.XLOOKUP($B100, 韻母表[韻序], 韻母表[方音符號]) ), _xlfn.XLOOKUP(H$3, 聲調符號表[調號], 聲調符號表[調符])) -> ㄧㄜˋ | I100: =_xlfn.CONCAT( IF(OR(I$3=4, I$3=8), _xlfn.XLOOKUP(($B100*2), 韻母表[序號], 韻母表[方音符號]), _xlfn.XLOOKUP($B100, 韻母表[韻序], 韻母表[方音符號]) ), _xlfn.XLOOKUP(I$3, 聲調符號表[調號], 聲調符號表[調符])) -> ㄧㄜ˫ | J100: =_xlfn.CONCAT( IF(OR(J$3=4, J$3=8), _xlfn.XLOOKUP(($B100*2), 韻母表[序號], 韻母表[方音符號]), _xlfn.XLOOKUP($B100, 韻母表[韻序], 韻母表[方音符號]) ), _xlfn.XLOOKUP(J$3, 聲調符號表[調號], 聲調符號表[調符])) -> ㄧㄜㆷ˙
B101: 4.6 | C101: {=INDEX(字母八音反切!$C$4:$J$53, $B100, C$3)} -> 茄 | D101: {=INDEX(字母八音反切!$C$4:$J$53, $B100, D$3)} -> ○ | E101: {=INDEX(字母八音反切!$C$4:$J$53, $B100, E$3)} -> 呌 | F101: {=INDEX(字母八音反切!$C$4:$J$53, $B100, F$3)} -> 腳 | G101: {=INDEX(字母八音反切!$C$4:$J$53, $B100, G$3)} -> 茄 | H101: {=INDEX(字母八音反切!$C$4:$J$53, $B100, H$3)} -> ○ | I101: {=INDEX(字母八音反切!$C$4:$J$53, $B100, I$3)} -> 轎 | J101: {=INDEX(字母八音反切!$C$4:$J$53, $B100, J$3)} -> ○
...

Sheet 50字母清單
B2: 1 | C2: =B2+1 -> 2 | D2: =C2+1 -> 3 | E2: =D2+1 -> 4 | F2: =E2+1 -> 5
B3: =_xlfn.CONCAT( _xlfn.XLOOKUP(OFFSET(B3,-1,0), 韻母表[韻序], 韻母表[方音符號]), " / ", _xlfn.XLOOKUP((OFFSET(B3,-1,0)*2), 韻母表[序號], 韻母表[方音符號]) ) -> ㄨㄣ / ㄨㆵ | C3: =_xlfn.CONCAT( _xlfn.XLOOKUP(OFFSET(C3,-1,0), 韻母表[韻序], 韻母表[方音符號]), " / ", _xlfn.XLOOKUP((OFFSET(C3,-1,0)*2), 韻母表[序號], 韻母表[方音符號]) ) -> ㄧㄢ / ㄧㄚㆵ | D3: =_xlfn.CONCAT( _xlfn.XLOOKUP(OFFSET(D3,-1,0), 韻母表[韻序], 韻母表[方音符號]), " / ", _xlfn.XLOOKUP((OFFSET(D3,-1,0)*2), 韻母表[序號], 韻母表[方音符號]) ) -> ㄧㆬ / 一ㆴ | E3: =_xlfn.CONCAT( _xlfn.XLOOKUP(OFFSET(E3,-1,0), 韻母表[韻序], 韻母表[方音符號]), " / ", _xlfn.XLOOKUP((OFFSET(E3,-1,0)*2), 韻母表[序號], 韻母表[方音符號]) ) -> ㄨㄧ / ㄨㄧㆷ | F3: =_xlfn.CONCAT( _xlfn.XLOOKUP(OFFSET(F3,-1,0), 韻母表[韻序], 韻母表[方音符號]), " / ", _xlfn.XLOOKUP((OFFSET(F3,-1,0)*2), 韻母表[序號], 韻母表[方音符號]) ) -> ㄝ / ㄝㆷ
B4: {=_xlfn.XLOOKUP(OFFSET(B4,-2,0), 韻母表[韻序], LEFT(韻母表[十五音],1))} -> 君 | C4: {=_xlfn.XLOOKUP(OFFSET(C4,-2,0), 韻母表[韻序], LEFT(韻母表[十五音],1))} -> 堅 | D4: {=_xlfn.XLOOKUP(OFFSET(D4,-2,0), 韻母表[韻序], LEFT(韻母表[十五音],1))} -> 金 | E4: {=_xlfn.XLOOKUP(OFFSET(E4,-2,0), 韻母表[韻序], LEFT(韻母表[十五音],1))} -> 規 | F4: {=_xlfn.XLOOKUP(OFFSET(F4,-2,0), 韻母表[韻序], LEFT(韻母表[十五音],1))} -> 嘉
B5: =_xlfn.CONCAT( _xlfn.XLOOKUP(OFFSET(B5,-3,0), 韻母表[韻序], 韻母表[台羅拼音]), " / ", _xlfn.XLOOKUP((OFFSET(B5,-3,0)*2), 韻母表[序號], 韻母表[台羅拼音]) ) -> un / ut | C5: =_xlfn.CONCAT( _xlfn.XLOOKUP(OFFSET(C5,-3,0), 韻母表[韻序], 韻母表[台羅拼音]), " / ", _xlfn.XLOOKUP((OFFSET(C5,-3,0)*2), 韻母表[序號], 韻母表[台羅拼音]) ) -> ian / iat | D5: =_xlfn.CONCAT( _xlfn.XLOOKUP(OFFSET(D5,-3,0), 韻母表[韻序], 韻母表[台羅拼音]), " / ", _xlfn.XLOOKUP((OFFSET(D5,-3,0)*2), 韻母表[序號], 韻母表[台羅拼音]) ) -> im / ip | E5: =_xlfn.CONCAT( _xlfn.XLOOKUP(OFFSET(E5,-3,0), 韻母表[韻序], 韻母表[台羅拼音]), " / ", _xlfn.XLOOKUP((OFFSET(E5,-3,0)*2), 韻母表[序號], 韻母表[台羅拼音]) ) -> ui / ui | F5: =_xlfn.CONCAT( _xlfn.XLOOKUP(OFFSET(F5,-3,0), 韻母表[韻序], 韻母表[台羅拼音]), " / ", _xlfn.XLOOKUP((OFFSET(F5,-3,0)*2), 韻母表[序號], 韻母表[台羅拼音]) ) -> ee / eeh
B7: =B2+5 -> 6 | C7: =B7+1 -> 7 | D7: =C7+1 -> 8 | E7: =D7+1 -> 9 | F7: =E7+1 -> 10
B8: =_xlfn.CONCAT( _xlfn.XLOOKUP(OFFSET(B8,-1,0), 韻母表[韻序], 韻母表[方音符號]), " / ", _xlfn.XLOOKUP((OFFSET(B8,-1,0)*2), 韻母表[序號], 韻母表[方音符號]) ) -> ㄢ / ㄚㆵ | C8: =_xlfn.CONCAT( _xlfn.XLOOKUP(OFFSET(C8,-1,0), 韻母表[韻序], 韻母表[方音符號]), " / ", _xlfn.XLOOKUP((OFFSET(C8,-1,0)*2), 韻母表[序號], 韻母表[方音符號]) ) -> ㆲ / ㆦㆻ | D8: =_xlfn.CONCAT( _xlfn.XLOOKUP(OFFSET(D8,-1,0), 韻母表[韻序], 韻母表[方音符號]), " / ", _xlfn.XLOOKUP((OFFSET(D8,-1,0)*2), 韻母表[序號], 韻母表[方音符號]) ) -> ㄨㄞ / ㄨㄞㆷ | E8: =_xlfn.CONCAT( _xlfn.XLOOKUP(OFFSET(E8,-1,0), 韻母表[韻序], 韻母表[方音符號]), " / ", _xlfn.XLOOKUP((OFFSET(E8,-1,0)*2), 韻母表[序號], 韻母表[方音符號]) ) -> ㄧㄥ / ㄧㆻ | F8: =_xlfn.CONCAT( _xlfn.XLOOKUP(OFFSET(F8,-1,0), 韻母表[韻序], 韻母表[方音符號]), " / ", _xlfn.XLOOKUP((OFFSET(F8,-1,0)*2), 韻母表[序號], 韻母表[方音符號]) ) -> ㄨㄢ / ㄨㄚㆵ
B9: {=_xlfn.XLOOKUP(OFFSET(B9,-2,0), 韻母表[韻序], LEFT(韻母表[十五音],1))} -> 干 | C9: {=_xlfn.XLOOKUP(OFFSET(C9,-2,0), 韻母表[韻序], LEFT(韻母表[十五音],1))} -> 公 | D9: {=_xlfn.XLOOKUP(OFFSET(D9,-2,0), 韻母表[韻序], LEFT(韻母表[十五音],1))} -> 乖 | E9: {=_xlfn.XLOOKUP(OFFSET(E9,-2,0), 韻母表[韻序], LEFT(韻母表[十五音],1))} -> 經 | F9: {=_xlfn.XLOOKUP(OFFSET(F9,-2,0), 韻母表[韻序], LEFT(韻母表[十五音],1))} -> 觀
B10: =_xlfn.CONCAT( _xlfn.XLOOKUP(OFFSET(B10,-3,0), 韻母表[韻序], 韻母表[台羅拼音]), " / ", _xlfn.XLOOKUP((OFFSET(B10,-3,0)*2), 韻母表[序號], 韻母表[台羅拼音]) ) -> an / at | C10: =_xlfn.CONCAT( _xlfn.XLOOKUP(OFFSET(C10,-3,0), 韻母表[韻序], 韻母表[台羅拼音]), " / ", _xlfn.XLOOKUP((OFFSET(C10,-3,0)*2), 韻母表[序號], 韻母表[台羅拼音]) ) -> ong / ok | D10: =_xlfn.CONCAT( _xlfn.XLOOKUP(OFFSET(D10,-3,0), 韻母表[韻序], 韻母表[台羅拼音]), " / ", _xlfn.XLOOKUP((OFFSET(D10,-3,0)*2), 韻母表[序號], 韻母表[台羅拼音]) ) -> uai / uaih | E10: =_xlfn.CONCAT( _xlfn.XLOOKUP(OFFSET(E10,-3,0), 韻母表[韻序], 韻母表[台羅拼音]), " / ", _xlfn.XLOOKUP((OFFSET(E10,-3,0)*2), 韻母表[序號], 韻母表[台羅拼音]) ) -> ing / ik | F10: =_xlfn.CONCAT( _xlfn.XLOOKUP(OFFSET(F10,-3,0), 韻母表[韻序], 韻母表[台羅拼音]), " / ", _xlfn.XLOOKUP((OFFSET(F10,-3,0)*2), 韻母表[序號], 韻母表[台羅拼音]) ) -> uan / uat
B12: =B7+5 -> 11 | C12: =B12+1 -> 12 | D12: =C12+1 -> 13 | E12: =D12+1 -> 14 | F12: =E12+1 -> 15
B13: =_xlfn.CONCAT( _xlfn.XLOOKUP(OFFSET(B13,-1,0), 韻母表[韻序], 韻母表[方音符號]), " / ", _xlfn.XLOOKUP((OFFSET(B13,-1,0)*2), 韻母表[序號], 韻母表[方音符號]) ) -> ㆦ / ㆦㆷ | C13: =_xlfn.CONCAT( _xlfn.XLOOKUP(OFFSET(C13,-1,0), 韻母表[韻序], 韻母表[方音符號]), " / ", _xlfn.XLOOKUP((OFFSET(C13,-1,0)*2), 韻母表[序號], 韻母表[方音符號]) ) -> ㄧㄠ / ㄧㄠㆷ | D13: =_xlfn.CONCAT( _xlfn.XLOOKUP(OFFSET(D13,-1,0), 韻母表[韻序], 韻母表[方音符號]), " / ", _xlfn.XLOOKUP((OFFSET(D13,-1,0)*2), 韻母表[序號], 韻母表[方音符號]) ) -> ㆤ / ㆤㆷ | E13: =_xlfn.CONCAT( _xlfn.XLOOKUP(OFFSET(E13,-1,0), 韻母表[韻序], 韻母表[方音符號]), " / ", _xlfn.XLOOKUP((OFFSET(E13,-1,0)*2), 韻母表[序號], 韻母表[方音符號]) ) -> ㄧㆲ / ㄧㆦㆻ | F13: =_xlfn.CONCAT( _xlfn.XLOOKUP(OFFSET(F13,-1,0), 韻母表[韻序], 韻母表[方音符號]), " / ", _xlfn.XLOOKUP((OFFSET(F13,-1,0)*2), 韻母表[序號], 韻母表[方音符號]) ) -> ㄜ / ㄜㆷ
B14: {=_xlfn.XLOOKUP(OFFSET(B14,-2,0), 韻母表[韻序], LEFT(韻母表[十五音],1))} -> 沽 | C14: {=_xlfn.XLOOKUP(OFFSET(C14,-2,0), 韻母表[韻序], LEFT(韻母表[十五音],1))} -> 嬌 | D14: {=_xlfn.XLOOKUP(OFFSET(D14,-2,0), 韻母表[韻序], LEFT(韻母表[十五音],1))} -> 稽 | E14: {=_xlfn.XLOOKUP(OFFSET(E14,-2,0), 韻母表[韻序], LEFT(韻母表[十五音],1))} -> 恭 | F14: {=_xlfn.XLOOKUP(OFFSET(F14,-2,0), 韻母表[韻序], LEFT(韻母表[十五音],1))} -> 高
B15: =_xlfn.CONCAT( _xlfn.XLOOKUP(OFFSET(B15,-3,0), 韻母表[韻序], 韻母表[台羅拼音]), " / ", _xlfn.XLOOKUP((OFFSET(B15,-3,0)*2), 韻母表[序號], 韻母表[台羅拼音]) ) -> oo / ooh | C15: =_xlfn.CONCAT( _xlfn.XLOOKUP(OFFSET(C15,-3,0), 韻母表[韻序], 韻母表[台羅拼音]), " / ", _xlfn.XLOOKUP((OFFSET(C15,-3,0)*2), 韻母表[序號], 韻母表[台羅拼音]) ) -> iau / iauh | D15: =_xlfn.CONCAT( _xlfn.XLOOKUP(OFFSET(D15,-3,0), 韻母表[韻序], 韻母表[台羅拼音]), " / ", _xlfn.XLOOKUP((OFFSET(D15,-3,0)*2), 韻母表[序號], 韻母表[台羅拼音]) ) -> e / eh | E15: =_xlfn.CONCAT( _xlfn.XLOOKUP(OFFSET(E15,-3,0), 韻母表[韻序], 韻母表[台羅拼音]), " / ", _xlfn.XLOOKUP((OFFSET(E15,-3,0)*2), 韻母表[序號], 韻母表[台羅拼音]) ) -> iong / iok | F15: =_xlfn.CONCAT( _xlfn.XLOOKUP(OFFSET(F15,-3,0), 韻母表[韻序], 韻母表[台羅拼音]), " / ", _xlfn.XLOOKUP((OFFSET(F15,-3,0)*2), 韻母表[序號], 韻母表[台羅拼音]) ) -> o / oh
B17: =B12+5 -> 16 | C17: =B17+1 -> 17 | D17: =C17+1 -> 18 | E17: =D17+1 -> 19 | F17: =E17+1 -> 20
B18: =_xlfn.CONCAT( _xlfn.XLOOKUP(OFFSET(B18,-1,0), 韻母表[韻序], 韻母表[方音符號]), " / ", _xlfn.XLOOKUP((OFFSET(B18,-1,0)*2), 韻母表[序號], 韻母表[方音符號]) ) -> ㄞ / ㄞㆷ | C18: =_xlfn.CONCAT( _xlfn.XLOOKUP(OFFSET(C18,-1,0), 韻母表[韻序], 韻母表[方音符號]), " / ", _xlfn.XLOOKUP((OFFSET(C18,-1,0)*2), 韻母表[序號], 韻母表[方音符號]) ) -> ㄧㄣ / ㄧㆵ | D18: =_xlfn.CONCAT( _xlfn.XLOOKUP(OFFSET(D18,-1,0), 韻母表[韻序], 韻母表[方音符號]), " / ", _xlfn.XLOOKUP((OFFSET(D18,-1,0)*2), 韻母表[序號], 韻母表[方音符號]) ) -> ㄧㄤ / ㄧㄚㆻ | E18: =_xlfn.CONCAT( _xlfn.XLOOKUP(OFFSET(E18,-1,0), 韻母表[韻序], 韻母表[方音符號]), " / ", _xlfn.XLOOKUP((OFFSET(E18,-1,0)*2), 韻母表[序號], 韻母表[方音符號]) ) -> ㆰ / ㄚㆴ | F18: =_xlfn.CONCAT( _xlfn.XLOOKUP(OFFSET(F18,-1,0), 韻母表[韻序], 韻母表[方音符號]), " / ", _xlfn.XLOOKUP((OFFSET(F18,-1,0)*2), 韻母表[序號], 韻母表[方音符號]) ) -> ㄨㄚ / ㄨㄚㆷ
B19: {=_xlfn.XLOOKUP(OFFSET(B19,-2,0), 韻母表[韻序], LEFT(韻母表[十五音],1))} -> 皆 | C19: {=_xlfn.XLOOKUP(OFFSET(C19,-2,0), 韻母表[韻序], LEFT(韻母表[十五音],1))} -> 巾 | D19: {=_xlfn.XLOOKUP(OFFSET(D19,-2,0), 韻母表[韻序], LEFT(韻母表[十五音],1))} -> 姜 | E19: {=_xlfn.XLOOKUP(OFFSET(E19,-2,0), 韻母表[韻序], LEFT(韻母表[十五音],1))} -> 甘 | F19: {=_xlfn.XLOOKUP(OFFSET(F19,-2,0), 韻母表[韻序], LEFT(韻母表[十五音],1))} -> 瓜
B20: =_xlfn.CONCAT( _xlfn.XLOOKUP(OFFSET(B20,-3,0), 韻母表[韻序], 韻母表[台羅拼音]), " / ", _xlfn.XLOOKUP((OFFSET(B20,-3,0)*2), 韻母表[序號], 韻母表[台羅拼音]) ) -> ai / aih | C20: =_xlfn.CONCAT( _xlfn.XLOOKUP(OFFSET(C20,-3,0), 韻母表[韻序], 韻母表[台羅拼音]), " / ", _xlfn.XLOOKUP((OFFSET(C20,-3,0)*2), 韻母表[序號], 韻母表[台羅拼音]) ) -> in / it | D20: =_xlfn.CONCAT( _xlfn.XLOOKUP(OFFSET(D20,-3,0), 韻母表[韻序], 韻母表[台羅拼音]), " / ", _xlfn.XLOOKUP((OFFSET(D20,-3,0)*2), 韻母表[序號], 韻母表[台羅拼音]) ) -> iang / iak | E20: =_xlfn.CONCAT( _xlfn.XLOOKUP(OFFSET(E20,-3,0), 韻母表[韻序], 韻母表[台羅拼音]), " / ", _xlfn.XLOOKUP((OFFSET(E20,-3,0)*2), 韻母表[序號], 韻母表[台羅拼音]) ) -> am / ap | F20: =_xlfn.CONCAT( _xlfn.XLOOKUP(OFFSET(F20,-3,0), 韻母表[韻序], 韻母表[台羅拼音]), " / ", _xlfn.XLOOKUP((OFFSET(F20,-3,0)*2), 韻母表[序號], 韻母表[台羅拼音]) ) -> ua / uah
B22: =B17+5 -> 21 | C22: =B22+1 -> 22 | D22: =C22+1 -> 23 | E22: =D22+1 -> 24 | F22: =E22+1 -> 25
B23: =_xlfn.CONCAT( _xlfn.XLOOKUP(OFFSET(B23,-1,0), 韻母表[韻序], 韻母表[方音符號]), " / ", _xlfn.XLOOKUP((OFFSET(B23,-1,0)*2), 韻母表[序號], 韻母表[方音符號]) ) -> ㄤ / ㄚㆻ | C23: =_xlfn.CONCAT( _xlfn.XLOOKUP(OFFSET(C23,-1,0), 韻母表[韻序], 韻母表[方音符號]), " / ", _xlfn.XLOOKUP((OFFSET(C23,-1,0)*2), 韻母表[序號], 韻母表[方音符號]) ) -> ㄧㆰ / ㄧㄚㆴ | D23: =_xlfn.CONCAT( _xlfn.XLOOKUP(OFFSET(D23,-1,0), 韻母表[韻序], 韻母表[方音符號]), " / ", _xlfn.XLOOKUP((OFFSET(D23,-1,0)*2), 韻母表[序號], 韻母表[方音符號]) ) -> ㄠ / ㄠㆷ | E23: =_xlfn.CONCAT( _xlfn.XLOOKUP(OFFSET(E23,-1,0), 韻母表[韻序], 韻母表[方音符號]), " / ", _xlfn.XLOOKUP((OFFSET(E23,-1,0)*2), 韻母表[序號], 韻母表[方音符號]) ) -> ㄧㄚ / ㄧㄚㆷ | F23: =_xlfn.CONCAT( _xlfn.XLOOKUP(OFFSET(F23,-1,0), 韻母表[韻序], 韻母表[方音符號]), " / ", _xlfn.XLOOKUP((OFFSET(F23,-1,0)*2), 韻母表[序號], 韻母表[方音符號]) ) -> ㄨㆤ / ㄨㆤㆷ
B24: {=_xlfn.XLOOKUP(OFFSET(B24,-2,0), 韻母表[韻序], LEFT(韻母表[十五音],1))} -> 江 | C24: {=_xlfn.XLOOKUP(OFFSET(C24,-2,0), 韻母表[韻序], LEFT(韻母表[十五音],1))} -> 兼 | D24: {=_xlfn.XLOOKUP(OFFSET(D24,-2,0), 韻母表[韻序], LEFT(韻母表[十五音],1))} -> 交 | E24: {=_xlfn.XLOOKUP(OFFSET(E24,-2,0), 韻母表[韻序], LEFT(韻母表[十五音],1))} -> 迦 | F24: {=_xlfn.XLOOKUP(OFFSET(F24,-2,0), 韻母表[韻序], LEFT(韻母表[十五音],1))} -> 檜
B25: =_xlfn.CONCAT( _xlfn.XLOOKUP(OFFSET(B25,-3,0), 韻母表[韻序], 韻母表[台羅拼音]), " / ", _xlfn.XLOOKUP((OFFSET(B25,-3,0)*2), 韻母表[序號], 韻母表[台羅拼音]) ) -> ang / ak | C25: =_xlfn.CONCAT( _xlfn.XLOOKUP(OFFSET(C25,-3,0), 韻母表[韻序], 韻母表[台羅拼音]), " / ", _xlfn.XLOOKUP((OFFSET(C25,-3,0)*2), 韻母表[序號], 韻母表[台羅拼音]) ) -> iam / iap | D25: =_xlfn.CONCAT( _xlfn.XLOOKUP(OFFSET(D25,-3,0), 韻母表[韻序], 韻母表[台羅拼音]), " / ", _xlfn.XLOOKUP((OFFSET(D25,-3,0)*2), 韻母表[序號], 韻母表[台羅拼音]) ) -> au / auh | E25: =_xlfn.CONCAT( _xlfn.XLOOKUP(OFFSET(E25,-3,0), 韻母表[韻序], 韻母表[台羅拼音]), " / ", _xlfn.XLOOKUP((OFFSET(E25,-3,0)*2), 韻母表[序號], 韻母表[台羅拼音]) ) -> ia / iah | F25: =_xlfn.CONCAT( _xlfn.XLOOKUP(OFFSET(F25,-3,0), 韻母表[韻序], 韻母表[台羅拼音]), " / ", _xlfn.XLOOKUP((OFFSET(F25,-3,0)*2), 韻母表[序號], 韻母表[台羅拼音]) ) -> ue / ueh
B27: =B22+5 -> 26 | C27: =B27+1 -> 27 | D27: =C27+1 -> 28 | E27: =D27+1 -> 29 | F27: =E27+1 -> 30
B28: =_xlfn.CONCAT( _xlfn.XLOOKUP(OFFSET(B28,-1,0), 韻母表[韻序], 韻母表[方音符號]), " / ", _xlfn.XLOOKUP((OFFSET(B28,-1,0)*2), 韻母表[序號], 韻母表[方音符號]) ) -> ㆩ / ㆩㆷ | C28: =_xlfn.CONCAT( _xlfn.XLOOKUP(OFFSET(C28,-1,0), 韻母表[韻序], 韻母表[方音符號]), " / ", _xlfn.XLOOKUP((OFFSET(C28,-1,0)*2), 韻母表[序號], 韻母表[方音符號]) ) -> ㄨ / ㄨㆷ | D28: =_xlfn.CONCAT( _xlfn.XLOOKUP(OFFSET(D28,-1,0), 韻母表[韻序], 韻母表[方音符號]), " / ", _xlfn.XLOOKUP((OFFSET(D28,-1,0)*2), 韻母表[序號], 韻母表[方音符號]) ) -> ㄚ / ㄚㆷ | E28: =_xlfn.CONCAT( _xlfn.XLOOKUP(OFFSET(E28,-1,0), 韻母表[韻序], 韻母表[方音符號]), " / ", _xlfn.XLOOKUP((OFFSET(E28,-1,0)*2), 韻母表[序號], 韻母表[方音符號]) ) -> ㄧ / ㄧㆷ | F28: =_xlfn.CONCAT( _xlfn.XLOOKUP(OFFSET(F28,-1,0), 韻母表[韻序], 韻母表[方音符號]), " / ", _xlfn.XLOOKUP((OFFSET(F28,-1,0)*2), 韻母表[序號], 韻母表[方音符號]) ) -> ㄧㄨ / ㄧㄨㆷ
B29: {=_xlfn.XLOOKUP(OFFSET(B29,-2,0), 韻母表[韻序], LEFT(韻母表[十五音],1))} -> 監 | C29: {=_xlfn.XLOOKUP(OFFSET(C29,-2,0), 韻母表[韻序], LEFT(韻母表[十五音],1))} -> 艍 | D29: {=_xlfn.XLOOKUP(OFFSET(D29,-2,0), 韻母表[韻序], LEFT(韻母表[十五音],1))} -> 膠 | E29: {=_xlfn.XLOOKUP(OFFSET(E29,-2,0), 韻母表[韻序], LEFT(韻母表[十五音],1))} -> 居 | F29: {=_xlfn.XLOOKUP(OFFSET(F29,-2,0), 韻母表[韻序], LEFT(韻母表[十五音],1))} -> 丩
B30: =_xlfn.CONCAT( _xlfn.XLOOKUP(OFFSET(B30,-3,0), 韻母表[韻序], 韻母表[台羅拼音]), " / ", _xlfn.XLOOKUP((OFFSET(B30,-3,0)*2), 韻母表[序號], 韻母表[台羅拼音]) ) -> ann / annh | C30: =_xlfn.CONCAT( _xlfn.XLOOKUP(OFFSET(C30,-3,0), 韻母表[韻序], 韻母表[台羅拼音]), " / ", _xlfn.XLOOKUP((OFFSET(C30,-3,0)*2), 韻母表[序號], 韻母表[台羅拼音]) ) -> u / uh | D30: =_xlfn.CONCAT( _xlfn.XLOOKUP(OFFSET(D30,-3,0), 韻母表[韻序], 韻母表[台羅拼音]), " / ", _xlfn.XLOOKUP((OFFSET(D30,-3,0)*2), 韻母表[序號], 韻母表[台羅拼音]) ) -> a / ah | E30: =_xlfn.CONCAT( _xlfn.XLOOKUP(OFFSET(E30,-3,0), 韻母表[韻序], 韻母表[台羅拼音]), " / ", _xlfn.XLOOKUP((OFFSET(E30,-3,0)*2), 韻母表[序號], 韻母表[台羅拼音]) ) -> i / ih | F30: =_xlfn.CONCAT( _xlfn.XLOOKUP(OFFSET(F30,-3,0), 韻母表[韻序], 韻母表[台羅拼音]), " / ", _xlfn.XLOOKUP((OFFSET(F30,-3,0)*2), 韻母表[序號], 韻母表[台羅拼音]) ) -> iu / iuh
B32: =B27+5 -> 31 | C32: =B32+1 -> 32 | D32: =C32+1 -> 33 | E32: =D32+1 -> 34 | F32: =E32+1 -> 35
B33: =_xlfn.CONCAT( _xlfn.XLOOKUP(OFFSET(B33,-1,0), 韻母表[韻序], 韻母表[方音符號]), " / ", _xlfn.XLOOKUP((OFFSET(B33,-1,0)*2), 韻母表[序號], 韻母表[方音符號]) ) -> ㆥ / ㆥㆷ | C33: =_xlfn.CONCAT( _xlfn.XLOOKUP(OFFSET(C33,-1,0), 韻母表[韻序], 韻母表[方音符號]), " / ", _xlfn.XLOOKUP((OFFSET(C33,-1,0)*2), 韻母表[序號], 韻母表[方音符號]) ) -> ㄨㆪ / ㄨㆪㆷ | D33: =_xlfn.CONCAT( _xlfn.XLOOKUP(OFFSET(D33,-1,0), 韻母表[韻序], 韻母表[方音符號]), " / ", _xlfn.XLOOKUP((OFFSET(D33,-1,0)*2), 韻母表[序號], 韻母表[方音符號]) ) -> ㄧㄜ / ㄧㄜㆷ | E33: =_xlfn.CONCAT( _xlfn.XLOOKUP(OFFSET(E33,-1,0), 韻母表[韻序], 韻母表[方音符號]), " / ", _xlfn.XLOOKUP((OFFSET(E33,-1,0)*2), 韻母表[序號], 韻母表[方音符號]) ) -> ㆪ / ㆪㆷ | F33: =_xlfn.CONCAT( _xlfn.XLOOKUP(OFFSET(F33,-1,0), 韻母表[韻序], 韻母表[方音符號]), " / ", _xlfn.XLOOKUP((OFFSET(F33,-1,0)*2), 韻母表[序號], 韻母表[方音符號]) ) -> ㄧㆧ / ㄧㆧㆷ
B34: {=_xlfn.XLOOKUP(OFFSET(B34,-2,0), 韻母表[韻序], LEFT(韻母表[十五音],1))} -> 更 | C34: {=_xlfn.XLOOKUP(OFFSET(C34,-2,0), 韻母表[韻序], LEFT(韻母表[十五音],1))} -> 褌 | D34: {=_xlfn.XLOOKUP(OFFSET(D34,-2,0), 韻母表[韻序], LEFT(韻母表[十五音],1))} -> 茄 | E34: {=_xlfn.XLOOKUP(OFFSET(E34,-2,0), 韻母表[韻序], LEFT(韻母表[十五音],1))} -> 梔 | F34: {=_xlfn.XLOOKUP(OFFSET(F34,-2,0), 韻母表[韻序], LEFT(韻母表[十五音],1))} -> 薑
B35: =_xlfn.CONCAT( _xlfn.XLOOKUP(OFFSET(B35,-3,0), 韻母表[韻序], 韻母表[台羅拼音]), " / ", _xlfn.XLOOKUP((OFFSET(B35,-3,0)*2), 韻母表[序號], 韻母表[台羅拼音]) ) -> enn / ennh | C35: =_xlfn.CONCAT( _xlfn.XLOOKUP(OFFSET(C35,-3,0), 韻母表[韻序], 韻母表[台羅拼音]), " / ", _xlfn.XLOOKUP((OFFSET(C35,-3,0)*2), 韻母表[序號], 韻母表[台羅拼音]) ) -> uinn / uinnh | D35: =_xlfn.CONCAT( _xlfn.XLOOKUP(OFFSET(D35,-3,0), 韻母表[韻序], 韻母表[台羅拼音]), " / ", _xlfn.XLOOKUP((OFFSET(D35,-3,0)*2), 韻母表[序號], 韻母表[台羅拼音]) ) -> io / ioh | E35: =_xlfn.CONCAT( _xlfn.XLOOKUP(OFFSET(E35,-3,0), 韻母表[韻序], 韻母表[台羅拼音]), " / ", _xlfn.XLOOKUP((OFFSET(E35,-3,0)*2), 韻母表[序號], 韻母表[台羅拼音]) ) -> inn / innh | F35: =_xlfn.CONCAT( _xlfn.XLOOKUP(OFFSET(F35,-3,0), 韻母表[韻序], 韻母表[台羅拼音]), " / ", _xlfn.XLOOKUP((OFFSET(F35,-3,0)*2), 韻母表[序號], 韻母表[台羅拼音]) ) -> ionn / ionnh
B37: =B32+5 -> 36 | C37: =B37+1 -> 37 | D37: =C37+1 -> 38 | E37: =D37+1 -> 39 | F37: =E37+1 -> 40
B38: =_xlfn.CONCAT( _xlfn.XLOOKUP(OFFSET(B38,-1,0), 韻母表[韻序], 韻母表[方音符號]), " / ", _xlfn.XLOOKUP((OFFSET(B38,-1,0)*2), 韻母表[序號], 韻母表[方音符號]) ) -> ㄧㆩ / ㄧㆩㆷ | C38: =_xlfn.CONCAT( _xlfn.XLOOKUP(OFFSET(C38,-1,0), 韻母表[韻序], 韻母表[方音符號]), " / ", _xlfn.XLOOKUP((OFFSET(C38,-1,0)*2), 韻母表[序號], 韻母表[方音符號]) ) -> ㄨㆩ / ㄨㆩㆷ | D38: =_xlfn.CONCAT( _xlfn.XLOOKUP(OFFSET(D38,-1,0), 韻母表[韻序], 韻母表[方音符號]), " / ", _xlfn.XLOOKUP((OFFSET(D38,-1,0)*2), 韻母表[序號], 韻母表[方音符號]) ) -> ㆭ / ㆭㆷ | E38: =_xlfn.CONCAT( _xlfn.XLOOKUP(OFFSET(E38,-1,0), 韻母表[韻序], 韻母表[方音符號]), " / ", _xlfn.XLOOKUP((OFFSET(E38,-1,0)*2), 韻母表[序號], 韻母表[方音符號]) ) -> ㆤ / ㆤㆷ | F38: =_xlfn.CONCAT( _xlfn.XLOOKUP(OFFSET(F38,-1,0), 韻母表[韻序], 韻母表[方音符號]), " / ", _xlfn.XLOOKUP((OFFSET(F38,-1,0)*2), 韻母表[序號], 韻母表[方音符號]) ) -> ㆮ / ㆮㆷ
B39: {=_xlfn.XLOOKUP(OFFSET(B39,-2,0), 韻母表[韻序], LEFT(韻母表[十五音],1))} -> 驚 | C39: {=_xlfn.XLOOKUP(OFFSET(C39,-2,0), 韻母表[韻序], LEFT(韻母表[十五音],1))} -> 官 | D39: {=_xlfn.XLOOKUP(OFFSET(D39,-2,0), 韻母表[韻序], LEFT(韻母表[十五音],1))} -> 鋼 | E39: {=_xlfn.XLOOKUP(OFFSET(E39,-2,0), 韻母表[韻序], LEFT(韻母表[十五音],1))} -> 伽 | F39: {=_xlfn.XLOOKUP(OFFSET(F39,-2,0), 韻母表[韻序], LEFT(韻母表[十五音],1))} -> 閒
B40: =_xlfn.CONCAT( _xlfn.XLOOKUP(OFFSET(B40,-3,0), 韻母表[韻序], 韻母表[台羅拼音]), " / ", _xlfn.XLOOKUP((OFFSET(B40,-3,0)*2), 韻母表[序號], 韻母表[台羅拼音]) ) -> iann / iannh | C40: =_xlfn.CONCAT( _xlfn.XLOOKUP(OFFSET(C40,-3,0), 韻母表[韻序], 韻母表[台羅拼音]), " / ", _xlfn.XLOOKUP((OFFSET(C40,-3,0)*2), 韻母表[序號], 韻母表[台羅拼音]) ) -> uann / uannh | D40: =_xlfn.CONCAT( _xlfn.XLOOKUP(OFFSET(D40,-3,0), 韻母表[韻序], 韻母表[台羅拼音]), " / ", _xlfn.XLOOKUP((OFFSET(D40,-3,0)*2), 韻母表[序號], 韻母表[台羅拼音]) ) -> ng / ngh | E40: =_xlfn.CONCAT( _xlfn.XLOOKUP(OFFSET(E40,-3,0), 韻母表[韻序], 韻母表[台羅拼音]), " / ", _xlfn.XLOOKUP((OFFSET(E40,-3,0)*2), 韻母表[序號], 韻母表[台羅拼音]) ) -> e / eh | F40: =_xlfn.CONCAT( _xlfn.XLOOKUP(OFFSET(F40,-3,0), 韻母表[韻序], 韻母表[台羅拼音]), " / ", _xlfn.XLOOKUP((OFFSET(F40,-3,0)*2), 韻母表[序號], 韻母表[台羅拼音]) ) -> ainn / ainnh
B42: =B37+5 -> 41 | C42: =B42+1 -> 42 | D42: =C42+1 -> 43 | E42: =D42+1 -> 44 | F42: =E42+1 -> 45
B43: =_xlfn.CONCAT( _xlfn.XLOOKUP(OFFSET(B43,-1,0), 韻母表[韻序], 韻母表[方音符號]), " / ", _xlfn.XLOOKUP((OFFSET(B43,-1,0)*2), 韻母表[序號], 韻母表[方音符號]) ) -> ㆧ / ㆧㆷ | C43: =_xlfn.CONCAT( _xlfn.XLOOKUP(OFFSET(C43,-1,0), 韻母表[韻序], 韻母表[方音符號]), " / ", _xlfn.XLOOKUP((OFFSET(C43,-1,0)*2), 韻母表[序號], 韻母表[方音符號]) ) -> ㆬ / ㆬㆷ | D43: =_xlfn.CONCAT( _xlfn.XLOOKUP(OFFSET(D43,-1,0), 韻母表[韻序], 韻母表[方音符號]), " / ", _xlfn.XLOOKUP((OFFSET(D43,-1,0)*2), 韻母表[序號], 韻母表[方音符號]) ) -> ㄨㄤ / ㄨㄤㆷ | E43: =_xlfn.CONCAT( _xlfn.XLOOKUP(OFFSET(E43,-1,0), 韻母表[韻序], 韻母表[方音符號]), " / ", _xlfn.XLOOKUP((OFFSET(E43,-1,0)*2), 韻母表[序號], 韻母表[方音符號]) ) -> ㄨㆮ / ㄨㆮㆷ | F43: =_xlfn.CONCAT( _xlfn.XLOOKUP(OFFSET(F43,-1,0), 韻母表[韻序], 韻母表[方音符號]), " / ", _xlfn.XLOOKUP((OFFSET(F43,-1,0)*2), 韻母表[序號], 韻母表[方音符號]) ) -> ㄨㆥ / ㄨㆥㆷ
B44: {=_xlfn.XLOOKUP(OFFSET(B44,-2,0), 韻母表[韻序], LEFT(韻母表[十五音],1))} -> 姑 | C44: {=_xlfn.XLOOKUP(OFFSET(C44,-2,0), 韻母表[韻序], LEFT(韻母表[十五音],1))} -> 姆 | D44: {=_xlfn.XLOOKUP(OFFSET(D44,-2,0), 韻母表[韻序], LEFT(韻母表[十五音],1))} -> 光 | E44: {=_xlfn.XLOOKUP(OFFSET(E44,-2,0), 韻母表[韻序], LEFT(韻母表[十五音],1))} -> 閂 | F44: {=_xlfn.XLOOKUP(OFFSET(F44,-2,0), 韻母表[韻序], LEFT(韻母表[十五音],1))} -> 糜
B45: =_xlfn.CONCAT( _xlfn.XLOOKUP(OFFSET(B45,-3,0), 韻母表[韻序], 韻母表[台羅拼音]), " / ", _xlfn.XLOOKUP((OFFSET(B45,-3,0)*2), 韻母表[序號], 韻母表[台羅拼音]) ) -> onn / onnh | C45: =_xlfn.CONCAT( _xlfn.XLOOKUP(OFFSET(C45,-3,0), 韻母表[韻序], 韻母表[台羅拼音]), " / ", _xlfn.XLOOKUP((OFFSET(C45,-3,0)*2), 韻母表[序號], 韻母表[台羅拼音]) ) -> m / mh | D45: =_xlfn.CONCAT( _xlfn.XLOOKUP(OFFSET(D45,-3,0), 韻母表[韻序], 韻母表[台羅拼音]), " / ", _xlfn.XLOOKUP((OFFSET(D45,-3,0)*2), 韻母表[序號], 韻母表[台羅拼音]) ) -> uang / uangh | E45: =_xlfn.CONCAT( _xlfn.XLOOKUP(OFFSET(E45,-3,0), 韻母表[韻序], 韻母表[台羅拼音]), " / ", _xlfn.XLOOKUP((OFFSET(E45,-3,0)*2), 韻母表[序號], 韻母表[台羅拼音]) ) -> uainn / uainnh | F45: =_xlfn.CONCAT( _xlfn.XLOOKUP(OFFSET(F45,-3,0), 韻母表[韻序], 韻母表[台羅拼音]), " / ", _xlfn.XLOOKUP((OFFSET(F45,-3,0)*2), 韻母表[序號], 韻母表[台羅拼音]) ) -> ue / ueh
B47: =B42+5 -> 46 | C47: =B47+1 -> 47 | D47: =C47+1 -> 48 | E47: =D47+1 -> 49 | F47: =E47+1 -> 50
B48: =_xlfn.CONCAT( _xlfn.XLOOKUP(OFFSET(B48,-1,0), 韻母表[韻序], 韻母表[方音符號]), " / ", _xlfn.XLOOKUP((OFFSET(B48,-1,0)*2), 韻母表[序號], 韻母表[方音符號]) ) -> ㄧㆯ / ㄧㆯㆷ | C48: =_xlfn.CONCAT( _xlfn.XLOOKUP(OFFSET(C48,-1,0), 韻母表[韻序], 韻母表[方音符號]), " / ", _xlfn.XLOOKUP((OFFSET(C48,-1,0)*2), 韻母表[序號], 韻母表[方音符號]) ) -> ㆱ / ㆦㆴ | D48: =_xlfn.CONCAT( _xlfn.XLOOKUP(OFFSET(D48,-1,0), 韻母表[韻序], 韻母表[方音符號]), " / ", _xlfn.XLOOKUP((OFFSET(D48,-1,0)*2), 韻母表[序號], 韻母表[方音符號]) ) -> ㆯ / ㆯㆷ | E48: =_xlfn.CONCAT( _xlfn.XLOOKUP(OFFSET(E48,-1,0), 韻母表[韻序], 韻母表[方音符號]), " / ", _xlfn.XLOOKUP((OFFSET(E48,-1,0)*2), 韻母表[序號], 韻母表[方音符號]) ) -> / ㆧㆷ | F48: =_xlfn.CONCAT( _xlfn.XLOOKUP(OFFSET(F48,-1,0), 韻母表[韻序], 韻母表[方音符號]), " / ", _xlfn.XLOOKUP((OFFSET(F48,-1,0)*2), 韻母表[序號], 韻母表[方音符號]) ) -> ㄧㆫ / ㄧㆫㆷ
B49: {=_xlfn.XLOOKUP(OFFSET(B49,-2,0), 韻母表[韻序], LEFT(韻母表[十五音],1))} -> 嘄 | C49: {=_xlfn.XLOOKUP(OFFSET(C49,-2,0), 韻母表[韻序], LEFT(韻母表[十五音],1))} -> 箴 | D49: {=_xlfn.XLOOKUP(OFFSET(D49,-2,0), 韻母表[韻序], LEFT(韻母表[十五音],1))} -> 爻 | E49: {=_xlfn.XLOOKUP(OFFSET(E49,-2,0), 韻母表[韻序], LEFT(韻母表[十五音],1))} -> 扛 | F49: {=_xlfn.XLOOKUP(OFFSET(F49,-2,0), 韻母表[韻序], LEFT(韻母表[十五音],1))} -> 牛
B50: =_xlfn.CONCAT( _xlfn.XLOOKUP(OFFSET(B50,-3,0), 韻母表[韻序], 韻母表[台羅拼音]), " / ", _xlfn.XLOOKUP((OFFSET(B50,-3,0)*2), 韻母表[序號], 韻母表[台羅拼音]) ) -> iaunn / iaunnh | C50: =_xlfn.CONCAT( _xlfn.XLOOKUP(OFFSET(C50,-3,0), 韻母表[韻序], 韻母表[台羅拼音]), " / ", _xlfn.XLOOKUP((OFFSET(C50,-3,0)*2), 韻母表[序號], 韻母表[台羅拼音]) ) -> om / op | D50: =_xlfn.CONCAT( _xlfn.XLOOKUP(OFFSET(D50,-3,0), 韻母表[韻序], 韻母表[台羅拼音]), " / ", _xlfn.XLOOKUP((OFFSET(D50,-3,0)*2), 韻母表[序號], 韻母表[台羅拼音]) ) -> aunn / aunnh | E50: =_xlfn.CONCAT( _xlfn.XLOOKUP(OFFSET(E50,-3,0), 韻母表[韻序], 韻母表[台羅拼音]), " / ", _xlfn.XLOOKUP((OFFSET(E50,-3,0)*2), 韻母表[序號], 韻母表[台羅拼音]) ) -> onn / onnh | F50: =_xlfn.CONCAT( _xlfn.XLOOKUP(OFFSET(F50,-3,0), 韻母表[韻序], 韻母表[台羅拼音]), " / ", _xlfn.XLOOKUP((OFFSET(F50,-3,0)*2), 韻母表[序號], 韻母表[台羅拼音]) ) -> iunn / iunnh

Sheet 15呼音字母清單
B2: 1 | D2: =B2+1 -> 2 | F2: =D2+1 -> 3 | H2: =F2+1 -> 4 | J2: =H2+1 -> 5
B3: =_xlfn.XLOOKUP(OFFSET(B3,-1,0), 聲母表[音序], 聲母表[方音符號]) -> ㄌ | D3: =_xlfn.XLOOKUP(OFFSET(D3,-1,0), 聲母表[音序], 聲母表[方音符號]) -> ㄅ | F3: =_xlfn.XLOOKUP(OFFSET(F3,-1,0), 聲母表[音序], 聲母表[方音符號]) -> ㄍ | H3: =_xlfn.XLOOKUP(OFFSET(H3,-1,0), 聲母表[音序], 聲母表[方音符號]) -> ㄎ | J3: =_xlfn.XLOOKUP(OFFSET(J3,-1,0), 聲母表[音序], 聲母表[方音符號]) -> ㄉ
B4: =_xlfn.XLOOKUP(OFFSET(B4,-2,0), 聲母表[音序], 聲母表[十五音]) -> 柳 | D4: =_xlfn.XLOOKUP(OFFSET(D4,-2,0), 聲母表[音序], 聲母表[十五音]) -> 邊 | F4: =_xlfn.XLOOKUP(OFFSET(F4,-2,0), 聲母表[音序], 聲母表[十五音]) -> 求 | H4: =_xlfn.XLOOKUP(OFFSET(H4,-2,0), 聲母表[音序], 聲母表[十五音]) -> 去 | J4: =_xlfn.XLOOKUP(OFFSET(J4,-2,0), 聲母表[音序], 聲母表[十五音]) -> 地
B5: =_xlfn.XLOOKUP(OFFSET(B5,-3,0), 聲母表[音序], 聲母表[台羅拼音]) -> l | D5: =_xlfn.XLOOKUP(OFFSET(D5,-3,0), 聲母表[音序], 聲母表[台羅拼音]) -> p | F5: =_xlfn.XLOOKUP(OFFSET(F5,-3,0), 聲母表[音序], 聲母表[台羅拼音]) -> k | H5: =_xlfn.XLOOKUP(OFFSET(H5,-3,0), 聲母表[音序], 聲母表[台羅拼音]) -> kh | J5: =_xlfn.XLOOKUP(OFFSET(J5,-3,0), 聲母表[音序], 聲母表[台羅拼音]) -> t
B7: =B2+5 -> 6 | D7: =B7+1 -> 7 | F7: =D7+1 -> 8 | H7: =F7+1 -> 9 | J7: =H7+1 -> 10
B8: =_xlfn.XLOOKUP(OFFSET(B8,-1,0), 聲母表[音序], 聲母表[方音符號]) -> ㄆ | D8: =_xlfn.XLOOKUP(OFFSET(D8,-1,0), 聲母表[音序], 聲母表[方音符號]) -> ㄊ | F8: =_xlfn.XLOOKUP(OFFSET(F8,-1,0), 聲母表[音序], 聲母表[方音符號]) -> ㄗ | H8: =_xlfn.XLOOKUP(OFFSET(H8,-1,0), 聲母表[音序], 聲母表[方音符號]) -> ㆡ | J8: =_xlfn.XLOOKUP(OFFSET(J8,-1,0), 聲母表[音序], 聲母表[方音符號]) -> ㄙ
B9: =_xlfn.XLOOKUP(OFFSET(B9,-2,0), 聲母表[音序], 聲母表[十五音]) -> 頗 | D9: =_xlfn.XLOOKUP(OFFSET(D9,-2,0), 聲母表[音序], 聲母表[十五音]) -> 他 | F9: =_xlfn.XLOOKUP(OFFSET(F9,-2,0), 聲母表[音序], 聲母表[十五音]) -> 曾 | H9: =_xlfn.XLOOKUP(OFFSET(H9,-2,0), 聲母表[音序], 聲母表[十五音]) -> 入 | J9: =_xlfn.XLOOKUP(OFFSET(J9,-2,0), 聲母表[音序], 聲母表[十五音]) -> 時
B10: =_xlfn.XLOOKUP(OFFSET(B10,-3,0), 聲母表[音序], 聲母表[台羅拼音]) -> ph | D10: =_xlfn.XLOOKUP(OFFSET(D10,-3,0), 聲母表[音序], 聲母表[台羅拼音]) -> th | F10: =_xlfn.XLOOKUP(OFFSET(F10,-3,0), 聲母表[音序], 聲母表[台羅拼音]) -> ts | H10: =_xlfn.XLOOKUP(OFFSET(H10,-3,0), 聲母表[音序], 聲母表[台羅拼音]) -> j | J10: =_xlfn.XLOOKUP(OFFSET(J10,-3,0), 聲母表[音序], 聲母表[台羅拼音]) -> s
B12: =B7+5 -> 11 | D12: =B12+1 -> 12 | F12: =D12+1 -> 13 | H12: =F12+1 -> 14 | J12: =H12+1 -> 15
B13: Ø | D13: =_xlfn.XLOOKUP(OFFSET(D13,-1,0), 聲母表[音序], 聲母表[方音符號]) -> ㆠ | F13: =_xlfn.XLOOKUP(OFFSET(F13,-1,0), 聲母表[音序], 聲母表[方音符號]) -> ㆣ | H13: =_xlfn.XLOOKUP(OFFSET(H13,-1,0), 聲母表[音序], 聲母表[方音符號]) -> ㄘ | J13: =_xlfn.XLOOKUP(OFFSET(J13,-1,0), 聲母表[音序], 聲母表[方音符號]) -> ㄏ
B14: =_xlfn.XLOOKUP(OFFSET(B14,-2,0), 聲母表[音序], 聲母表[十五音]) -> 英 | D14: =_xlfn.XLOOKUP(OFFSET(D14,-2,0), 聲母表[音序], 聲母表[十五音]) -> 門 | F14: =_xlfn.XLOOKUP(OFFSET(F14,-2,0), 聲母表[音序], 聲母表[十五音]) -> 語 | H14: =_xlfn.XLOOKUP(OFFSET(H14,-2,0), 聲母表[音序], 聲母表[十五音]) -> 出 | J14: =_xlfn.XLOOKUP(OFFSET(J14,-2,0), 聲母表[音序], 聲母表[十五音]) -> 喜
B15: =_xlfn.XLOOKUP(OFFSET(B15,-3,0), 聲母表[音序], 聲母表[台羅拼音]) -> Ø | D15: =_xlfn.XLOOKUP(OFFSET(D15,-3,0), 聲母表[音序], 聲母表[台羅拼音]) -> b | F15: =_xlfn.XLOOKUP(OFFSET(F15,-3,0), 聲母表[音序], 聲母表[台羅拼音]) -> g | H15: =_xlfn.XLOOKUP(OFFSET(H15,-3,0), 聲母表[音序], 聲母表[台羅拼音]) -> tsh | J15: =_xlfn.XLOOKUP(OFFSET(J15,-3,0), 聲母表[音序], 聲母表[台羅拼音]) -> h

Sheet 呼十五音法
D1: =SEARCH("/", M3) -> 4 | G1: =LEN(M3) -> 7 | K1: 經八邊 | M1: =LEFT(K1,1) -> 經 | N1: =MID(K1,2,1) -> 八 | O1: =RIGHT(K1,1) -> 邊 | Q1: =RIGHT(M1,1) -> 經
D2: 舒聲韻 | G2: 促聲韻 | M2: {=INDEX(韻母表[序號],MATCH(TRUE,EXACT(_xlfn.CONCAT(呼十五音法!M1,"（",IF(OR(N1="四",N1="八"),"促","舒"),"）"),韻母表[十五音]),0))/2} -> 9 | N2: =SEARCH(N1,N4) -> 8 | O2: {=INDEX(聲母表[序號], MATCH(TRUE, EXACT(呼十五音法!O1, 聲母表[新十五音]),0))} -> 2 | Q2: =_xlfn.CONCAT(M1,N1) -> 經八
M3: =_xlfn.CONCAT( _xlfn.XLOOKUP(OFFSET(M3,-1,0), 韻母表[韻序], 韻母表[方音符號]), " / ", _xlfn.XLOOKUP((OFFSET(M3,-1,0)*2), 韻母表[序號], 韻母表[方音符號]) ) -> ㄧㄥ / ㄧㆻ | O3: =_xlfn.XLOOKUP(OFFSET(O3,-1,0), 聲母表[音序], 聲母表[方音符號]) -> ㄅ
D4: =LEFT(M3, G1-D1-2) -> ㄧ | G4: =RIGHT(M3,G1-D1) -> ㄧㆻ | M4: {=_xlfn.XLOOKUP(OFFSET(M4,-2,0), 韻母表[韻序], LEFT(韻母表[十五音],1))} -> 經 | N4: 一二三四五六七八 | O4: =_xlfn.XLOOKUP(OFFSET(O4,-2,0), 聲母表[音序], 聲母表[十五音]) -> 邊 | Q4: =_xlfn.CONCAT(IF( OR(N2=4,N2=8), G4, D4), INDEX(方音符號聲調表二式[調符],N2)) -> ㄧㆻ˙
M5: =_xlfn.CONCAT( _xlfn.XLOOKUP(OFFSET(M5,-3,0), 韻母表[韻序], 韻母表[台羅拼音]), " / ", _xlfn.XLOOKUP((OFFSET(M5,-3,0)*2), 韻母表[序號], 韻母表[台羅拼音]) ) -> ing / ik | O5: =_xlfn.XLOOKUP(OFFSET(O5,-3,0), 聲母表[音序], 聲母表[台羅拼音]) -> p
C8: 【居】字韻。上上聲（二聲）
C10: 字母序 | D10: 上平 | E10: 上上 | F10: 上去 | G10: 上入 | H10: 下平 | I10: 下上 | J10: 下去 | K10: 下入
D11: 1 | E11: 2 | F11: 3 | G11: 4 | H11: 5 | I11: 6 | J11: 7 | K11: 8
C12: 29 | D12: ㄧ | E12: ㄧˋ | F12: ㄧ˪ | G12: ㄧㆷ | H12: ㄧˊ | I12: ㄧˋ | J12: ㄧ˫ | K12: ㄧㆷ˙
C13: 4.6 | D13: 居 | E13: 己 | F13: 旣 | G13: 築 | H13: 期 | I13: 已 | J13: 具 | K13: ○
D14: i1 | E14: i2 | F14: i3 | G14: ih4 | H14: i5 | I14: i6 | J14: i7 | K14: ih8
C17: 《呼十五音法》：切音十五字字頭起連音呼
C19: 十五音序 | D19: 切音字頭 | E19: 韻+調 | F19: 聲+韻+調 | H19: 十五音序 | I19: 切音字頭 | J19: 韻+調 | K19: 聲+韻+調
C21: 1 | D21: =_xlfn.XLOOKUP($C21, 聲母表[音序], 聲母表[方音符號]) -> ㄌ | E21: ㄧˋ | F21: =_xlfn.CONCAT(D21,E21) -> ㄌㄧˋ | H21: 9 | I21: =_xlfn.XLOOKUP($H21, 聲母表[音序], 聲母表[方音符號]) -> ㆡ | J21: ㄧˋ | K21: =_xlfn.CONCAT(I21,J21) -> ㆡㄧˋ
C22: 4.6 | D22: =_xlfn.XLOOKUP($C21, 聲母表[音序], 聲母表[十五音]) -> 柳 | E22: 己 | F22: 理 | H22: 4.6 | I22: =_xlfn.XLOOKUP($H21, 聲母表[音序], 聲母表[十五音]) -> 入 | J22: 己 | K22: 耳
D23: =_xlfn.XLOOKUP($C21, 聲母表[音序], 聲母表[台羅拼音]) -> l | E23: i2 | F23: =_xlfn.CONCAT(D23,E23) -> li2 | I23: =_xlfn.XLOOKUP($H21, 聲母表[音序], 聲母表[台羅拼音]) -> j | J23: i2 | K23: =_xlfn.CONCAT(I23,J23) -> ji2
C24: =C21+1 -> 2 | D24: =_xlfn.XLOOKUP($C24, 聲母表[音序], 聲母表[方音符號]) -> ㄅ | E24: ㄧˋ | F24: =_xlfn.CONCAT(D24,E24) -> ㄅㄧˋ | H24: =H21+1 -> 10 | I24: =_xlfn.XLOOKUP($H24, 聲母表[音序], 聲母表[方音符號]) -> ㄙ | J24: ㄧˋ | K24: =_xlfn.CONCAT(I24,J24) -> ㄙㄧˋ
C25: 4.6 | D25: =_xlfn.XLOOKUP($C24, 聲母表[音序], 聲母表[十五音]) -> 邊 | E25: 己 | F25: 比 | H25: 4.6 | I25: =_xlfn.XLOOKUP($H24, 聲母表[音序], 聲母表[十五音]) -> 時 | J25: 己 | K25: 始
D26: =_xlfn.XLOOKUP($C24, 聲母表[音序], 聲母表[台羅拼音]) -> p | E26: i2 | F26: =_xlfn.CONCAT(D26,E26) -> pi2 | I26: =_xlfn.XLOOKUP($H24, 聲母表[音序], 聲母表[台羅拼音]) -> s | J26: i2 | K26: =_xlfn.CONCAT(I26,J26) -> si2
C27: =C24+1 -> 3 | D27: =_xlfn.XLOOKUP($C27, 聲母表[音序], 聲母表[方音符號]) -> ㄍ | E27: ㄧˋ | F27: =_xlfn.CONCAT(D27,E27) -> ㄍㄧˋ | H27: =H24+1 -> 11 | I27: =_xlfn.XLOOKUP($H27, 聲母表[音序], 聲母表[方音符號]) | J27: ㄧˋ | K27: =_xlfn.CONCAT(I27,J27) -> ㄧˋ
C28: 4.6 | D28: =_xlfn.XLOOKUP($C27, 聲母表[音序], 聲母表[十五音]) -> 求 | E28: 己 | F28: 己 | H28: 4.6 | I28: =_xlfn.XLOOKUP($H27, 聲母表[音序], 聲母表[十五音]) -> 英 | J28: 己 | K28: 以
D29: =_xlfn.XLOOKUP($C27, 聲母表[音序], 聲母表[台羅拼音]) -> k | E29: i2 | F29: =_xlfn.CONCAT(D29,E29) -> ki2 | I29: =_xlfn.XLOOKUP($H27, 聲母表[音序], 聲母表[台羅拼音]) -> Ø | J29: i2 | K29: =_xlfn.CONCAT(I29,J29) -> Øi2
C30: =C27+1 -> 4 | D30: =_xlfn.XLOOKUP($C30, 聲母表[音序], 聲母表[方音符號]) -> ㄎ | E30: ㄧˋ | F30: =_xlfn.CONCAT(D30,E30) -> ㄎㄧˋ | H30: =H27+1 -> 12 | I30: =_xlfn.XLOOKUP($H30, 聲母表[音序], 聲母表[方音符號]) -> ㆠ | J30: ㄧˋ | K30: =_xlfn.CONCAT(I30,J30) -> ㆠㄧˋ
C31: 4.6 | D31: =_xlfn.XLOOKUP($C30, 聲母表[音序], 聲母表[十五音]) -> 去 | E31: 己 | F31: 起 | H31: 4.6 | I31: =_xlfn.XLOOKUP($H30, 聲母表[音序], 聲母表[十五音]) -> 門 | J31: 己 | K31: 美
D32: =_xlfn.XLOOKUP($C30, 聲母表[音序], 聲母表[台羅拼音]) -> kh | E32: i2 | F32: =_xlfn.CONCAT(D32,E32) -> khi2 | I32: =_xlfn.XLOOKUP($H30, 聲母表[音序], 聲母表[台羅拼音]) -> b | J32: i2 | K32: =_xlfn.CONCAT(I32,J32) -> bi2
C33: =C30+1 -> 5 | D33: =_xlfn.XLOOKUP($C33, 聲母表[音序], 聲母表[方音符號]) -> ㄉ | E33: ㄧˋ | F33: =_xlfn.CONCAT(D33,E33) -> ㄉㄧˋ | H33: =H30+1 -> 13 | I33: =_xlfn.XLOOKUP($H33, 聲母表[音序], 聲母表[方音符號]) -> ㆣ | J33: ㄧˋ | K33: =_xlfn.CONCAT(I33,J33) -> ㆣㄧˋ
C34: 4.6 | D34: =_xlfn.XLOOKUP($C33, 聲母表[音序], 聲母表[十五音]) -> 地 | E34: 己 | F34: 底 | H34: 4.6 | I34: =_xlfn.XLOOKUP($H33, 聲母表[音序], 聲母表[十五音]) -> 語 | J34: 己 | K34: 禦
D35: =_xlfn.XLOOKUP($C33, 聲母表[音序], 聲母表[台羅拼音]) -> t | E35: i2 | F35: =_xlfn.CONCAT(D35,E35) -> ti2 | I35: =_xlfn.XLOOKUP($H33, 聲母表[音序], 聲母表[台羅拼音]) -> g | J35: i2 | K35: =_xlfn.CONCAT(I35,J35) -> gi2
C36: =C33+1 -> 6 | D36: =_xlfn.XLOOKUP($C36, 聲母表[音序], 聲母表[方音符號]) -> ㄆ | E36: ㄧˋ | F36: =_xlfn.CONCAT(D36,E36) -> ㄆㄧˋ | H36: =H33+1 -> 14 | I36: =_xlfn.XLOOKUP($H36, 聲母表[音序], 聲母表[方音符號]) -> ㄘ | J36: ㄧˋ | K36: =_xlfn.CONCAT(I36,J36) -> ㄘㄧˋ
C37: 4.6 | D37: =_xlfn.XLOOKUP($C36, 聲母表[音序], 聲母表[十五音]) -> 頗 | E37: 己 | F37: 鄙 | H37: 4.6 | I37: =_xlfn.XLOOKUP($H36, 聲母表[音序], 聲母表[十五音]) -> 出 | J37: 己 | K37: 取
D38: =_xlfn.XLOOKUP($C36, 聲母表[音序], 聲母表[台羅拼音]) -> ph | E38: i2 | F38: =_xlfn.CONCAT(D38,E38) -> phi2 | I38: =_xlfn.XLOOKUP($H36, 聲母表[音序], 聲母表[台羅拼音]) -> tsh | J38: i2 | K38: =_xlfn.CONCAT(I38,J38) -> tshi2
C39: =C36+1 -> 7 | D39: =_xlfn.XLOOKUP($C39, 聲母表[音序], 聲母表[方音符號]) -> ㄊ | E39: ㄧˋ | F39: =_xlfn.CONCAT(D39,E39) -> ㄊㄧˋ | H39: =H36+1 -> 15 | I39: =_xlfn.XLOOKUP($H39, 聲母表[音序], 聲母表[方音符號]) -> ㄏ | J39: ㄧˋ | K39: =_xlfn.CONCAT(I39,J39) -> ㄏㄧˋ
C40: 4.6 | D40: =_xlfn.XLOOKUP($C39, 聲母表[音序], 聲母表[十五音]) -> 他 | E40: 己 | F40: 恥 | H40: 4.6 | I40: =_xlfn.XLOOKUP($H39, 聲母表[音序], 聲母表[十五音]) -> 喜 | J40: 己 | K40: 喜
D41: =_xlfn.XLOOKUP($C39, 聲母表[音序], 聲母表[台羅拼音]) -> th | E41: i2 | F41: =_xlfn.CONCAT(D41,E41) -> thi2 | I41: =_xlfn.XLOOKUP($H39, 聲母表[音序], 聲母表[台羅拼音]) -> h | J41: i2 | K41: =_xlfn.CONCAT(I41,J41) -> hi2
C42: =C39+1 -> 8 | D42: =_xlfn.XLOOKUP($C42, 聲母表[音序], 聲母表[方音符號]) -> ㄗ | E42: ㄧˋ | F42: =_xlfn.CONCAT(D42,E42) -> ㄗㄧˋ
C43: 4.6 | D43: =_xlfn.XLOOKUP($C42, 聲母表[音序], 聲母表[十五音]) -> 曾 | E43: 己 | F43: 止
D44: =_xlfn.XLOOKUP($C42, 聲母表[音序], 聲母表[台羅拼音]) -> ts | E44: i2 | F44: =_xlfn.CONCAT(D44,E44) -> tsi2
C46: =C42+1 -> 9 | D46: =_xlfn.XLOOKUP($C46, 聲母表[音序], 聲母表[方音符號]) -> ㆡ | E46: ㄧˋ | F46: =_xlfn.CONCAT(D46,E46) -> ㆡㄧˋ
C47: 4.6 | D47: =_xlfn.XLOOKUP($C46, 聲母表[音序], 聲母表[十五音]) -> 入 | E47: 己 | F47: 耳
D48: =_xlfn.XLOOKUP($C46, 聲母表[音序], 聲母表[台羅拼音]) -> j | E48: i2 | F48: =_xlfn.CONCAT(D48,E48) -> ji2
C49: =C46+1 -> 10 | D49: =_xlfn.XLOOKUP($C49, 聲母表[音序], 聲母表[方音符號]) -> ㄙ | E49: ㄧˋ | F49: =_xlfn.CONCAT(D49,E49) -> ㄙㄧˋ
C50: 4.6 | D50: =_xlfn.XLOOKUP($C49, 聲母表[音序], 聲母表[十五音]) -> 時 | E50: 己 | F50: 始
D51: =_xlfn.XLOOKUP($C49, 聲母表[音序], 聲母表[台羅拼音]) -> s | E51: i2 | F51: =_xlfn.CONCAT(D51,E51) -> si2
C52: =C49+1 -> 11 | D52: =_xlfn.XLOOKUP($C52, 聲母表[音序], 聲母表[方音符號]) | E52: ㄧˋ | F52: =_xlfn.CONCAT(D52,E52) -> ㄧˋ
C53: 4.6 | D53: =_xlfn.XLOOKUP($C52, 聲母表[音序], 聲母表[十五音]) -> 英 | E53: 己 | F53: 以
D54: =_xlfn.XLOOKUP($C52, 聲母表[音序], 聲母表[台羅拼音]) -> Ø | E54: i2 | F54: =_xlfn.CONCAT(D54,E54) -> Øi2
C55: =C52+1 -> 12 | D55: =_xlfn.XLOOKUP($C55, 聲母表[音序], 聲母表[方音符號]) -> ㆠ | E55: ㄧˋ | F55: =_xlfn.CONCAT(D55,E55) -> ㆠㄧˋ
C56: 4.6 | D56: =_xlfn.XLOOKUP($C55, 聲母表[音序], 聲母表[十五音]) -> 門 | E56: 己 | F56: 美
D57: =_xlfn.XLOOKUP($C55, 聲母表[音序], 聲母表[台羅拼音]) -> b | E57: i2 | F57: =_xlfn.CONCAT(D57,E57) -> bi2
C58: =C55+1 -> 13 | D58: =_xlfn.XLOOKUP($C58, 聲母表[音序], 聲母表[方音符號]) -> ㆣ | E58: ㄧˋ | F58: =_xlfn.CONCAT(D58,E58) -> ㆣㄧˋ
C59: 4.6 | D59: =_xlfn.XLOOKUP($C58, 聲母表[音序], 聲母表[十五音]) -> 語 | E59: 己 | F59: 禦
D60: =_xlfn.XLOOKUP($C58, 聲母表[音序], 聲母表[台羅拼音]) -> g | E60: i2 | F60: =_xlfn.CONCAT(D60,E60) -> gi2
C61: =C58+1 -> 14 | D61: =_xlfn.XLOOKUP($C61, 聲母表[音序], 聲母表[方音符號]) -> ㄘ | E61: ㄧˋ | F61: =_xlfn.CONCAT(D61,E61) -> ㄘㄧˋ
C62: 4.6 | D62: =_xlfn.XLOOKUP($C61, 聲母表[音序], 聲母表[十五音]) -> 出 | E62: 己 | F62: 取
D63: =_xlfn.XLOOKUP($C61, 聲母表[音序], 聲母表[台羅拼音]) -> tsh | E63: i2 | F63: =_xlfn.CONCAT(D63,E63) -> tshi2
C64: =C61+1 -> 15 | D64: =_xlfn.XLOOKUP($C64, 聲母表[音序], 聲母表[方音符號]) -> ㄏ | E64: ㄧˋ | F64: =_xlfn.CONCAT(D64,E64) -> ㄏㄧˋ
C65: 4.6 | D65: =_xlfn.XLOOKUP($C64, 聲母表[音序], 聲母表[十五音]) -> 喜 | E65: 己 | F65: 喜
D66: =_xlfn.XLOOKUP($C64, 聲母表[音序], 聲母表[台羅拼音]) -> h | E66: i2 | F66: =_xlfn.CONCAT(D66,E66) -> hi2

Sheet 十五音聲母發音表 (2)
D2: 雙唇音 | L2: 舌尖中音（齒齦音） | T2: 舌尖前音（齦顎音） | AB2: 舌根音（軟顎音） | AJ2: 㗋塞音（聲門音）
D3: 上脣。下脣 | L3: 舌尖。上齒背 | T3: 齦顎音 | AB3: 軟顎音 | AJ3: 聲門音
D4: 清音 | H4: 濁音 | L4: 清音 | P4: 濁音 | T4: 清音 | X4: 濁音 | AB4: 清音 | AF4: 濁音 | AJ4: 清音
B5: 鼻音 | H5: 門 | J5: m | P5: 柳 | R5: n | AF5: 語 | AH5: ng
J6: m | R6: n | AH6: ng
H7: [ m ] | J7: m | P7: [ n ] | R7: n | AF7: [ ŋ ] | AH7: ng
H8: 毛 | J8: ㄇ | P8: ㄋ | R8: ㄋ | AF8: ㄫ | AH8: ㄫ
B9: 塞音 | C9: 不送氣 | D9: 邊 | F9: p | H9: 門 | J9: b | L9: 地 | N9: t | AB9: 求 | AD9: k | AF9: 語 | AH9: g | AJ9: 英 | AL9: Ø
J10: b | N10: t | AD10: k | AH10: g | AL10: Ø
D11: [ p ] | F11: b | H11: [b] | J11: bb | L11: [ t ] | N11: d | AB11: [ k ] | AD11: g | AF11: [ g ] | AH11: gg | AJ11: [ ? ] | AL11: Ø
D12: ㄅ | H12: ㆠ | J12: ㆠ | L12: ㄉ | N12: ㄉ | AB12: ㄍ | AD12: ㄍ | AF12: ㆣ | AH12: ㆣ | AL12: Ø
C13: 送氣 | D13: 頗 | F13: ph | L13: 他 | N13: th | AB13: 去 | AD13: kh
F14: ph | N14: th | AD14: kh
D15: [ pʰ ] | F15: p | L15: [ tʰ ] | N15: t | AB15: [ kʰ ] | AD15: k
D16: ㄆ | F16: ㄆ | L16: ㄊ | N16: ㄊ | AB16: ㄎ | AD16: ㄎ
B17: 塞擦音 | C17: 不送氣 | L17: 曾 | N17: ts | P17: 入 | R17: j | T17: 曾 | V17: tsi | X17: 入 | Z17: ji
N18: ts | R18: j | V18: tsi | Z18: ji
L19: [ ts ] | N19: z | P19: [ ʣ ] | R19: zz | T19: [ ʨ ] | V19: ji | X19: [ ʥ ] | Z19: jji
L20: ㄗ | N20: ㄗ | P20: ㆡ | R20: ㆡ | T20: ㄐ | V20: ㄐ | X20: ㆢ | Z20: ㆢ
C21: 送氣 | L21: 出 | N21: tsh | T21: 出 | V21: tshi
N22: tsh | V22: tshi
L23: [ t͡sʰ ] | N23: c | T23: [ ʨʰ ] | V23: chi
L24: ㄘ | N24: ㄘ | T24: ㄑ | V24: ㄑ
B25: 擦音 | L25: 時 | N25: s | T25: 時 | V25: si | AJ25: 喜 | AL25: h
N26: s | V26: si | AL26: h
L27: [ s ] | N27: s | T27: [ ɕ ] | V27: shi | AJ27: [ h ] | AL27: h
L28: ㄙ | N28: ㄙ | T28: ㄒ | V28: ㄒ | AJ28: ㄏ | AL28: ㄏ
B29: 邊音 | P29: 柳 | R29: l
R30: l
P31: [ l ] | R31: l
P32: ㄌ | R32: ㄌ

Sheet 十五音音節表
F2: 1 | G2: 1 | H2: =_xlfn.XLOOKUP(H$4, 聲母表[台羅拼音], 聲母表[序號]) -> 2 | I2: 3 | J2: 4 | K2: 5 | L2: 6 | M2: =_xlfn.XLOOKUP(M$4, 聲母表[台羅拼音], 聲母表[序號]) -> 7 | N2: 8 | O2: 9 | P2: 10 | Q2: 11 | R2: 12 | S2: 12 | T2: 13 | U2: =_xlfn.XLOOKUP(U$4, 聲母表[台羅拼音], 聲母表[序號]) -> 13 | V2: 14 | W2: 15
F3: =_xlfn.XLOOKUP(F$4, 聲母表[台羅拼音], 聲母表[十五音]) -> 柳 | G3: =_xlfn.XLOOKUP(G$4, 聲母表[台羅拼音], 聲母表[十五音]) -> 柳 | H3: =_xlfn.XLOOKUP(H$4, 聲母表[台羅拼音], 聲母表[十五音]) -> 邊 | I3: =_xlfn.XLOOKUP(I$4, 聲母表[台羅拼音], 聲母表[十五音]) -> 求 | J3: =_xlfn.XLOOKUP(J$4, 聲母表[台羅拼音], 聲母表[十五音]) -> 去 | K3: =_xlfn.XLOOKUP(K$4, 聲母表[台羅拼音], 聲母表[十五音]) -> 地 | L3: =_xlfn.XLOOKUP(L$4, 聲母表[台羅拼音], 聲母表[十五音]) -> 頗 | M3: =_xlfn.XLOOKUP(M$4, 聲母表[台羅拼音], 聲母表[十五音]) -> 他 | ... W3: =_xlfn.XLOOKUP(W$4, 聲母表[台羅拼音], 聲母表[十五音]) -> 喜
B4: 韻序 | C4: 韻母 | D4: 國際音標 | E4: 台羅拼音 | F4: l | G4: n | H4: p | I4: k | J4: kh | K4: t | L4: ph | M4: th | N4: ts | O4: j | P4: s | Q4: Ø | R4: b | S4: m | T4: g | U4: ng | V4: tsh | W4: h
B6: {=INDEX(韻母表[韻序], MATCH(TRUE, EXACT($C6, 韻母表[十五音]), 0))} -> 1 | C6: 君（舒） | D6: {=IF( INDEX(韻母表[國際音標2], MATCH(TRUE, EXACT($C6, 韻母表[十五音]), 0))<>"", INDEX(韻母表[國際音標2], MATCH(TRUE, EXACT($C6, 韻母表[十五音]), 0)), INDEX(韻母表[國際音標], MATCH(TRUE, EXACT($C6, 韻母表[十五音]), 0)))} -> un | E6: {=INDEX(韻母表[台羅拼音], MATCH(TRUE, EXACT($C6, 韻母表[十五音]), 0))} -> un | F6: lun | H6: pun | I6: kun | J6: khun | K6: tun | L6: phun | M6: thun | N6: tsun | O6: jun | P6: sun | Q6: un | R6: bun | T6: gun | V6: tshun | W6: hun | X6: un | Y6: 君（舒）
B7: {=INDEX(韻母表[韻序], MATCH(TRUE, EXACT($C7, 韻母表[十五音]), 0))} -> 1 | C7: 君（促） | D7: {=IF( INDEX(韻母表[國際音標2], MATCH(TRUE, EXACT($C7, 韻母表[十五音]), 0))<>"", INDEX(韻母表[國際音標2], MATCH(TRUE, EXACT($C7, 韻母表[十五音]), 0)), INDEX(韻母表[國際音標], MATCH(TRUE, EXACT($C7, 韻母表[十五音]), 0)))} -> ut̚ | E7: {=INDEX(韻母表[台羅拼音], MATCH(TRUE, EXACT($C7, 韻母表[十五音]), 0))} -> ut | F7: lut | H7: put | I7: kut | J7: khut | K7: tut | L7: phut | M7: thut | N7: tsut | P7: sut | Q7: ut | R7: but | V7: tshut | W7: hut | X7: ut | Y7: 君（促）
B8: {=INDEX(韻母表[韻序], MATCH(TRUE, EXACT($C8, 韻母表[十五音]), 0))} -> 2 | C8: 堅（舒） | D8: {=IF( INDEX(韻母表[國際音標2], MATCH(TRUE, EXACT($C8, 韻母表[十五音]), 0))<>"", INDEX(韻母表[國際音標2], MATCH(TRUE, EXACT($C8, 韻母表[十五音]), 0)), INDEX(韻母表[國際音標], MATCH(TRUE, EXACT($C8, 韻母表[十五音]), 0)))} -> ɪan | E8: {=INDEX(韻母表[台羅拼音], MATCH(TRUE, EXACT($C8, 韻母表[十五音]), 0))} -> ian | F8: lian | H8: pian | I8: kian | J8: khian | K8: tian | L8: phian | M8: thian | N8: tsian | O8: jian | P8: sian | Q8: ian | R8: bian | T8: gian | V8: tshian | W8: hian | X8: ian | Y8: 堅（舒）
B9: {=INDEX(韻母表[韻序], MATCH(TRUE, EXACT($C9, 韻母表[十五音]), 0))} -> 2 | C9: 堅（促） | D9: {=IF( INDEX(韻母表[國際音標2], MATCH(TRUE, EXACT($C9, 韻母表[十五音]), 0))<>"", INDEX(韻母表[國際音標2], MATCH(TRUE, EXACT($C9, 韻母表[十五音]), 0)), INDEX(韻母表[國際音標], MATCH(TRUE, EXACT($C9, 韻母表[十五音]), 0)))} -> ɪat̚ | E9: {=INDEX(韻母表[台羅拼音], MATCH(TRUE, EXACT($C9, 韻母表[十五音]), 0))} -> iat | F9: liat | H9: piat | I9: kiat | J9: khiat | K9: tiat | L9: phiat | M9: thiat | N9: tsiat | O9: jiat | P9: siat | Q9: iat | R9: biat | T9: giat | V9: tshiat | W9: hiat | X9: iat | Y9: 堅（促）
B10: {=INDEX(韻母表[韻序], MATCH(TRUE, EXACT($C10, 韻母表[十五音]), 0))} -> 3 | C10: 金（舒） | D10: {=IF( INDEX(韻母表[國際音標2], MATCH(TRUE, EXACT($C10, 韻母表[十五音]), 0))<>"", INDEX(韻母表[國際音標2], MATCH(TRUE, EXACT($C10, 韻母表[十五音]), 0)), INDEX(韻母表[國際音標], MATCH(TRUE, EXACT($C10, 韻母表[十五音]), 0)))} -> im | E10: {=INDEX(韻母表[台羅拼音], MATCH(TRUE, EXACT($C10, 韻母表[十五音]), 0))} -> im | F10: lim | I10: kim | J10: khim | K10: tim | M10: thim | N10: tsim | O10: jim | P10: sim | Q10: im | T10: gim | V10: tshim | W10: him | X10: im | Y10: 金（舒）
B11: {=INDEX(韻母表[韻序], MATCH(TRUE, EXACT($C11, 韻母表[十五音]), 0))} -> 3 | C11: 金（促） | D11: {=IF( INDEX(韻母表[國際音標2], MATCH(TRUE, EXACT($C11, 韻母表[十五音]), 0))<>"", INDEX(韻母表[國際音標2], MATCH(TRUE, EXACT($C11, 韻母表[十五音]), 0)), INDEX(韻母表[國際音標], MATCH(TRUE, EXACT($C11, 韻母表[十五音]), 0)))} -> ip̚ | E11: {=INDEX(韻母表[台羅拼音], MATCH(TRUE, EXACT($C11, 韻母表[十五音]), 0))} -> ip | F11: lip | I11: kip | J11: khip | N11: tsip | O11: jip | P11: sip | Q11: ip | V11: tship | W11: hip | X11: ip | Y11: 金（促）
B12: {=INDEX(韻母表[韻序], MATCH(TRUE, EXACT($C12, 韻母表[十五音]), 0))} -> 4 | C12: 規（舒） | D12: {=IF( INDEX(韻母表[國際音標2], MATCH(TRUE, EXACT($C12, 韻母表[十五音]), 0))<>"", INDEX(韻母表[國際音標2], MATCH(TRUE, EXACT($C12, 韻母表[十五音]), 0)), INDEX(韻母表[國際音標], MATCH(TRUE, EXACT($C12, 韻母表[十五音]), 0)))} -> ui | E12: {=INDEX(韻母表[台羅拼音], MATCH(TRUE, EXACT($C12, 韻母表[十五音]), 0))} -> ui | F12: lui | H12: pui | I12: kui | J12: khui | K12: tui | L12: phui | M12: thui | N12: tsui | P12: sui | Q12: ui | R12: bui | S12: mui | T12: gui | V12: tshui | W12: hui | X12: ui | Y12: 規（舒）
B13: {=INDEX(韻母表[韻序], MATCH(TRUE, EXACT($C13, 韻母表[十五音]), 0))} -> 6 | C13: 干（舒） | D13: {=IF( INDEX(韻母表[國際音標2], MATCH(TRUE, EXACT($C13, 韻母表[十五音]), 0))<>"", INDEX(韻母表[國際音標2], MATCH(TRUE, EXACT($C13, 韻母表[十五音]), 0)), INDEX(韻母表[國際音標], MATCH(TRUE, EXACT($C13, 韻母表[十五音]), 0)))} -> an | E13: {=INDEX(韻母表[台羅拼音], MATCH(TRUE, EXACT($C13, 韻母表[十五音]), 0))} -> an | F13: lan | H13: pan | I13: kan | J13: khan | K13: tan | L13: phan | M13: than | N13: tsan | P13: san | Q13: an | R13: ban | T13: gan | V13: tshan | W13: han | X13: an | Y13: 干（舒）
B14: {=INDEX(韻母表[韻序], MATCH(TRUE, EXACT($C14, 韻母表[十五音]), 0))} -> 6 | C14: 干（促） | D14: {=IF( INDEX(韻母表[國際音標2], MATCH(TRUE, EXACT($C14, 韻母表[十五音]), 0))<>"", INDEX(韻母表[國際音標2], MATCH(TRUE, EXACT($C14, 韻母表[十五音]), 0)), INDEX(韻母表[國際音標], MATCH(TRUE, EXACT($C14, 韻母表[十五音]), 0)))} -> at̚ | E14: {=INDEX(韻母表[台羅拼音], MATCH(TRUE, EXACT($C14, 韻母表[十五音]), 0))} -> at | F14: lat | H14: pat | I14: kat | J14: khat | K14: tat | M14: that | N14: tsat | P14: sat | Q14: at | R14: bat | V14: tshat | W14: hat | X14: at | Y14: 干（促）
B15: {=INDEX(韻母表[韻序], MATCH(TRUE, EXACT($C15, 韻母表[十五音]), 0))} -> 7 | C15: 公（舒） | D15: {=IF( INDEX(韻母表[國際音標2], MATCH(TRUE, EXACT($C15, 韻母表[十五音]), 0))<>"", INDEX(韻母表[國際音標2], MATCH(TRUE, EXACT($C15, 韻母表[十五音]), 0)), INDEX(韻母表[國際音標], MATCH(TRUE, EXACT($C15, 韻母表[十五音]), 0)))} -> ɔŋ | E15: {=INDEX(韻母表[台羅拼音], MATCH(TRUE, EXACT($C15, 韻母表[十五音]), 0))} -> ong | F15: long | H15: pong | I15: kong | J15: khong | K15: tong | L15: phong | M15: thong | N15: tsong | P15: song | Q15: ong | R15: bong | T15: gong | V15: tshong | W15: hong | X15: ong | Y15: 公（舒）
B16: {=INDEX(韻母表[韻序], MATCH(TRUE, EXACT($C16, 韻母表[十五音]), 0))} -> 7 | C16: 公（促） | D16: {=IF( INDEX(韻母表[國際音標2], MATCH(TRUE, EXACT($C16, 韻母表[十五音]), 0))<>"", INDEX(韻母表[國際音標2], MATCH(TRUE, EXACT($C16, 韻母表[十五音]), 0)), INDEX(韻母表[國際音標], MATCH(TRUE, EXACT($C16, 韻母表[十五音]), 0)))} -> ɔk̚ | E16: {=INDEX(韻母表[台羅拼音], MATCH(TRUE, EXACT($C16, 韻母表[十五音]), 0))} -> ok | F16: lok | H16: pok | I16: kok | J16: khok | K16: tok | L16: phok | M16: thok | N16: tsok | P16: sok | Q16: ok | R16: bok | T16: gok | V16: tshok | W16: hok | X16: ok | Y16: 公（促）
B17: {=INDEX(韻母表[韻序], MATCH(TRUE, EXACT($C17, 韻母表[十五音]), 0))} -> 8 | C17: 乖（舒） | D17: {=IF( INDEX(韻母表[國際音標2], MATCH(TRUE, EXACT($C17, 韻母表[十五音]), 0))<>"", INDEX(韻母表[國際音標2], MATCH(TRUE, EXACT($C17, 韻母表[十五音]), 0)), INDEX(韻母表[國際音標], MATCH(TRUE, EXACT($C17, 韻母表[十五音]), 0)))} -> uai | E17: {=INDEX(韻母表[台羅拼音], MATCH(TRUE, EXACT($C17, 韻母表[十五音]), 0))} -> uai | I17: kuai | J17: khuai | P17: suai | Q17: uai | W17: huai | X17: uai | Y17: 乖（舒）
B18: {=INDEX(韻母表[韻序], MATCH(TRUE, EXACT($C18, 韻母表[十五音]), 0))} -> 9 | C18: 經（舒） | D18: {=IF( INDEX(韻母表[國際音標2], MATCH(TRUE, EXACT($C18, 韻母表[十五音]), 0))<>"", INDEX(韻母表[國際音標2], MATCH(TRUE, EXACT($C18, 韻母表[十五音]), 0)), INDEX(韻母表[國際音標], MATCH(TRUE, EXACT($C18, 韻母表[十五音]), 0)))} -> ɛŋ | E18: {=INDEX(韻母表[台羅拼音], MATCH(TRUE, EXACT($C18, 韻母表[十五音]), 0))} -> ing | F18: ling | H18: ping | I18: king | J18: khing | K18: ting | L18: phing | M18: thing | N18: tsing | P18: sing | Q18: ing | R18: bing | T18: ging | V18: tshing | W18: hing | X18: ing | Y18: 經（舒）
B19: {=INDEX(韻母表[韻序], MATCH(TRUE, EXACT($C19, 韻母表[十五音]), 0))} -> 9 | C19: 經（促） | D19: {=IF( INDEX(韻母表[國際音標2], MATCH(TRUE, EXACT($C19, 韻母表[十五音]), 0))<>"", INDEX(韻母表[國際音標2], MATCH(TRUE, EXACT($C19, 韻母表[十五音]), 0)), INDEX(韻母表[國際音標], MATCH(TRUE, EXACT($C19, 韻母表[十五音]), 0)))} -> ɛk | E19: {=INDEX(韻母表[台羅拼音], MATCH(TRUE, EXACT($C19, 韻母表[十五音]), 0))} -> ik | F19: lik | H19: pik | I19: kik | K19: tik | L19: phik | M19: thik | N19: tsik | P19: sik | Q19: ik | R19: bik | T19: gik | V19: tshik | W19: hik | X19: ik | Y19: 經（促）
B20: {=INDEX(韻母表[韻序], MATCH(TRUE, EXACT($C20, 韻母表[十五音]), 0))} -> 10 | C20: 觀（舒） | D20: {=IF( INDEX(韻母表[國際音標2], MATCH(TRUE, EXACT($C20, 韻母表[十五音]), 0))<>"", INDEX(韻母表[國際音標2], MATCH(TRUE, EXACT($C20, 韻母表[十五音]), 0)), INDEX(韻母表[國際音標], MATCH(TRUE, EXACT($C20, 韻母表[十五音]), 0)))} -> uan | E20: {=INDEX(韻母表[台羅拼音], MATCH(TRUE, EXACT($C20, 韻母表[十五音]), 0))} -> uan | F20: luan | H20: puan | I20: kuan | J20: khuan | K20: tuan | L20: phuan | M20: thuan | N20: tsuan | P20: suan | Q20: uan | R20: buan | T20: guan | V20: tshuan | W20: huan | X20: uan | Y20: 觀（舒）
B21: {=INDEX(韻母表[韻序], MATCH(TRUE, EXACT($C21, 韻母表[十五音]), 0))} -> 10 | C21: 觀（促） | D21: {=IF( INDEX(韻母表[國際音標2], MATCH(TRUE, EXACT($C21, 韻母表[十五音]), 0))<>"", INDEX(韻母表[國際音標2], MATCH(TRUE, EXACT($C21, 韻母表[十五音]), 0)), INDEX(韻母表[國際音標], MATCH(TRUE, EXACT($C21, 韻母表[十五音]), 0)))} -> uat̚ | E21: {=INDEX(韻母表[台羅拼音], MATCH(TRUE, EXACT($C21, 韻母表[十五音]), 0))} -> uat | F21: luat | H21: puat | I21: kuat | J21: khuat | K21: tuat | L21: phuat | M21: thuat | N21: tsuat | P21: suat | Q21: uat | R21: buat | T21: guat | W21: huat | X21: uat | Y21: 觀（促）
B22: {=INDEX(韻母表[韻序], MATCH(TRUE, EXACT($C22, 韻母表[十五音]), 0))} -> 11 | C22: 沽（舒） | D22: {=IF( INDEX(韻母表[國際音標2], MATCH(TRUE, EXACT($C22, 韻母表[十五音]), 0))<>"", INDEX(韻母表[國際音標2], MATCH(TRUE, EXACT($C22, 韻母表[十五音]), 0)), INDEX(韻母表[國際音標], MATCH(TRUE, EXACT($C22, 韻母表[十五音]), 0)))} -> ou | E22: {=INDEX(韻母表[台羅拼音], MATCH(TRUE, EXACT($C22, 韻母表[十五音]), 0))} -> oo | F22: loo | G22: noo | H22: poo | I22: koo | J22: khoo | K22: too | L22: phoo | M22: thoo | N22: tsoo | P22: soo | Q22: oo | R22: boo | S22: moo | T22: goo | U22: ngoo | V22: tshoo | W22: hoo | X22: oo | Y22: 沽（舒）
B23: {=INDEX(韻母表[韻序], MATCH(TRUE, EXACT($C23, 韻母表[十五音]), 0))} -> 11 | C23: 沽（促） | D23: {=IF( INDEX(韻母表[國際音標2], MATCH(TRUE, EXACT($C23, 韻母表[十五音]), 0))<>"", INDEX(韻母表[國際音標2], MATCH(TRUE, EXACT($C23, 韻母表[十五音]), 0)), INDEX(韻母表[國際音標], MATCH(TRUE, EXACT($C23, 韻母表[十五音]), 0)))} -> ɔh | E23: {=INDEX(韻母表[台羅拼音], MATCH(TRUE, EXACT($C23, 韻母表[十五音]), 0))} -> ooh | S23: mooh | X23: ooh | Y23: 沽（促）
B24: {=INDEX(韻母表[韻序], MATCH(TRUE, EXACT($C24, 韻母表[十五音]), 0))} -> 12 | C24: 嬌（舒） | D24: {=IF( INDEX(韻母表[國際音標2], MATCH(TRUE, EXACT($C24, 韻母表[十五音]), 0))<>"", INDEX(韻母表[國際音標2], MATCH(TRUE, EXACT($C24, 韻母表[十五音]), 0)), INDEX(韻母表[國際音標], MATCH(TRUE, EXACT($C24, 韻母表[十五音]), 0)))} -> ɪaʊ | E24: {=INDEX(韻母表[台羅拼音], MATCH(TRUE, EXACT($C24, 韻母表[十五音]), 0))} -> iau | F24: liau | G24: niau | H24: piau | I24: kiau | J24: khiau | K24: tiau | L24: phiau | M24: thiau | N24: tsiau | O24: jiau | P24: siau | Q24: iau | R24: biau | S24: miau | T24: giau | U24: ngiau | V24: tshiau | W24: hiau | X24: iau | Y24: 嬌（舒）
B25: {=INDEX(韻母表[韻序], MATCH(TRUE, EXACT($C25, 韻母表[十五音]), 0))} -> 12 | C25: 嬌（促） | D25: {=IF( INDEX(韻母表[國際音標2], MATCH(TRUE, EXACT($C25, 韻母表[十五音]), 0))<>"", INDEX(韻母表[國際音標2], MATCH(TRUE, EXACT($C25, 韻母表[十五音]), 0)), INDEX(韻母表[國際音標], MATCH(TRUE, EXACT($C25, 韻母表[十五音]), 0)))} -> ɪaʊʔ | E25: {=INDEX(韻母表[台羅拼音], MATCH(TRUE, EXACT($C25, 韻母表[十五音]), 0))} -> iauh | J25: khiauh | U25: ngiauh | W25: hiauh | X25: iauh | Y25: 嬌（促）
B26: {=INDEX(韻母表[韻序], MATCH(TRUE, EXACT($C26, 韻母表[十五音]), 0))} -> 13 | C26: 稽（舒） | D26: {=IF( INDEX(韻母表[國際音標2], MATCH(TRUE, EXACT($C26, 韻母表[十五音]), 0))<>"", INDEX(韻母表[國際音標2], MATCH(TRUE, EXACT($C26, 韻母表[十五音]), 0)), INDEX(韻母表[國際音標], MATCH(TRUE, EXACT($C26, 韻母表[十五音]), 0)))} -> ei | E26: {=INDEX(韻母表[台羅拼音], MATCH(TRUE, EXACT($C26, 韻母表[十五音]), 0))} -> e | F26: le | G26: ne | H26: pe | I26: ke | J26: khe | K26: te | L26: phe | M26: the | N26: tse | P26: se | Q26: e | R26: be | S26: me | T26: ge | U26: nge | V26: tshe | W26: he | X26: e | Y26: 稽（舒）
B27: {=INDEX(韻母表[韻序], MATCH(TRUE, EXACT($C27, 韻母表[十五音]), 0))} -> 14 | C27: 恭（舒） | D27: {=IF( INDEX(韻母表[國際音標2], MATCH(TRUE, EXACT($C27, 韻母表[十五音]), 0))<>"", INDEX(韻母表[國際音標2], MATCH(TRUE, EXACT($C27, 韻母表[十五音]), 0)), INDEX(韻母表[國際音標], MATCH(TRUE, EXACT($C27, 韻母表[十五音]), 0)))} -> ɪɔŋ | E27: {=INDEX(韻母表[台羅拼音], MATCH(TRUE, EXACT($C27, 韻母表[十五音]), 0))} -> iong | F27: liong | I27: kiong | J27: khiong | K27: tiong | M27: thiong | N27: tsiong | O27: jiong | P27: siong | Q27: iong | T27: giong | V27: tshiong | W27: hiong | X27: iong | Y27: 恭（舒）
B28: {=INDEX(韻母表[韻序], MATCH(TRUE, EXACT($C28, 韻母表[十五音]), 0))} -> 14 | C28: 恭（促） | D28: {=IF( INDEX(韻母表[國際音標2], MATCH(TRUE, EXACT($C28, 韻母表[十五音]), 0))<>"", INDEX(韻母表[國際音標2], MATCH(TRUE, EXACT($C28, 韻母表[十五音]), 0)), INDEX(韻母表[國際音標], MATCH(TRUE, EXACT($C28, 韻母表[十五音]), 0)))} -> ɪɔk̚ | E28: {=INDEX(韻母表[台羅拼音], MATCH(TRUE, EXACT($C28, 韻母表[十五音]), 0))} -> iok | F28: liok | I28: kiok | J28: khiok | K28: tiok | M28: thiok | N28: tsiok | O28: jiok | P28: siok | Q28: iok | T28: giok | V28: tshiok | W28: hiok | X28: iok | Y28: 恭（促）
B29: {=INDEX(韻母表[韻序], MATCH(TRUE, EXACT($C29, 韻母表[十五音]), 0))} -> 15 | C29: 高（舒） | D29: {=IF( INDEX(韻母表[國際音標2], MATCH(TRUE, EXACT($C29, 韻母表[十五音]), 0))<>"", INDEX(韻母表[國際音標2], MATCH(TRUE, EXACT($C29, 韻母表[十五音]), 0)), INDEX(韻母表[國際音標], MATCH(TRUE, EXACT($C29, 韻母表[十五音]), 0)))} -> ə | E29: {=INDEX(韻母表[台羅拼音], MATCH(TRUE, EXACT($C29, 韻母表[十五音]), 0))} -> o | F29: lo | H29: po | I29: ko | J29: kho | K29: to | L29: pho | M29: tho | N29: tso | P29: so | Q29: o | R29: bo | T29: go | V29: tsho | W29: ho | X29: o | Y29: 高（舒）
B30: {=INDEX(韻母表[韻序], MATCH(TRUE, EXACT($C30, 韻母表[十五音]), 0))} -> 15 | C30: 高（促） | D30: {=IF( INDEX(韻母表[國際音標2], MATCH(TRUE, EXACT($C30, 韻母表[十五音]), 0))<>"", INDEX(韻母表[國際音標2], MATCH(TRUE, EXACT($C30, 韻母表[十五音]), 0)), INDEX(韻母表[國際音標], MATCH(TRUE, EXACT($C30, 韻母表[十五音]), 0)))} -> əʔ | E30: {=INDEX(韻母表[台羅拼音], MATCH(TRUE, EXACT($C30, 韻母表[十五音]), 0))} -> oh | F30: loh | H30: poh | I30: koh | K30: toh | L30: phoh | M30: thoh | N30: tsoh | P30: soh | Q30: oh | V30: tshoh | W30: hoh | X30: oh | Y30: 高（促）
B31: {=INDEX(韻母表[韻序], MATCH(TRUE, EXACT($C31, 韻母表[十五音]), 0))} -> 16 | C31: 皆（舒） | D31: {=IF( INDEX(韻母表[國際音標2], MATCH(TRUE, EXACT($C31, 韻母表[十五音]), 0))<>"", INDEX(韻母表[國際音標2], MATCH(TRUE, EXACT($C31, 韻母表[十五音]), 0)), INDEX(韻母表[國際音標], MATCH(TRUE, EXACT($C31, 韻母表[十五音]), 0)))} -> aɪ | E31: {=INDEX(韻母表[台羅拼音], MATCH(TRUE, EXACT($C31, 韻母表[十五音]), 0))} -> ai | F31: lai | G31: nai | H31: pai | I31: kai | J31: khai | K31: tai | L31: phai | M31: thai | N31: tsai | P31: sai | Q31: ai | R31: bai | S31: mai | T31: gai | U31: ngai | V31: tshai | W31: hai | X31: ai | Y31: 皆（舒）
B32: {=INDEX(韻母表[韻序], MATCH(TRUE, EXACT($C32, 韻母表[十五音]), 0))} -> 17 | C32: 巾（舒） | D32: {=IF( INDEX(韻母表[國際音標2], MATCH(TRUE, EXACT($C32, 韻母表[十五音]), 0))<>"", INDEX(韻母表[國際音標2], MATCH(TRUE, EXACT($C32, 韻母表[十五音]), 0)), INDEX(韻母表[國際音標], MATCH(TRUE, EXACT($C32, 韻母表[十五音]), 0)))} -> in | E32: {=INDEX(韻母表[台羅拼音], MATCH(TRUE, EXACT($C32, 韻母表[十五音]), 0))} -> in | F32: lin | H32: pin | I32: kin | J32: khin | K32: tin | L32: phin | M32: thin | N32: tsin | O32: jin | P32: sin | Q32: in | R32: bin | T32: gin | V32: tshin | W32: hin | X32: in | Y32: 巾（舒）
B33: {=INDEX(韻母表[韻序], MATCH(TRUE, EXACT($C33, 韻母表[十五音]), 0))} -> 17 | C33: 巾（促） | D33: {=IF( INDEX(韻母表[國際音標2], MATCH(TRUE, EXACT($C33, 韻母表[十五音]), 0))<>"", INDEX(韻母表[國際音標2], MATCH(TRUE, EXACT($C33, 韻母表[十五音]), 0)), INDEX(韻母表[國際音標], MATCH(TRUE, EXACT($C33, 韻母表[十五音]), 0)))} -> it̚ | E33: {=INDEX(韻母表[台羅拼音], MATCH(TRUE, EXACT($C33, 韻母表[十五音]), 0))} -> it | H33: pit | I33: kit | J33: khit | K33: tit | L33: phit | N33: tsit | O33: jit | P33: sit | Q33: it | R33: bit | V33: tshit | W33: hit | X33: it | Y33: 巾（促）
B34: {=INDEX(韻母表[韻序], MATCH(TRUE, EXACT($C34, 韻母表[十五音]), 0))} -> 18 | C34: 姜（舒） | D34: {=IF( INDEX(韻母表[國際音標2], MATCH(TRUE, EXACT($C34, 韻母表[十五音]), 0))<>"", INDEX(韻母表[國際音標2], MATCH(TRUE, EXACT($C34, 韻母表[十五音]), 0)), INDEX(韻母表[國際音標], MATCH(TRUE, EXACT($C34, 韻母表[十五音]), 0)))} -> ɪaŋ | E34: {=INDEX(韻母表[台羅拼音], MATCH(TRUE, EXACT($C34, 韻母表[十五音]), 0))} -> iang | F34: liang | H34: piang | J34: khiang | L34: phiang | N34: tsiang | O34: jiang | P34: siang | Q34: iang | T34: giang | V34: tshiang | W34: hiang | X34: iang | Y34: 姜（舒）
B35: {=INDEX(韻母表[韻序], MATCH(TRUE, EXACT($C35, 韻母表[十五音]), 0))} -> 18 | C35: 姜（促） | D35: {=IF( INDEX(韻母表[國際音標2], MATCH(TRUE, EXACT($C35, 韻母表[十五音]), 0))<>"", INDEX(韻母表[國際音標2], MATCH(TRUE, EXACT($C35, 韻母表[十五音]), 0)), INDEX(韻母表[國際音標], MATCH(TRUE, EXACT($C35, 韻母表[十五音]), 0)))} -> ɪak̚ | E35: {=INDEX(韻母表[台羅拼音], MATCH(TRUE, EXACT($C35, 韻母表[十五音]), 0))} -> iak | H35: piak | J35: khiak | K35: tiak | L35: phiak | P35: siak | V35: tshiak | X35: iak | Y35: 姜（促）
B36: {=INDEX(韻母表[韻序], MATCH(TRUE, EXACT($C36, 韻母表[十五音]), 0))} -> 19 | C36: 甘（舒） | D36: {=IF( INDEX(韻母表[國際音標2], MATCH(TRUE, EXACT($C36, 韻母表[十五音]), 0))<>"", INDEX(韻母表[國際音標2], MATCH(TRUE, EXACT($C36, 韻母表[十五音]), 0)), INDEX(韻母表[國際音標], MATCH(TRUE, EXACT($C36, 韻母表[十五音]), 0)))} -> am | E36: {=INDEX(韻母表[台羅拼音], MATCH(TRUE, EXACT($C36, 韻母表[十五音]), 0))} -> am | F36: lam | I36: kam | J36: kham | K36: tam | M36: tham | N36: tsam | P36: sam | Q36: am | T36: gam | V36: tsham | W36: ham | X36: am | Y36: 甘（舒）
B37: {=INDEX(韻母表[韻序], MATCH(TRUE, EXACT($C37, 韻母表[十五音]), 0))} -> 19 | C37: 甘（促） | D37: {=IF( INDEX(韻母表[國際音標2], MATCH(TRUE, EXACT($C37, 韻母表[十五音]), 0))<>"", INDEX(韻母表[國際音標2], MATCH(TRUE, EXACT($C37, 韻母表[十五音]), 0)), INDEX(韻母表[國際音標], MATCH(TRUE, EXACT($C37, 韻母表[十五音]), 0)))} -> ap̚ | E37: {=INDEX(韻母表[台羅拼音], MATCH(TRUE, EXACT($C37, 韻母表[十五音]), 0))} -> ap | F37: lap | I37: kap | J37: khap | K37: tap | M37: thap | N37: tsap | P37: sap | Q37: ap | V37: tshap | W37: hap | X37: ap | Y37: 甘（促）
B38: {=INDEX(韻母表[韻序], MATCH(TRUE, EXACT($C38, 韻母表[十五音]), 0))} -> 20 | C38: 瓜（舒） | D38: {=IF( INDEX(韻母表[國際音標2], MATCH(TRUE, EXACT($C38, 韻母表[十五音]), 0))<>"", INDEX(韻母表[國際音標2], MATCH(TRUE, EXACT($C38, 韻母表[十五音]), 0)), INDEX(韻母表[國際音標], MATCH(TRUE, EXACT($C38, 韻母表[十五音]), 0)))} -> ua | E38: {=INDEX(韻母表[台羅拼音], MATCH(TRUE, EXACT($C38, 韻母表[十五音]), 0))} -> ua | F38: lua | G38: nua | H38: pua | I38: kua | J38: khua | K38: tua | L38: phua | M38: thua | N38: tsua | P38: sua | Q38: ua | R38: bua | S38: mua | T38: gua | V38: tshua | W38: hua | X38: ua | Y38: 瓜（舒）
B39: {=INDEX(韻母表[韻序], MATCH(TRUE, EXACT($C39, 韻母表[十五音]), 0))} -> 20 | C39: 瓜（促） | D39: {=IF( INDEX(韻母表[國際音標2], MATCH(TRUE, EXACT($C39, 韻母表[十五音]), 0))<>"", INDEX(韻母表[國際音標2], MATCH(TRUE, EXACT($C39, 韻母表[十五音]), 0)), INDEX(韻母表[國際音標], MATCH(TRUE, EXACT($C39, 韻母表[十五音]), 0)))} -> uaʔ | E39: {=INDEX(韻母表[台羅拼音], MATCH(TRUE, EXACT($C39, 韻母表[十五音]), 0))} -> uah | F39: luah | H39: puah | I39: kuah | J39: khuah | L39: phuah | M39: thuah | N39: tsuah | O39: juah | P39: suah | Q39: uah | R39: buah | V39: tshuah | W39: huah | X39: uah | Y39: 瓜（促）
B40: {=INDEX(韻母表[韻序], MATCH(TRUE, EXACT($C40, 韻母表[十五音]), 0))} -> 21 | C40: 江（舒） | D40: {=IF( INDEX(韻母表[國際音標2], MATCH(TRUE, EXACT($C40, 韻母表[十五音]), 0))<>"", INDEX(韻母表[國際音標2], MATCH(TRUE, EXACT($C40, 韻母表[十五音]), 0)), INDEX(韻母表[國際音標], MATCH(TRUE, EXACT($C40, 韻母表[十五音]), 0)))} -> aŋ | E40: {=INDEX(韻母表[台羅拼音], MATCH(TRUE, EXACT($C40, 韻母表[十五音]), 0))} -> ang | F40: lang | H40: pang | I40: kang | J40: khang | K40: tang | L40: phang | M40: thang | N40: tsang | P40: sang | Q40: ang | R40: bang | T40: gang | V40: tshang | W40: hang | X40: ang | Y40: 江（舒）
