Workbook
Name 方音符號: #REF!
Name 方音符號: #REF!
Name 方音符號: #REF!
Name 方音符號: #REF!
Name 方音符號: #REF!
Name 方音符號: #REF!
Name 方音符號: #REF!
Name 方音符號: [1]RIME編碼!$AA$3:$AA$45
Name 字典編碼: #REF!
Name 字典編碼: #REF!
Name 字典編碼: #REF!
Name 字典編碼: #REF!
Name 字典編碼: #REF!
Name 字典編碼: #REF!
Name 字典編碼: #REF!
Name 字典編碼: [1]RIME編碼!$AB$3:$AB$45
Name 注音符號: #REF!
Name 注音編碼: #REF!
Name 拼音字母: #REF!
Name 拼音字母: #REF!
Name 拼音字母: #REF!
Name 拼音字母: #REF!
Name 拼音字母: #REF!
Name 拼音字母: #REF!
Name 拼音字母: #REF!
Name 拼音字母: [1]RIME編碼!$AC$3:$AC$45
Name 鍵盤位置: #REF!
Name 鍵盤位置: #REF!
Name 鍵盤位置: #REF!
Name 鍵盤位置: #REF!
Name 鍵盤位置: #REF!
Name 鍵盤位置: #REF!
Name 鍵盤位置: #REF!
Name 鍵盤位置: [1]RIME編碼!$W$3:$W$40
Name 鍵盤按鍵: #REF!

Sheet 注音編碼對照表
B1: 聲母與韻母表
B2: 序號 | C2: 國際音標 | D2: 台語音標 | E2: 注音符號 | F2: 漢字例 | G2: 聲韻調 | H2: 十五音 | I2: 台羅拼音 | J2: 白話字 | K2: 閩拼方案 | L2: 注音二式 | M2: 附註
B3: =ROW() - 2 -> 1 | C3: b | D3: b | E3: ㆠ | F3: 眉 | G3: 聲 | H3: 門 | I3: b | J3: b | K3: bb | L3: bb
B4: =ROW() - 2 -> 2 | C4: p | D4: p | E4: ㄅ | F4: 幫 | G4: 聲 | H4: 邊 | I4: p | J4: p | K4: b | L4: b
B5: =ROW() - 2 -> 3 | C5: pʰ | D5: ph | E5: ㄆ | F5: 普 | G5: 聲 | H5: 頗 | I5: ph | J5: ph | K5: p | L5: p
B6: =ROW() - 2 -> 4 | C6: m | D6: m | E6: ㄇ | F6: 名 | G6: 聲 | H6: 門 | I6: m | J6: m | K6: bbn | L6: m | M6: 門/毛
B7: =ROW() - 2 -> 5 | C7: n | D7: n | E7: ㄋ | F7: 泥 | G7: 聲 | H7: 柳 | I7: n | J7: n | K7: ln | L7: n | M7: 柳/耐
B8: =ROW() - 2 -> 6 | C8: t | D8: t | E8: ㄉ | F8: 端 | G8: 聲 | H8: 地 | I8: t | J8: t | K8: d | L8: d
B9: =ROW() - 2 -> 7 | C9: tʰ | D9: th | E9: ㄊ | F9: 透 | G9: 聲 | H9: 他 | I9: th | J9: th | K9: t | L9: t
B10: =ROW() - 2 -> 8 | C10: l | D10: l | E10: ㄌ | F10: 來 | G10: 聲 | H10: 柳 | I10: l | J10: l | K10: l | L10: l
B11: =ROW() - 2 -> 9 | C11: g | D11: g | E11: ㆣ | F11: 疑 | G11: 聲 | H11: 語 | I11: g | J11: g | K11: gg | L11: gg
B12: =ROW() - 2 -> 10 | C12: k | D12: k | E12: ㄍ | F12: 見 | G12: 聲 | H12: 求 | I12: k | J12: k | K12: g | L12: g
B13: =ROW() - 2 -> 11 | C13: kʰ | D13: kh | E13: ㄎ | F13: 溪 | G13: 聲 | H13: 氣 | I13: kh | J13: kh | K13: k | L13: k
B14: =ROW() - 2 -> 12 | C14: ŋ | D14: ng | E14: ㄫ | F14: 吳 | G14: 聲 | H14: 語 | I14: ng | J14: ng | K14: ggn | L14: ng | M14: 語/雅
B15: =ROW() - 2 -> 13 | C15: d͡z | D15: j | E15: ㆡ | F15: 熱 | G15: 聲 | H15: 入 | I15: j | J15: j | K15: zz | L15: zz
B16: =ROW() - 2 -> 14 | C16: t͡s | D16: z | E16: ㄗ | F16: 裝 | G16: 聲 | H16: 曾 | I16: ts | J16: ch | K16: z | L16: z
B17: =ROW() - 2 -> 15 | C17: t͡sʰ | D17: c | E17: ㄘ | F17: 初 | G17: 聲 | H17: 出 | I17: tsh | J17: chh | K17: c | L17: c
B18: =ROW() - 2 -> 16 | C18: s | D18: s | E18: ㄙ | F18: 疏 | G18: 聲 | H18: 時 | I18: s | J18: s | K18: s | L18: s
B19: =ROW() - 2 -> 17 | C19: h | D19: h | E19: ㄏ | F19: 雨 | G19: 聲 | H19: 喜 | I19: h | J19: h | K19: h | L19: h | M19: h入聲韻尾編碼：【H】
B20: =ROW() - 2 -> 18 | C20: d͡ʑ | D20: ji | E20: ㆢ | F20: 日 | G20: 聲 | H20: 入 | I20: ji | J20: ji | L20: jj
B21: =ROW() - 2 -> 19 | C21: t͡ɕ | D21: zi | E21: ㄐ | F21: 精 | G21: 聲 | H21: 曾 | I21: zi | J21: zi | L21: j
B22: =ROW() - 2 -> 20 | C22: t͡ɕʰ | D22: ci | E22: ㄑ | F22: 清 | G22: 聲 | H22: 出 | I22: ci | J22: ci | L22: ch
B23: =ROW() - 2 -> 21 | C23: ɕ | D23: si | E23: ㄒ | F23: 心 | G23: 聲 | H23: 時 | I23: si | J23: si | L23: sh
B24: =ROW() - 2 -> 22 | C24: a | D24: a | E24: ㄚ | F24: 阿 | G24: 韻 | H24: 膠 | I24: a | J24: a | K24: a | L24: a
B25: =ROW() - 2 -> 23 | C25: i | D25: i | E25: ㄧ | F25: 伊 | G25: 韻 | H25: 居 | I25: i | J25: i | K25: i | L25: i
B26: =ROW() - 2 -> 24 | C26: ɯ | D26: ir | E26: ㆨ | F26: 猪 | G26: 韻 | I26: ir | J26: ir | K26: eu | L26: ir
B27: =ROW() - 2 -> 25 | C27: u | D27: u | E27: ㄨ | F27: 污 | G27: 韻 | H27: 艍 | I27: u | J27: u | K27: u | L27: u
B28: =ROW() - 2 -> 26 | C28: e | D28: e | E28: ㆤ | F28: 稽 | G28: 韻 | H28: 伽 | I28: e | J28: e | K28: e | L28: e
B29: =ROW() - 2 -> 27 | C29: ɔ | D29: oo | E29: ㆦ | F29: 烏 | G29: 韻 | H29: 沽 | I29: oo | J29: oo | K29: oo | L29: oo
B30: =ROW() - 2 -> 28 | C30: o | D30: o | E30: ㄜ | F30: 蚵 | G30: 韻 | H30: 高 | I30: o | J30: o | K30: o | L30: or
B31: =ROW() - 2 -> 29 | C31: m̩ | D31: -m | E31: ㆬ | F31: 姆 | G31: 韻 | H31: 姆 | I31: m | J31: m | K31: m | L31: m
B32: =ROW() - 2 -> 30 | C32: n | D32: -n | E32: ㄣ | F32: 恩 | G32: 韻 | I32: n | J32: n | K32: n | L32: n | M32: n鼻音韻尾編碼：【N】
B33: =ROW() - 2 -> 31 | C33: ŋ̍ | D33: -ng | E33: ㆭ | F33: 秧 | G33: 韻 | H33: 鋼 | I33: ng | J33: ng | K33: ng | L33: ng | M33: ng鼻音韻尾編碼：【G】
B34: =ROW() - 2 -> 32 | C34: ai | D34: ai | E34: ㄞ | F34: 哀 | G34: 韻 | H34: 皆 | I34: ai | J34: ai | K34: ai | L34: ai
B35: =ROW() - 2 -> 33 | C35: aʊ | D35: au | E35: ㄠ | F35: 甌 | G35: 韻 | H35: 交 | I35: au | J35: au | K35: ao | L35: au
B36: =ROW() - 2 -> 34 | C36: am | D36: am | E36: ㆰ | F36: 庵 | G36: 韻 | H36: 甘 | I36: am | J36: am | K36: am | L36: am | M36: 【ㆱ】共用【m】按鍵；【編碼】=【v】
B37: =ROW() - 2 -> 35 | C37: an | D37: an | E37: ㄢ | F37: 安 | G37: 韻 | H37: 干 | I37: an | J37: an | K37: an | L37: an
B38: =ROW() - 2 -> 36 | C38: aŋ | D38: ang | E38: ㄤ | F38: 尪 | G38: 韻 | H38: 江 | I38: ang | J38: ang | K38: ang | L38: ang
B39: =ROW() - 2 -> 37 | C39: ɔm | D39: om | E39: ㆱ | F39: 丼 | G39: 韻 | H39: 箴 | I39: om | J39: om | K39: - | L39: om | M39: 【ㆱ】共用【m】按鍵；【編碼】=【v】
B40: =ROW() - 2 -> 38 | C40: ɔŋ | D40: ong | E40: ㆲ | F40: 汪 | G40: 韻 | H40: 公 | I40: ong | J40: ong | K40: ong | L40: ong | M40: 原用【H】；ang【f】；ong【F】
B41: =ROW() - 2 -> 39 | C41: ã | D41: ann | E41: ㆩ | F41: 餡 | G41: 韻 | H41: 監 | I41: ann | J41: ann | K41: na | L41: ann
B42: =ROW() - 2 -> 40 | C42: ĩ | D42: inn | E42: ㆪ | F42: 燕 | G42: 韻 | H42: 梔 | I42: inn | J42: inn | K42: ni | L42: inn
B43: =ROW() - 2 -> 41 | C43: ũ | D43: unn | E43: ㆫ | F43: 楊 | G43: 韻 | I43: unn | J43: unn | K43: nu | L43: unn
B44: =ROW() - 2 -> 42 | C44: ẽ | D44: enn | E44: ㆥ | F44: 嬰 | G44: 韻 | H44: 更 | I44: enn | J44: enn | K44: ne | L44: enn
B45: =ROW() - 2 -> 43 | C45: ɔ̃ | D45: onn | E45: ㆧ | F45: 好 | G45: 韻 | H45: 姑 | I45: onn | J45: onn | K45: noo | L45: oonn
B46: =ROW() - 2 -> 44 | C46: ãĩ | D46: ainn | E46: ㆮ | F46: 閂 | G46: 韻 | H46: 閒 | I46: ainn | J46: ainn | K46: nai | L46: ainn
B47: =ROW() - 2 -> 45 | C47: ĩũ | D47: aunn | E47: ㆯ | F47: 爻 | G47: 韻 | H47: 爻 | I47: aunn | J47: aunn | K47: nao | L47: aunn
B48: =ROW() - 2 -> 46 | C48: p̚ | D48: -p | E48: ㆴ | F48: 哈沓 | G48: 韻尾 | I48: p | J48: p | K48: p | L48: p | M48: p入聲韻尾
B49: =ROW() - 2 -> 47 | C49: t̚ | D49: -t | E49: ㆵ | F49: 叭別 | G49: 韻尾 | I49: t | J49: t | K49: t | L49: t | M49: t入聲韻尾
B50: =ROW() - 2 -> 48 | C50: k̚ | D50: -k | E50: ㆻ | F50: 德俗 | G50: 韻尾 | I50: k | J50: k | K50: k | L50: k | M50: k入聲韻尾
B51: =ROW() - 2 -> 49 | C51: ʔ | D51: -k | E51: ㆷ | F51: 佰薄 | G51: 韻尾 | I51: h | J51: h | K51: h | L51: h | M51: h入聲韻尾
B52: =ROW() - 2 -> 50 | D52: 0 | E52: ˙ | G52: 調 | I52: 0 | J52: 0 | K52: 0 | L52: 0 | M52: 國語注音符號輕聲按鍵
B53: =ROW() - 2 -> 51 | D53: 7 | E53: ˫ | G53: 調 | I53: 7 | J53: 7 | K53: 6 | L53: 7
B54: =ROW() - 2 -> 52 | D54: 3 | E54: ˪ | G54: 調 | I54: 3 | J54: 3 | K54: 5 | L54: 3
B55: =ROW() - 2 -> 53 | D55: 2 | E55: ˋ | G55: 調 | I55: 2 | J55: 2 | K55: 3 | L55: 2
B56: =ROW() - 2 -> 54 | D56: 5 | E56: ˊ | G56: 調 | I56: 5 | J56: 5 | K56: 2 | L56: 5

Sheet 按鍵設計
U1: 公式準則
U2: =LEN(#REF!)>0 -> #REF!
B4: 序號 | C4: 鍵盤按鍵 | D4: 台語音標 | E4: 字典編碼 | F4: 極簡編碼 | G4: 注音符號 | H4: 漢字例 | I4: 聲韻調 | J4: 十五音 | K4: 注音二式 | L4: 台羅拼音 | M4: 白話字 | N4: 閩拼方案 | O4: 附註 | T4: 序號 | U4: 鍵盤按鍵 | V4: 注音符號 | W4: 注音編碼 | X4: 注音二式 | Y4: 閩拼方案 | Z4: 台語拼音 | AA4: 聲韻調 | AB4: 附註 | AD4: 序號 | AE4: 按鍵字元 | AF4: 按鍵編碼 | AG4: 注音符號 | AH4: 音標字母 | AJ4: 按鍵編碼 | AK4: 鍵盤按鍵 | AL4: 國際音標 | AM4: 注音符號 | AN4: 注音二式 | AO4: 台語音標
B5: =ROW() - 4 -> 1 | C5: ! | D5: b | E5: b | F5: b | G5: =_xlfn.XLOOKUP(按鍵設計表[[#This Row],[台語音標]], 注音編碼對照表[台語音標], 注音編碼對照表[注音符號], "") -> ㆠ | H5: =_xlfn.XLOOKUP(按鍵設計表[[#This Row],[台語音標]], 注音編碼對照表[台語音標], 注音編碼對照表[漢字例], "") -> 眉 | I5: =_xlfn.XLOOKUP(按鍵設計表[[#This Row],[台語音標]], 注音編碼對照表[台語音標], 注音編碼對照表[聲韻調], "") -> 聲 | J5: =_xlfn.XLOOKUP(按鍵設計表[[#This Row],[台語音標]], 注音編碼對照表[台語音標], 注音編碼對照表[十五音], "") -> 門 | K5: =_xlfn.XLOOKUP(按鍵設計表[[#This Row],[台語音標]], 注音編碼對照表[台語音標], 注音編碼對照表[注音二式], "") -> bb | L5: =_xlfn.XLOOKUP(按鍵設計表[[#This Row],[台語音標]], 注音編碼對照表[台語音標], 注音編碼對照表[台羅拼音], "") -> b | M5: =_xlfn.XLOOKUP(按鍵設計表[[#This Row],[台語音標]], 注音編碼對照表[台語音標], 注音編碼對照表[白話字], "") -> b | N5: =_xlfn.XLOOKUP(按鍵設計表[[#This Row],[台語音標]], 注音編碼對照表[台語音標], 注音編碼對照表[閩拼方案], "") -> bb | Q5: =LEN(按鍵設計表[[#This Row],[注音符號]]) -> 1 | S5: =ROW() - 4 -> 1 | T5: =ROW() - 4 -> 1 | U5: 1 | V5: ㄅ | W5: p | X5: b | Y5: b | Z5: p | AA5: 聲 | AB5: p入聲韻尾編碼：【P】 | AD5: 1 | AE5: 1 | AF5: b | AG5: ㄅ | AH5: b | AJ5: 1 | AK5: =CHAR(32) | AM5: ˉ | AN5: 1 | AO5: 1
B6: =ROW() - 4 -> 2 | C6: 1 | D6: p | E6: p | F6: p | G6: =_xlfn.XLOOKUP(按鍵設計表[[#This Row],[台語音標]], 注音編碼對照表[台語音標], 注音編碼對照表[注音符號], "") -> ㄅ | H6: =_xlfn.XLOOKUP(按鍵設計表[[#This Row],[台語音標]], 注音編碼對照表[台語音標], 注音編碼對照表[漢字例], "") -> 幫 | I6: =_xlfn.XLOOKUP(按鍵設計表[[#This Row],[台語音標]], 注音編碼對照表[台語音標], 注音編碼對照表[聲韻調], "") -> 聲 | J6: =_xlfn.XLOOKUP(按鍵設計表[[#This Row],[台語音標]], 注音編碼對照表[台語音標], 注音編碼對照表[十五音], "") -> 邊 | K6: =_xlfn.XLOOKUP(按鍵設計表[[#This Row],[台語音標]], 注音編碼對照表[台語音標], 注音編碼對照表[注音二式], "") -> b | L6: =_xlfn.XLOOKUP(按鍵設計表[[#This Row],[台語音標]], 注音編碼對照表[台語音標], 注音編碼對照表[台羅拼音], "") -> p | M6: =_xlfn.XLOOKUP(按鍵設計表[[#This Row],[台語音標]], 注音編碼對照表[台語音標], 注音編碼對照表[白話字], "") -> p | N6: =_xlfn.XLOOKUP(按鍵設計表[[#This Row],[台語音標]], 注音編碼對照表[台語音標], 注音編碼對照表[閩拼方案], "") -> b | O6: p入聲韻尾編碼：【P】 | P6: =ISBLANK(按鍵設計表[[#This Row],[注音符號]]) -> FALSE | Q6: =LEN(按鍵設計表[[#This Row],[注音符號]]) -> 1 | S6: =ROW() - 4 -> 2 | T6: =ROW() - 4 -> 2 | U6: ! | V6: ㆠ | W6: b | X6: bb | Y6: bb | Z6: b | AA6: 聲 | AD6: 2 | AE6: ! | AF6: B | AG6: ㆠ | AH6: bb | AJ6: 2 | AK6: 4 | AM6: ˋ | AN6: 2 | AO6: 2
B7: =ROW() - 4 -> 3 | C7: q | D7: ph | E7: P | F7: P | G7: =_xlfn.XLOOKUP(按鍵設計表[[#This Row],[台語音標]], 注音編碼對照表[台語音標], 注音編碼對照表[注音符號], "") -> ㄆ | H7: =_xlfn.XLOOKUP(按鍵設計表[[#This Row],[台語音標]], 注音編碼對照表[台語音標], 注音編碼對照表[漢字例], "") -> 普 | I7: =_xlfn.XLOOKUP(按鍵設計表[[#This Row],[台語音標]], 注音編碼對照表[台語音標], 注音編碼對照表[聲韻調], "") -> 聲 | J7: =_xlfn.XLOOKUP(按鍵設計表[[#This Row],[台語音標]], 注音編碼對照表[台語音標], 注音編碼對照表[十五音], "") -> 頗 | K7: =_xlfn.XLOOKUP(按鍵設計表[[#This Row],[台語音標]], 注音編碼對照表[台語音標], 注音編碼對照表[注音二式], "") -> p | L7: =_xlfn.XLOOKUP(按鍵設計表[[#This Row],[台語音標]], 注音編碼對照表[台語音標], 注音編碼對照表[台羅拼音], "") -> ph | M7: =_xlfn.XLOOKUP(按鍵設計表[[#This Row],[台語音標]], 注音編碼對照表[台語音標], 注音編碼對照表[白話字], "") -> ph | N7: =_xlfn.XLOOKUP(按鍵設計表[[#This Row],[台語音標]], 注音編碼對照表[台語音標], 注音編碼對照表[閩拼方案], "") -> p | Q7: =LEN(按鍵設計表[[#This Row],[注音符號]]) -> 1 | S7: =ROW() - 4 -> 3 | T7: =ROW() - 4 -> 3 | U7: q | V7: ㄆ | W7: P | X7: p | Y7: p | Z7: ph | AA7: 聲 | AD7: 3 | AE7: q | AF7: p | AG7: ㄆ | AH7: p | AJ7: 3 | AK7: 3 | AM7: ˪ | AN7: 3 | AO7: 3
B8: =ROW() - 4 -> 4 | C8: a | D8: m | E8: m | F8: b | G8: =_xlfn.XLOOKUP(按鍵設計表[[#This Row],[台語音標]], 注音編碼對照表[台語音標], 注音編碼對照表[注音符號], "") -> ㄇ | H8: =_xlfn.XLOOKUP(按鍵設計表[[#This Row],[台語音標]], 注音編碼對照表[台語音標], 注音編碼對照表[漢字例], "") -> 名 | I8: =_xlfn.XLOOKUP(按鍵設計表[[#This Row],[台語音標]], 注音編碼對照表[台語音標], 注音編碼對照表[聲韻調], "") -> 聲 | J8: =_xlfn.XLOOKUP(按鍵設計表[[#This Row],[台語音標]], 注音編碼對照表[台語音標], 注音編碼對照表[十五音], "") -> 門 | K8: =_xlfn.XLOOKUP(按鍵設計表[[#This Row],[台語音標]], 注音編碼對照表[台語音標], 注音編碼對照表[注音二式], "") -> m | L8: =_xlfn.XLOOKUP(按鍵設計表[[#This Row],[台語音標]], 注音編碼對照表[台語音標], 注音編碼對照表[台羅拼音], "") -> m | M8: =_xlfn.XLOOKUP(按鍵設計表[[#This Row],[台語音標]], 注音編碼對照表[台語音標], 注音編碼對照表[白話字], "") -> m | N8: =_xlfn.XLOOKUP(按鍵設計表[[#This Row],[台語音標]], 注音編碼對照表[台語音標], 注音編碼對照表[閩拼方案], "") -> bbn | O8: m鼻音韻尾編碼：【M】 | Q8: =LEN(按鍵設計表[[#This Row],[注音符號]]) -> 1 | S8: =ROW() - 4 -> 4 | T8: =ROW() - 4 -> 4 | U8: a | V8: ㄇ | W8: m | X8: m | Y8: bbn | Z8: m | AA8: 聲 | AB8: m鼻音韻尾編碼：【M】 | AD8: 4 | AE8: a | AF8: m | AG8: ㄇ | AH8: m | AJ8: 5 | AK8: 6 | AM8: ˊ | AN8: 5 | AO8: 5
B9: =ROW() - 4 -> 5 | C9: s | D9: n | E9: n | F9: n | G9: =_xlfn.XLOOKUP(按鍵設計表[[#This Row],[台語音標]], 注音編碼對照表[台語音標], 注音編碼對照表[注音符號], "") -> ㄋ | H9: =_xlfn.XLOOKUP(按鍵設計表[[#This Row],[台語音標]], 注音編碼對照表[台語音標], 注音編碼對照表[漢字例], "") -> 泥 | I9: =_xlfn.XLOOKUP(按鍵設計表[[#This Row],[台語音標]], 注音編碼對照表[台語音標], 注音編碼對照表[聲韻調], "") -> 聲 | J9: =_xlfn.XLOOKUP(按鍵設計表[[#This Row],[台語音標]], 注音編碼對照表[台語音標], 注音編碼對照表[十五音], "") -> 柳 | K9: =_xlfn.XLOOKUP(按鍵設計表[[#This Row],[台語音標]], 注音編碼對照表[台語音標], 注音編碼對照表[注音二式], "") -> n | L9: =_xlfn.XLOOKUP(按鍵設計表[[#This Row],[台語音標]], 注音編碼對照表[台語音標], 注音編碼對照表[台羅拼音], "") -> n | M9: =_xlfn.XLOOKUP(按鍵設計表[[#This Row],[台語音標]], 注音編碼對照表[台語音標], 注音編碼對照表[白話字], "") -> n | N9: =_xlfn.XLOOKUP(按鍵設計表[[#This Row],[台語音標]], 注音編碼對照表[台語音標], 注音編碼對照表[閩拼方案], "") -> ln | O9: n鼻音韻尾編碼：【N】 | Q9: =LEN(按鍵設計表[[#This Row],[注音符號]]) -> 1 | S9: =ROW() - 4 -> 5 | T9: =ROW() - 4 -> 5 | U9: z | V9: ㆷ | W9: v | X9: h | Y9: h | Z9: h | AA9: 韻尾 | AB9: h入聲韻尾 | AD9: 5 | AE9: 2 | AF9: d | AG9: ㄉ | AH9: d | AJ9: 7 | AK9: 5 | AM9: ˫ | AN9: 7 | AO9: 7
B10: =ROW() - 4 -> 6 | C10: 2 | D10: t | E10: t | F10: t | G10: =_xlfn.XLOOKUP(按鍵設計表[[#This Row],[台語音標]], 注音編碼對照表[台語音標], 注音編碼對照表[注音符號], "") -> ㄉ | H10: =_xlfn.XLOOKUP(按鍵設計表[[#This Row],[台語音標]], 注音編碼對照表[台語音標], 注音編碼對照表[漢字例], "") -> 端 | I10: =_xlfn.XLOOKUP(按鍵設計表[[#This Row],[台語音標]], 注音編碼對照表[台語音標], 注音編碼對照表[聲韻調], "") -> 聲 | J10: =_xlfn.XLOOKUP(按鍵設計表[[#This Row],[台語音標]], 注音編碼對照表[台語音標], 注音編碼對照表[十五音], "") -> 地 | K10: =_xlfn.XLOOKUP(按鍵設計表[[#This Row],[台語音標]], 注音編碼對照表[台語音標], 注音編碼對照表[注音二式], "") -> d | L10: =_xlfn.XLOOKUP(按鍵設計表[[#This Row],[台語音標]], 注音編碼對照表[台語音標], 注音編碼對照表[台羅拼音], "") -> t | M10: =_xlfn.XLOOKUP(按鍵設計表[[#This Row],[台語音標]], 注音編碼對照表[台語音標], 注音編碼對照表[白話字], "") -> t | N10: =_xlfn.XLOOKUP(按鍵設計表[[#This Row],[台語音標]], 注音編碼對照表[台語音標], 注音編碼對照表[閩拼方案], "") -> d | O10: t入聲韻尾編碼：【T】 | Q10: =LEN(按鍵設計表[[#This Row],[注音符號]]) -> 1 | S10: =ROW() - 4 -> 6 | T10: =ROW() - 4 -> 6 | U10: 2 | V10: ㄉ | W10: t | X10: d | Y10: d | Z10: t | AA10: 聲 | AB10: t入聲韻尾編碼：【T】 | AD10: 6 | AE10: w | AF10: t | AG10: ㄊ | AH10: t | AJ10: 0 | AK10: 7 | AM10: ˙ | AN10: 48 | AO10: [48]
B11: =ROW() - 4 -> 7 | C11: w | D11: th | E11: T | F11: T | G11: =_xlfn.XLOOKUP(按鍵設計表[[#This Row],[台語音標]], 注音編碼對照表[台語音標], 注音編碼對照表[注音符號], "") -> ㄊ | H11: =_xlfn.XLOOKUP(按鍵設計表[[#This Row],[台語音標]], 注音編碼對照表[台語音標], 注音編碼對照表[漢字例], "") -> 透 | I11: =_xlfn.XLOOKUP(按鍵設計表[[#This Row],[台語音標]], 注音編碼對照表[台語音標], 注音編碼對照表[聲韻調], "") -> 聲 | J11: =_xlfn.XLOOKUP(按鍵設計表[[#This Row],[台語音標]], 注音編碼對照表[台語音標], 注音編碼對照表[十五音], "") -> 他 | K11: =_xlfn.XLOOKUP(按鍵設計表[[#This Row],[台語音標]], 注音編碼對照表[台語音標], 注音編碼對照表[注音二式], "") -> t | L11: =_xlfn.XLOOKUP(按鍵設計表[[#This Row],[台語音標]], 注音編碼對照表[台語音標], 注音編碼對照表[台羅拼音], "") -> th | M11: =_xlfn.XLOOKUP(按鍵設計表[[#This Row],[台語音標]], 注音編碼對照表[台語音標], 注音編碼對照表[白話字], "") -> th | N11: =_xlfn.XLOOKUP(按鍵設計表[[#This Row],[台語音標]], 注音編碼對照表[台語音標], 注音編碼對照表[閩拼方案], "") -> t | Q11: =LEN(按鍵設計表[[#This Row],[注音符號]]) -> 1 | S11: =ROW() - 4 -> 7 | T11: =ROW() - 4 -> 7 | U11: w | V11: ㄊ | W11: T | X11: t | Y11: t | Z11: th | AA11: 聲 | AD11: 7 | AE11: s | AF11: n | AG11: ㄋ | AH11: n | AJ11: R | AK11: b | AL11: p̚ | AM11: ㆴ | AN11: b0 | AO11: -p0
B12: =ROW() - 4 -> 8 | C12: x | D12: l | E12: l | F12: n | G12: =_xlfn.XLOOKUP(按鍵設計表[[#This Row],[台語音標]], 注音編碼對照表[台語音標], 注音編碼對照表[注音符號], "") -> ㄌ | H12: =_xlfn.XLOOKUP(按鍵設計表[[#This Row],[台語音標]], 注音編碼對照表[台語音標], 注音編碼對照表[漢字例], "") -> 來 | I12: =_xlfn.XLOOKUP(按鍵設計表[[#This Row],[台語音標]], 注音編碼對照表[台語音標], 注音編碼對照表[聲韻調], "") -> 聲 | J12: =_xlfn.XLOOKUP(按鍵設計表[[#This Row],[台語音標]], 注音編碼對照表[台語音標], 注音編碼對照表[十五音], "") -> 柳 | K12: =_xlfn.XLOOKUP(按鍵設計表[[#This Row],[台語音標]], 注音編碼對照表[台語音標], 注音編碼對照表[注音二式], "") -> l | L12: =_xlfn.XLOOKUP(按鍵設計表[[#This Row],[台語音標]], 注音編碼對照表[台語音標], 注音編碼對照表[台羅拼音], "") -> l | M12: =_xlfn.XLOOKUP(按鍵設計表[[#This Row],[台語音標]], 注音編碼對照表[台語音標], 注音編碼對照表[白話字], "") -> l | N12: =_xlfn.XLOOKUP(按鍵設計表[[#This Row],[台語音標]], 注音編碼對照表[台語音標], 注音編碼對照表[閩拼方案], "") -> l | Q12: =LEN(按鍵設計表[[#This Row],[注音符號]]) -> 1 | S12: =ROW() - 4 -> 8 | T12: =ROW() - 4 -> 8 | U12: s | V12: ㄋ | W12: n | X12: n | Y12: ln | Z12: n | AA12: 聲 | AB12: n鼻音韻尾編碼：【N】 | AD12: 8 | AE12: x | AF12: l | AG12: ㄌ | AH12: l | AJ12: F | AK12: t | AL12: t̚ | AM12: ㆵ | AN12: d0 | AO12: -t0
B13: =ROW() - 4 -> 9 | C13: E | D13: g | E13: q | F13: g | G13: =_xlfn.XLOOKUP(按鍵設計表[[#This Row],[台語音標]], 注音編碼對照表[台語音標], 注音編碼對照表[注音符號], "") -> ㆣ | H13: =_xlfn.XLOOKUP(按鍵設計表[[#This Row],[台語音標]], 注音編碼對照表[台語音標], 注音編碼對照表[漢字例], "") -> 疑 | I13: =_xlfn.XLOOKUP(按鍵設計表[[#This Row],[台語音標]], 注音編碼對照表[台語音標], 注音編碼對照表[聲韻調], "") -> 聲 | J13: =_xlfn.XLOOKUP(按鍵設計表[[#This Row],[台語音標]], 注音編碼對照表[台語音標], 注音編碼對照表[十五音], "") -> 語 | K13: =_xlfn.XLOOKUP(按鍵設計表[[#This Row],[台語音標]], 注音編碼對照表[台語音標], 注音編碼對照表[注音二式], "") -> gg | L13: =_xlfn.XLOOKUP(按鍵設計表[[#This Row],[台語音標]], 注音編碼對照表[台語音標], 注音編碼對照表[台羅拼音], "") -> g | M13: =_xlfn.XLOOKUP(按鍵設計表[[#This Row],[台語音標]], 注音編碼對照表[台語音標], 注音編碼對照表[白話字], "") -> g | N13: =_xlfn.XLOOKUP(按鍵設計表[[#This Row],[台語音標]], 注音編碼對照表[台語音標], 注音編碼對照表[閩拼方案], "") -> gg | Q13: =LEN(按鍵設計表[[#This Row],[注音符號]]) -> 1 | S13: =ROW() - 4 -> 9 | T13: =ROW() - 4 -> 9 | U13: x | V13: ㄌ | W13: l | X13: l | Y13: l | Z13: l | AA13: 聲 | AD13: 9 | AE13: e | AF13: g | AG13: ㄍ | AH13: g | AJ13: V | AK13: g | AL13: k̚ | AM13: ㆻ | AN13: g0 | AO13: -k0
B14: =ROW() - 4 -> 10 | C14: e | D14: k | E14: k | F14: k | G14: =_xlfn.XLOOKUP(按鍵設計表[[#This Row],[台語音標]], 注音編碼對照表[台語音標], 注音編碼對照表[注音符號], "") -> ㄍ | H14: =_xlfn.XLOOKUP(按鍵設計表[[#This Row],[台語音標]], 注音編碼對照表[台語音標], 注音編碼對照表[漢字例], "") -> 見 | I14: =_xlfn.XLOOKUP(按鍵設計表[[#This Row],[台語音標]], 注音編碼對照表[台語音標], 注音編碼對照表[聲韻調], "") -> 聲 | J14: =_xlfn.XLOOKUP(按鍵設計表[[#This Row],[台語音標]], 注音編碼對照表[台語音標], 注音編碼對照表[十五音], "") -> 求 | K14: =_xlfn.XLOOKUP(按鍵設計表[[#This Row],[台語音標]], 注音編碼對照表[台語音標], 注音編碼對照表[注音二式], "") -> g | L14: =_xlfn.XLOOKUP(按鍵設計表[[#This Row],[台語音標]], 注音編碼對照表[台語音標], 注音編碼對照表[台羅拼音], "") -> k | M14: =_xlfn.XLOOKUP(按鍵設計表[[#This Row],[台語音標]], 注音編碼對照表[台語音標], 注音編碼對照表[白話字], "") -> k | N14: =_xlfn.XLOOKUP(按鍵設計表[[#This Row],[台語音標]], 注音編碼對照表[台語音標], 注音編碼對照表[閩拼方案], "") -> g | O14: k入聲編碼：【K】 | Q14: =LEN(按鍵設計表[[#This Row],[注音符號]]) -> 1 | S14: =ROW() - 4 -> 10 | T14: =ROW() - 4 -> 10 | U14: 3 | V14: ˪ | W14: 3 | X14: 3 | Y14: 5 | Z14: 3 | AA14: 調 | AD14: 10 | AE14: E | AF14: G | AG14: ㆣ | AH14: gg | AJ14: C | AK14: C | AL14: ʔ | AM14: ㆷ | AN14: h0 | AO14: -h0
B15: =ROW() - 4 -> 11 | C15: d | D15: kh | E15: K | F15: K | G15: =_xlfn.XLOOKUP(按鍵設計表[[#This Row],[台語音標]], 注音編碼對照表[台語音標], 注音編碼對照表[注音符號], "") -> ㄎ | H15: =_xlfn.XLOOKUP(按鍵設計表[[#This Row],[台語音標]], 注音編碼對照表[台語音標], 注音編碼對照表[漢字例], "") -> 溪 | I15: =_xlfn.XLOOKUP(按鍵設計表[[#This Row],[台語音標]], 注音編碼對照表[台語音標], 注音編碼對照表[聲韻調], "") -> 聲 | J15: =_xlfn.XLOOKUP(按鍵設計表[[#This Row],[台語音標]], 注音編碼對照表[台語音標], 注音編碼對照表[十五音], "") -> 氣 | K15: =_xlfn.XLOOKUP(按鍵設計表[[#This Row],[台語音標]], 注音編碼對照表[台語音標], 注音編碼對照表[注音二式], "") -> k | L15: =_xlfn.XLOOKUP(按鍵設計表[[#This Row],[台語音標]], 注音編碼對照表[台語音標], 注音編碼對照表[台羅拼音], "") -> kh | M15: =_xlfn.XLOOKUP(按鍵設計表[[#This Row],[台語音標]], 注音編碼對照表[台語音標], 注音編碼對照表[白話字], "") -> kh | N15: =_xlfn.XLOOKUP(按鍵設計表[[#This Row],[台語音標]], 注音編碼對照表[台語音標], 注音編碼對照表[閩拼方案], "") -> k | Q15: =LEN(按鍵設計表[[#This Row],[注音符號]]) -> 1 | S15: =ROW() - 4 -> 11 | T15: =ROW() - 4 -> 11 | U15: e | V15: ㄍ | W15: k | X15: g | Y15: g | Z15: k | AA15: 聲 | AB15: k入聲編碼：【K】 | AD15: 11 | AE15: d | AF15: k | AG15: ㄎ | AH15: k
B16: =ROW() - 4 -> 12 | C16: ? | D16: ng | E16: g | F16: g | G16: =_xlfn.XLOOKUP(按鍵設計表[[#This Row],[台語音標]], 注音編碼對照表[台語音標], 注音編碼對照表[注音符號], "") -> ㄫ | H16: =_xlfn.XLOOKUP(按鍵設計表[[#This Row],[台語音標]], 注音編碼對照表[台語音標], 注音編碼對照表[漢字例], "") -> 吳 | I16: =_xlfn.XLOOKUP(按鍵設計表[[#This Row],[台語音標]], 注音編碼對照表[台語音標], 注音編碼對照表[聲韻調], "") -> 聲 | J16: =_xlfn.XLOOKUP(按鍵設計表[[#This Row],[台語音標]], 注音編碼對照表[台語音標], 注音編碼對照表[十五音], "") -> 語 | K16: =_xlfn.XLOOKUP(按鍵設計表[[#This Row],[台語音標]], 注音編碼對照表[台語音標], 注音編碼對照表[注音二式], "") -> ng | L16: =_xlfn.XLOOKUP(按鍵設計表[[#This Row],[台語音標]], 注音編碼對照表[台語音標], 注音編碼對照表[台羅拼音], "") -> ng | M16: =_xlfn.XLOOKUP(按鍵設計表[[#This Row],[台語音標]], 注音編碼對照表[台語音標], 注音編碼對照表[白話字], "") -> ng | N16: =_xlfn.XLOOKUP(按鍵設計表[[#This Row],[台語音標]], 注音編碼對照表[台語音標], 注音編碼對照表[閩拼方案], "") -> ggn | O16: ng鼻音韻尾編碼：【W】 | Q16: =LEN(按鍵設計表[[#This Row],[注音符號]]) -> 1 | S16: =ROW() - 4 -> 12 | T16: =ROW() - 4 -> 12 | U16: E | V16: ㆣ | W16: g | X16: gg | Y16: gg | Z16: g | AA16: 聲 | AD16: 12 | AE16: z | AF16: w | AG16: ㄫ | AH16: ng-
B17: =ROW() - 4 -> 13 | C17: Y | D17: j | E17: j | F17: j | G17: =_xlfn.XLOOKUP(按鍵設計表[[#This Row],[台語音標]], 注音編碼對照表[台語音標], 注音編碼對照表[注音符號], "") -> ㆡ | H17: =_xlfn.XLOOKUP(按鍵設計表[[#This Row],[台語音標]], 注音編碼對照表[台語音標], 注音編碼對照表[漢字例], "") -> 熱 | I17: =_xlfn.XLOOKUP(按鍵設計表[[#This Row],[台語音標]], 注音編碼對照表[台語音標], 注音編碼對照表[聲韻調], "") -> 聲 | J17: =_xlfn.XLOOKUP(按鍵設計表[[#This Row],[台語音標]], 注音編碼對照表[台語音標], 注音編碼對照表[十五音], "") -> 入 | K17: =_xlfn.XLOOKUP(按鍵設計表[[#This Row],[台語音標]], 注音編碼對照表[台語音標], 注音編碼對照表[注音二式], "") -> zz | L17: =_xlfn.XLOOKUP(按鍵設計表[[#This Row],[台語音標]], 注音編碼對照表[台語音標], 注音編碼對照表[台羅拼音], "") -> j | M17: =_xlfn.XLOOKUP(按鍵設計表[[#This Row],[台語音標]], 注音編碼對照表[台語音標], 注音編碼對照表[白話字], "") -> j | N17: =_xlfn.XLOOKUP(按鍵設計表[[#This Row],[台語音標]], 注音編碼對照表[台語音標], 注音編碼對照表[閩拼方案], "") -> zz | Q17: =LEN(按鍵設計表[[#This Row],[注音符號]]) -> 1 | S17: =ROW() - 4 -> 13 | T17: =ROW() - 4 -> 13 | U17: d | V17: ㄎ | W17: K | X17: k | Y17: k | Z17: kh | AA17: 聲 | AD17: 13 | AE17: c | AF17: h | AG17: ㄏ | AH17: h
B18: =ROW() - 4 -> 14 | C18: y | D18: z | E18: z | F18: z | G18: =_xlfn.XLOOKUP(按鍵設計表[[#This Row],[台語音標]], 注音編碼對照表[台語音標], 注音編碼對照表[注音符號], "") -> ㄗ | H18: =_xlfn.XLOOKUP(按鍵設計表[[#This Row],[台語音標]], 注音編碼對照表[台語音標], 注音編碼對照表[漢字例], "") -> 裝 | I18: =_xlfn.XLOOKUP(按鍵設計表[[#This Row],[台語音標]], 注音編碼對照表[台語音標], 注音編碼對照表[聲韻調], "") -> 聲 | J18: =_xlfn.XLOOKUP(按鍵設計表[[#This Row],[台語音標]], 注音編碼對照表[台語音標], 注音編碼對照表[十五音], "") -> 曾 | K18: =_xlfn.XLOOKUP(按鍵設計表[[#This Row],[台語音標]], 注音編碼對照表[台語音標], 注音編碼對照表[注音二式], "") -> z | L18: =_xlfn.XLOOKUP(按鍵設計表[[#This Row],[台語音標]], 注音編碼對照表[台語音標], 注音編碼對照表[台羅拼音], "") -> ts | M18: =_xlfn.XLOOKUP(按鍵設計表[[#This Row],[台語音標]], 注音編碼對照表[台語音標], 注音編碼對照表[白話字], "") -> ch | N18: =_xlfn.XLOOKUP(按鍵設計表[[#This Row],[台語音標]], 注音編碼對照表[台語音標], 注音編碼對照表[閩拼方案], "") -> z | Q18: =LEN(按鍵設計表[[#This Row],[注音符號]]) -> 1 | S18: =ROW() - 4 -> 14 | T18: =ROW() - 4 -> 14 | U18: c | V18: ㄏ | W18: h | X18: h | Y18: h | Z18: h | AA18: 聲 | AB18: h入聲韻尾編碼：【H】 | AD18: 14 | AE18: r | AF18: zi | AG18: ㄐ | AH18: ji
B19: =ROW() - 4 -> 15 | C19: h | D19: c | E19: c | F19: c | G19: =_xlfn.XLOOKUP(按鍵設計表[[#This Row],[台語音標]], 注音編碼對照表[台語音標], 注音編碼對照表[注音符號], "") -> ㄘ | H19: =_xlfn.XLOOKUP(按鍵設計表[[#This Row],[台語音標]], 注音編碼對照表[台語音標], 注音編碼對照表[漢字例], "") -> 初 | I19: =_xlfn.XLOOKUP(按鍵設計表[[#This Row],[台語音標]], 注音編碼對照表[台語音標], 注音編碼對照表[聲韻調], "") -> 聲 | J19: =_xlfn.XLOOKUP(按鍵設計表[[#This Row],[台語音標]], 注音編碼對照表[台語音標], 注音編碼對照表[十五音], "") -> 出 | K19: =_xlfn.XLOOKUP(按鍵設計表[[#This Row],[台語音標]], 注音編碼對照表[台語音標], 注音編碼對照表[注音二式], "") -> c | L19: =_xlfn.XLOOKUP(按鍵設計表[[#This Row],[台語音標]], 注音編碼對照表[台語音標], 注音編碼對照表[台羅拼音], "") -> tsh | M19: =_xlfn.XLOOKUP(按鍵設計表[[#This Row],[台語音標]], 注音編碼對照表[台語音標], 注音編碼對照表[白話字], "") -> chh | N19: =_xlfn.XLOOKUP(按鍵設計表[[#This Row],[台語音標]], 注音編碼對照表[台語音標], 注音編碼對照表[閩拼方案], "") -> c | Q19: =LEN(按鍵設計表[[#This Row],[注音符號]]) -> 1 | S19: =ROW() - 4 -> 15 | T19: =ROW() - 4 -> 15 | U19: 4 | V19: ˋ | W19: 2 | X19: 2 | Y19: 3 | Z19: 2 | AA19: 調 | AD19: 15 | AE19: R | AF19: Zi | AG19: ㆢ | AH19: jji
B20: =ROW() - 4 -> 16 | C20: n | D20: s | E20: s | F20: s | G20: =_xlfn.XLOOKUP(按鍵設計表[[#This Row],[台語音標]], 注音編碼對照表[台語音標], 注音編碼對照表[注音符號], "") -> ㄙ | H20: =_xlfn.XLOOKUP(按鍵設計表[[#This Row],[台語音標]], 注音編碼對照表[台語音標], 注音編碼對照表[漢字例], "") -> 疏 | I20: =_xlfn.XLOOKUP(按鍵設計表[[#This Row],[台語音標]], 注音編碼對照表[台語音標], 注音編碼對照表[聲韻調], "") -> 聲 | J20: =_xlfn.XLOOKUP(按鍵設計表[[#This Row],[台語音標]], 注音編碼對照表[台語音標], 注音編碼對照表[十五音], "") -> 時 | K20: =_xlfn.XLOOKUP(按鍵設計表[[#This Row],[台語音標]], 注音編碼對照表[台語音標], 注音編碼對照表[注音二式], "") -> s | L20: =_xlfn.XLOOKUP(按鍵設計表[[#This Row],[台語音標]], 注音編碼對照表[台語音標], 注音編碼對照表[台羅拼音], "") -> s | M20: =_xlfn.XLOOKUP(按鍵設計表[[#This Row],[台語音標]], 注音編碼對照表[台語音標], 注音編碼對照表[白話字], "") -> s | N20: =_xlfn.XLOOKUP(按鍵設計表[[#This Row],[台語音標]], 注音編碼對照表[台語音標], 注音編碼對照表[閩拼方案], "") -> s | Q20: =LEN(按鍵設計表[[#This Row],[注音符號]]) -> 1 | S20: =ROW() - 4 -> 16 | T20: =ROW() - 4 -> 16 | U20: r | V20: ㄐ | W20: Z | X20: j | Z20: zi | AA20: 聲 | AD20: 16 | AE20: f | AF20: ci | AG20: ㄑ | AH20: chi
B21: =ROW() - 4 -> 17 | C21: c | D21: h | E21: h | F21: h | G21: =_xlfn.XLOOKUP(按鍵設計表[[#This Row],[台語音標]], 注音編碼對照表[台語音標], 注音編碼對照表[注音符號], "") -> ㄏ | H21: =_xlfn.XLOOKUP(按鍵設計表[[#This Row],[台語音標]], 注音編碼對照表[台語音標], 注音編碼對照表[漢字例], "") -> 雨 | I21: =_xlfn.XLOOKUP(按鍵設計表[[#This Row],[台語音標]], 注音編碼對照表[台語音標], 注音編碼對照表[聲韻調], "") -> 聲 | J21: =_xlfn.XLOOKUP(按鍵設計表[[#This Row],[台語音標]], 注音編碼對照表[台語音標], 注音編碼對照表[十五音], "") -> 喜 | K21: =_xlfn.XLOOKUP(按鍵設計表[[#This Row],[台語音標]], 注音編碼對照表[台語音標], 注音編碼對照表[注音二式], "") -> h | L21: =_xlfn.XLOOKUP(按鍵設計表[[#This Row],[台語音標]], 注音編碼對照表[台語音標], 注音編碼對照表[台羅拼音], "") -> h | M21: =_xlfn.XLOOKUP(按鍵設計表[[#This Row],[台語音標]], 注音編碼對照表[台語音標], 注音編碼對照表[白話字], "") -> h | N21: =_xlfn.XLOOKUP(按鍵設計表[[#This Row],[台語音標]], 注音編碼對照表[台語音標], 注音編碼對照表[閩拼方案], "") -> h | O21: h入聲韻尾編碼：【H】 | Q21: =LEN(按鍵設計表[[#This Row],[注音符號]]) -> 1 | S21: =ROW() - 4 -> 17 | T21: =ROW() - 4 -> 17 | U21: R | V21: ㆢ | W21: J | X21: jj | Z21: ji | AA21: 聲 | AD21: 17 | AE21: v | AF21: si | AG21: ㄒ | AH21: shi
B22: =ROW() - 4 -> 18 | C22: R | D22: ji | E22: J | F22: ji- | G22: =_xlfn.XLOOKUP(按鍵設計表[[#This Row],[台語音標]], 注音編碼對照表[台語音標], 注音編碼對照表[注音符號], "") -> ㆢ | H22: =_xlfn.XLOOKUP(按鍵設計表[[#This Row],[台語音標]], 注音編碼對照表[台語音標], 注音編碼對照表[漢字例], "") -> 日 | I22: =_xlfn.XLOOKUP(按鍵設計表[[#This Row],[台語音標]], 注音編碼對照表[台語音標], 注音編碼對照表[聲韻調], "") -> 聲 | J22: =_xlfn.XLOOKUP(按鍵設計表[[#This Row],[台語音標]], 注音編碼對照表[台語音標], 注音編碼對照表[十五音], "") -> 入 | K22: =_xlfn.XLOOKUP(按鍵設計表[[#This Row],[台語音標]], 注音編碼對照表[台語音標], 注音編碼對照表[注音二式], "") -> jj | L22: =_xlfn.XLOOKUP(按鍵設計表[[#This Row],[台語音標]], 注音編碼對照表[台語音標], 注音編碼對照表[台羅拼音], "") -> ji | M22: =_xlfn.XLOOKUP(按鍵設計表[[#This Row],[台語音標]], 注音編碼對照表[台語音標], 注音編碼對照表[白話字], "") -> ji | N22: =_xlfn.XLOOKUP(按鍵設計表[[#This Row],[台語音標]], 注音編碼對照表[台語音標], 注音編碼對照表[閩拼方案], "") -> 0 | Q22: =LEN(按鍵設計表[[#This Row],[注音符號]]) -> 1 | S22: =ROW() - 4 -> 18 | T22: =ROW() - 4 -> 18 | U22: f | V22: ㄑ | W22: C | X22: ch | Z22: ci | AA22: 聲 | AD22: 18 | AE22: y | AF22: z | AG22: ㄗ | AH22: z
B23: =ROW() - 4 -> 19 | C23: r | D23: zi | E23: Z | F23: zi- | G23: =_xlfn.XLOOKUP(按鍵設計表[[#This Row],[台語音標]], 注音編碼對照表[台語音標], 注音編碼對照表[注音符號], "") -> ㄐ | H23: =_xlfn.XLOOKUP(按鍵設計表[[#This Row],[台語音標]], 注音編碼對照表[台語音標], 注音編碼對照表[漢字例], "") -> 精 | I23: =_xlfn.XLOOKUP(按鍵設計表[[#This Row],[台語音標]], 注音編碼對照表[台語音標], 注音編碼對照表[聲韻調], "") -> 聲 | J23: =_xlfn.XLOOKUP(按鍵設計表[[#This Row],[台語音標]], 注音編碼對照表[台語音標], 注音編碼對照表[十五音], "") -> 曾 | K23: =_xlfn.XLOOKUP(按鍵設計表[[#This Row],[台語音標]], 注音編碼對照表[台語音標], 注音編碼對照表[注音二式], "") -> j | L23: =_xlfn.XLOOKUP(按鍵設計表[[#This Row],[台語音標]], 注音編碼對照表[台語音標], 注音編碼對照表[台羅拼音], "") -> zi | M23: =_xlfn.XLOOKUP(按鍵設計表[[#This Row],[台語音標]], 注音編碼對照表[台語音標], 注音編碼對照表[白話字], "") -> zi | N23: =_xlfn.XLOOKUP(按鍵設計表[[#This Row],[台語音標]], 注音編碼對照表[台語音標], 注音編碼對照表[閩拼方案], "") -> 0 | Q23: =LEN(按鍵設計表[[#This Row],[注音符號]]) -> 1 | S23: =ROW() - 4 -> 19 | T23: =ROW() - 4 -> 19 | U23: v | V23: ㄒ | W23: S | X23: sh | Z23: si | AA23: 聲 | AD23: 19 | AE23: Y | AF23: Z | AG23: ㆡ | AH23: zz
B24: =ROW() - 4 -> 20 | C24: f | D24: ci | E24: C | F24: ci- | G24: =_xlfn.XLOOKUP(按鍵設計表[[#This Row],[台語音標]], 注音編碼對照表[台語音標], 注音編碼對照表[注音符號], "") -> ㄑ | H24: =_xlfn.XLOOKUP(按鍵設計表[[#This Row],[台語音標]], 注音編碼對照表[台語音標], 注音編碼對照表[漢字例], "") -> 清 | I24: =_xlfn.XLOOKUP(按鍵設計表[[#This Row],[台語音標]], 注音編碼對照表[台語音標], 注音編碼對照表[聲韻調], "") -> 聲 | J24: =_xlfn.XLOOKUP(按鍵設計表[[#This Row],[台語音標]], 注音編碼對照表[台語音標], 注音編碼對照表[十五音], "") -> 出 | K24: =_xlfn.XLOOKUP(按鍵設計表[[#This Row],[台語音標]], 注音編碼對照表[台語音標], 注音編碼對照表[注音二式], "") -> ch | L24: =_xlfn.XLOOKUP(按鍵設計表[[#This Row],[台語音標]], 注音編碼對照表[台語音標], 注音編碼對照表[台羅拼音], "") -> ci | M24: =_xlfn.XLOOKUP(按鍵設計表[[#This Row],[台語音標]], 注音編碼對照表[台語音標], 注音編碼對照表[白話字], "") -> ci | N24: =_xlfn.XLOOKUP(按鍵設計表[[#This Row],[台語音標]], 注音編碼對照表[台語音標], 注音編碼對照表[閩拼方案], "") -> 0 | Q24: =LEN(按鍵設計表[[#This Row],[注音符號]]) -> 1 | S24: =ROW() - 4 -> 20 | T24: =ROW() - 4 -> 20 | U24: 5 | V24: ˫ | W24: 7 | X24: 7 | Y24: 6 | Z24: 7 | AA24: 調 | AD24: 20 | AE24: h | AF24: c | AG24: ㄘ | AH24: c
B25: =ROW() - 4 -> 21 | C25: v | D25: si | E25: S | F25: si- | G25: =_xlfn.XLOOKUP(按鍵設計表[[#This Row],[台語音標]], 注音編碼對照表[台語音標], 注音編碼對照表[注音符號], "") -> ㄒ | H25: =_xlfn.XLOOKUP(按鍵設計表[[#This Row],[台語音標]], 注音編碼對照表[台語音標], 注音編碼對照表[漢字例], "") -> 心 | I25: =_xlfn.XLOOKUP(按鍵設計表[[#This Row],[台語音標]], 注音編碼對照表[台語音標], 注音編碼對照表[聲韻調], "") -> 聲 | J25: =_xlfn.XLOOKUP(按鍵設計表[[#This Row],[台語音標]], 注音編碼對照表[台語音標], 注音編碼對照表[十五音], "") -> 時 | K25: =_xlfn.XLOOKUP(按鍵設計表[[#This Row],[台語音標]], 注音編碼對照表[台語音標], 注音編碼對照表[注音二式], "") -> sh | L25: =_xlfn.XLOOKUP(按鍵設計表[[#This Row],[台語音標]], 注音編碼對照表[台語音標], 注音編碼對照表[台羅拼音], "") -> si | M25: =_xlfn.XLOOKUP(按鍵設計表[[#This Row],[台語音標]], 注音編碼對照表[台語音標], 注音編碼對照表[白話字], "") -> si | N25: =_xlfn.XLOOKUP(按鍵設計表[[#This Row],[台語音標]], 注音編碼對照表[台語音標], 注音編碼對照表[閩拼方案], "") -> 0 | Q25: =LEN(按鍵設計表[[#This Row],[注音符號]]) -> 1 | S25: =ROW() - 4 -> 21 | T25: =ROW() - 4 -> 21 | U25: t | V25: ㆵ | W25: f | X25: t | Y25: t | Z25: t | AA25: 韻尾 | AB25: t入聲韻尾 | AD25: 21 | AE25: n | AF25: s | AG25: ㄙ | AH25: s
B26: =ROW() - 4 -> 22 | C26: 8 | D26: a | E26: a | F26: a | G26: =_xlfn.XLOOKUP(按鍵設計表[[#This Row],[台語音標]], 注音編碼對照表[台語音標], 注音編碼對照表[注音符號], "") -> ㄚ | H26: =_xlfn.XLOOKUP(按鍵設計表[[#This Row],[台語音標]], 注音編碼對照表[台語音標], 注音編碼對照表[漢字例], "") -> 阿 | I26: =_xlfn.XLOOKUP(按鍵設計表[[#This Row],[台語音標]], 注音編碼對照表[台語音標], 注音編碼對照表[聲韻調], "") -> 韻 | J26: =_xlfn.XLOOKUP(按鍵設計表[[#This Row],[台語音標]], 注音編碼對照表[台語音標], 注音編碼對照表[十五音], "") -> 膠 | K26: =_xlfn.XLOOKUP(按鍵設計表[[#This Row],[台語音標]], 注音編碼對照表[台語音標], 注音編碼對照表[注音二式], "") -> a | L26: =_xlfn.XLOOKUP(按鍵設計表[[#This Row],[台語音標]], 注音編碼對照表[台語音標], 注音編碼對照表[台羅拼音], "") -> a | M26: =_xlfn.XLOOKUP(按鍵設計表[[#This Row],[台語音標]], 注音編碼對照表[台語音標], 注音編碼對照表[白話字], "") -> a | N26: =_xlfn.XLOOKUP(按鍵設計表[[#This Row],[台語音標]], 注音編碼對照表[台語音標], 注音編碼對照表[閩拼方案], "") -> a | Q26: =LEN(按鍵設計表[[#This Row],[注音符號]]) -> 1 | S26: =ROW() - 4 -> 22 | T26: =ROW() - 4 -> 22 | U26: g | V26: ㆻ | W26: q | X26: k | Y26: k | Z26: k | AA26: 韻尾 | AB26: k入聲韻尾 | AD26: 22 | AE26: u | AF26: i | AG26: ㄧ | AH26: i
B27: =ROW() - 4 -> 23 | C27: u | D27: i | E27: i | F27: i | G27: =_xlfn.XLOOKUP(按鍵設計表[[#This Row],[台語音標]], 注音編碼對照表[台語音標], 注音編碼對照表[注音符號], "") -> ㄧ | H27: =_xlfn.XLOOKUP(按鍵設計表[[#This Row],[台語音標]], 注音編碼對照表[台語音標], 注音編碼對照表[漢字例], "") -> 伊 | I27: =_xlfn.XLOOKUP(按鍵設計表[[#This Row],[台語音標]], 注音編碼對照表[台語音標], 注音編碼對照表[聲韻調], "") -> 韻 | J27: =_xlfn.XLOOKUP(按鍵設計表[[#This Row],[台語音標]], 注音編碼對照表[台語音標], 注音編碼對照表[十五音], "") -> 居 | K27: =_xlfn.XLOOKUP(按鍵設計表[[#This Row],[台語音標]], 注音編碼對照表[台語音標], 注音編碼對照表[注音二式], "") -> i | L27: =_xlfn.XLOOKUP(按鍵設計表[[#This Row],[台語音標]], 注音編碼對照表[台語音標], 注音編碼對照表[台羅拼音], "") -> i | M27: =_xlfn.XLOOKUP(按鍵設計表[[#This Row],[台語音標]], 注音編碼對照表[台語音標], 注音編碼對照表[白話字], "") -> i | N27: =_xlfn.XLOOKUP(按鍵設計表[[#This Row],[台語音標]], 注音編碼對照表[台語音標], 注音編碼對照表[閩拼方案], "") -> i | Q27: =LEN(按鍵設計表[[#This Row],[注音符號]]) -> 1 | S27: =ROW() - 4 -> 23 | T27: =ROW() - 4 -> 23 | U27: b | V27: ㆴ | W27: r | X27: p | Y27: p | Z27: p | AA27: 韻尾 | AB27: p入聲韻尾 | AD27: 23 | AE27: U | AF27: I | AG27: ㆪ | AH27: inn
B28: =ROW() - 4 -> 24 | C28: K | D28: ir | E28: w | F28: w | G28: =_xlfn.XLOOKUP(按鍵設計表[[#This Row],[台語音標]], 注音編碼對照表[台語音標], 注音編碼對照表[注音符號], "") -> ㆨ | H28: =_xlfn.XLOOKUP(按鍵設計表[[#This Row],[台語音標]], 注音編碼對照表[台語音標], 注音編碼對照表[漢字例], "") -> 猪 | I28: =_xlfn.XLOOKUP(按鍵設計表[[#This Row],[台語音標]], 注音編碼對照表[台語音標], 注音編碼對照表[聲韻調], "") -> 韻 | J28: =_xlfn.XLOOKUP(按鍵設計表[[#This Row],[台語音標]], 注音編碼對照表[台語音標], 注音編碼對照表[十五音], "") -> 0 | K28: =_xlfn.XLOOKUP(按鍵設計表[[#This Row],[台語音標]], 注音編碼對照表[台語音標], 注音編碼對照表[注音二式], "") -> ir | L28: =_xlfn.XLOOKUP(按鍵設計表[[#This Row],[台語音標]], 注音編碼對照表[台語音標], 注音編碼對照表[台羅拼音], "") -> ir | M28: =_xlfn.XLOOKUP(按鍵設計表[[#This Row],[台語音標]], 注音編碼對照表[台語音標], 注音編碼對照表[白話字], "") -> ir | N28: =_xlfn.XLOOKUP(按鍵設計表[[#This Row],[台語音標]], 注音編碼對照表[台語音標], 注音編碼對照表[閩拼方案], "") -> eu | Q28: =LEN(按鍵設計表[[#This Row],[注音符號]]) -> 1 | S28: =ROW() - 4 -> 24 | T28: =ROW() - 4 -> 24 | U28: 6 | V28: ˊ | W28: 5 | X28: 5 | Y28: 2 | Z28: 5 | AA28: 調 | AD28: 24 | AE28: j | AF28: u | AG28: ㄨ | AH28: u
B29: =ROW() - 4 -> 25 | C29: j | D29: u | E29: u | F29: u | G29: =_xlfn.XLOOKUP(按鍵設計表[[#This Row],[台語音標]], 注音編碼對照表[台語音標], 注音編碼對照表[注音符號], "") -> ㄨ | H29: =_xlfn.XLOOKUP(按鍵設計表[[#This Row],[台語音標]], 注音編碼對照表[台語音標], 注音編碼對照表[漢字例], "") -> 污 | I29: =_xlfn.XLOOKUP(按鍵設計表[[#This Row],[台語音標]], 注音編碼對照表[台語音標], 注音編碼對照表[聲韻調], "") -> 韻 | J29: =_xlfn.XLOOKUP(按鍵設計表[[#This Row],[台語音標]], 注音編碼對照表[台語音標], 注音編碼對照表[十五音], "") -> 艍 | K29: =_xlfn.XLOOKUP(按鍵設計表[[#This Row],[台語音標]], 注音編碼對照表[台語音標], 注音編碼對照表[注音二式], "") -> u | L29: =_xlfn.XLOOKUP(按鍵設計表[[#This Row],[台語音標]], 注音編碼對照表[台語音標], 注音編碼對照表[台羅拼音], "") -> u | M29: =_xlfn.XLOOKUP(按鍵設計表[[#This Row],[台語音標]], 注音編碼對照表[台語音標], 注音編碼對照表[白話字], "") -> u | N29: =_xlfn.XLOOKUP(按鍵設計表[[#This Row],[台語音標]], 注音編碼對照表[台語音標], 注音編碼對照表[閩拼方案], "") -> u | Q29: =LEN(按鍵設計表[[#This Row],[注音符號]]) -> 1 | S29: =ROW() - 4 -> 25 | T29: =ROW() - 4 -> 25 | U29: y | V29: ㄗ | W29: z | X29: z | Y29: z | Z29: z | AA29: 聲 | AD29: 25 | AE29: J | AF29: U | AG29: ㆫ | AH29: unn
B30: =ROW() - 4 -> 26 | C30: , | D30: e | E30: e | F30: e | G30: =_xlfn.XLOOKUP(按鍵設計表[[#This Row],[台語音標]], 注音編碼對照表[台語音標], 注音編碼對照表[注音符號], "") -> ㆤ | H30: =_xlfn.XLOOKUP(按鍵設計表[[#This Row],[台語音標]], 注音編碼對照表[台語音標], 注音編碼對照表[漢字例], "") -> 稽 | I30: =_xlfn.XLOOKUP(按鍵設計表[[#This Row],[台語音標]], 注音編碼對照表[台語音標], 注音編碼對照表[聲韻調], "") -> 韻 | J30: =_xlfn.XLOOKUP(按鍵設計表[[#This Row],[台語音標]], 注音編碼對照表[台語音標], 注音編碼對照表[十五音], "") -> 伽 | K30: =_xlfn.XLOOKUP(按鍵設計表[[#This Row],[台語音標]], 注音編碼對照表[台語音標], 注音編碼對照表[注音二式], "") -> e | L30: =_xlfn.XLOOKUP(按鍵設計表[[#This Row],[台語音標]], 注音編碼對照表[台語音標], 注音編碼對照表[台羅拼音], "") -> e | M30: =_xlfn.XLOOKUP(按鍵設計表[[#This Row],[台語音標]], 注音編碼對照表[台語音標], 注音編碼對照表[白話字], "") -> e | N30: =_xlfn.XLOOKUP(按鍵設計表[[#This Row],[台語音標]], 注音編碼對照表[台語音標], 注音編碼對照表[閩拼方案], "") -> e | Q30: =LEN(按鍵設計表[[#This Row],[注音符號]]) -> 1 | S30: =ROW() - 4 -> 26 | T30: =ROW() - 4 -> 26 | U30: Y | V30: ㆡ | W30: j | X30: zz | Y30: zz | Z30: j | AA30: 聲 | AD30: 26 | AE30: 8 | AF30: a | AG30: ㄚ | AH30: a
B31: =ROW() - 4 -> 27 | C31: i | D31: oo | E31: o | F31: o | G31: =_xlfn.XLOOKUP(按鍵設計表[[#This Row],[台語音標]], 注音編碼對照表[台語音標], 注音編碼對照表[注音符號], "") -> ㆦ | H31: =_xlfn.XLOOKUP(按鍵設計表[[#This Row],[台語音標]], 注音編碼對照表[台語音標], 注音編碼對照表[漢字例], "") -> 烏 | I31: =_xlfn.XLOOKUP(按鍵設計表[[#This Row],[台語音標]], 注音編碼對照表[台語音標], 注音編碼對照表[聲韻調], "") -> 韻 | J31: =_xlfn.XLOOKUP(按鍵設計表[[#This Row],[台語音標]], 注音編碼對照表[台語音標], 注音編碼對照表[十五音], "") -> 沽 | K31: =_xlfn.XLOOKUP(按鍵設計表[[#This Row],[台語音標]], 注音編碼對照表[台語音標], 注音編碼對照表[注音二式], "") -> oo | L31: =_xlfn.XLOOKUP(按鍵設計表[[#This Row],[台語音標]], 注音編碼對照表[台語音標], 注音編碼對照表[台羅拼音], "") -> oo | M31: =_xlfn.XLOOKUP(按鍵設計表[[#This Row],[台語音標]], 注音編碼對照表[台語音標], 注音編碼對照表[白話字], "") -> oo | N31: =_xlfn.XLOOKUP(按鍵設計表[[#This Row],[台語音標]], 注音編碼對照表[台語音標], 注音編碼對照表[閩拼方案], "") -> oo | Q31: =LEN(按鍵設計表[[#This Row],[注音符號]]) -> 1 | S31: =ROW() - 4 -> 27 | T31: =ROW() - 4 -> 27 | U31: h | V31: ㄘ | W31: c | X31: c | Y31: c | Z31: c | AA31: 聲 | AD31: 27 | AE31: * | AF31: A | AG31: ㆩ | AH31: ann
B32: =ROW() - 4 -> 28 | C32: k | D32: o | E32: ø | F32: ø | G32: =_xlfn.XLOOKUP(按鍵設計表[[#This Row],[台語音標]], 注音編碼對照表[台語音標], 注音編碼對照表[注音符號], "") -> ㄜ | H32: =_xlfn.XLOOKUP(按鍵設計表[[#This Row],[台語音標]], 注音編碼對照表[台語音標], 注音編碼對照表[漢字例], "") -> 蚵 | I32: =_xlfn.XLOOKUP(按鍵設計表[[#This Row],[台語音標]], 注音編碼對照表[台語音標], 注音編碼對照表[聲韻調], "") -> 韻 | J32: =_xlfn.XLOOKUP(按鍵設計表[[#This Row],[台語音標]], 注音編碼對照表[台語音標], 注音編碼對照表[十五音], "") -> 高 | K32: =_xlfn.XLOOKUP(按鍵設計表[[#This Row],[台語音標]], 注音編碼對照表[台語音標], 注音編碼對照表[注音二式], "") -> or | L32: =_xlfn.XLOOKUP(按鍵設計表[[#This Row],[台語音標]], 注音編碼對照表[台語音標], 注音編碼對照表[台羅拼音], "") -> o | M32: =_xlfn.XLOOKUP(按鍵設計表[[#This Row],[台語音標]], 注音編碼對照表[台語音標], 注音編碼對照表[白話字], "") -> o | N32: =_xlfn.XLOOKUP(按鍵設計表[[#This Row],[台語音標]], 注音編碼對照表[台語音標], 注音編碼對照表[閩拼方案], "") -> o | Q32: =LEN(按鍵設計表[[#This Row],[注音符號]]) -> 1 | S32: =ROW() - 4 -> 28 | T32: =ROW() - 4 -> 28 | U32: n | V32: ㄙ | W32: s | X32: s | Y32: s | Z32: s | AA32: 聲 | AD32: 28 | AE32: i | AF32: O | AG32: ㆦ | AH32: oo
B33: =ROW() - 4 -> 29 | C33: m | D33: -m | E33: M | F33: M | G33: =_xlfn.XLOOKUP(按鍵設計表[[#This Row],[台語音標]], 注音編碼對照表[台語音標], 注音編碼對照表[注音符號], "") -> ㆬ | H33: =_xlfn.XLOOKUP(按鍵設計表[[#This Row],[台語音標]], 注音編碼對照表[台語音標], 注音編碼對照表[漢字例], "") -> 姆 | I33: =_xlfn.XLOOKUP(按鍵設計表[[#This Row],[台語音標]], 注音編碼對照表[台語音標], 注音編碼對照表[聲韻調], "") -> 韻 | J33: =_xlfn.XLOOKUP(按鍵設計表[[#This Row],[台語音標]], 注音編碼對照表[台語音標], 注音編碼對照表[十五音], "") -> 姆 | K33: =_xlfn.XLOOKUP(按鍵設計表[[#This Row],[台語音標]], 注音編碼對照表[台語音標], 注音編碼對照表[注音二式], "") -> m | L33: =_xlfn.XLOOKUP(按鍵設計表[[#This Row],[台語音標]], 注音編碼對照表[台語音標], 注音編碼對照表[台羅拼音], "") -> m | M33: =_xlfn.XLOOKUP(按鍵設計表[[#This Row],[台語音標]], 注音編碼對照表[台語音標], 注音編碼對照表[白話字], "") -> m | N33: =_xlfn.XLOOKUP(按鍵設計表[[#This Row],[台語音標]], 注音編碼對照表[台語音標], 注音編碼對照表[閩拼方案], "") -> m | Q33: =LEN(按鍵設計表[[#This Row],[注音符號]]) -> 1 | S33: =ROW() - 4 -> 29 | T33: =ROW() - 4 -> 29 | U33: N | V33: ㄫ | W33: w | X33: ng | Y33: ggn | Z33: ng | AA33: 聲 | AB33: ng鼻音韻尾編碼：【W】 | AD33: 29 | AE33: I | AF33: Q | AG33: ㆧ | AH33: oonn
B34: =ROW() - 4 -> 30 | C34: p | D34: -n | E34: N | F34: N | G34: =_xlfn.XLOOKUP(按鍵設計表[[#This Row],[台語音標]], 注音編碼對照表[台語音標], 注音編碼對照表[注音符號], "") -> ㄣ | H34: =_xlfn.XLOOKUP(按鍵設計表[[#This Row],[台語音標]], 注音編碼對照表[台語音標], 注音編碼對照表[漢字例], "") -> 恩 | I34: =_xlfn.XLOOKUP(按鍵設計表[[#This Row],[台語音標]], 注音編碼對照表[台語音標], 注音編碼對照表[聲韻調], "") -> 韻 | J34: =_xlfn.XLOOKUP(按鍵設計表[[#This Row],[台語音標]], 注音編碼對照表[台語音標], 注音編碼對照表[十五音], "") -> 0 | K34: =_xlfn.XLOOKUP(按鍵設計表[[#This Row],[台語音標]], 注音編碼對照表[台語音標], 注音編碼對照表[注音二式], "") -> n | L34: =_xlfn.XLOOKUP(按鍵設計表[[#This Row],[台語音標]], 注音編碼對照表[台語音標], 注音編碼對照表[台羅拼音], "") -> n | M34: =_xlfn.XLOOKUP(按鍵設計表[[#This Row],[台語音標]], 注音編碼對照表[台語音標], 注音編碼對照表[白話字], "") -> n | N34: =_xlfn.XLOOKUP(按鍵設計表[[#This Row],[台語音標]], 注音編碼對照表[台語音標], 注音編碼對照表[閩拼方案], "") -> n | O34: n鼻音韻尾編碼：【N】 | Q34: =LEN(按鍵設計表[[#This Row],[注音符號]]) -> 1 | S34: =ROW() - 4 -> 30 | T34: =ROW() - 4 -> 30 | U34: 7 | V34: ˙ | W34: 8 | X34: 8 | Y34: 8 | Z34: 8 | AA34: 調 | AB34: 入聲韻母輸入鍵 | AD34: 30 | AE34: k | AF34: o | AG34: ㄜ | AH34: or
B35: =ROW() - 4 -> 31 | C35: / | D35: -ng | E35: G | F35: G | G35: =_xlfn.XLOOKUP(按鍵設計表[[#This Row],[台語音標]], 注音編碼對照表[台語音標], 注音編碼對照表[注音符號], "") -> ㆭ | H35: =_xlfn.XLOOKUP(按鍵設計表[[#This Row],[台語音標]], 注音編碼對照表[台語音標], 注音編碼對照表[漢字例], "") -> 秧 | I35: =_xlfn.XLOOKUP(按鍵設計表[[#This Row],[台語音標]], 注音編碼對照表[台語音標], 注音編碼對照表[聲韻調], "") -> 韻 | J35: =_xlfn.XLOOKUP(按鍵設計表[[#This Row],[台語音標]], 注音編碼對照表[台語音標], 注音編碼對照表[十五音], "") -> 鋼 | K35: =_xlfn.XLOOKUP(按鍵設計表[[#This Row],[台語音標]], 注音編碼對照表[台語音標], 注音編碼對照表[注音二式], "") -> ng | L35: =_xlfn.XLOOKUP(按鍵設計表[[#This Row],[台語音標]], 注音編碼對照表[台語音標], 注音編碼對照表[台羅拼音], "") -> ng | M35: =_xlfn.XLOOKUP(按鍵設計表[[#This Row],[台語音標]], 注音編碼對照表[台語音標], 注音編碼對照表[白話字], "") -> ng | N35: =_xlfn.XLOOKUP(按鍵設計表[[#This Row],[台語音標]], 注音編碼對照表[台語音標], 注音編碼對照表[閩拼方案], "") -> ng | O35: ng鼻音韻尾編碼：【G】 | Q35: =LEN(按鍵設計表[[#This Row],[注音符號]]) -> 1 | S35: =ROW() - 4 -> 31 | T35: =ROW() - 4 -> 31 | U35: u | V35: ㄧ | W35: i | X35: i | Y35: i | Z35: i | AA35: 韻 | AD35: 31 | AE35: , | AF35: e | AG35: ㆤ | AH35: e
B36: =ROW() - 4 -> 32 | C36: b | D36: -p | E36: R | F36: ph | G36: =_xlfn.XLOOKUP(按鍵設計表[[#This Row],[台語音標]], 注音編碼對照表[台語音標], 注音編碼對照表[注音符號], "",0, 1 ) -> ㆴ | H36: =_xlfn.XLOOKUP(按鍵設計表[[#This Row],[台語音標]], 注音編碼對照表[台語音標], 注音編碼對照表[漢字例], "") -> 哈沓 | I36: =_xlfn.XLOOKUP(按鍵設計表[[#This Row],[台語音標]], 注音編碼對照表[台語音標], 注音編碼對照表[聲韻調], "") -> 韻尾 | J36: =_xlfn.XLOOKUP(按鍵設計表[[#This Row],[台語音標]], 注音編碼對照表[台語音標], 注音編碼對照表[十五音], "") -> 0 | K36: =_xlfn.XLOOKUP(按鍵設計表[[#This Row],[台語音標]], 注音編碼對照表[台語音標], 注音編碼對照表[注音二式], "") -> p | L36: =_xlfn.XLOOKUP(按鍵設計表[[#This Row],[台語音標]], 注音編碼對照表[台語音標], 注音編碼對照表[台羅拼音], "") -> p | M36: =_xlfn.XLOOKUP(按鍵設計表[[#This Row],[台語音標]], 注音編碼對照表[台語音標], 注音編碼對照表[白話字], "") -> p | N36: =_xlfn.XLOOKUP(按鍵設計表[[#This Row],[台語音標]], 注音編碼對照表[台語音標], 注音編碼對照表[閩拼方案], "") -> p | O36: p入聲韻尾 | P36: ㆴ | Q36: =LEN(按鍵設計表[[#This Row],[注音符號]]) -> 1 | S36: =ROW() - 4 -> 32 | T36: =ROW() - 4 -> 32 | U36: U | V36: ㆪ | W36: I | X36: inn | Y36: ni | Z36: inn | AA36: 韻 | AD36: 32 | AE36: < | AF36: E | AG36: ㆥ | AH36: enn
B37: =ROW() - 4 -> 33 | C37: t | D37: -t | E37: F | F37: th | G37: =_xlfn.XLOOKUP(按鍵設計表[[#This Row],[台語音標]], 注音編碼對照表[台語音標], 注音編碼對照表[注音符號], "") -> ㆵ | H37: =_xlfn.XLOOKUP(按鍵設計表[[#This Row],[台語音標]], 注音編碼對照表[台語音標], 注音編碼對照表[漢字例], "") -> 叭別 | I37: =_xlfn.XLOOKUP(按鍵設計表[[#This Row],[台語音標]], 注音編碼對照表[台語音標], 注音編碼對照表[聲韻調], "") -> 韻尾 | J37: =_xlfn.XLOOKUP(按鍵設計表[[#This Row],[台語音標]], 注音編碼對照表[台語音標], 注音編碼對照表[十五音], "") -> 0 | K37: =_xlfn.XLOOKUP(按鍵設計表[[#This Row],[台語音標]], 注音編碼對照表[台語音標], 注音編碼對照表[注音二式], "") -> t | L37: =_xlfn.XLOOKUP(按鍵設計表[[#This Row],[台語音標]], 注音編碼對照表[台語音標], 注音編碼對照表[台羅拼音], "") -> t | M37: =_xlfn.XLOOKUP(按鍵設計表[[#This Row],[台語音標]], 注音編碼對照表[台語音標], 注音編碼對照表[白話字], "") -> t | N37: =_xlfn.XLOOKUP(按鍵設計表[[#This Row],[台語音標]], 注音編碼對照表[台語音標], 注音編碼對照表[閩拼方案], "") -> t | O37: t入聲韻尾 | P37: ㆵ | Q37: =LEN(按鍵設計表[[#This Row],[注音符號]]) -> 1 | S37: =ROW() - 4 -> 33 | T37: =ROW() - 4 -> 33 | U37: j | V37: ㄨ | W37: u | X37: u | Y37: u | Z37: u | AA37: 韻 | AD37: 33 | AE37: 9 | AF37: x | AG37: ㄞ | AH37: ai
B38: =ROW() - 4 -> 34 | C38: g | D38: -k | E38: Q | F38: kh | G38: =_xlfn.XLOOKUP(按鍵設計表[[#This Row],[台語音標]], 注音編碼對照表[台語音標], 注音編碼對照表[注音符號], "") -> ㆻ | H38: =_xlfn.XLOOKUP(按鍵設計表[[#This Row],[台語音標]], 注音編碼對照表[台語音標], 注音編碼對照表[漢字例], "") -> 德俗 | I38: =_xlfn.XLOOKUP(按鍵設計表[[#This Row],[台語音標]], 注音編碼對照表[台語音標], 注音編碼對照表[聲韻調], "") -> 韻尾 | J38: =_xlfn.XLOOKUP(按鍵設計表[[#This Row],[台語音標]], 注音編碼對照表[台語音標], 注音編碼對照表[十五音], "") -> 0 | K38: =_xlfn.XLOOKUP(按鍵設計表[[#This Row],[台語音標]], 注音編碼對照表[台語音標], 注音編碼對照表[注音二式], "") -> k | L38: =_xlfn.XLOOKUP(按鍵設計表[[#This Row],[台語音標]], 注音編碼對照表[台語音標], 注音編碼對照表[台羅拼音], "") -> k | M38: =_xlfn.XLOOKUP(按鍵設計表[[#This Row],[台語音標]], 注音編碼對照表[台語音標], 注音編碼對照表[白話字], "") -> k | N38: =_xlfn.XLOOKUP(按鍵設計表[[#This Row],[台語音標]], 注音編碼對照表[台語音標], 注音編碼對照表[閩拼方案], "") -> k | O38: k入聲韻尾 | P38: ㆻ | Q38: =LEN(按鍵設計表[[#This Row],[注音符號]]) -> 1 | S38: =ROW() - 4 -> 34 | T38: =ROW() - 4 -> 34 | U38: J | V38: ㆫ | W38: U | X38: unn | Y38: nu | Z38: unn | AA38: 韻 | AD38: 34 | AE38: ( | AF38: X | AG38: ㆮ | AH38: ainn
B39: =ROW() - 4 -> 35 | C39: z | D39: -k | E39: V | F39: h | G39: =_xlfn.XLOOKUP(按鍵設計表[[#This Row],[台語音標]], 注音編碼對照表[台語音標], 注音編碼對照表[注音符號], "") -> ㆻ | H39: =_xlfn.XLOOKUP(按鍵設計表[[#This Row],[台語音標]], 注音編碼對照表[台語音標], 注音編碼對照表[漢字例], "") -> 德俗 | I39: =_xlfn.XLOOKUP(按鍵設計表[[#This Row],[台語音標]], 注音編碼對照表[台語音標], 注音編碼對照表[聲韻調], "") -> 韻尾 | J39: =_xlfn.XLOOKUP(按鍵設計表[[#This Row],[台語音標]], 注音編碼對照表[台語音標], 注音編碼對照表[十五音], "") -> 0 | K39: =_xlfn.XLOOKUP(按鍵設計表[[#This Row],[台語音標]], 注音編碼對照表[台語音標], 注音編碼對照表[注音二式], "") -> k | L39: =_xlfn.XLOOKUP(按鍵設計表[[#This Row],[台語音標]], 注音編碼對照表[台語音標], 注音編碼對照表[台羅拼音], "") -> k | M39: =_xlfn.XLOOKUP(按鍵設計表[[#This Row],[台語音標]], 注音編碼對照表[台語音標], 注音編碼對照表[白話字], "") -> k | N39: =_xlfn.XLOOKUP(按鍵設計表[[#This Row],[台語音標]], 注音編碼對照表[台語音標], 注音編碼對照表[閩拼方案], "") -> k | O39: h入聲韻尾 | P39: ㆷ | Q39: =LEN(按鍵設計表[[#This Row],[注音符號]]) -> 1 | S39: =ROW() - 4 -> 35 | T39: =ROW() - 4 -> 35 | U39: m | V39: ㆬ | W39: M | X39: m | Y39: m | Z39: m | AA39: 韻 | AD39: 35 | AE39: l | AF39: y | AG39: ㄠ | AH39: au
B40: =ROW() - 4 -> 36 | C40: 9 | D40: ai | E40: I | F40: I | G40: =_xlfn.XLOOKUP(按鍵設計表[[#This Row],[台語音標]], 注音編碼對照表[台語音標], 注音編碼對照表[注音符號], "") -> ㄞ | H40: =_xlfn.XLOOKUP(按鍵設計表[[#This Row],[台語音標]], 注音編碼對照表[台語音標], 注音編碼對照表[漢字例], "") -> 哀 | I40: =_xlfn.XLOOKUP(按鍵設計表[[#This Row],[台語音標]], 注音編碼對照表[台語音標], 注音編碼對照表[聲韻調], "") -> 韻 | J40: =_xlfn.XLOOKUP(按鍵設計表[[#This Row],[台語音標]], 注音編碼對照表[台語音標], 注音編碼對照表[十五音], "") -> 皆 | K40: =_xlfn.XLOOKUP(按鍵設計表[[#This Row],[台語音標]], 注音編碼對照表[台語音標], 注音編碼對照表[注音二式], "") -> ai | L40: =_xlfn.XLOOKUP(按鍵設計表[[#This Row],[台語音標]], 注音編碼對照表[台語音標], 注音編碼對照表[台羅拼音], "") -> ai | M40: =_xlfn.XLOOKUP(按鍵設計表[[#This Row],[台語音標]], 注音編碼對照表[台語音標], 注音編碼對照表[白話字], "") -> ai | N40: =_xlfn.XLOOKUP(按鍵設計表[[#This Row],[台語音標]], 注音編碼對照表[台語音標], 注音編碼對照表[閩拼方案], "") -> ai | P40: =_xlfn.UNICODE(P36) -> 12724 | Q40: =LEN(按鍵設計表[[#This Row],[注音符號]]) -> 1 | S40: =ROW() - 4 -> 36 | T40: =ROW() - 4 -> 36 | U40: M | V40: ㆰ | W40: V | X40: am | Y40: am | Z40: am | AA40: 韻 | AB40: 【ㆱ】共用【m】按鍵；【編碼】=【v】 | AD40: 36 | AE40: L | AF40: Y | AG40: ㆯ | AH40: aunn
B41: =ROW() - 4 -> 37 | C41: l | D41: au | E41: U | F41: U | G41: =_xlfn.XLOOKUP(按鍵設計表[[#This Row],[台語音標]], 注音編碼對照表[台語音標], 注音編碼對照表[注音符號], "") -> ㄠ | H41: =_xlfn.XLOOKUP(按鍵設計表[[#This Row],[台語音標]], 注音編碼對照表[台語音標], 注音編碼對照表[漢字例], "") -> 甌 | I41: =_xlfn.XLOOKUP(按鍵設計表[[#This Row],[台語音標]], 注音編碼對照表[台語音標], 注音編碼對照表[聲韻調], "") -> 韻 | J41: =_xlfn.XLOOKUP(按鍵設計表[[#This Row],[台語音標]], 注音編碼對照表[台語音標], 注音編碼對照表[十五音], "") -> 交 | K41: =_xlfn.XLOOKUP(按鍵設計表[[#This Row],[台語音標]], 注音編碼對照表[台語音標], 注音編碼對照表[注音二式], "") -> au | L41: =_xlfn.XLOOKUP(按鍵設計表[[#This Row],[台語音標]], 注音編碼對照表[台語音標], 注音編碼對照表[台羅拼音], "") -> au | M41: =_xlfn.XLOOKUP(按鍵設計表[[#This Row],[台語音標]], 注音編碼對照表[台語音標], 注音編碼對照表[白話字], "") -> au | N41: =_xlfn.XLOOKUP(按鍵設計表[[#This Row],[台語音標]], 注音編碼對照表[台語音標], 注音編碼對照表[閩拼方案], "") -> ao | P41: =_xlfn.UNICODE(G36) -> 12724 | Q41: =LEN(按鍵設計表[[#This Row],[注音符號]]) -> 1 | S41: =ROW() - 4 -> 37 | T41: =ROW() - 4 -> 37 | U41: 8 | V41: ㄚ | W41: a | X41: a | Y41: a | Z41: a | AA41: 韻 | AD41: 37 | AE41: 0 | AF41: @ | AG41: ㄢ | AH41: an
B42: =ROW() - 4 -> 38 | C42: M | D42: am | E42: Y | F42: aM | G42: =_xlfn.XLOOKUP(按鍵設計表[[#This Row],[台語音標]], 注音編碼對照表[台語音標], 注音編碼對照表[注音符號], "") -> ㆰ | H42: =_xlfn.XLOOKUP(按鍵設計表[[#This Row],[台語音標]], 注音編碼對照表[台語音標], 注音編碼對照表[漢字例], "") -> 庵 | I42: =_xlfn.XLOOKUP(按鍵設計表[[#This Row],[台語音標]], 注音編碼對照表[台語音標], 注音編碼對照表[聲韻調], "") -> 韻 | J42: =_xlfn.XLOOKUP(按鍵設計表[[#This Row],[台語音標]], 注音編碼對照表[台語音標], 注音編碼對照表[十五音], "") -> 甘 | K42: =_xlfn.XLOOKUP(按鍵設計表[[#This Row],[台語音標]], 注音編碼對照表[台語音標], 注音編碼對照表[注音二式], "") -> am | L42: =_xlfn.XLOOKUP(按鍵設計表[[#This Row],[台語音標]], 注音編碼對照表[台語音標], 注音編碼對照表[台羅拼音], "") -> am | M42: =_xlfn.XLOOKUP(按鍵設計表[[#This Row],[台語音標]], 注音編碼對照表[台語音標], 注音編碼對照表[白話字], "") -> am | N42: =_xlfn.XLOOKUP(按鍵設計表[[#This Row],[台語音標]], 注音編碼對照表[台語音標], 注音編碼對照表[閩拼方案], "") -> am | O42: 【ㆱ】共用【m】按鍵；【編碼】=【v】 | P42: =_xlfn.UNICODE(G6) -> 12549 | Q42: =LEN(按鍵設計表[[#This Row],[注音符號]]) -> 1 | S42: =ROW() - 4 -> 38 | T42: =ROW() - 4 -> 38 | U42: * | V42: ㆩ | W42: A | X42: ann | Y42: na | Z42: ann | AA42: 韻 | AD42: 38 | AE42: p | AF42: N | AG42: ㄣ | AH42: en
B43: =ROW() - 4 -> 39 | C43: 0 | D43: an | E43: @ | F43: aN | G43: =_xlfn.XLOOKUP(按鍵設計表[[#This Row],[台語音標]], 注音編碼對照表[台語音標], 注音編碼對照表[注音符號], "") -> ㄢ | H43: =_xlfn.XLOOKUP(按鍵設計表[[#This Row],[台語音標]], 注音編碼對照表[台語音標], 注音編碼對照表[漢字例], "") -> 安 | I43: =_xlfn.XLOOKUP(按鍵設計表[[#This Row],[台語音標]], 注音編碼對照表[台語音標], 注音編碼對照表[聲韻調], "") -> 韻 | J43: =_xlfn.XLOOKUP(按鍵設計表[[#This Row],[台語音標]], 注音編碼對照表[台語音標], 注音編碼對照表[十五音], "") -> 干 | K43: =_xlfn.XLOOKUP(按鍵設計表[[#This Row],[台語音標]], 注音編碼對照表[台語音標], 注音編碼對照表[注音二式], "") -> an | L43: =_xlfn.XLOOKUP(按鍵設計表[[#This Row],[台語音標]], 注音編碼對照表[台語音標], 注音編碼對照表[台羅拼音], "") -> an | M43: =_xlfn.XLOOKUP(按鍵設計表[[#This Row],[台語音標]], 注音編碼對照表[台語音標], 注音編碼對照表[白話字], "") -> an | N43: =_xlfn.XLOOKUP(按鍵設計表[[#This Row],[台語音標]], 注音編碼對照表[台語音標], 注音編碼對照表[閩拼方案], "") -> an | Q43: =LEN(按鍵設計表[[#This Row],[注音符號]]) -> 1 | S43: =ROW() - 4 -> 39 | T43: =ROW() - 4 -> 39 | U43: i | V43: ㆦ | W43: O | X43: oo | Y43: oo | Z43: oo | AA43: 韻 | AD43: 39 | AE43: ; | AF43: G | AG43: ㄤ | AH43: ang
B44: =ROW() - 4 -> 40 | C44: ; | D44: ang | E44: A | F44: F | G44: =_xlfn.XLOOKUP(按鍵設計表[[#This Row],[台語音標]], 注音編碼對照表[台語音標], 注音編碼對照表[注音符號], "") -> ㄤ | H44: =_xlfn.XLOOKUP(按鍵設計表[[#This Row],[台語音標]], 注音編碼對照表[台語音標], 注音編碼對照表[漢字例], "") -> 尪 | I44: =_xlfn.XLOOKUP(按鍵設計表[[#This Row],[台語音標]], 注音編碼對照表[台語音標], 注音編碼對照表[聲韻調], "") -> 韻 | J44: =_xlfn.XLOOKUP(按鍵設計表[[#This Row],[台語音標]], 注音編碼對照表[台語音標], 注音編碼對照表[十五音], "") -> 江 | K44: =_xlfn.XLOOKUP(按鍵設計表[[#This Row],[台語音標]], 注音編碼對照表[台語音標], 注音編碼對照表[注音二式], "") -> ang | L44: =_xlfn.XLOOKUP(按鍵設計表[[#This Row],[台語音標]], 注音編碼對照表[台語音標], 注音編碼對照表[台羅拼音], "") -> ang | M44: =_xlfn.XLOOKUP(按鍵設計表[[#This Row],[台語音標]], 注音編碼對照表[台語音標], 注音編碼對照表[白話字], "") -> ang | N44: =_xlfn.XLOOKUP(按鍵設計表[[#This Row],[台語音標]], 注音編碼對照表[台語音標], 注音編碼對照表[閩拼方案], "") -> ang | Q44: =LEN(按鍵設計表[[#This Row],[注音符號]]) -> 1 | S44: =ROW() - 4 -> 40 | T44: =ROW() - 4 -> 40 | U44: I | V44: ㆧ | W44: Q | X44: oonn | Y44: noo | Z44: onn | AA44: 韻 | AD44: 40 | AE44: - | AF44: R | AG44: ㆨ | AH44: ir
B45: =ROW() - 4 -> 41 | C45: O | D45: om | E45: W | F45: oM | G45: =_xlfn.XLOOKUP(按鍵設計表[[#This Row],[台語音標]], 注音編碼對照表[台語音標], 注音編碼對照表[注音符號], "") -> ㆱ | H45: =_xlfn.XLOOKUP(按鍵設計表[[#This Row],[台語音標]], 注音編碼對照表[台語音標], 注音編碼對照表[漢字例], "") -> 丼 | I45: =_xlfn.XLOOKUP(按鍵設計表[[#This Row],[台語音標]], 注音編碼對照表[台語音標], 注音編碼對照表[聲韻調], "") -> 韻 | J45: =_xlfn.XLOOKUP(按鍵設計表[[#This Row],[台語音標]], 注音編碼對照表[台語音標], 注音編碼對照表[十五音], "") -> 箴 | K45: =_xlfn.XLOOKUP(按鍵設計表[[#This Row],[台語音標]], 注音編碼對照表[台語音標], 注音編碼對照表[注音二式], "") -> om | L45: =_xlfn.XLOOKUP(按鍵設計表[[#This Row],[台語音標]], 注音編碼對照表[台語音標], 注音編碼對照表[台羅拼音], "") -> om | M45: =_xlfn.XLOOKUP(按鍵設計表[[#This Row],[台語音標]], 注音編碼對照表[台語音標], 注音編碼對照表[白話字], "") -> om | N45: =_xlfn.XLOOKUP(按鍵設計表[[#This Row],[台語音標]], 注音編碼對照表[台語音標], 注音編碼對照表[閩拼方案], "") -> - | O45: 【ㆱ】共用【m】按鍵；【編碼】=【v】 | Q45: =LEN(按鍵設計表[[#This Row],[注音符號]]) -> 1 | S45: =ROW() - 4 -> 41 | T45: =ROW() - 4 -> 41 | U45: k | V45: ㄜ | W45: o | X45: or | Y45: o | Z45: o | AA45: 韻 | AD45: 41 | AE45: [ | AF45: [ | AG45: ㆰ | AH45: am
B46: =ROW() - 4 -> 42 | C46: o | D46: ong | E46: H | F46: oG | G46: =_xlfn.XLOOKUP(按鍵設計表[[#This Row],[台語音標]], 注音編碼對照表[台語音標], 注音編碼對照表[注音符號], "") -> ㆲ | H46: =_xlfn.XLOOKUP(按鍵設計表[[#This Row],[台語音標]], 注音編碼對照表[台語音標], 注音編碼對照表[漢字例], "") -> 汪 | I46: =_xlfn.XLOOKUP(按鍵設計表[[#This Row],[台語音標]], 注音編碼對照表[台語音標], 注音編碼對照表[聲韻調], "") -> 韻 | J46: =_xlfn.XLOOKUP(按鍵設計表[[#This Row],[台語音標]], 注音編碼對照表[台語音標], 注音編碼對照表[十五音], "") -> 公 | K46: =_xlfn.XLOOKUP(按鍵設計表[[#This Row],[台語音標]], 注音編碼對照表[台語音標], 注音編碼對照表[注音二式], "") -> ong | L46: =_xlfn.XLOOKUP(按鍵設計表[[#This Row],[台語音標]], 注音編碼對照表[台語音標], 注音編碼對照表[台羅拼音], "") -> ong | M46: =_xlfn.XLOOKUP(按鍵設計表[[#This Row],[台語音標]], 注音編碼對照表[台語音標], 注音編碼對照表[白話字], "") -> ong | N46: =_xlfn.XLOOKUP(按鍵設計表[[#This Row],[台語音標]], 注音編碼對照表[台語音標], 注音編碼對照表[閩拼方案], "") -> ong | O46: 原用【H】；ang【f】；ong【F】 | Q46: =LEN(按鍵設計表[[#This Row],[注音符號]]) -> 1 | S46: =ROW() - 4 -> 42 | T46: =ROW() - 4 -> 42 | U46: K | V46: ㆨ | W46: R | X46: ir | Y46: eu | Z46: ir | AA46: 韻尾 | AD46: 42 | AE46: ] | AF46: ] | AG46: ㆱ | AH46: om
B47: =ROW() - 4 -> 43 | C47: * | D47: ann | E47: La | F47: La | G47: =_xlfn.XLOOKUP(按鍵設計表[[#This Row],[台語音標]], 注音編碼對照表[台語音標], 注音編碼對照表[注音符號], "") -> ㆩ | H47: =_xlfn.XLOOKUP(按鍵設計表[[#This Row],[台語音標]], 注音編碼對照表[台語音標], 注音編碼對照表[漢字例], "") -> 餡 | I47: =_xlfn.XLOOKUP(按鍵設計表[[#This Row],[台語音標]], 注音編碼對照表[台語音標], 注音編碼對照表[聲韻調], "") -> 韻 | J47: =_xlfn.XLOOKUP(按鍵設計表[[#This Row],[台語音標]], 注音編碼對照表[台語音標], 注音編碼對照表[十五音], "") -> 監 | K47: =_xlfn.XLOOKUP(按鍵設計表[[#This Row],[台語音標]], 注音編碼對照表[台語音標], 注音編碼對照表[注音二式], "") -> ann | L47: =_xlfn.XLOOKUP(按鍵設計表[[#This Row],[台語音標]], 注音編碼對照表[台語音標], 注音編碼對照表[台羅拼音], "") -> ann | M47: =_xlfn.XLOOKUP(按鍵設計表[[#This Row],[台語音標]], 注音編碼對照表[台語音標], 注音編碼對照表[白話字], "") -> ann | N47: =_xlfn.XLOOKUP(按鍵設計表[[#This Row],[台語音標]], 注音編碼對照表[台語音標], 注音編碼對照表[閩拼方案], "") -> na | Q47: =LEN(按鍵設計表[[#This Row],[注音符號]]) -> 1 | S47: =ROW() - 4 -> 43 | T47: =ROW() - 4 -> 43 | U47: , | V47: ㆤ | W47: e | X47: e | Y47: e | Z47: e | AA47: 韻 | AD47: 43 | AE47: ' | AF47: H | AG47: ㆲ | AH47: ong
B48: =ROW() - 4 -> 44 | C48: U | D48: inn | E48: Li | F48: Li | G48: =_xlfn.XLOOKUP(按鍵設計表[[#This Row],[台語音標]], 注音編碼對照表[台語音標], 注音編碼對照表[注音符號], "") -> ㆪ | H48: =_xlfn.XLOOKUP(按鍵設計表[[#This Row],[台語音標]], 注音編碼對照表[台語音標], 注音編碼對照表[漢字例], "") -> 燕 | I48: =_xlfn.XLOOKUP(按鍵設計表[[#This Row],[台語音標]], 注音編碼對照表[台語音標], 注音編碼對照表[聲韻調], "") -> 韻 | J48: =_xlfn.XLOOKUP(按鍵設計表[[#This Row],[台語音標]], 注音編碼對照表[台語音標], 注音編碼對照表[十五音], "") -> 梔 | K48: =_xlfn.XLOOKUP(按鍵設計表[[#This Row],[台語音標]], 注音編碼對照表[台語音標], 注音編碼對照表[注音二式], "") -> inn | L48: =_xlfn.XLOOKUP(按鍵設計表[[#This Row],[台語音標]], 注音編碼對照表[台語音標], 注音編碼對照表[台羅拼音], "") -> inn | M48: =_xlfn.XLOOKUP(按鍵設計表[[#This Row],[台語音標]], 注音編碼對照表[台語音標], 注音編碼對照表[白話字], "") -> inn | N48: =_xlfn.XLOOKUP(按鍵設計表[[#This Row],[台語音標]], 注音編碼對照表[台語音標], 注音編碼對照表[閩拼方案], "") -> ni | Q48: =LEN(按鍵設計表[[#This Row],[注音符號]]) -> 1 | S48: =ROW() - 4 -> 44 | T48: =ROW() - 4 -> 44 | U48: < | V48: ㆥ | W48: E | X48: enn | Y48: ne | Z48: enn | AA48: 韻 | AD48: 44 | AE48: \ | AF48: W | AG48: ㆭ | AH48: -ng
B49: =ROW() - 4 -> 45 | C49: J | D49: unn | E49: Lu | F49: Lu | G49: =_xlfn.XLOOKUP(按鍵設計表[[#This Row],[台語音標]], 注音編碼對照表[台語音標], 注音編碼對照表[注音符號], "") -> ㆫ | H49: =_xlfn.XLOOKUP(按鍵設計表[[#This Row],[台語音標]], 注音編碼對照表[台語音標], 注音編碼對照表[漢字例], "") -> 楊 | I49: =_xlfn.XLOOKUP(按鍵設計表[[#This Row],[台語音標]], 注音編碼對照表[台語音標], 注音編碼對照表[聲韻調], "") -> 韻 | J49: =_xlfn.XLOOKUP(按鍵設計表[[#This Row],[台語音標]], 注音編碼對照表[台語音標], 注音編碼對照表[十五音], "") -> 0 | K49: =_xlfn.XLOOKUP(按鍵設計表[[#This Row],[台語音標]], 注音編碼對照表[台語音標], 注音編碼對照表[注音二式], "") -> unn | L49: =_xlfn.XLOOKUP(按鍵設計表[[#This Row],[台語音標]], 注音編碼對照表[台語音標], 注音編碼對照表[台羅拼音], "") -> unn | M49: =_xlfn.XLOOKUP(按鍵設計表[[#This Row],[台語音標]], 注音編碼對照表[台語音標], 注音編碼對照表[白話字], "") -> unn | N49: =_xlfn.XLOOKUP(按鍵設計表[[#This Row],[台語音標]], 注音編碼對照表[台語音標], 注音編碼對照表[閩拼方案], "") -> nu | Q49: =LEN(按鍵設計表[[#This Row],[注音符號]]) -> 1 | S49: =ROW() - 4 -> 45 | T49: =ROW() - 4 -> 45 | U49: 9 | V49: ㄞ | W49: x | X49: ai | Y49: ai | Z49: ai | AA49: 韻 | AD49: 45 | AE49: / | AF49: L | AG49: ㄥ | AH49: (i)ng
B50: =ROW() - 4 -> 46 | C50: < | D50: enn | E50: Le | F50: Le | G50: =_xlfn.XLOOKUP(按鍵設計表[[#This Row],[台語音標]], 注音編碼對照表[台語音標], 注音編碼對照表[注音符號], "") -> ㆥ | H50: =_xlfn.XLOOKUP(按鍵設計表[[#This Row],[台語音標]], 注音編碼對照表[台語音標], 注音編碼對照表[漢字例], "") -> 嬰 | I50: =_xlfn.XLOOKUP(按鍵設計表[[#This Row],[台語音標]], 注音編碼對照表[台語音標], 注音編碼對照表[聲韻調], "") -> 韻 | J50: =_xlfn.XLOOKUP(按鍵設計表[[#This Row],[台語音標]], 注音編碼對照表[台語音標], 注音編碼對照表[十五音], "") -> 更 | K50: =_xlfn.XLOOKUP(按鍵設計表[[#This Row],[台語音標]], 注音編碼對照表[台語音標], 注音編碼對照表[注音二式], "") -> enn | L50: =_xlfn.XLOOKUP(按鍵設計表[[#This Row],[台語音標]], 注音編碼對照表[台語音標], 注音編碼對照表[台羅拼音], "") -> enn | M50: =_xlfn.XLOOKUP(按鍵設計表[[#This Row],[台語音標]], 注音編碼對照表[台語音標], 注音編碼對照表[白話字], "") -> enn | N50: =_xlfn.XLOOKUP(按鍵設計表[[#This Row],[台語音標]], 注音編碼對照表[台語音標], 注音編碼對照表[閩拼方案], "") -> ne | Q50: =LEN(按鍵設計表[[#This Row],[注音符號]]) -> 1 | S50: =ROW() - 4 -> 46 | T50: =ROW() - 4 -> 46 | U50: ( | V50: ㆮ | W50: X | X50: ainn | Y50: nai | Z50: ainn | AA50: 韻 | AD50: 46 | AE50: m | AF50: M | AG50: ㆬ | AH50: m
B51: =ROW() - 4 -> 47 | C51: I | D51: onn | E51: Lo | F51: Lo | G51: =_xlfn.XLOOKUP(按鍵設計表[[#This Row],[台語音標]], 注音編碼對照表[台語音標], 注音編碼對照表[注音符號], "") -> ㆧ | H51: =_xlfn.XLOOKUP(按鍵設計表[[#This Row],[台語音標]], 注音編碼對照表[台語音標], 注音編碼對照表[漢字例], "") -> 好 | I51: =_xlfn.XLOOKUP(按鍵設計表[[#This Row],[台語音標]], 注音編碼對照表[台語音標], 注音編碼對照表[聲韻調], "") -> 韻 | J51: =_xlfn.XLOOKUP(按鍵設計表[[#This Row],[台語音標]], 注音編碼對照表[台語音標], 注音編碼對照表[十五音], "") -> 姑 | K51: =_xlfn.XLOOKUP(按鍵設計表[[#This Row],[台語音標]], 注音編碼對照表[台語音標], 注音編碼對照表[注音二式], "") -> oonn | L51: =_xlfn.XLOOKUP(按鍵設計表[[#This Row],[台語音標]], 注音編碼對照表[台語音標], 注音編碼對照表[台羅拼音], "") -> onn | M51: =_xlfn.XLOOKUP(按鍵設計表[[#This Row],[台語音標]], 注音編碼對照表[台語音標], 注音編碼對照表[白話字], "") -> onn | N51: =_xlfn.XLOOKUP(按鍵設計表[[#This Row],[台語音標]], 注音編碼對照表[台語音標], 注音編碼對照表[閩拼方案], "") -> noo | Q51: =LEN(按鍵設計表[[#This Row],[注音符號]]) -> 1 | S51: =ROW() - 4 -> 47 | T51: =ROW() - 4 -> 47 | U51: o | V51: ㆲ | W51: H | X51: ong | Y51: ong | Z51: ong | AA51: 韻 | AB51: 原用【H】；ang【f】；ong【F】 | AD51: 47 | AE51: b | AF51: R | AG51: ㆴ | AH51: b0
B52: =ROW() - 4 -> 48 | C52: ( | D52: ainn | E52: LI | F52: LI | G52: =_xlfn.XLOOKUP(按鍵設計表[[#This Row],[台語音標]], 注音編碼對照表[台語音標], 注音編碼對照表[注音符號], "") -> ㆮ | H52: =_xlfn.XLOOKUP(按鍵設計表[[#This Row],[台語音標]], 注音編碼對照表[台語音標], 注音編碼對照表[漢字例], "") -> 閂 | I52: =_xlfn.XLOOKUP(按鍵設計表[[#This Row],[台語音標]], 注音編碼對照表[台語音標], 注音編碼對照表[聲韻調], "") -> 韻 | J52: =_xlfn.XLOOKUP(按鍵設計表[[#This Row],[台語音標]], 注音編碼對照表[台語音標], 注音編碼對照表[十五音], "") -> 閒 | K52: =_xlfn.XLOOKUP(按鍵設計表[[#This Row],[台語音標]], 注音編碼對照表[台語音標], 注音編碼對照表[注音二式], "") -> ainn | L52: =_xlfn.XLOOKUP(按鍵設計表[[#This Row],[台語音標]], 注音編碼對照表[台語音標], 注音編碼對照表[台羅拼音], "") -> ainn | M52: =_xlfn.XLOOKUP(按鍵設計表[[#This Row],[台語音標]], 注音編碼對照表[台語音標], 注音編碼對照表[白話字], "") -> ainn | N52: =_xlfn.XLOOKUP(按鍵設計表[[#This Row],[台語音標]], 注音編碼對照表[台語音標], 注音編碼對照表[閩拼方案], "") -> nai | Q52: =LEN(按鍵設計表[[#This Row],[注音符號]]) -> 1 | S52: =ROW() - 4 -> 48 | T52: =ROW() - 4 -> 48 | U52: O | V52: ㆱ | W52: B | X52: om | Y52: - | Z52: om | AA52: 韻 | AB52: 【ㆱ】共用【m】按鍵；【編碼】=【v】 | AD52: 48 | AE52: t | AF52: F | AG52: ㆵ | AH52: d0
B53: =ROW() - 4 -> 49 | C53: L | D53: aunn | E53: LU | F53: LU | G53: =_xlfn.XLOOKUP(按鍵設計表[[#This Row],[台語音標]], 注音編碼對照表[台語音標], 注音編碼對照表[注音符號], "") -> ㆯ | H53: =_xlfn.XLOOKUP(按鍵設計表[[#This Row],[台語音標]], 注音編碼對照表[台語音標], 注音編碼對照表[漢字例], "") -> 爻 | I53: =_xlfn.XLOOKUP(按鍵設計表[[#This Row],[台語音標]], 注音編碼對照表[台語音標], 注音編碼對照表[聲韻調], "") -> 韻 | J53: =_xlfn.XLOOKUP(按鍵設計表[[#This Row],[台語音標]], 注音編碼對照表[台語音標], 注音編碼對照表[十五音], "") -> 爻 | K53: =_xlfn.XLOOKUP(按鍵設計表[[#This Row],[台語音標]], 注音編碼對照表[台語音標], 注音編碼對照表[注音二式], "") -> aunn | L53: =_xlfn.XLOOKUP(按鍵設計表[[#This Row],[台語音標]], 注音編碼對照表[台語音標], 注音編碼對照表[台羅拼音], "") -> aunn | M53: =_xlfn.XLOOKUP(按鍵設計表[[#This Row],[台語音標]], 注音編碼對照表[台語音標], 注音編碼對照表[白話字], "") -> aunn | N53: =_xlfn.XLOOKUP(按鍵設計表[[#This Row],[台語音標]], 注音編碼對照表[台語音標], 注音編碼對照表[閩拼方案], "") -> nao | Q53: =LEN(按鍵設計表[[#This Row],[注音符號]]) -> 1 | S53: =ROW() - 4 -> 49 | T53: =ROW() - 4 -> 49 | U53: l | V53: ㄠ | W53: y | X53: au | Y53: ao | Z53: au | AA53: 韻 | AD53: 49 | AE53: g | AF53: V | AG53: ㆻ | AH53: g0
B54: =ROW() - 4 -> 50 | C54: 7 | D54: 0 | E54: 0 | G54: =_xlfn.XLOOKUP(按鍵設計表[[#This Row],[台語音標]], 注音編碼對照表[台語音標], 注音編碼對照表[注音符號], "") -> ˙ | I54: =_xlfn.XLOOKUP(按鍵設計表[[#This Row],[台語音標]], 注音編碼對照表[台語音標], 注音編碼對照表[聲韻調], "") -> 調 | J54: =_xlfn.XLOOKUP(按鍵設計表[[#This Row],[台語音標]], 注音編碼對照表[台語音標], 注音編碼對照表[十五音], "") -> 0 | K54: =_xlfn.XLOOKUP(按鍵設計表[[#This Row],[台語音標]], 注音編碼對照表[台語音標], 注音編碼對照表[注音二式], "") -> 0 | L54: =_xlfn.XLOOKUP(按鍵設計表[[#This Row],[台語音標]], 注音編碼對照表[台語音標], 注音編碼對照表[台羅拼音], "") -> 0 | M54: =_xlfn.XLOOKUP(按鍵設計表[[#This Row],[台語音標]], 注音編碼對照表[台語音標], 注音編碼對照表[白話字], "") -> 0 | N54: =_xlfn.XLOOKUP(按鍵設計表[[#This Row],[台語音標]], 注音編碼對照表[台語音標], 注音編碼對照表[閩拼方案], "") -> 0 | O54: 國語注音符號輕聲按鍵 | Q54: =LEN(按鍵設計表[[#This Row],[注音符號]]) -> 1 | S54: =ROW() - 4 -> 50 | T54: =ROW() - 4 -> 50 | U54: L | V54: ㆯ | W54: Y | X54: aunn | Y54: nao | Z54: aunn | AA54: 韻 | AD54: 50 | AE54: C | AF54: C | AG54: ㆷ | AH54: h0
B55: =ROW() - 4 -> 51 | C55: 5 | D55: 7 | E55: 7 | G55: =_xlfn.XLOOKUP(按鍵設計表[[#This Row],[台語音標]], 注音編碼對照表[台語音標], 注音編碼對照表[注音符號], "") -> ˫ | I55: =_xlfn.XLOOKUP(按鍵設計表[[#This Row],[台語音標]], 注音編碼對照表[台語音標], 注音編碼對照表[聲韻調], "") -> 調 | J55: =_xlfn.XLOOKUP(按鍵設計表[[#This Row],[台語音標]], 注音編碼對照表[台語音標], 注音編碼對照表[十五音], "") -> 0 | K55: =_xlfn.XLOOKUP(按鍵設計表[[#This Row],[台語音標]], 注音編碼對照表[台語音標], 注音編碼對照表[注音二式], "") -> 7 | L55: =_xlfn.XLOOKUP(按鍵設計表[[#This Row],[台語音標]], 注音編碼對照表[台語音標], 注音編碼對照表[台羅拼音], "") -> 7 | M55: =_xlfn.XLOOKUP(按鍵設計表[[#This Row],[台語音標]], 注音編碼對照表[台語音標], 注音編碼對照表[白話字], "") -> 7 | N55: =_xlfn.XLOOKUP(按鍵設計表[[#This Row],[台語音標]], 注音編碼對照表[台語音標], 注音編碼對照表[閩拼方案], "") -> 6 | Q55: =LEN(按鍵設計表[[#This Row],[注音符號]]) -> 1 | S55: =ROW() - 4 -> 51 | T55: =ROW() - 4 -> 51 | U55: . | V55: 入 | W55: 0 | X55: 0 | Y55: 0 | Z55: 0 | AA55: 鍵 | AD55: 53 | AE55: =CHAR(32) | AF55: 1 | AG55: ˉ | AH55: 1
B56: =ROW() - 4 -> 52 | C56: 3 | D56: 3 | E56: 3 | G56: =_xlfn.XLOOKUP(按鍵設計表[[#This Row],[台語音標]], 注音編碼對照表[台語音標], 注音編碼對照表[注音符號], "") -> ˪ | I56: =_xlfn.XLOOKUP(按鍵設計表[[#This Row],[台語音標]], 注音編碼對照表[台語音標], 注音編碼對照表[聲韻調], "") -> 調 | J56: =_xlfn.XLOOKUP(按鍵設計表[[#This Row],[台語音標]], 注音編碼對照表[台語音標], 注音編碼對照表[十五音], "") -> 0 | K56: =_xlfn.XLOOKUP(按鍵設計表[[#This Row],[台語音標]], 注音編碼對照表[台語音標], 注音編碼對照表[注音二式], "") -> 3 | L56: =_xlfn.XLOOKUP(按鍵設計表[[#This Row],[台語音標]], 注音編碼對照表[台語音標], 注音編碼對照表[台羅拼音], "") -> 3 | M56: =_xlfn.XLOOKUP(按鍵設計表[[#This Row],[台語音標]], 注音編碼對照表[台語音標], 注音編碼對照表[白話字], "") -> 3 | N56: =_xlfn.XLOOKUP(按鍵設計表[[#This Row],[台語音標]], 注音編碼對照表[台語音標], 注音編碼對照表[閩拼方案], "") -> 5 | Q56: =LEN(按鍵設計表[[#This Row],[注音符號]]) -> 1 | S56: =ROW() - 4 -> 52 | T56: =ROW() - 4 -> 52 | U56: 0 | V56: ㄢ | W56: @ | X56: an | Y56: an | Z56: an | AA56: 韻 | AD56: 54 | AE56: 4 | AF56: 2 | AG56: ˋ | AH56: 2
B57: =ROW() - 4 -> 53 | C57: 4 | D57: 2 | E57: 2 | G57: =_xlfn.XLOOKUP(按鍵設計表[[#This Row],[台語音標]], 注音編碼對照表[台語音標], 注音編碼對照表[注音符號], "") -> ˋ | I57: =_xlfn.XLOOKUP(按鍵設計表[[#This Row],[台語音標]], 注音編碼對照表[台語音標], 注音編碼對照表[聲韻調], "") -> 調 | J57: =_xlfn.XLOOKUP(按鍵設計表[[#This Row],[台語音標]], 注音編碼對照表[台語音標], 注音編碼對照表[十五音], "") -> 0 | K57: =_xlfn.XLOOKUP(按鍵設計表[[#This Row],[台語音標]], 注音編碼對照表[台語音標], 注音編碼對照表[注音二式], "") -> 2 | L57: =_xlfn.XLOOKUP(按鍵設計表[[#This Row],[台語音標]], 注音編碼對照表[台語音標], 注音編碼對照表[台羅拼音], "") -> 2 | M57: =_xlfn.XLOOKUP(按鍵設計表[[#This Row],[台語音標]], 注音編碼對照表[台語音標], 注音編碼對照表[白話字], "") -> 2 | N57: =_xlfn.XLOOKUP(按鍵設計表[[#This Row],[台語音標]], 注音編碼對照表[台語音標], 注音編碼對照表[閩拼方案], "") -> 3 | Q57: =LEN(按鍵設計表[[#This Row],[注音符號]]) -> 1 | S57: =ROW() - 4 -> 53 | T57: =ROW() - 4 -> 53 | U57: p | V57: ㄣ | W57: N | X57: n | Y57: n | Z57: n | AA57: 韻 | AB57: n鼻音韻尾編碼：【N】 | AD57: 55 | AE57: 3 | AF57: 3 | AG57: ˪ | AH57: 3
B58: =ROW() - 4 -> 54 | C58: 6 | D58: 5 | E58: 5 | G58: =_xlfn.XLOOKUP(按鍵設計表[[#This Row],[台語音標]], 注音編碼對照表[台語音標], 注音編碼對照表[注音符號], "") -> ˊ | I58: =_xlfn.XLOOKUP(按鍵設計表[[#This Row],[台語音標]], 注音編碼對照表[台語音標], 注音編碼對照表[聲韻調], "") -> 調 | J58: =_xlfn.XLOOKUP(按鍵設計表[[#This Row],[台語音標]], 注音編碼對照表[台語音標], 注音編碼對照表[十五音], "") -> 0 | K58: =_xlfn.XLOOKUP(按鍵設計表[[#This Row],[台語音標]], 注音編碼對照表[台語音標], 注音編碼對照表[注音二式], "") -> 5 | L58: =_xlfn.XLOOKUP(按鍵設計表[[#This Row],[台語音標]], 注音編碼對照表[台語音標], 注音編碼對照表[台羅拼音], "") -> 5 | M58: =_xlfn.XLOOKUP(按鍵設計表[[#This Row],[台語音標]], 注音編碼對照表[台語音標], 注音編碼對照表[白話字], "") -> 5 | N58: =_xlfn.XLOOKUP(按鍵設計表[[#This Row],[台語音標]], 注音編碼對照表[台語音標], 注音編碼對照表[閩拼方案], "") -> 2 | Q58: =LEN(按鍵設計表[[#This Row],[注音符號]]) -> 1 | S58: =ROW() - 4 -> 54 | T58: =ROW() - 4 -> 54 | U58: ; | V58: ㄤ | W58: F | X58: ang | Y58: ang | Z58: ang | AA58: 韻 | AD58: 56 | AE58: 6 | AF58: 5 | AG58: ˊ | AH58: 5
B59: =ROW() - 4 -> 55 | C59: N | E59: * | G59: ㄥ | I59: =_xlfn.XLOOKUP(按鍵設計表[[#This Row],[台語音標]], 注音編碼對照表[台語音標], 注音編碼對照表[聲韻調], "") | J59: -nn | K59: -nn | L59: -nn | M59: -nn | N59: -n- | O59: 【鼻化韻母】的【前綴識別符號】 | Q59: =LEN(按鍵設計表[[#This Row],[注音符號]]) -> 1 | S59: =ROW() - 4 -> 55 | T59: =ROW() - 4 -> 55 | U59: / | V59: ㆭ | W59: W | X59: ng | Y59: ng | Z59: ng | AA59: 韻 | AB59: ng鼻音韻尾編碼：【G】 | AD59: 57 | AE59: 5 | AF59: 7 | AG59: ˫ | AH59: 7
B60: =ROW() - 4 -> 56 | C60: . | E60: & | G60: 入 | I60: =_xlfn.XLOOKUP(按鍵設計表[[#This Row],[台語音標]], 注音編碼對照表[台語音標], 注音編碼對照表[聲韻調], "") | J60: 0 | K60: 0 | L60: 0 | M60: 0 | N60: 0 | O60: 顯示所有【入聲韻尾】 | Q60: =LEN(按鍵設計表[[#This Row],[注音符號]]) -> 1 | S60: =ROW() - 4 -> 56 | T60: =ROW() - 4 -> 56 | U60: - | V60: ñ | W60: * | X60: *nn | Y60: *nn | Z60: *nn | AA60: 鍵 | AB60: Ƞ | AD60: 58 | AE60: 7 | AF60: 0 | AG60: ˙ | AH60: 48
B61: =ROW() - 4 -> 57 | C61: - | G61: ñ | I61: =_xlfn.XLOOKUP(按鍵設計表[[#This Row],[台語音標]], 注音編碼對照表[台語音標], 注音編碼對照表[聲韻調], "") | J61: *nn | K61: *nn | L61: *nn | M61: *nn | N61: *nn | O61: 顯示所有【鼻音韻母】 | Q61: =LEN(按鍵設計表[[#This Row],[注音符號]]) -> 1 | S61: =ROW() - 4 -> 57 | T61: =ROW() - 4 -> 57 | U61: = | V61: ㄥ | W61: L | X61: nn | Y61: nn | Z61: nn | AA61: 鍵 | AB61: 輸入【鼻化韻母】的【前綴符號】
B65: 55 | C65: . | D65: 4 | E65: &
B66: 56 | C66: . | D66: 8 | E66: & | O66: 入聲韻母輸入鍵（英文句點）
D69: 10進制Unicode | I69: 10進制Unicode
C70: ㄅ | D70: =_xlfn.UNICODE(C70) -> 12549 | E70: =_xlfn.UNICHAR(D70) -> ㄅ | H70: ㆴ | I70: =_xlfn.UNICODE(H70) -> 12724 | J70: =_xlfn.UNICHAR(I70) -> ㆴ
C71: ㄉ | D71: =_xlfn.UNICODE(C71) -> 12553 | E71: =_xlfn.UNICHAR(D71) -> ㄉ | H71: ㆵ | I71: =_xlfn.UNICODE(H71) -> 12725 | J71: =_xlfn.UNICHAR(I71) -> ㆵ
C72: ㄍ | D72: =_xlfn.UNICODE(C72) -> 12557 | E72: =_xlfn.UNICHAR(D72) -> ㄍ | H72: ㆻ | I72: =_xlfn.UNICODE(H72) -> 12731 | J72: =_xlfn.UNICHAR(I72) -> ㆻ
C73: ㄏ | D73: =_xlfn.UNICODE(C73) -> 12559 | E73: =_xlfn.UNICHAR(D73) -> ㄏ | H73: ㆷ | I73: =_xlfn.UNICODE(H73) -> 12727 | J73: =_xlfn.UNICHAR(I73) -> ㆷ

Sheet 輸入方案設計規格
BZ1: 聲韻調 | CJ1: 聲韻調 | CK1: 聲韻調 | CT1: 聲韻調
B2: 1 ! | E2: 2 @ | H2: 3 # | K2: 4 $ | N2: 0.05 | Q2: 6 ^ | T2: 7 & | W2: 8 * | Z2: 9 ( | AC2: 0 ) | AF2: - _ | AI2: = + | BZ2: 聲 | CJ2: 韻 | CK2: <>韻尾 | CT2: 調
B3: ㆠ | D3: b | W3: ㆩ | Y3: ann | Z3: ㆮ | AA3: 0 | AB3: ainn | BO3: 對映總表
B4: ㄅ | D4: p | E4: ㄉ | G4: t | H4: =_xlfn.UNICHAR(HEX2DEC(RIGHT("U+02EA",4))) -> ˪ | J4: 陰去 | K4: ˋ | M4: 上声 | N4: ˫ | P4: 陽去 | Q4: ˊ | S4: 陽平 | T4: · | V4: 入声 | W4: ㄚ | Y4: a | Z4: ㄞ | AB4: ai | AC4: ㄢ | AD4: 0 | AE4: an | AF4: ñ | AH4: *nn | AI4: ㄥㄚ | AK4: na | BP4: 注音符號 | BQ4: 聲韻調 | BR4: 鍵盤按鍵 | BS4: 字典編碼 | BT4: 台語音標 | BU4: 字母長度 | BZ4: 注音符號 | CA4: 聲韻調 | CB4: 鍵盤按鍵 | CC4: 注音編碼 | CD4: =輸入方案設計規格!$BT$4 -> 台語音標 | CE4: 字母長度 | CJ4: 注音符號 | CK4: 聲韻調 | CL4: 鍵盤按鍵 | CM4: 注音編碼 | CN4: =輸入方案設計規格!$BT$4 -> 台語音標 | CO4: 字母長度 | CT4: 注音符號 | CU4: 聲韻調 | CV4: 鍵盤按鍵 | CW4: 注音編碼 | CX4: =輸入方案設計規格!$BT$4 -> 台語音標 | CY4: 字母長度
C5: Q | F5: W | I5: E | L5: R | O5: T | R5: Y | U5: U | X5: I | AA5: O | AD5: P | AG5: [ { | AJ5: ] } | AM5: \ | | BM5: {=INDEX($D$18:$BH$18, 1, $BO5)} -> ㆠ | BN5: {=INDIRECT(ADDRESS(17, COLUMN($D$18) + $BO5 - 1))} -> ! | BO5: =ROW() - 4 -> 1 | BP5: {=TRANSPOSE($D$18:$BH$18)} -> ㆠ | BQ5: =_xlfn.XLOOKUP(BP5, 按鍵設計表[注音符號], 按鍵設計表[聲韻調], "") -> 聲 | BR5: {=TRANSPOSE($D$17:$BH$17)} -> ! | BS5: {=TRANSPOSE($D$19:$BH$19)} -> b | BT5: {=TRANSPOSE($D$20:$BH$20)} -> b | BU5: =LEN(BT5) -> 1 | BW5: =" """ & BR6 & """: { commit: """ & BP6 & """ }" & " # " & "/" & BT6 & "/ ==> " & BS6 -> "1": { commit: "ㄅ" } # /p/ ==> p | BY5: =ROW() - 4 -> 1 | BZ5: {=_xlfn._xlws.FILTER(BP5:BU61,(BQ5:BQ61=BZ2))} -> ㆠ | CA5: 聲 | CB5: ! | CC5: b | CD5: b | CE5: 1 | CG5: =IF( OR(CD5=0, CC5=CD5), "", " - xform/^" & CD5 & "/" & CC5 & "/ # " & BZ5 & " [ " & CD5 & "]") | CH5: {=_xlfn._xlws.FILTER(CG5:CG61, CG5:CG61<>"")} -> - xform/^ph/P/ # ㄆ [ ph] | CI5: =ROW() - 4 -> 1 | CJ5: {=_xlfn._xlws.FILTER(BP5:BU61,(BQ5:BQ61=CJ2)*(BQ5:BQ61<>CK2))} -> ㄚ | CK5: 韻 | CL5: 8 | CM5: a | CN5: a | CO5: 1 | CQ5: =IFERROR( IF(OR(CN5=0, CM5=CN5), "", IF(CL5=CM5, "", " - xform/" & CN5 & "/" & CM5 & "/ # " & CJ5 & " [" & CP5 & CN5 & "]")), "") | CR5: {=_xlfn._xlws.FILTER(CQ5:CQ61, CQ5:CQ61<>"")} -> - xform/ir/w/ # ㆨ [ir] | CT5: {=_xlfn._xlws.FILTER(BP5:BU61,(BQ5:BQ61=CT2))} -> ˙ | CU5: 調 | CV5: 7 | CW5: 0 | CX5: 0 | CY5: 1 | DA5: =IF(CX5=0, "", " - xform/" & CX5 & "/" & CT5 & "/ # 按鍵：" & CV5 & " [ 第 " & CX5 & " 調 ]")
I6: ㆣ | K6: g | L6: ㆢ | N6: J | R6: ㆡ | T6: j | U6: ㆪ | W6: inn | X6: ㆧ | Y6: oonn | AA6: ㆱ | AC6: om | BM6: {=INDEX($D$18:$BH$18, 1, $BO6)} -> ㄅ | BN6: {=INDIRECT(ADDRESS(17, COLUMN($D$18) + $BO6 - 1))} -> 1 | BO6: =ROW() - 4 -> 2 | BP6: ㄅ | BQ6: =_xlfn.XLOOKUP(BP6, 按鍵設計表[注音符號], 按鍵設計表[聲韻調], "") -> 聲 | BR6: 1 | BS6: p | BT6: p | BU6: =LEN(BT6) -> 1 | BW6: =" """ & BR5 & """: { commit: """ & BP5 & """ }" & " # " & "/" & BT5 & "/ ==> " & BS5 -> "!": { commit: "ㆠ" } # /b/ ==> b | BY6: =ROW() - 4 -> 2 | BZ6: ㄅ | CA6: 聲 | CB6: 1 | CC6: p | CD6: p | CE6: 1 | CG6: =IF( OR(CD6=0, CC6=CD6), "", " - xform/^" & CD6 & "/" & CC6 & "/ # " & BZ6 & " [ " & CD6 & "]") | CH6: - xform/^th/T/ # ㄊ [ th] | CI6: =ROW() - 4 -> 2 | CJ6: ㄧ | CK6: 韻 | CL6: u | CM6: i | CN6: i | CO6: 1 | CQ6: =IFERROR( IF(OR(CN6=0, CM6=CN6), "", IF(CL6=CM6, "", " - xform/" & CN6 & "/" & CM6 & "/ # " & CJ6 & " [" & CP6 & CN6 & "]")), "") | CR6: - xform/oo/o/ # ㆦ [oo] | CT6: ˫ | CU6: 調 | CV6: 5 | CW6: 7 | CX6: 7 | CY6: 1 | DA6: =IF(CX6=0, "", " - xform/" & CX6 & "/" & CT6 & "/ # 按鍵：" & CV6 & " [ 第 " & CX6 & " 調 ]") -> - xform/7/˫/ # 按鍵：5 [ 第 7 調 ]
C7: ㄆ | E7: ph | F7: ㄊ | H7: th | I7: ㄍ | J7: 0 | K7: k | L7: ㄐ | N7: Z | O7: ㆵ | Q7: t0 | R7: ㄗ | T7: z | U7: ㄧ | W7: i | X7: ㆦ | Z7: oo | AA7: ㆲ | AC7: ong | AD7: ㄣ | AF7: -n | AI7: 陰入 | AJ7: · | AL7: 陽入 | BM7: {=INDEX($D$18:$BH$18, 1, $BO7)} -> ㄆ | BN7: {=INDIRECT(ADDRESS(17, COLUMN($D$18) + $BO7 - 1))} -> q | BO7: =ROW() - 4 -> 3 | BP7: ㄆ | BQ7: =_xlfn.XLOOKUP(BP7, 按鍵設計表[注音符號], 按鍵設計表[聲韻調], "") -> 聲 | BR7: q | BS7: P | BT7: ph | BU7: =LEN(BT7) -> 2 | BW7: =" """ & BR7 & """: { commit: """ & BP7 & """ }" & " # " & "/" & BT7 & "/ ==> " & BS7 -> "q": { commit: "ㄆ" } # /ph/ ==> P | BY7: =ROW() - 4 -> 3 | BZ7: ㄆ | CA7: 聲 | CB7: q | CC7: P | CD7: ph | CE7: 2 | CG7: =IF( OR(CD7=0, CC7=CD7), "", " - xform/^" & CD7 & "/" & CC7 & "/ # " & BZ7 & " [ " & CD7 & "]") -> - xform/^ph/P/ # ㄆ [ ph] | CH7: - xform/^g/q/ # ㆣ [ g] | CI7: =ROW() - 4 -> 3 | CJ7: ㆨ | CK7: 韻 | CL7: K | CM7: w | CN7: ir | CO7: 2 | CQ7: =IFERROR( IF(OR(CN7=0, CM7=CN7), "", IF(CL7=CM7, "", " - xform/" & CN7 & "/" & CM7 & "/ # " & CJ7 & " [" & CP7 & CN7 & "]")), "") -> - xform/ir/w/ # ㆨ [ir] | CR7: - xform/o/ø/ # ㄜ [o] | CT7: ˪ | CU7: 調 | CV7: 3 | CW7: 3 | CX7: 3 | CY7: 1 | DA7: =IF(CX7=0, "", " - xform/" & CX7 & "/" & CT7 & "/ # 按鍵：" & CV7 & " [ 第 " & CX7 & " 調 ]") -> - xform/3/˪/ # 按鍵：3 [ 第 3 調 ]
D8: A | G8: S | J8: D | M8: F | P8: G | S8: H | V8: J | Y8: K | AB8: L | AE8: ; : | AH8: ' " | BM8: {=INDEX($D$18:$BH$18, 1, $BO8)} -> ㄇ | BN8: {=INDIRECT(ADDRESS(17, COLUMN($D$18) + $BO8 - 1))} -> a | BO8: =ROW() - 4 -> 4 | BP8: ㄇ | BQ8: =_xlfn.XLOOKUP(BP8, 按鍵設計表[注音符號], 按鍵設計表[聲韻調], "") -> 聲 | BR8: a | BS8: m | BT8: m | BU8: =LEN(BT8) -> 1 | BW8: =" """ & BR8 & """: { commit: """ & BP8 & """ }" & " # " & "/" & BT8 & "/ ==> " & BS8 -> "a": { commit: "ㄇ" } # /m/ ==> m | BY8: =ROW() - 4 -> 4 | BZ8: ㄇ | CA8: 聲 | CB8: a | CC8: m | CD8: m | CE8: 1 | CG8: =IF( OR(CD8=0, CC8=CD8), "", " - xform/^" & CD8 & "/" & CC8 & "/ # " & BZ8 & " [ " & CD8 & "]") | CH8: - xform/^kh/K/ # ㄎ [ kh] | CI8: =ROW() - 4 -> 4 | CJ8: ㄨ | CK8: 韻 | CL8: j | CM8: u | CN8: u | CO8: 1 | CQ8: =IFERROR( IF(OR(CN8=0, CM8=CN8), "", IF(CL8=CM8, "", " - xform/" & CN8 & "/" & CM8 & "/ # " & CJ8 & " [" & CP8 & CN8 & "]")), "") | CR8: - xform/-n/N/ # ㄣ [-n] | CT8: ˋ | CU8: 調 | CV8: 4 | CW8: 2 | CX8: 2 | CY8: 1 | DA8: =IF(CX8=0, "", " - xform/" & CX8 & "/" & CT8 & "/ # 按鍵：" & CV8 & " [ 第 " & CX8 & " 調 ]") -> - xform/2/ˋ/ # 按鍵：4 [ 第 2 調 ]
V9: ㆫ | W9: 0 | X9: unn | Y9: ㆨ | AA9: ir | AB9: ㆯ | AC9: aunn | BM9: {=INDEX($D$18:$BH$18, 1, $BO9)} -> ㄋ | BN9: {=INDIRECT(ADDRESS(17, COLUMN($D$18) + $BO9 - 1))} -> s | BO9: =ROW() - 4 -> 5 | BP9: ㄋ | BQ9: =_xlfn.XLOOKUP(BP9, 按鍵設計表[注音符號], 按鍵設計表[聲韻調], "") -> 聲 | BR9: s | BS9: n | BT9: n | BU9: =LEN(BT9) -> 1 | BW9: =" """ & BR9 & """: { commit: """ & BP9 & """ }" & " # " & "/" & BT9 & "/ ==> " & BS9 -> "s": { commit: "ㄋ" } # /n/ ==> n | BY9: =ROW() - 4 -> 5 | BZ9: ㄋ | CA9: 聲 | CB9: s | CC9: n | CD9: n | CE9: 1 | CG9: =IF( OR(CD9=0, CC9=CD9), "", " - xform/^" & CD9 & "/" & CC9 & "/ # " & BZ9 & " [ " & CD9 & "]") | CH9: - xform/^ng/g/ # ㄫ [ ng] | CI9: =ROW() - 4 -> 5 | CJ9: ㆤ | CK9: 韻 | CL9: , | CM9: e | CN9: e | CO9: 1 | CQ9: =IFERROR( IF(OR(CN9=0, CM9=CN9), "", IF(CL9=CM9, "", " - xform/" & CN9 & "/" & CM9 & "/ # " & CJ9 & " [" & CP9 & CN9 & "]")), "") | CR9: - xform/-ng/G/ # ㆭ [-ng] | CT9: ˊ | CU9: 調 | CV9: 6 | CW9: 5 | CX9: 5 | CY9: 1 | DA9: =IF(CX9=0, "", " - xform/" & CX9 & "/" & CT9 & "/ # 按鍵：" & CV9 & " [ 第 " & CX9 & " 調 ]") -> - xform/5/ˊ/ # 按鍵：6 [ 第 5 調 ]
D10: ㄇ | F10: m | G10: ㄋ | I10: n | J10: ㄎ | K10: 0 | L10: kh | M10: ㄑ | O10: C | P10: ㆻ | R10: k0 | S10: ㄘ | U10: c | V10: ㄨ | X10: u | Y10: ㄜ | AA10: or | AB10: ㄠ | AD10: au | AE10: ㄤ | AG10: ang | AH10: =_xlfn.UNICHAR(HEX2DEC(RIGHT("U+00AF",4))) -> ¯ | AJ10: 陰平 | AR10: ¯ | BM10: {=INDEX($D$18:$BH$18, 1, $BO10)} -> ㄉ | BN10: {=INDIRECT(ADDRESS(17, COLUMN($D$18) + $BO10 - 1))} -> 2 | BO10: =ROW() - 4 -> 6 | BP10: ㄉ | BQ10: =_xlfn.XLOOKUP(BP10, 按鍵設計表[注音符號], 按鍵設計表[聲韻調], "") -> 聲 | BR10: 2 | BS10: t | BT10: t | BU10: =LEN(BT10) -> 1 | BW10: =" """ & BR10 & """: { commit: """ & BP10 & """ }" & " # " & "/" & BT10 & "/ ==> " & BS10 -> "2": { commit: "ㄉ" } # /t/ ==> t | BY10: =ROW() - 4 -> 6 | BZ10: ㄉ | CA10: 聲 | CB10: 2 | CC10: t | CD10: t | CE10: 1 | CG10: =IF( OR(CD10=0, CC10=CD10), "", " - xform/^" & CD10 & "/" & CC10 & "/ # " & BZ10 & " [ " & CD10 & "]") | CH10: - xform/^ji/J/ # ㆢ [ ji] | CI10: =ROW() - 4 -> 6 | CJ10: ㆦ | CK10: 韻 | CL10: i | CM10: o | CN10: oo | CO10: 2 | CQ10: =IFERROR( IF(OR(CN10=0, CM10=CN10), "", IF(CL10=CM10, "", " - xform/" & CN10 & "/" & CM10 & "/ # " & CJ10 & " [" & CP10 & CN10 & "]")), "") -> - xform/oo/o/ # ㆦ [oo] | CR10: - xform/ai/I/ # ㄞ [ai] | DA10: =IF(CX10=0, "", " - xform/" & CX10 & "/" & CT10 & "/ # 按鍵：" & CV10 & " [ 第 " & CX10 & " 調 ]")
E11: Z | H11: X | K11: C | N11: V | Q11: B | T11: N | W11: M | Z11: , < | AC11: . > | AF11: / ? | BM11: {=INDEX($D$18:$BH$18, 1, $BO11)} -> ㄊ | BN11: {=INDIRECT(ADDRESS(17, COLUMN($D$18) + $BO11 - 1))} -> w | BO11: =ROW() - 4 -> 7 | BP11: ㄊ | BQ11: =_xlfn.XLOOKUP(BP11, 按鍵設計表[注音符號], 按鍵設計表[聲韻調], "") -> 聲 | BR11: w | BS11: T | BT11: th | BU11: =LEN(BT11) -> 2 | BW11: =" """ & BR11 & """: { commit: """ & BP11 & """ }" & " # " & "/" & BT11 & "/ ==> " & BS11 -> "w": { commit: "ㄊ" } # /th/ ==> T | BY11: =ROW() - 4 -> 7 | BZ11: ㄊ | CA11: 聲 | CB11: w | CC11: T | CD11: th | CE11: 2 | CG11: =IF( OR(CD11=0, CC11=CD11), "", " - xform/^" & CD11 & "/" & CC11 & "/ # " & BZ11 & " [ " & CD11 & "]") -> - xform/^th/T/ # ㄊ [ th] | CH11: - xform/^zi/Z/ # ㄐ [ zi] | CI11: =ROW() - 4 -> 7 | CJ11: ㄜ | CK11: 韻 | CL11: k | CM11: ø | CN11: o | CO11: 1 | CQ11: =IFERROR( IF(OR(CN11=0, CM11=CN11), "", IF(CL11=CM11, "", " - xform/" & CN11 & "/" & CM11 & "/ # " & CJ11 & " [" & CP11 & CN11 & "]")), "") -> - xform/o/ø/ # ㄜ [o] | CR11: - xform/au/U/ # ㄠ [au] | DA11: =IF(CX11=0, "", " - xform/" & CX11 & "/" & CT11 & "/ # 按鍵：" & CV11 & " [ 第 " & CX11 & " 調 ]")
T12: ㄫ | V12: ng | W12: ㆰ | Y12: am | Z12: ㆥ | AA12: 0 | AB12: enn | BM12: {=INDEX($D$18:$BH$18, 1, $BO12)} -> ㄌ | BN12: {=INDIRECT(ADDRESS(17, COLUMN($D$18) + $BO12 - 1))} -> x | BO12: =ROW() - 4 -> 8 | BP12: ㄌ | BQ12: =_xlfn.XLOOKUP(BP12, 按鍵設計表[注音符號], 按鍵設計表[聲韻調], "") -> 聲 | BR12: x | BS12: l | BT12: l | BU12: =LEN(BT12) -> 1 | BW12: =" """ & BR12 & """: { commit: """ & BP12 & """ }" & " # " & "/" & BT12 & "/ ==> " & BS12 -> "x": { commit: "ㄌ" } # /l/ ==> l | BY12: =ROW() - 4 -> 8 | BZ12: ㄌ | CA12: 聲 | CB12: x | CC12: l | CD12: l | CE12: 1 | CG12: =IF( OR(CD12=0, CC12=CD12), "", " - xform/^" & CD12 & "/" & CC12 & "/ # " & BZ12 & " [ " & CD12 & "]") | CH12: - xform/^ci/C/ # ㄑ [ ci] | CI12: =ROW() - 4 -> 8 | CJ12: ㆬ | CK12: 韻 | CL12: m | CM12: M | CN12: -m | CO12: 2 | CQ12: =IFERROR( IF(OR(CN12=0, CM12=CN12), "", IF(CL12=CM12, "", " - xform/" & CN12 & "/" & CM12 & "/ # " & CJ12 & " [" & CP12 & CN12 & "]")), "") | CR12: - xform/am/Y/ # ㆰ [am] | DA12: =IF(CX12=0, "", " - xform/" & CX12 & "/" & CT12 & "/ # 按鍵：" & CV12 & " [ 第 " & CX12 & " 調 ]")
E13: ㆷ | G13: h0 | H13: ㄌ | J13: l | K13: ㄏ | M13: h | N13: ㄒ | P13: S | Q13: ㆴ | S13: p0 | T13: ㄙ | V13: s | W13: ㆬ | Y13: -m | Z13: ㆤ | AA13: 0 | AB13: e | AC13: 入 | AE13: ptkh | AF13: ㆭ | AH13: -ng | BM13: {=INDEX($D$18:$BH$18, 1, $BO13)} -> ㆣ | BN13: {=INDIRECT(ADDRESS(17, COLUMN($D$18) + $BO13 - 1))} -> E | BO13: =ROW() - 4 -> 9 | BP13: ㆣ | BQ13: =_xlfn.XLOOKUP(BP13, 按鍵設計表[注音符號], 按鍵設計表[聲韻調], "") -> 聲 | BR13: E | BS13: q | BT13: g | BU13: =LEN(BT13) -> 1 | BW13: =" """ & BR14 & """: { commit: """ & BP14 & """ }" & " # " & "/" & BT14 & "/ ==> " & BS14 -> "e": { commit: "ㄍ" } # /k/ ==> k | BY13: =ROW() - 4 -> 9 | BZ13: ㆣ | CA13: 聲 | CB13: E | CC13: q | CD13: g | CE13: 1 | CG13: =IF( OR(CD13=0, CC13=CD13), "", " - xform/^" & CD13 & "/" & CC13 & "/ # " & BZ13 & " [ " & CD13 & "]") -> - xform/^g/q/ # ㆣ [ g] | CH13: - xform/^si/S/ # ㄒ [ si] | CI13: =ROW() - 4 -> 9 | CJ13: ㄣ | CK13: 韻 | CL13: p | CM13: N | CN13: -n | CO13: 2 | CQ13: =IFERROR( IF(OR(CN13=0, CM13=CN13), "", IF(CL13=CM13, "", " - xform/" & CN13 & "/" & CM13 & "/ # " & CJ13 & " [" & CP13 & CN13 & "]")), "") -> - xform/-n/N/ # ㄣ [-n] | CR13: - xform/an/@/ # ㄢ [an] | DA13: =IF(CX13=0, "", " - xform/" & CX13 & "/" & CT13 & "/ # 按鍵：" & CV13 & " [ 第 " & CX13 & " 調 ]")
BM14: {=INDEX($D$18:$BH$18, 1, $BO14)} -> ㄍ | BN14: {=INDIRECT(ADDRESS(17, COLUMN($D$18) + $BO14 - 1))} -> e | BO14: =ROW() - 4 -> 10 | BP14: ㄍ | BQ14: =_xlfn.XLOOKUP(BP14, 按鍵設計表[注音符號], 按鍵設計表[聲韻調], "") -> 聲 | BR14: e | BS14: k | BT14: k | BU14: =LEN(BT14) -> 1 | BW14: =" """ & BR13 & """: { commit: """ & BP13 & """ }" & " # " & "/" & BT13 & "/ ==> " & BS13 -> "E": { commit: "ㆣ" } # /g/ ==> q | BY14: =ROW() - 4 -> 10 | BZ14: ㄍ | CA14: 聲 | CB14: e | CC14: k | CD14: k | CE14: 1 | CG14: =IF( OR(CD14=0, CC14=CD14), "", " - xform/^" & CD14 & "/" & CC14 & "/ # " & BZ14 & " [ " & CD14 & "]") | CI14: =ROW() - 4 -> 10 | CJ14: ㆭ | CK14: 韻 | CL14: / | CM14: G | CN14: -ng | CO14: 3 | CQ14: =IFERROR( IF(OR(CN14=0, CM14=CN14), "", IF(CL14=CM14, "", " - xform/" & CN14 & "/" & CM14 & "/ # " & CJ14 & " [" & CP14 & CN14 & "]")), "") -> - xform/-ng/G/ # ㆭ [-ng] | CR14: - xform/ang/A/ # ㄤ [ang] | DA14: =IF(CX14=0, "", " - xform/" & CX14 & "/" & CT14 & "/ # 按鍵：" & CV14 & " [ 第 " & CX14 & " 調 ]")
BM15: {=INDEX($D$18:$BH$18, 1, $BO15)} -> ㄎ | BN15: {=INDIRECT(ADDRESS(17, COLUMN($D$18) + $BO15 - 1))} -> d | BO15: =ROW() - 4 -> 11 | BP15: ㄎ | BQ15: =_xlfn.XLOOKUP(BP15, 按鍵設計表[注音符號], 按鍵設計表[聲韻調], "") -> 聲 | BR15: d | BS15: K | BT15: kh | BU15: =LEN(BT15) -> 2 | BW15: =" """ & BR15 & """: { commit: """ & BP15 & """ }" & " # " & "/" & BT15 & "/ ==> " & BS15 -> "d": { commit: "ㄎ" } # /kh/ ==> K | BY15: =ROW() - 4 -> 11 | BZ15: ㄎ | CA15: 聲 | CB15: d | CC15: K | CD15: kh | CE15: 2 | CG15: =IF( OR(CD15=0, CC15=CD15), "", " - xform/^" & CD15 & "/" & CC15 & "/ # " & BZ15 & " [ " & CD15 & "]") -> - xform/^kh/K/ # ㄎ [ kh] | CI15: =ROW() - 4 -> 11 | CJ15: ㄞ | CK15: 韻 | CL15: 9 | CM15: I | CN15: ai | CO15: 2 | CQ15: =IFERROR( IF(OR(CN15=0, CM15=CN15), "", IF(CL15=CM15, "", " - xform/" & CN15 & "/" & CM15 & "/ # " & CJ15 & " [" & CP15 & CN15 & "]")), "") -> - xform/ai/I/ # ㄞ [ai] | CR15: - xform/om/W/ # ㆱ [om] | DA15: =IF(CX15=0, "", " - xform/" & CX15 & "/" & CT15 & "/ # 按鍵：" & CV15 & " [ 第 " & CX15 & " 調 ]")
B16: 序號 | D16: {=COLUMN() - COLUMN($C:$C)} -> 1 | E16: {=COLUMN() - COLUMN($C:$C)} -> 2 | F16: {=COLUMN() - COLUMN($C:$C)} -> 3 | G16: {=COLUMN() - COLUMN($C:$C)} -> 4 | H16: {=COLUMN() - COLUMN($C:$C)} -> 5 | I16: {=COLUMN() - COLUMN($C:$C)} -> 6 | J16: {=COLUMN() - COLUMN($C:$C)} -> 7 | K16: {=COLUMN() - COLUMN($C:$C)} -> 8 | ... BJ16: {=COLUMN() - COLUMN($C:$C)} -> 59 | BM16: {=INDEX($D$18:$BH$18, 1, $BO16)} -> ㄫ | BN16: {=INDIRECT(ADDRESS(17, COLUMN($D$18) + $BO16 - 1))} -> ? | BO16: =ROW() - 4 -> 12 | BP16: ㄫ | BQ16: =_xlfn.XLOOKUP(BP16, 按鍵設計表[注音符號], 按鍵設計表[聲韻調], "") -> 聲 | BR16: ? | BS16: g | BT16: ng | BU16: =LEN(BT16) -> 2 | BW16: =" """ & BR16 & """: { commit: """ & BP16 & """ }" & " # " & "/" & BT16 & "/ ==> " & BS16 -> "?": { commit: "ㄫ" } # /ng/ ==> g | BY16: =ROW() - 4 -> 12 | BZ16: ㄫ | CA16: 聲 | CB16: ? | CC16: g | CD16: ng | CE16: 2 | CG16: =IF( OR(CD16=0, CC16=CD16), "", " - xform/^" & CD16 & "/" & CC16 & "/ # " & BZ16 & " [ " & CD16 & "]") -> - xform/^ng/g/ # ㄫ [ ng] | CI16: =ROW() - 4 -> 12 | CJ16: ㄠ | CK16: 韻 | CL16: l | CM16: U | CN16: au | CO16: 2 | CQ16: =IFERROR( IF(OR(CN16=0, CM16=CN16), "", IF(CL16=CM16, "", " - xform/" & CN16 & "/" & CM16 & "/ # " & CJ16 & " [" & CP16 & CN16 & "]")), "") -> - xform/au/U/ # ㄠ [au] | CR16: - xform/ong/H/ # ㆲ [ong] | DA16: =IF(CX16=0, "", " - xform/" & CX16 & "/" & CT16 & "/ # 按鍵：" & CV16 & " [ 第 " & CX16 & " 調 ]")
B17: 鍵盤按鍵 | D17: {=TRANSPOSE(按鍵設計表[鍵盤按鍵])} -> ! | E17: 1 | F17: q | G17: a | H17: s | I17: 2 | J17: w | K17: x | L17: E | M17: e | N17: d | O17: ? | P17: Y | Q17: y | R17: h | S17: n | T17: c | U17: R | V17: r | W17: f | X17: v | Y17: 8 | Z17: u | AA17: K | AB17: j | AC17: , | AD17: i | AE17: k | AF17: m | AG17: p | AH17: / | AI17: b | AJ17: t | AK17: g | AL17: z | AM17: 9 | AN17: l | AO17: M | AP17: 0 | AQ17: ; | AR17: O | AS17: o | AT17: * | AU17: U | AV17: J | AW17: < | AX17: I | AY17: ( | AZ17: L | BA17: 7 | BB17: 5 | BC17: 3 | BD17: 4 | BE17: 6 | BF17: N | BG17: . | BH17: - | BM17: {=INDEX($D$18:$BH$18, 1, $BO17)} -> ㆡ | BN17: {=INDIRECT(ADDRESS(17, COLUMN($D$18) + $BO17 - 1))} -> Y | BO17: =ROW() - 4 -> 13 | BP17: ㆡ | BQ17: =_xlfn.XLOOKUP(BP17, 按鍵設計表[注音符號], 按鍵設計表[聲韻調], "") -> 聲 | BR17: Y | BS17: j | BT17: j | BU17: =LEN(BT17) -> 1 | BW17: =" """ & BR17 & """: { commit: """ & BP17 & """ }" & " # " & "/" & BT17 & "/ ==> " & BS17 -> "Y": { commit: "ㆡ" } # /j/ ==> j | BY17: =ROW() - 4 -> 13 | BZ17: ㆡ | CA17: 聲 | CB17: Y | CC17: j | CD17: j | CE17: 1 | CG17: =IF( OR(CD17=0, CC17=CD17), "", " - xform/^" & CD17 & "/" & CC17 & "/ # " & BZ17 & " [ " & CD17 & "]") | CI17: =ROW() - 4 -> 13 | CJ17: ㆰ | CK17: 韻 | CL17: M | CM17: Y | CN17: am | CO17: 2 | CQ17: =IFERROR( IF(OR(CN17=0, CM17=CN17), "", IF(CL17=CM17, "", " - xform/" & CN17 & "/" & CM17 & "/ # " & CJ17 & " [" & CP17 & CN17 & "]")), "") -> - xform/am/Y/ # ㆰ [am] | CR17: - xform/ann/La/ # ㆩ [ann] | DA17: =IF(CX17=0, "", " - xform/" & CX17 & "/" & CT17 & "/ # 按鍵：" & CV17 & " [ 第 " & CX17 & " 調 ]")
B18: 注音符號 | D18: {=TRANSPOSE(按鍵設計表[注音符號])} -> ㆠ | E18: ㄅ | F18: ㄆ | G18: ㄇ | H18: ㄋ | I18: ㄉ | J18: ㄊ | K18: ㄌ | L18: ㆣ | M18: ㄍ | N18: ㄎ | O18: ㄫ | P18: ㆡ | Q18: ㄗ | R18: ㄘ | S18: ㄙ | T18: ㄏ | U18: ㆢ | V18: ㄐ | W18: ㄑ | X18: ㄒ | Y18: ㄚ | Z18: ㄧ | AA18: ㆨ | AB18: ㄨ | AC18: ㆤ | AD18: ㆦ | AE18: ㄜ | AF18: ㆬ | AG18: ㄣ | AH18: ㆭ | AI18: ㆴ | AJ18: ㆵ | AK18: ㆻ | AL18: ㆻ | AM18: ㄞ | AN18: ㄠ | AO18: ㆰ | AP18: ㄢ | AQ18: ㄤ | AR18: ㆱ | AS18: ㆲ | AT18: ㆩ | AU18: ㆪ | AV18: ㆫ | AW18: ㆥ | AX18: ㆧ | AY18: ㆮ | AZ18: ㆯ | BA18: ˙ | BB18: ˫ | BC18: ˪ | BD18: ˋ | BE18: ˊ | BF18: ㄥ | BG18: 入 | BH18: ñ | BI18: =_xlfn.XLOOKUP(BI$17, 按鍵設計表[鍵盤按鍵], 按鍵設計表[注音符號], "", 0, 1) | BJ18: =_xlfn.XLOOKUP(BJ$17, 按鍵設計表[鍵盤按鍵], 按鍵設計表[注音符號], "", 0, 1) | BM18: {=INDEX($D$18:$BH$18, 1, $BO18)} -> ㄗ | BN18: {=INDIRECT(ADDRESS(17, COLUMN($D$18) + $BO18 - 1))} -> y | BO18: =ROW() - 4 -> 14 | BP18: ㄗ | BQ18: =_xlfn.XLOOKUP(BP18, 按鍵設計表[注音符號], 按鍵設計表[聲韻調], "") -> 聲 | BR18: y | BS18: z | BT18: z | BU18: =LEN(BT18) -> 1 | BW18: =" """ & BR19 & """: { commit: """ & BP19 & """ }" & " # " & "/" & BT19 & "/ ==> " & BS19 -> "h": { commit: "ㄘ" } # /c/ ==> c | BY18: =ROW() - 4 -> 14 | BZ18: ㄗ | CA18: 聲 | CB18: y | CC18: z | CD18: z | CE18: 1 | CG18: =IF( OR(CD18=0, CC18=CD18), "", " - xform/^" & CD18 & "/" & CC18 & "/ # " & BZ18 & " [ " & CD18 & "]") | CI18: =ROW() - 4 -> 14 | CJ18: ㄢ | CK18: 韻 | CL18: 0 | CM18: @ | CN18: an | CO18: 2 | CQ18: =IFERROR( IF(OR(CN18=0, CM18=CN18), "", IF(CL18=CM18, "", " - xform/" & CN18 & "/" & CM18 & "/ # " & CJ18 & " [" & CP18 & CN18 & "]")), "") -> - xform/an/@/ # ㄢ [an] | CR18: - xform/inn/Li/ # ㆪ [inn] | DA18: =IF(CX18=0, "", " - xform/" & CX18 & "/" & CT18 & "/ # 按鍵：" & CV18 & " [ 第 " & CX18 & " 調 ]")
B19: 字典編碼 | D19: {=TRANSPOSE(按鍵設計表[字典編碼])} -> b | E19: p | F19: P | G19: m | H19: n | I19: t | J19: T | K19: l | L19: q | M19: k | N19: K | O19: g | P19: j | Q19: z | R19: c | S19: s | T19: h | U19: J | V19: Z | W19: C | X19: S | Y19: a | Z19: i | AA19: w | AB19: u | AC19: e | AD19: o | AE19: ø | AF19: M | AG19: N | AH19: G | AI19: R | AJ19: F | AK19: Q | AL19: V | AM19: I | AN19: U | AO19: Y | AP19: @ | AQ19: A | AR19: W | AS19: H | AT19: La | AU19: Li | AV19: Lu | AW19: Le | AX19: Lo | AY19: LI | AZ19: LU | BA19: 0 | BB19: 7 | BC19: 3 | BD19: 2 | BE19: 5 | BF19: * | BG19: & | BH19: 0 | BM19: {=INDEX($D$18:$BH$18, 1, $BO19)} -> ㄘ | BN19: {=INDIRECT(ADDRESS(17, COLUMN($D$18) + $BO19 - 1))} -> h | BO19: =ROW() - 4 -> 15 | BP19: ㄘ | BQ19: =_xlfn.XLOOKUP(BP19, 按鍵設計表[注音符號], 按鍵設計表[聲韻調], "") -> 聲 | BR19: h | BS19: c | BT19: c | BU19: =LEN(BT19) -> 1 | BW19: =" """ & BR18 & """: { commit: """ & BP18 & """ }" & " # " & "/" & BT18 & "/ ==> " & BS18 -> "y": { commit: "ㄗ" } # /z/ ==> z | BY19: =ROW() - 4 -> 15 | BZ19: ㄘ | CA19: 聲 | CB19: h | CC19: c | CD19: c | CE19: 1 | CG19: =IF( OR(CD19=0, CC19=CD19), "", " - xform/^" & CD19 & "/" & CC19 & "/ # " & BZ19 & " [ " & CD19 & "]") | CI19: =ROW() - 4 -> 15 | CJ19: ㄤ | CK19: 韻 | CL19: ; | CM19: A | CN19: ang | CO19: 3 | CQ19: =IFERROR( IF(OR(CN19=0, CM19=CN19), "", IF(CL19=CM19, "", " - xform/" & CN19 & "/" & CM19 & "/ # " & CJ19 & " [" & CP19 & CN19 & "]")), "") -> - xform/ang/A/ # ㄤ [ang] | CR19: - xform/unn/Lu/ # ㆫ [unn] | DA19: =IF(CX19=0, "", " - xform/" & CX19 & "/" & CT19 & "/ # 按鍵：" & CV19 & " [ 第 " & CX19 & " 調 ]")
B20: 台語音標 | D20: {=TRANSPOSE(按鍵設計表[台語音標])} -> b | E20: p | F20: ph | G20: m | H20: n | I20: t | J20: th | K20: l | L20: g | M20: k | N20: kh | O20: ng | P20: j | Q20: z | R20: c | S20: s | T20: h | U20: ji | V20: zi | W20: ci | X20: si | Y20: a | Z20: i | AA20: ir | AB20: u | AC20: e | AD20: oo | AE20: o | AF20: -m | AG20: -n | AH20: -ng | AI20: -p | AJ20: -t | AK20: -k | AL20: -k | AM20: ai | AN20: au | AO20: am | AP20: an | AQ20: ang | AR20: om | AS20: ong | AT20: ann | AU20: inn | AV20: unn | AW20: enn | AX20: onn | AY20: ainn | AZ20: aunn | BA20: 0 | BB20: 7 | BC20: 3 | BD20: 2 | BE20: 5 | BF20: 0 | BG20: 0 | BH20: 0 | BM20: {=INDEX($D$18:$BH$18, 1, $BO20)} -> ㄙ | BN20: {=INDIRECT(ADDRESS(17, COLUMN($D$18) + $BO20 - 1))} -> n | BO20: =ROW() - 4 -> 16 | BP20: ㄙ | BQ20: =_xlfn.XLOOKUP(BP20, 按鍵設計表[注音符號], 按鍵設計表[聲韻調], "") -> 聲 | BR20: n | BS20: s | BT20: s | BU20: =LEN(BT20) -> 1 | BW20: =" """ & BR20 & """: { commit: """ & BP20 & """ }" & " # " & "/" & BT20 & "/ ==> " & BS20 -> "n": { commit: "ㄙ" } # /s/ ==> s | BY20: =ROW() - 4 -> 16 | BZ20: ㄙ | CA20: 聲 | CB20: n | CC20: s | CD20: s | CE20: 1 | CG20: =IF( OR(CD20=0, CC20=CD20), "", " - xform/^" & CD20 & "/" & CC20 & "/ # " & BZ20 & " [ " & CD20 & "]") | CI20: =ROW() - 4 -> 16 | CJ20: ㆱ | CK20: 韻 | CL20: O | CM20: W | CN20: om | CO20: 2 | CQ20: =IFERROR( IF(OR(CN20=0, CM20=CN20), "", IF(CL20=CM20, "", " - xform/" & CN20 & "/" & CM20 & "/ # " & CJ20 & " [" & CP20 & CN20 & "]")), "") -> - xform/om/W/ # ㆱ [om] | CR20: - xform/enn/Le/ # ㆥ [enn] | DA20: =IF(CX20=0, "", " - xform/" & CX20 & "/" & CT20 & "/ # 按鍵：" & CV20 & " [ 第 " & CX20 & " 調 ]")
BM21: {=INDEX($D$18:$BH$18, 1, $BO21)} -> ㄏ | BN21: {=INDIRECT(ADDRESS(17, COLUMN($D$18) + $BO21 - 1))} -> c | BO21: =ROW() - 4 -> 17 | BP21: ㄏ | BQ21: =_xlfn.XLOOKUP(BP21, 按鍵設計表[注音符號], 按鍵設計表[聲韻調], "") -> 聲 | BR21: c | BS21: h | BT21: h | BU21: =LEN(BT21) -> 1 | BW21: =" """ & BR21 & """: { commit: """ & BP21 & """ }" & " # " & "/" & BT21 & "/ ==> " & BS21 -> "c": { commit: "ㄏ" } # /h/ ==> h | BY21: =ROW() - 4 -> 17 | BZ21: ㄏ | CA21: 聲 | CB21: c | CC21: h | CD21: h | CE21: 1 | CG21: =IF( OR(CD21=0, CC21=CD21), "", " - xform/^" & CD21 & "/" & CC21 & "/ # " & BZ21 & " [ " & CD21 & "]") | CI21: =ROW() - 4 -> 17 | CJ21: ㆲ | CK21: 韻 | CL21: o | CM21: H | CN21: ong | CO21: 3 | CQ21: =IFERROR( IF(OR(CN21=0, CM21=CN21), "", IF(CL21=CM21, "", " - xform/" & CN21 & "/" & CM21 & "/ # " & CJ21 & " [" & CP21 & CN21 & "]")), "") -> - xform/ong/H/ # ㆲ [ong] | CR21: - xform/onn/Lo/ # ㆧ [onn] | DA21: =IF(CX21=0, "", " - xform/" & CX21 & "/" & CT21 & "/ # 按鍵：" & CV21 & " [ 第 " & CX21 & " 調 ]")
B22: 使用按鍵設定 | BM22: {=INDEX($D$18:$BH$18, 1, $BO22)} -> ㆢ | BN22: {=INDIRECT(ADDRESS(17, COLUMN($D$18) + $BO22 - 1))} -> R | BO22: =ROW() - 4 -> 18 | BP22: ㆢ | BQ22: =_xlfn.XLOOKUP(BP22, 按鍵設計表[注音符號], 按鍵設計表[聲韻調], "") -> 聲 | BR22: R | BS22: J | BT22: ji | BU22: =LEN(BT22) -> 2 | BW22: =" """ & BR23 & """: { commit: """ & BP23 & """ }" & " # " & "/" & BT23 & "/ ==> " & BS23 -> "r": { commit: "ㄐ" } # /zi/ ==> Z | BY22: =ROW() - 4 -> 18 | BZ22: ㆢ | CA22: 聲 | CB22: R | CC22: J | CD22: ji | CE22: 2 | CG22: =IF( OR(CD22=0, CC22=CD22), "", " - xform/^" & CD22 & "/" & CC22 & "/ # " & BZ22 & " [ " & CD22 & "]") -> - xform/^ji/J/ # ㆢ [ ji] | CI22: =ROW() - 4 -> 18 | CJ22: ㆩ | CK22: 韻 | CL22: * | CM22: La | CN22: ann | CO22: 3 | CQ22: =IFERROR( IF(OR(CN22=0, CM22=CN22), "", IF(CL22=CM22, "", " - xform/" & CN22 & "/" & CM22 & "/ # " & CJ22 & " [" & CP22 & CN22 & "]")), "") -> - xform/ann/La/ # ㆩ [ann] | CR22: - xform/ainn/LI/ # ㆮ [ainn] | DA22: =IF(CX22=0, "", " - xform/" & CX22 & "/" & CT22 & "/ # 按鍵：" & CV22 & " [ 第 " & CX22 & " 調 ]")
B23: =" alphabet: " & _xlfn.CONCAT("""", D17:AZ17, BF17:BH17, BA17:BE17, """") -> alphabet: "!1qas2wxEed?YyhncRrfv8uKj,ikmp/btgz9lM0;Oo*UJ<I(LN.-75346" | BM23: {=INDEX($D$18:$BH$18, 1, $BO23)} -> ㄐ | BN23: {=INDIRECT(ADDRESS(17, COLUMN($D$18) + $BO23 - 1))} -> r | BO23: =ROW() - 4 -> 19 | BP23: ㄐ | BQ23: =_xlfn.XLOOKUP(BP23, 按鍵設計表[注音符號], 按鍵設計表[聲韻調], "") -> 聲 | BR23: r | BS23: Z | BT23: zi | BU23: =LEN(BT23) -> 2 | BW23: =" """ & BR22 & """: { commit: """ & BP22 & """ }" & " # " & "/" & BT22 & "/ ==> " & BS22 -> "R": { commit: "ㆢ" } # /ji/ ==> J | BY23: =ROW() - 4 -> 19 | BZ23: ㄐ | CA23: 聲 | CB23: r | CC23: Z | CD23: zi | CE23: 2 | CG23: =IF( OR(CD23=0, CC23=CD23), "", " - xform/^" & CD23 & "/" & CC23 & "/ # " & BZ23 & " [ " & CD23 & "]") -> - xform/^zi/Z/ # ㄐ [ zi] | CI23: =ROW() - 4 -> 19 | CJ23: ㆪ | CK23: 韻 | CL23: U | CM23: Li | CN23: inn | CO23: 3 | CQ23: =IFERROR( IF(OR(CN23=0, CM23=CN23), "", IF(CL23=CM23, "", " - xform/" & CN23 & "/" & CM23 & "/ # " & CJ23 & " [" & CP23 & CN23 & "]")), "") -> - xform/inn/Li/ # ㆪ [inn] | DA23: =IF(CX23=0, "", " - xform/" & CX23 & "/" & CT23 & "/ # 按鍵：" & CV23 & " [ 第 " & CX23 & " 調 ]")
B24: =" initials: " & _xlfn.CONCAT("""", D17:AZ17, BF17:BH17, """") -> initials: "!1qas2wxEed?YyhncRrfv8uKj,ikmp/btgz9lM0;Oo*UJ<I(LN.-" | BM24: {=INDEX($D$18:$BH$18, 1, $BO24)} -> ㄑ | BN24: {=INDIRECT(ADDRESS(17, COLUMN($D$18) + $BO24 - 1))} -> f | BO24: =ROW() - 4 -> 20 | BP24: ㄑ | BQ24: =_xlfn.XLOOKUP(BP24, 按鍵設計表[注音符號], 按鍵設計表[聲韻調], "") -> 聲 | BR24: f | BS24: C | BT24: ci | BU24: =LEN(BT24) -> 2 | BW24: =" """ & BR24 & """: { commit: """ & BP24 & """ }" & " # " & "/" & BT24 & "/ ==> " & BS24 -> "f": { commit: "ㄑ" } # /ci/ ==> C | BY24: =ROW() - 4 -> 20 | BZ24: ㄑ | CA24: 聲 | CB24: f | CC24: C | CD24: ci | CE24: 2 | CG24: =IF( OR(CD24=0, CC24=CD24), "", " - xform/^" & CD24 & "/" & CC24 & "/ # " & BZ24 & " [ " & CD24 & "]") -> - xform/^ci/C/ # ㄑ [ ci] | CI24: =ROW() - 4 -> 20 | CJ24: ㆫ | CK24: 韻 | CL24: J | CM24: Lu | CN24: unn | CO24: 3 | CQ24: =IFERROR( IF(OR(CN24=0, CM24=CN24), "", IF(CL24=CM24, "", " - xform/" & CN24 & "/" & CM24 & "/ # " & CJ24 & " [" & CP24 & CN24 & "]")), "") -> - xform/unn/Lu/ # ㆫ [unn] | DA24: =IF(CX24=0, "", " - xform/" & CX24 & "/" & CT24 & "/ # 按鍵：" & CV24 & " [ 第 " & CX24 & " 調 ]")
B25: =" finals: " & _xlfn.CONCAT("""", BA17:BE17, """") -> finals: "75346" | BM25: {=INDEX($D$18:$BH$18, 1, $BO25)} -> ㄒ | BN25: {=INDIRECT(ADDRESS(17, COLUMN($D$18) + $BO25 - 1))} -> v | BO25: =ROW() - 4 -> 21 | BP25: ㄒ | BQ25: =_xlfn.XLOOKUP(BP25, 按鍵設計表[注音符號], 按鍵設計表[聲韻調], "") -> 聲 | BR25: v | BS25: S | BT25: si | BU25: =LEN(BT25) -> 2 | BW25: =" """ & BR25 & """: { commit: """ & BP25 & """ }" & " # " & "/" & BT25 & "/ ==> " & BS25 -> "v": { commit: "ㄒ" } # /si/ ==> S | BY25: =ROW() - 4 -> 21 | BZ25: ㄒ | CA25: 聲 | CB25: v | CC25: S | CD25: si | CE25: 2 | CG25: =IF( OR(CD25=0, CC25=CD25), "", " - xform/^" & CD25 & "/" & CC25 & "/ # " & BZ25 & " [ " & CD25 & "]") -> - xform/^si/S/ # ㄒ [ si] | CI25: =ROW() - 4 -> 21 | CJ25: ㆥ | CK25: 韻 | CL25: < | CM25: Le | CN25: enn | CO25: 3 | CQ25: =IFERROR( IF(OR(CN25=0, CM25=CN25), "", IF(CL25=CM25, "", " - xform/" & CN25 & "/" & CM25 & "/ # " & CJ25 & " [" & CP25 & CN25 & "]")), "") -> - xform/enn/Le/ # ㆥ [enn] | DA25: =IF(CX25=0, "", " - xform/" & CX25 & "/" & CT25 & "/ # 按鍵：" & CV25 & " [ 第 " & CX25 & " 調 ]")
BM26: {=INDEX($D$18:$BH$18, 1, $BO26)} -> ㄚ | BN26: {=INDIRECT(ADDRESS(17, COLUMN($D$18) + $BO26 - 1))} -> 8 | BO26: =ROW() - 4 -> 22 | BP26: ㄚ | BQ26: =_xlfn.XLOOKUP(BP26, 按鍵設計表[注音符號], 按鍵設計表[聲韻調], "") -> 韻 | BR26: 8 | BS26: a | BT26: a | BU26: =LEN(BT26) -> 1 | BW26: =" """ & BR26 & """: { commit: """ & BP26 & """ }" & " # " & "/" & BT26 & "/ ==> " & BS26 -> "8": { commit: "ㄚ" } # /a/ ==> a | BY26: =ROW() - 4 -> 22 | CG26: =IF( OR(CD26=0, CC26=CD26), "", " - xform/^" & CD26 & "/" & CC26 & "/ # " & BZ26 & " [ " & CD26 & "]") | CI26: =ROW() - 4 -> 22 | CJ26: ㆧ | CK26: 韻 | CL26: I | CM26: Lo | CN26: onn | CO26: 3 | CQ26: =IFERROR( IF(OR(CN26=0, CM26=CN26), "", IF(CL26=CM26, "", " - xform/" & CN26 & "/" & CM26 & "/ # " & CJ26 & " [" & CP26 & CN26 & "]")), "") -> - xform/onn/Lo/ # ㆧ [onn] | DA26: =IF(CX26=0, "", " - xform/" & CX26 & "/" & CT26 & "/ # 按鍵：" & CV26 & " [ 第 " & CX26 & " 調 ]")
B27: =" - abbrev/^([" & _xlfn.CONCAT(D19:X19) & "]).+$/$1/" -> - abbrev/^([bpPmntTlqkKgjzcshJZCS]).+$/$1/ | BM27: {=INDEX($D$18:$BH$18, 1, $BO27)} -> ㄧ | BN27: {=INDIRECT(ADDRESS(17, COLUMN($D$18) + $BO27 - 1))} -> u | BO27: =ROW() - 4 -> 23 | BP27: ㄧ | BQ27: =_xlfn.XLOOKUP(BP27, 按鍵設計表[注音符號], 按鍵設計表[聲韻調], "") -> 韻 | BR27: u | BS27: i | BT27: i | BU27: =LEN(BT27) -> 1 | BW27: =" """ & BR27 & """: { commit: """ & BP27 & """ }" & " # " & "/" & BT27 & "/ ==> " & BS27 -> "u": { commit: "ㄧ" } # /i/ ==> i | BY27: =ROW() - 4 -> 23 | CG27: =IF( OR(CD27=0, CC27=CD27), "", " - xform/^" & CD27 & "/" & CC27 & "/ # " & BZ27 & " [ " & CD27 & "]") | CI27: =ROW() - 4 -> 23 | CJ27: ㆮ | CK27: 韻 | CL27: ( | CM27: LI | CN27: ainn | CO27: 4 | CQ27: =IFERROR( IF(OR(CN27=0, CM27=CN27), "", IF(CL27=CM27, "", " - xform/" & CN27 & "/" & CM27 & "/ # " & CJ27 & " [" & CP27 & CN27 & "]")), "") -> - xform/ainn/LI/ # ㆮ [ainn] | DA27: =IF(CX27=0, "", " - xform/" & CX27 & "/" & CT27 & "/ # 按鍵：" & CV27 & " [ 第 " & CX27 & " 調 ]")
BM28: {=INDEX($D$18:$BH$18, 1, $BO28)} -> ㆨ | BN28: {=INDIRECT(ADDRESS(17, COLUMN($D$18) + $BO28 - 1))} -> K | BO28: =ROW() - 4 -> 24 | BP28: ㆨ | BQ28: =_xlfn.XLOOKUP(BP28, 按鍵設計表[注音符號], 按鍵設計表[聲韻調], "") -> 韻 | BR28: K | BS28: w | BT28: ir | BU28: =LEN(BT28) -> 2 | BW28: =" """ & BR28 & """: { commit: """ & BP28 & """ }" & " # " & "/" & BT28 & "/ ==> " & BS28 -> "K": { commit: "ㆨ" } # /ir/ ==> w | BY28: =ROW() - 4 -> 24 | CG28: =IF( OR(CD28=0, CC28=CD28), "", " - xform/^" & CD28 & "/" & CC28 & "/ # " & BZ28 & " [ " & CD28 & "]") | CI28: =ROW() - 4 -> 24 | CJ28: ㆯ | CK28: 韻 | CL28: L | CM28: LU | CN28: aunn | CO28: 4 | DA28: =IF(CX28=0, "", " - xform/" & CX28 & "/" & CT28 & "/ # 按鍵：" & CV28 & " [ 第 " & CX28 & " 調 ]")
B29: 拚音碼與鍵盤對映 (speller) | BM29: {=INDEX($D$18:$BH$18, 1, $BO29)} -> ㄨ | BN29: {=INDIRECT(ADDRESS(17, COLUMN($D$18) + $BO29 - 1))} -> j | BO29: =ROW() - 4 -> 25 | BP29: ㄨ | BQ29: =_xlfn.XLOOKUP(BP29, 按鍵設計表[注音符號], 按鍵設計表[聲韻調], "") -> 韻 | BR29: j | BS29: u | BT29: u | BU29: =LEN(BT29) -> 1 | BW29: =" """ & BR29 & """: { commit: """ & BP29 & """ }" & " # " & "/" & BT29 & "/ ==> " & BS29 -> "j": { commit: "ㄨ" } # /u/ ==> u | BY29: =ROW() - 4 -> 25 | CG29: =IF( OR(CD29=0, CC29=CD29), "", " - xform/^" & CD29 & "/" & CC29 & "/ # " & BZ29 & " [ " & CD29 & "]") | CI29: =ROW() - 4 -> 25 | DA29: =IF(CX29=0, "", " - xform/" & CX29 & "/" & CT29 & "/ # 按鍵：" & CV29 & " [ 第 " & CX29 & " 調 ]")
B30: # 設定「字典編碼」與「鍵盤位置」的對映關係：字典檔案中，漢字的 '拼音字母' ，轉成 '字典編碼' ，並與‘鍵盤位置’建立對映關聯 | BM30: {=INDEX($D$18:$BH$18, 1, $BO30)} -> ㆤ | BN30: {=INDIRECT(ADDRESS(17, COLUMN($D$18) + $BO30 - 1))} -> , | BO30: =ROW() - 4 -> 26 | BP30: ㆤ | BQ30: =_xlfn.XLOOKUP(BP30, 按鍵設計表[注音符號], 按鍵設計表[聲韻調], "") -> 韻 | BR30: , | BS30: e | BT30: e | BU30: =LEN(BT30) -> 1 | BW30: =" """ & BR30 & """: { commit: """ & BP30 & """ }" & " # " & "/" & BT30 & "/ ==> " & BS30 -> ",": { commit: "ㆤ" } # /e/ ==> e | BY30: =ROW() - 4 -> 26 | CG30: =IF( OR(CD30=0, CC30=CD30), "", " - xform/^" & CD30 & "/" & CC30 & "/ # " & BZ30 & " [ " & CD30 & "]") | CI30: =ROW() - 4 -> 26 | DA30: =IF(CX30=0, "", " - xform/" & CX30 & "/" & CT30 & "/ # 按鍵：" & CV30 & " [ 第 " & CX30 & " 調 ]")
B31: =$B$19 -> 字典編碼 | D31: =LEN(E31) -> 50 | E31: =_xlfn.CONCAT(D19:AS19, BA19:BH19) -> bpPmntTlqkKgjzcshJZCSaiwueoøMNGRFQVIUY@AWH07325*&0 | AB31: =LEN(AC31) -> 42 | AC31: =_xlfn.CONCAT(D19:AS19) -> bpPmntTlqkKgjzcshJZCSaiwueoøMNGRFQVIUY@AWH | AY31: =LEN(AZ31) -> 8 | AZ31: =_xlfn.CONCAT(BA19:BH19) -> 07325*&0 | BM31: {=INDEX($D$18:$BH$18, 1, $BO31)} -> ㆦ | BN31: {=INDIRECT(ADDRESS(17, COLUMN($D$18) + $BO31 - 1))} -> i | BO31: =ROW() - 4 -> 27 | BP31: ㆦ | BQ31: =_xlfn.XLOOKUP(BP31, 按鍵設計表[注音符號], 按鍵設計表[聲韻調], "") -> 韻 | BR31: i | BS31: o | BT31: oo | BU31: =LEN(BT31) -> 2 | BW31: =" """ & BR31 & """: { commit: """ & BP31 & """ }" & " # " & "/" & BT31 & "/ ==> " & BS31 -> "i": { commit: "ㆦ" } # /oo/ ==> o | BY31: =ROW() - 4 -> 27 | CG31: =IF( OR(CD31=0, CC31=CD31), "", " - xform/^" & CD31 & "/" & CC31 & "/ # " & BZ31 & " [ " & CD31 & "]") | CI31: =ROW() - 4 -> 27 | DA31: =IF(CX31=0, "", " - xform/" & CX31 & "/" & CT31 & "/ # 按鍵：" & CV31 & " [ 第 " & CX31 & " 調 ]")
B32: 鍵盤按鍵 | D32: =LEN(E32) -> 50 | E32: =_xlfn.CONCAT(D17:AS17, BA17:BH17) -> !1qas2wxEed?YyhncRrfv8uKj,ikmp/btgz9lM0;Oo75346N.- | AB32: =LEN(AC32) -> 42 | AC32: =_xlfn.CONCAT(D17:AS17) -> !1qas2wxEed?YyhncRrfv8uKj,ikmp/btgz9lM0;Oo | AY32: =LEN(AZ32) -> 8 | AZ32: =_xlfn.CONCAT(BA17:BH17) -> 75346N.- | BM32: {=INDEX($D$18:$BH$18, 1, $BO32)} -> ㄜ | BN32: {=INDIRECT(ADDRESS(17, COLUMN($D$18) + $BO32 - 1))} -> k | BO32: =ROW() - 4 -> 28 | BP32: ㄜ | BQ32: =_xlfn.XLOOKUP(BP32, 按鍵設計表[注音符號], 按鍵設計表[聲韻調], "") -> 韻 | BR32: k | BS32: ø | BT32: o | BU32: =LEN(BT32) -> 1 | BW32: =" """ & BR32 & """: { commit: """ & BP32 & """ }" & " # " & "/" & BT32 & "/ ==> " & BS32 -> "k": { commit: "ㄜ" } # /o/ ==> ø | BY32: =ROW() - 4 -> 28 | CG32: =IF( OR(CD32=0, CC32=CD32), "", " - xform/^" & CD32 & "/" & CC32 & "/ # " & BZ32 & " [ " & CD32 & "]") | CI32: =ROW() - 4 -> 28 | DA32: =IF(CX32=0, "", " - xform/" & CX32 & "/" & CT32 & "/ # 按鍵：" & CV32 & " [ 第 " & CX32 & " 調 ]")
B33: =" - xlit|" & E31 & "|" & E32 & "|" -> - xlit|bpPmntTlqkKgjzcshJZCSaiwueoøMNGRFQVIUY@AWH07325*&0|!1qas2wxEed?YyhncRrfv8uKj,ikmp/btgz9lM0;Oo75346N.-| | AC33: =" - xlit|" & AC31 & "|" & AC32 & "|" -> - xlit|bpPmntTlqkKgjzcshJZCSaiwueoøMNGRFQVIUY@AWH|!1qas2wxEed?YyhncRrfv8uKj,ikmp/btgz9lM0;Oo| | AZ33: =" - xlit|" & AZ31 & "|" & AZ32 & "|" -> - xlit|07325*&0|75346N.-| | BM33: {=INDEX($D$18:$BH$18, 1, $BO33)} -> ㆬ | BN33: {=INDIRECT(ADDRESS(17, COLUMN($D$18) + $BO33 - 1))} -> m | BO33: =ROW() - 4 -> 29 | BP33: ㆬ | BQ33: =_xlfn.XLOOKUP(BP33, 按鍵設計表[注音符號], 按鍵設計表[聲韻調], "") -> 韻 | BR33: m | BS33: M | BT33: -m | BU33: =LEN(BT33) -> 2 | BW33: =" """ & BR33 & """: { commit: """ & BP33 & """ }" & " # " & "/" & BT33 & "/ ==> " & BS33 -> "m": { commit: "ㆬ" } # /-m/ ==> M | BY33: =ROW() - 4 -> 29 | CG33: =IF( OR(CD33=0, CC33=CD33), "", " - xform/^" & CD33 & "/" & CC33 & "/ # " & BZ33 & " [ " & CD33 & "]") | CI33: =ROW() - 4 -> 29 | DA33: =IF(CX33=0, "", " - xform/" & CX33 & "/" & CT33 & "/ # 按鍵：" & CV33 & " [ 第 " & CX33 & " 調 ]")
BM34: {=INDEX($D$18:$BH$18, 1, $BO34)} -> ㄣ | BN34: {=INDIRECT(ADDRESS(17, COLUMN($D$18) + $BO34 - 1))} -> p | BO34: =ROW() - 4 -> 30 | BP34: ㄣ | BQ34: =_xlfn.XLOOKUP(BP34, 按鍵設計表[注音符號], 按鍵設計表[聲韻調], "") -> 韻 | BR34: p | BS34: N | BT34: -n | BU34: =LEN(BT34) -> 2 | BW34: =" """ & BR34 & """: { commit: """ & BP34 & """ }" & " # " & "/" & BT34 & "/ ==> " & BS34 -> "p": { commit: "ㄣ" } # /-n/ ==> N | BY34: =ROW() - 4 -> 30 | CG34: =IF( OR(CD34=0, CC34=CD34), "", " - xform/^" & CD34 & "/" & CC34 & "/ # " & BZ34 & " [ " & CD34 & "]") | CI34: =ROW() - 4 -> 30 | DA34: =IF(CX34=0, "", " - xform/" & CX34 & "/" & CT34 & "/ # 按鍵：" & CV34 & " [ 第 " & CX34 & " 調 ]")
B35: 1 | C35: 2 | D35: 3 | E35: 4 | F35: 5 | G35: 6 | H35: 7 | I35: 8 | J35: 9 | K35: 10 | L35: 11 | M35: 12 | N35: 13 | O35: 14 | P35: 15 | Q35: 16 | R35: 17 | S35: 18 | T35: 19 | U35: 20 | V35: 21 | W35: 22 | X35: 23 | Y35: 24 | Z35: 25 | AA35: 26 | AB35: 27 | AC35: 28 | AD35: 29 | AE35: 30 | AF35: 31 | AG35: 32 | AH35: 33 | AI35: 34 | AJ35: 35 | AK35: 36 | AL35: 37 | AM35: 38 | AN35: 39 | AO35: 40 | AP35: 41 | AQ35: 42 | AR35: 43 | AS35: 44 | AT35: 45 | AU35: 46 | AV35: 47 | AW35: 48 | AX35: 49 | AY35: 50 | AZ35: 51 | BA35: 52 | BB35: 53 | BC35: 54 | BD35: 55 | BE35: 56 | BF35: 57 | BM35: {=INDEX($D$18:$BH$18, 1, $BO35)} -> ㆭ | BN35: {=INDIRECT(ADDRESS(17, COLUMN($D$18) + $BO35 - 1))} -> / | BO35: =ROW() - 4 -> 31 | BP35: ㆭ | BQ35: =_xlfn.XLOOKUP(BP35, 按鍵設計表[注音符號], 按鍵設計表[聲韻調], "") -> 韻 | BR35: / | BS35: G | BT35: -ng | BU35: =LEN(BT35) -> 3 | BW35: =" """ & BR35 & """: { commit: """ & BP35 & """ }" & " # " & "/" & BT35 & "/ ==> " & BS35 -> "/": { commit: "ㆭ" } # /-ng/ ==> G | BY35: =ROW() - 4 -> 31 | CG35: =IF( OR(CD35=0, CC35=CD35), "", " - xform/^" & CD35 & "/" & CC35 & "/ # " & BZ35 & " [ " & CD35 & "]") | CI35: =ROW() - 4 -> 31 | DA35: =IF(CX35=0, "", " - xform/" & CX35 & "/" & CT35 & "/ # 按鍵：" & CV35 & " [ 第 " & CX35 & " 調 ]")
B36: =MID($E$31,B$35,1) -> b | C36: =MID($E$31,C$35,1) -> p | D36: =MID($E$31,D$35,1) -> P | E36: =MID($E$31,E$35,1) -> m | F36: =MID($E$31,F$35,1) -> n | G36: =MID($E$31,G$35,1) -> t | H36: =MID($E$31,H$35,1) -> T | I36: =MID($E$31,I$35,1) -> l | ... BF36: =MID($E$31,BF$35,1) | BM36: {=INDEX($D$18:$BH$18, 1, $BO36)} -> ㆴ | BN36: {=INDIRECT(ADDRESS(17, COLUMN($D$18) + $BO36 - 1))} -> b | BO36: =ROW() - 4 -> 32 | BP36: ㆴ | BQ36: =_xlfn.XLOOKUP(BP36, 按鍵設計表[注音符號], 按鍵設計表[聲韻調], "") -> 韻尾 | BR36: b | BS36: R | BT36: -p | BU36: =LEN(BT36) -> 2 | BW36: =" """ & BR36 & """: { commit: """ & BP36 & """ }" & " # " & "/" & BT36 & "/ ==> " & BS36 -> "b": { commit: "ㆴ" } # /-p/ ==> R | BY36: =ROW() - 4 -> 32 | CG36: =IF( OR(CD36=0, CC36=CD36), "", " - xform/^" & CD36 & "/" & CC36 & "/ # " & BZ36 & " [ " & CD36 & "]") | CI36: =ROW() - 4 -> 32 | DA36: =IF(CX36=0, "", " - xform/" & CX36 & "/" & CT36 & "/ # 按鍵：" & CV36 & " [ 第 " & CX36 & " 調 ]")
B37: =MID($E$32,B$35,1) -> ! | C37: =MID($E$32,C$35,1) -> 1 | D37: =MID($E$32,D$35,1) -> q | E37: =MID($E$32,E$35,1) -> a | F37: =MID($E$32,F$35,1) -> s | G37: =MID($E$32,G$35,1) -> 2 | H37: =MID($E$32,H$35,1) -> w | I37: =MID($E$32,I$35,1) -> x | ... BF37: =MID($E$32,BF$35,1) | BM37: {=INDEX($D$18:$BH$18, 1, $BO37)} -> ㆵ | BN37: {=INDIRECT(ADDRESS(17, COLUMN($D$18) + $BO37 - 1))} -> t | BO37: =ROW() - 4 -> 33 | BP37: ㆵ | BQ37: =_xlfn.XLOOKUP(BP37, 按鍵設計表[注音符號], 按鍵設計表[聲韻調], "") -> 韻尾 | BR37: t | BS37: F | BT37: -t | BU37: =LEN(BT37) -> 2 | BW37: =" """ & BR37 & """: { commit: """ & BP37 & """ }" & " # " & "/" & BT37 & "/ ==> " & BS37 -> "t": { commit: "ㆵ" } # /-t/ ==> F | BY37: =ROW() - 4 -> 33 | CG37: =IF( OR(CD37=0, CC37=CD37), "", " - xform/^" & CD37 & "/" & CC37 & "/ # " & BZ37 & " [ " & CD37 & "]") | CI37: =ROW() - 4 -> 33 | DA37: =IF(CX37=0, "", " - xform/" & CX37 & "/" & CT37 & "/ # 按鍵：" & CV37 & " [ 第 " & CX37 & " 調 ]")
BM38: {=INDEX($D$18:$BH$18, 1, $BO38)} -> ㆻ | BN38: {=INDIRECT(ADDRESS(17, COLUMN($D$18) + $BO38 - 1))} -> g | BO38: =ROW() - 4 -> 34 | BP38: ㆻ | BQ38: =_xlfn.XLOOKUP(BP38, 按鍵設計表[注音符號], 按鍵設計表[聲韻調], "") -> 韻尾 | BR38: g | BS38: Q | BT38: -k | BU38: =LEN(BT38) -> 2 | BW38: =" """ & BR38 & """: { commit: """ & BP38 & """ }" & " # " & "/" & BT38 & "/ ==> " & BS38 -> "g": { commit: "ㆻ" } # /-k/ ==> Q | BY38: =ROW() - 4 -> 34 | CG38: =IF( OR(CD38=0, CC38=CD38), "", " - xform/^" & CD38 & "/" & CC38 & "/ # " & BZ38 & " [ " & CD38 & "]") | CI38: =ROW() - 4 -> 34 | DA38: =IF(CX38=0, "", " - xform/" & CX38 & "/" & CT38 & "/ # 按鍵：" & CV38 & " [ 第 " & CX38 & " 調 ]")
B39: 鍵盤與注音符號對映 (preedit_format) | BM39: {=INDEX($D$18:$BH$18, 1, $BO39)} -> ㆻ | BN39: {=INDIRECT(ADDRESS(17, COLUMN($D$18) + $BO39 - 1))} -> z | BO39: =ROW() - 4 -> 35 | BP39: ㆻ | BQ39: =_xlfn.XLOOKUP(BP39, 按鍵設計表[注音符號], 按鍵設計表[聲韻調], "") -> 韻尾 | BR39: z | BS39: V | BT39: -k | BU39: =LEN(BT39) -> 2 | BW39: =" """ & BR39 & """: { commit: """ & BP39 & """ }" & " # " & "/" & BT39 & "/ ==> " & BS39 -> "z": { commit: "ㆻ" } # /-k/ ==> V | BY39: =ROW() - 4 -> 35 | CG39: =IF( OR(CD39=0, CC39=CD39), "", " - xform/^" & CD39 & "/" & CC39 & "/ # " & BZ39 & " [ " & CD39 & "]") | CI39: =ROW() - 4 -> 35 | DA39: =IF(CX39=0, "", " - xform/" & CX39 & "/" & CT39 & "/ # 按鍵：" & CV39 & " [ 第 " & CX39 & " 調 ]")
B40: # 設定「鍵盤位置」與「注音符號」的對映關係：RIME 輸入法平台於接收到「鍵盤按鍵」輸入，依此規範於螢幕顯示ㄅㄆㄇ注音符號 | BM40: {=INDEX($D$18:$BH$18, 1, $BO40)} -> ㄞ | BN40: {=INDIRECT(ADDRESS(17, COLUMN($D$18) + $BO40 - 1))} -> 9 | BO40: =ROW() - 4 -> 36 | BP40: ㄞ | BQ40: =_xlfn.XLOOKUP(BP40, 按鍵設計表[注音符號], 按鍵設計表[聲韻調], "") -> 韻 | BR40: 9 | BS40: I | BT40: ai | BU40: =LEN(BT40) -> 2 | BW40: =" """ & BR40 & """: { commit: """ & BP40 & """ }" & " # " & "/" & BT40 & "/ ==> " & BS40 -> "9": { commit: "ㄞ" } # /ai/ ==> I | BY40: =ROW() - 4 -> 36 | CG40: =IF( OR(CD40=0, CC40=CD40), "", " - xform/^" & CD40 & "/" & CC40 & "/ # " & BZ40 & " [ " & CD40 & "]") | CI40: =ROW() - 4 -> 36 | DA40: =IF(CX40=0, "", " - xform/" & CX40 & "/" & CT40 & "/ # 按鍵：" & CV40 & " [ 第 " & CX40 & " 調 ]")
B41: 鍵盤按鍵 | D41: =LEN(E41) -> 49 | E41: =_xlfn.CONCAT(D17:AZ17) -> !1qas2wxEed?YyhncRrfv8uKj,ikmp/btgz9lM0;Oo*UJ<I(L | AM41: =LEN(AN41) -> 5 | AN41: =_xlfn.CONCAT(BA18:BE18) -> ˙˫˪ˋˊ | BM41: {=INDEX($D$18:$BH$18, 1, $BO41)} -> ㄠ | BN41: {=INDIRECT(ADDRESS(17, COLUMN($D$18) + $BO41 - 1))} -> l | BO41: =ROW() - 4 -> 37 | BP41: ㄠ | BQ41: =_xlfn.XLOOKUP(BP41, 按鍵設計表[注音符號], 按鍵設計表[聲韻調], "") -> 韻 | BR41: l | BS41: U | BT41: au | BU41: =LEN(BT41) -> 2 | BW41: =" """ & BR41 & """: { commit: """ & BP41 & """ }" & " # " & "/" & BT41 & "/ ==> " & BS41 -> "l": { commit: "ㄠ" } # /au/ ==> U | BY41: =ROW() - 4 -> 37 | CG41: =IF( OR(CD41=0, CC41=CD41), "", " - xform/^" & CD41 & "/" & CC41 & "/ # " & BZ41 & " [ " & CD41 & "]") | CI41: =ROW() - 4 -> 37 | DA41: =IF(CX41=0, "", " - xform/" & CX41 & "/" & CT41 & "/ # 按鍵：" & CV41 & " [ 第 " & CX41 & " 調 ]")
B42: 注音符號 | D42: =LEN(E42) -> 49 | E42: =_xlfn.CONCAT(D18:AZ18) -> ㆠㄅㄆㄇㄋㄉㄊㄌㆣㄍㄎㄫㆡㄗㄘㄙㄏㆢㄐㄑㄒㄚㄧㆨㄨㆤㆦㄜㆬㄣㆭㆴㆵㆻㆻㄞㄠㆰㄢㄤㆱㆲㆩㆪㆫㆥㆧㆮㆯ | AM42: =LEN(AN42) -> 5 | AN42: =_xlfn.CONCAT(BA19:BE19) -> 07325 | BM42: {=INDEX($D$18:$BH$18, 1, $BO42)} -> ㆰ | BN42: {=INDIRECT(ADDRESS(17, COLUMN($D$18) + $BO42 - 1))} -> M | BO42: =ROW() - 4 -> 38 | BP42: ㆰ | BQ42: =_xlfn.XLOOKUP(BP42, 按鍵設計表[注音符號], 按鍵設計表[聲韻調], "") -> 韻 | BR42: M | BS42: Y | BT42: am | BU42: =LEN(BT42) -> 2 | BW42: =" """ & BR42 & """: { commit: """ & BP42 & """ }" & " # " & "/" & BT42 & "/ ==> " & BS42 -> "M": { commit: "ㆰ" } # /am/ ==> Y | BY42: =ROW() - 4 -> 38 | CG42: =IF( OR(CD42=0, CC42=CD42), "", " - xform/^" & CD42 & "/" & CC42 & "/ # " & BZ42 & " [ " & CD42 & "]") | CI42: =ROW() - 4 -> 38 | DA42: =IF(CX42=0, "", " - xform/" & CX42 & "/" & CT42 & "/ # 按鍵：" & CV42 & " [ 第 " & CX42 & " 調 ]")
B43: =" - xlit|" & E41 & "|" & E42 & "|" -> - xlit|!1qas2wxEed?YyhncRrfv8uKj,ikmp/btgz9lM0;Oo*UJ<I(L|ㆠㄅㄆㄇㄋㄉㄊㄌㆣㄍㄎㄫㆡㄗㄘㄙㄏㆢㄐㄑㄒㄚㄧㆨㄨㆤㆦㄜㆬㄣㆭㆴㆵㆻㆻㄞㄠㆰㄢㄤㆱㆲㆩㆪㆫㆥㆧㆮㆯ| | AN43: =" - xlit|" & AN41 & "|" & AN42 & "|" -> - xlit|˙˫˪ˋˊ|07325| | BM43: {=INDEX($D$18:$BH$18, 1, $BO43)} -> ㄢ | BN43: {=INDIRECT(ADDRESS(17, COLUMN($D$18) + $BO43 - 1))} -> 0 | BO43: =ROW() - 4 -> 39 | BP43: ㄢ | BQ43: =_xlfn.XLOOKUP(BP43, 按鍵設計表[注音符號], 按鍵設計表[聲韻調], "") -> 韻 | BR43: 0 | BS43: @ | BT43: an | BU43: =LEN(BT43) -> 2 | BW43: =" """ & BR43 & """: { commit: """ & BP43 & """ }" & " # " & "/" & BT43 & "/ ==> " & BS43 -> "0": { commit: "ㄢ" } # /an/ ==> @ | BY43: =ROW() - 4 -> 39 | CG43: =IF( OR(CD43=0, CC43=CD43), "", " - xform/^" & CD43 & "/" & CC43 & "/ # " & BZ43 & " [ " & CD43 & "]") | CI43: =ROW() - 4 -> 39 | DA43: =IF(CX43=0, "", " - xform/" & CX43 & "/" & CT43 & "/ # 按鍵：" & CV43 & " [ 第 " & CX43 & " 調 ]")
BM44: {=INDEX($D$18:$BH$18, 1, $BO44)} -> ㄤ | BN44: {=INDIRECT(ADDRESS(17, COLUMN($D$18) + $BO44 - 1))} -> ; | BO44: =ROW() - 4 -> 40 | BP44: ㄤ | BQ44: =_xlfn.XLOOKUP(BP44, 按鍵設計表[注音符號], 按鍵設計表[聲韻調], "") -> 韻 | BR44: ; | BS44: A | BT44: ang | BU44: =LEN(BT44) -> 3 | BW44: =" """ & BR44 & """: { commit: """ & BP44 & """ }" & " # " & "/" & BT44 & "/ ==> " & BS44 -> ";": { commit: "ㄤ" } # /ang/ ==> A | BY44: =ROW() - 4 -> 40 | CG44: =IF( OR(CD44=0, CC44=CD44), "", " - xform/^" & CD44 & "/" & CC44 & "/ # " & BZ44 & " [ " & CD44 & "]") | CI44: =ROW() - 4 -> 40 | DA44: =IF(CX44=0, "", " - xform/" & CX44 & "/" & CT44 & "/ # 按鍵：" & CV44 & " [ 第 " & CX44 & " 調 ]")
B45: 1 | C45: 2 | D45: 3 | E45: 4 | F45: 5 | G45: 6 | H45: 7 | I45: 8 | J45: 9 | K45: 10 | L45: 11 | M45: 12 | N45: 13 | O45: 14 | P45: 15 | Q45: 16 | R45: 17 | S45: 18 | T45: 19 | U45: 20 | V45: 21 | W45: 22 | X45: 23 | Y45: 24 | Z45: 25 | AA45: 26 | AB45: 27 | AC45: 28 | AD45: 29 | AE45: 30 | AF45: 31 | AG45: 32 | AH45: 33 | AI45: 34 | AJ45: 35 | AK45: 36 | AL45: 37 | AM45: 38 | AN45: 39 | AO45: 40 | AP45: 41 | AQ45: 42 | AR45: 43 | AS45: 44 | AT45: 45 | AU45: 46 | AV45: 47 | AW45: 48 | AX45: 49 | AY45: 50 | AZ45: 51 | BA45: 52 | BB45: 53 | BC45: 54 | BD45: 55 | BE45: 56 | BF45: 57 | BM45: {=INDEX($D$18:$BH$18, 1, $BO45)} -> ㆱ | BN45: {=INDIRECT(ADDRESS(17, COLUMN($D$18) + $BO45 - 1))} -> O | BO45: =ROW() - 4 -> 41 | BP45: ㆱ | BQ45: =_xlfn.XLOOKUP(BP45, 按鍵設計表[注音符號], 按鍵設計表[聲韻調], "") -> 韻 | BR45: O | BS45: W | BT45: om | BU45: =LEN(BT45) -> 2 | BW45: =" """ & BR45 & """: { commit: """ & BP45 & """ }" & " # " & "/" & BT45 & "/ ==> " & BS45 -> "O": { commit: "ㆱ" } # /om/ ==> W | BY45: =ROW() - 4 -> 41 | CG45: =IF( OR(CD45=0, CC45=CD45), "", " - xform/^" & CD45 & "/" & CC45 & "/ # " & BZ45 & " [ " & CD45 & "]") | CI45: =ROW() - 4 -> 41 | DA45: =IF(CX45=0, "", " - xform/" & CX45 & "/" & CT45 & "/ # 按鍵：" & CV45 & " [ 第 " & CX45 & " 調 ]")
B46: =MID($E$41,B$45,1) -> ! | C46: =MID($E$41,C$45,1) -> 1 | D46: =MID($E$41,D$45,1) -> q | E46: =MID($E$41,E$45,1) -> a | F46: =MID($E$41,F$45,1) -> s | G46: =MID($E$41,G$45,1) -> 2 | H46: =MID($E$41,H$45,1) -> w | I46: =MID($E$41,I$45,1) -> x | ... BF46: =MID($E$41,BF$45,1) | BM46: {=INDEX($D$18:$BH$18, 1, $BO46)} -> ㆲ | BN46: {=INDIRECT(ADDRESS(17, COLUMN($D$18) + $BO46 - 1))} -> o | BO46: =ROW() - 4 -> 42 | BP46: ㆲ | BQ46: =_xlfn.XLOOKUP(BP46, 按鍵設計表[注音符號], 按鍵設計表[聲韻調], "") -> 韻 | BR46: o | BS46: H | BT46: ong | BU46: =LEN(BT46) -> 3 | BW46: =" """ & BR46 & """: { commit: """ & BP46 & """ }" & " # " & "/" & BT46 & "/ ==> " & BS46 -> "o": { commit: "ㆲ" } # /ong/ ==> H | BY46: =ROW() - 4 -> 42 | CG46: =IF( OR(CD46=0, CC46=CD46), "", " - xform/^" & CD46 & "/" & CC46 & "/ # " & BZ46 & " [ " & CD46 & "]") | CI46: =ROW() - 4 -> 42 | DA46: =IF(CX46=0, "", " - xform/" & CX46 & "/" & CT46 & "/ # 按鍵：" & CV46 & " [ 第 " & CX46 & " 調 ]")
B47: =MID($E$42,B$45,1) -> ㆠ | C47: =MID($E$42,C$45,1) -> ㄅ | D47: =MID($E$42,D$45,1) -> ㄆ | E47: =MID($E$42,E$45,1) -> ㄇ | F47: =MID($E$42,F$45,1) -> ㄋ | G47: =MID($E$42,G$45,1) -> ㄉ | H47: =MID($E$42,H$45,1) -> ㄊ | I47: =MID($E$42,I$45,1) -> ㄌ | ... BF47: =MID($E$42,BF$45,1) | BM47: {=INDEX($D$18:$BH$18, 1, $BO47)} -> ㆩ | BN47: {=INDIRECT(ADDRESS(17, COLUMN($D$18) + $BO47 - 1))} -> * | BO47: =ROW() - 4 -> 43 | BP47: ㆩ | BQ47: =_xlfn.XLOOKUP(BP47, 按鍵設計表[注音符號], 按鍵設計表[聲韻調], "") -> 韻 | BR47: * | BS47: La | BT47: ann | BU47: =LEN(BT47) -> 3 | BW47: =" """ & BR47 & """: { commit: """ & BP47 & """ }" & " # " & "/" & BT47 & "/ ==> " & BS47 -> "*": { commit: "ㆩ" } # /ann/ ==> La | BY47: =ROW() - 4 -> 43 | CG47: =IF( OR(CD47=0, CC47=CD47), "", " - xform/^" & CD47 & "/" & CC47 & "/ # " & BZ47 & " [ " & CD47 & "]") | CI47: =ROW() - 4 -> 43 | DA47: =IF(CX47=0, "", " - xform/" & CX47 & "/" & CT47 & "/ # 按鍵：" & CV47 & " [ 第 " & CX47 & " 調 ]")
BM48: {=INDEX($D$18:$BH$18, 1, $BO48)} -> ㆪ | BN48: {=INDIRECT(ADDRESS(17, COLUMN($D$18) + $BO48 - 1))} -> U | BO48: =ROW() - 4 -> 44 | BP48: ㆪ | BQ48: =_xlfn.XLOOKUP(BP48, 按鍵設計表[注音符號], 按鍵設計表[聲韻調], "") -> 韻 | BR48: U | BS48: Li | BT48: inn | BU48: =LEN(BT48) -> 3 | BW48: =" """ & BR48 & """: { commit: """ & BP48 & """ }" & " # " & "/" & BT48 & "/ ==> " & BS48 -> "U": { commit: "ㆪ" } # /inn/ ==> Li | BY48: =ROW() - 4 -> 44 | CG48: =IF( OR(CD48=0, CC48=CD48), "", " - xform/^" & CD48 & "/" & CC48 & "/ # " & BZ48 & " [ " & CD48 & "]") | CI48: =ROW() - 4 -> 44 | DA48: =IF(CX48=0, "", " - xform/" & CX48 & "/" & CT48 & "/ # 按鍵：" & CV48 & " [ 第 " & CX48 & " 調 ]")
B49: 候選字清單漢字與注音符號的對映 (comment_format) | BM49: {=INDEX($D$18:$BH$18, 1, $BO49)} -> ㆫ | BN49: {=INDIRECT(ADDRESS(17, COLUMN($D$18) + $BO49 - 1))} -> J | BO49: =ROW() - 4 -> 45 | BP49: ㆫ | BQ49: =_xlfn.XLOOKUP(BP49, 按鍵設計表[注音符號], 按鍵設計表[聲韻調], "") -> 韻 | BR49: J | BS49: Lu | BT49: unn | BU49: =LEN(BT49) -> 3 | BW49: =" """ & BR49 & """: { commit: """ & BP49 & """ }" & " # " & "/" & BT49 & "/ ==> " & BS49 -> "J": { commit: "ㆫ" } # /unn/ ==> Lu | BY49: =ROW() - 4 -> 45 | CG49: =IF( OR(CD49=0, CC49=CD49), "", " - xform/^" & CD49 & "/" & CC49 & "/ # " & BZ49 & " [ " & CD49 & "]") | CI49: =ROW() - 4 -> 45 | DA49: =IF(CX49=0, "", " - xform/" & CX49 & "/" & CT49 & "/ # 按鍵：" & CV49 & " [ 第 " & CX49 & " 調 ]")
B50: # 設定「候選字清單」中，字典漢字與注音符號的對映 | BM50: {=INDEX($D$18:$BH$18, 1, $BO50)} -> ㆥ | BN50: {=INDIRECT(ADDRESS(17, COLUMN($D$18) + $BO50 - 1))} -> < | BO50: =ROW() - 4 -> 46 | BP50: ㆥ | BQ50: =_xlfn.XLOOKUP(BP50, 按鍵設計表[注音符號], 按鍵設計表[聲韻調], "") -> 韻 | BR50: < | BS50: Le | BT50: enn | BU50: =LEN(BT50) -> 3 | BW50: =" """ & BR50 & """: { commit: """ & BP50 & """ }" & " # " & "/" & BT50 & "/ ==> " & BS50 -> "<": { commit: "ㆥ" } # /enn/ ==> Le | BY50: =ROW() - 4 -> 46 | CG50: =IF( OR(CD50=0, CC50=CD50), "", " - xform/^" & CD50 & "/" & CC50 & "/ # " & BZ50 & " [ " & CD50 & "]") | CI50: =ROW() - 4 -> 46 | DA50: =IF(CX50=0, "", " - xform/" & CX50 & "/" & CT50 & "/ # 按鍵：" & CV50 & " [ 第 " & CX50 & " 調 ]")
B51: =$B$19 -> 字典編碼 | D51: =LEN(E51) -> 47 | E51: =_xlfn.CONCAT(D19:AS19,BA19:BE19) -> bpPmntTlqkKgjzcshJZCSaiwueoøMNGRFQVIUY@AWH07325 | BM51: {=INDEX($D$18:$BH$18, 1, $BO51)} -> ㆧ | BN51: {=INDIRECT(ADDRESS(17, COLUMN($D$18) + $BO51 - 1))} -> I | BO51: =ROW() - 4 -> 47 | BP51: ㆧ | BQ51: =_xlfn.XLOOKUP(BP51, 按鍵設計表[注音符號], 按鍵設計表[聲韻調], "") -> 韻 | BR51: I | BS51: Lo | BT51: onn | BU51: =LEN(BT51) -> 3 | BW51: =" """ & BR51 & """: { commit: """ & BP51 & """ }" & " # " & "/" & BT51 & "/ ==> " & BS51 -> "I": { commit: "ㆧ" } # /onn/ ==> Lo | BY51: =ROW() - 4 -> 47 | CG51: =IF( OR(CD51=0, CC51=CD51), "", " - xform/^" & CD51 & "/" & CC51 & "/ # " & BZ51 & " [ " & CD51 & "]") | CI51: =ROW() - 4 -> 47 | DA51: =IF(CX51=0, "", " - xform/" & CX51 & "/" & CT51 & "/ # 按鍵：" & CV51 & " [ 第 " & CX51 & " 調 ]")
B52: 注音符號 | D52: =LEN(E52) -> 47 | E52: =_xlfn.CONCAT(D18:AS18,BA18:BE18) -> ㆠㄅㄆㄇㄋㄉㄊㄌㆣㄍㄎㄫㆡㄗㄘㄙㄏㆢㄐㄑㄒㄚㄧㆨㄨㆤㆦㄜㆬㄣㆭㆴㆵㆻㆻㄞㄠㆰㄢㄤㆱㆲ˙˫˪ˋˊ | BM52: {=INDEX($D$18:$BH$18, 1, $BO52)} -> ㆮ | BN52: {=INDIRECT(ADDRESS(17, COLUMN($D$18) + $BO52 - 1))} -> ( | BO52: =ROW() - 4 -> 48 | BP52: ㆮ | BQ52: =_xlfn.XLOOKUP(BP52, 按鍵設計表[注音符號], 按鍵設計表[聲韻調], "") -> 韻 | BR52: ( | BS52: LI | BT52: ainn | BU52: =LEN(BT52) -> 4 | BW52: =" """ & BR52 & """: { commit: """ & BP52 & """ }" & " # " & "/" & BT52 & "/ ==> " & BS52 -> "(": { commit: "ㆮ" } # /ainn/ ==> LI | BY52: =ROW() - 4 -> 48 | CG52: =IF( OR(CD52=0, CC52=CD52), "", " - xform/^" & CD52 & "/" & CC52 & "/ # " & BZ52 & " [ " & CD52 & "]") | CI52: =ROW() - 4 -> 48 | DA52: =IF(CX52=0, "", " - xform/" & CX52 & "/" & CT52 & "/ # 按鍵：" & CV52 & " [ 第 " & CX52 & " 調 ]")
B53: ="- xlit|" & E51 & "|" & E52 & "|" -> - xlit|bpPmntTlqkKgjzcshJZCSaiwueoøMNGRFQVIUY@AWH07325|ㆠㄅㄆㄇㄋㄉㄊㄌㆣㄍㄎㄫㆡㄗㄘㄙㄏㆢㄐㄑㄒㄚㄧㆨㄨㆤㆦㄜㆬㄣㆭㆴㆵㆻㆻㄞㄠㆰㄢㄤㆱㆲ˙˫˪ˋˊ| | BM53: {=INDEX($D$18:$BH$18, 1, $BO53)} -> ㆯ | BN53: {=INDIRECT(ADDRESS(17, COLUMN($D$18) + $BO53 - 1))} -> L | BO53: =ROW() - 4 -> 49 | BP53: ㆯ | BQ53: =_xlfn.XLOOKUP(BP53, 按鍵設計表[注音符號], 按鍵設計表[聲韻調], "") -> 韻 | BR53: L | BS53: LU | BT53: aunn | BU53: =LEN(BT53) -> 4 | BW53: =" """ & BR53 & """: { commit: """ & BP53 & """ }" & " # " & "/" & BT53 & "/ ==> " & BS53 -> "L": { commit: "ㆯ" } # /aunn/ ==> LU | BY53: =ROW() - 4 -> 49 | CG53: =IF( OR(CD53=0, CC53=CD53), "", " - xform/^" & CD53 & "/" & CC53 & "/ # " & BZ53 & " [ " & CD53 & "]") | CI53: =ROW() - 4 -> 49 | DA53: =IF(CX53=0, "", " - xform/" & CX53 & "/" & CT53 & "/ # 按鍵：" & CV53 & " [ 第 " & CX53 & " 調 ]")
BM54: {=INDEX($D$18:$BH$18, 1, $BO54)} -> ˙ | BN54: {=INDIRECT(ADDRESS(17, COLUMN($D$18) + $BO54 - 1))} -> 7 | BO54: =ROW() - 4 -> 50 | BP54: ˙ | BQ54: =_xlfn.XLOOKUP(BP54, 按鍵設計表[注音符號], 按鍵設計表[聲韻調], "") -> 調 | BR54: 7 | BS54: 0 | BT54: 0 | BU54: =LEN(BT54) -> 1 | BW54: =" """ & BR54 & """: { commit: """ & BP54 & """ }" & " # " & "/" & BT54 & "/ ==> " & BS54 -> "7": { commit: "˙" } # /0/ ==> 0 | BY54: =ROW() - 4 -> 50 | CG54: =IF( OR(CD54=0, CC54=CD54), "", " - xform/^" & CD54 & "/" & CC54 & "/ # " & BZ54 & " [ " & CD54 & "]") | CI54: =ROW() - 4 -> 50 | DA54: =IF(CX54=0, "", " - xform/" & CX54 & "/" & CT54 & "/ # 按鍵：" & CV54 & " [ 第 " & CX54 & " 調 ]")
B55: 1 | C55: 2 | D55: 3 | E55: 4 | F55: 5 | G55: 6 | H55: 7 | I55: 8 | J55: 9 | K55: 10 | L55: 11 | M55: 12 | N55: 13 | O55: 14 | P55: 15 | Q55: 16 | R55: 17 | S55: 18 | T55: 19 | U55: 20 | V55: 21 | W55: 22 | X55: 23 | Y55: 24 | Z55: 25 | AA55: 26 | AB55: 27 | AC55: 28 | AD55: 29 | AE55: 30 | AF55: 31 | AG55: 32 | AH55: 33 | AI55: 34 | AJ55: 35 | AK55: 36 | AL55: 37 | AM55: 38 | AN55: 39 | AO55: 40 | AP55: 41 | AQ55: 42 | AR55: 43 | AS55: 44 | AT55: 45 | AU55: 46 | AV55: 47 | AW55: 48 | AX55: 49 | AY55: 50 | AZ55: 51 | BA55: 52 | BB55: 53 | BC55: 54 | BD55: 55 | BE55: 56 | BF55: 57 | BM55: {=INDEX($D$18:$BH$18, 1, $BO55)} -> ˫ | BN55: {=INDIRECT(ADDRESS(17, COLUMN($D$18) + $BO55 - 1))} -> 5 | BO55: =ROW() - 4 -> 51 | BP55: ˫ | BQ55: =_xlfn.XLOOKUP(BP55, 按鍵設計表[注音符號], 按鍵設計表[聲韻調], "") -> 調 | BR55: 5 | BS55: 7 | BT55: 7 | BU55: =LEN(BT55) -> 1 | BW55: =" """ & BR55 & """: { commit: """ & BP55 & """ }" & " # " & "/" & BT55 & "/ ==> " & BS55 -> "5": { commit: "˫" } # /7/ ==> 7 | BY55: =ROW() - 4 -> 51 | CG55: =IF( OR(CD55=0, CC55=CD55), "", " - xform/^" & CD55 & "/" & CC55 & "/ # " & BZ55 & " [ " & CD55 & "]") | CI55: =ROW() - 4 -> 51 | DA55: =IF(CX55=0, "", " - xform/" & CX55 & "/" & CT55 & "/ # 按鍵：" & CV55 & " [ 第 " & CX55 & " 調 ]")
B56: =MID($E$51,B$55,1) -> b | C56: =MID($E$51,C$55,1) -> p | D56: =MID($E$51,D$55,1) -> P | E56: =MID($E$51,E$55,1) -> m | F56: =MID($E$51,F$55,1) -> n | G56: =MID($E$51,G$55,1) -> t | H56: =MID($E$51,H$55,1) -> T | I56: =MID($E$51,I$55,1) -> l | ... BB56: =MID($E$51,BB$55,1) | BC56: =MID($E$41,BC$45,1) | BD56: =MID($E$41,BD$45,1) | BE56: =MID($E$41,BE$45,1) | BF56: =MID($E$41,BF$45,1) | BM56: {=INDEX($D$18:$BH$18, 1, $BO56)} -> ˪ | BN56: {=INDIRECT(ADDRESS(17, COLUMN($D$18) + $BO56 - 1))} -> 3 | BO56: =ROW() - 4 -> 52 | BP56: ˪ | BQ56: =_xlfn.XLOOKUP(BP56, 按鍵設計表[注音符號], 按鍵設計表[聲韻調], "") -> 調 | BR56: 3 | BS56: 3 | BT56: 3 | BU56: =LEN(BT56) -> 1 | BW56: =" """ & BR56 & """: { commit: """ & BP56 & """ }" & " # " & "/" & BT56 & "/ ==> " & BS56 -> "3": { commit: "˪" } # /3/ ==> 3 | BY56: =ROW() - 4 -> 52 | CI56: =ROW() - 4 -> 52
B57: =MID($E$52,B$55,1) -> ㆠ | C57: =MID($E$52,C$55,1) -> ㄅ | D57: =MID($E$52,D$55,1) -> ㄆ | E57: =MID($E$52,E$55,1) -> ㄇ | F57: =MID($E$52,F$55,1) -> ㄋ | G57: =MID($E$52,G$55,1) -> ㄉ | H57: =MID($E$52,H$55,1) -> ㄊ | I57: =MID($E$52,I$55,1) -> ㄌ | ... BB57: =MID($E$52,BB$55,1) | BC57: =MID($E$42,BC$45,1) | BD57: =MID($E$42,BD$45,1) | BE57: =MID($E$42,BE$45,1) | BF57: =MID($E$42,BF$45,1) | BM57: {=INDEX($D$18:$BH$18, 1, $BO57)} -> ˋ | BN57: {=INDIRECT(ADDRESS(17, COLUMN($D$18) + $BO57 - 1))} -> 4 | BO57: =ROW() - 4 -> 53 | BP57: ˋ | BQ57: =_xlfn.XLOOKUP(BP57, 按鍵設計表[注音符號], 按鍵設計表[聲韻調], "") -> 調 | BR57: 4 | BS57: 2 | BT57: 2 | BU57: =LEN(BT57) -> 1 | BW57: =" """ & BR57 & """: { commit: """ & BP57 & """ }" & " # " & "/" & BT57 & "/ ==> " & BS57 -> "4": { commit: "ˋ" } # /2/ ==> 2 | BY57: =ROW() - 4 -> 53 | CI57: =ROW() - 4 -> 53
AZ58: =MID($E$52,AZ$55,1) | BM58: {=INDEX($D$18:$BH$18, 1, $BO58)} -> ˊ | BN58: {=INDIRECT(ADDRESS(17, COLUMN($D$18) + $BO58 - 1))} -> 6 | BO58: =ROW() - 4 -> 54 | BP58: ˊ | BQ58: =_xlfn.XLOOKUP(BP58, 按鍵設計表[注音符號], 按鍵設計表[聲韻調], "") -> 調 | BR58: 6 | BS58: 5 | BT58: 5 | BU58: =LEN(BT58) -> 1 | BW58: =" """ & BR58 & """: { commit: """ & BP58 & """ }" & " # " & "/" & BT58 & "/ ==> " & BS58 -> "6": { commit: "ˊ" } # /5/ ==> 5 | BY58: =ROW() - 4 -> 54 | CI58: =ROW() - 4 -> 54
BM59: {=INDEX($D$18:$BH$18, 1, $BO59)} -> ㄥ | BN59: {=INDIRECT(ADDRESS(17, COLUMN($D$18) + $BO59 - 1))} -> N | BO59: =ROW() - 4 -> 55 | BP59: ㄥ | BQ59: =_xlfn.XLOOKUP(BP59, 按鍵設計表[注音符號], 按鍵設計表[聲韻調], "") | BR59: N | BS59: * | BT59: 0 | BU59: =LEN(BT59) -> 1 | BW59: =" """ & BR59 & """: { commit: """ & BP59 & """ }" & " # " & "/" & BT59 & "/ ==> " & BS59 -> "N": { commit: "ㄥ" } # /0/ ==> * | BY59: =ROW() - 4 -> 55 | CI59: =ROW() - 4 -> 55
BM60: {=INDEX($D$18:$BH$18, 1, $BO60)} -> 入 | BN60: {=INDIRECT(ADDRESS(17, COLUMN($D$18) + $BO60 - 1))} -> . | BO60: =ROW() - 4 -> 56 | BP60: 入 | BQ60: =_xlfn.XLOOKUP(BP60, 按鍵設計表[注音符號], 按鍵設計表[聲韻調], "") | BR60: . | BS60: & | BT60: 0 | BU60: =LEN(BT60) -> 1 | BW60: =" """ & BR60 & """: { commit: """ & BP60 & """ }" & " # " & "/" & BT60 & "/ ==> " & BS60 -> ".": { commit: "入" } # /0/ ==> & | BY60: =ROW() - 4 -> 56 | CI60: =ROW() - 4 -> 56
BM61: {=INDEX($D$18:$BH$18, 1, $BO61)} -> ñ | BN61: {=INDIRECT(ADDRESS(17, COLUMN($D$18) + $BO61 - 1))} -> - | BO61: =ROW() - 4 -> 57 | BP61: ñ | BQ61: =_xlfn.XLOOKUP(BP61, 按鍵設計表[注音符號], 按鍵設計表[聲韻調], "") | BR61: - | BS61: 0 | BT61: 0 | BU61: =LEN(BT61) -> 1 | BW61: =" """ & BR61 & """: { commit: """ & BP61 & """ }" & " # " & "/" & BT61 & "/ ==> " & BS61 -> "-": { commit: "ñ" } # /0/ ==> 0 | BY61: =ROW() - 4 -> 57 | CI61: =ROW() - 4 -> 57

Sheet 按鍵設計 (2)
U1: 公式準則
U2: =LEN(#REF!)>0 -> #REF!
B4: 序號 | C4: 鍵盤按鍵 | D4: 注音符號 | E4: 台語音標 | F4: 字典編碼 | G4: 十五音 | H4: 漢字例 | I4: 附註 | J4: 注音二式 | K4: 台羅拼音 | L4: 白話字 | M4: 閩拼方案 | N4: 聲韻調 | O4: 極簡編碼 | T4: 序號 | U4: 鍵盤按鍵 | V4: 注音符號 | W4: 注音編碼 | X4: 注音二式 | Y4: 閩拼方案 | Z4: 台語拼音 | AA4: 聲韻調 | AB4: 附註 | AD4: 序號 | AE4: 按鍵字元 | AF4: 按鍵編碼 | AG4: 注音符號 | AH4: 音標字母 | AJ4: 按鍵編碼 | AK4: 鍵盤按鍵 | AL4: 國際音標 | AM4: 注音符號 | AN4: 注音二式 | AO4: 台語音標
B5: =ROW() - 4 -> 1 | C5: ! | D5: ㆠ | E5: b | F5: b | G5: 門 | H5: 眉 | J5: bb | K5: b | L5: b | M5: bb | N5: 聲 | O5: b | Q5: =LEN(按鍵設計表2[[#This Row],[注音符號]]) -> 1 | S5: =ROW() - 4 -> 1 | T5: =ROW() - 4 -> 1 | U5: 1 | V5: ㄅ | W5: p | X5: b | Y5: b | Z5: p | AA5: 聲 | AB5: p入聲韻尾編碼：【P】 | AD5: 1 | AE5: 1 | AF5: b | AG5: ㄅ | AH5: b | AJ5: 1 | AK5: =CHAR(32) | AM5: ˉ | AN5: 1 | AO5: 1
B6: =ROW() - 4 -> 2 | C6: 1 | D6: ㄅ | E6: p | F6: p | G6: 邊 | H6: 幫 | I6: p入聲韻尾編碼：【P】 | J6: b | K6: p | L6: p | M6: b | N6: 聲 | O6: p | P6: =ISBLANK(按鍵設計表2[[#This Row],[注音符號]]) -> FALSE | Q6: =LEN(按鍵設計表2[[#This Row],[注音符號]]) -> 1 | S6: =ROW() - 4 -> 2 | T6: =ROW() - 4 -> 2 | U6: ! | V6: ㆠ | W6: b | X6: bb | Y6: bb | Z6: b | AA6: 聲 | AD6: 2 | AE6: ! | AF6: B | AG6: ㆠ | AH6: bb | AJ6: 2 | AK6: 4 | AM6: ˋ | AN6: 2 | AO6: 2
B7: =ROW() - 4 -> 3 | C7: q | D7: ㄆ | E7: ph | F7: P | G7: 頗 | H7: 普 | J7: p | K7: ph | L7: ph | M7: p | N7: 聲 | O7: P | Q7: =LEN(按鍵設計表2[[#This Row],[注音符號]]) -> 1 | S7: =ROW() - 4 -> 3 | T7: =ROW() - 4 -> 3 | U7: q | V7: ㄆ | W7: P | X7: p | Y7: p | Z7: ph | AA7: 聲 | AD7: 3 | AE7: q | AF7: p | AG7: ㄆ | AH7: p | AJ7: 3 | AK7: 3 | AM7: ˪ | AN7: 3 | AO7: 3
B8: =ROW() - 4 -> 4 | C8: a | D8: ㄇ | E8: m | F8: m | G8: 門 | H8: 名 | I8: m鼻音韻尾編碼：【M】 | J8: m | K8: m | L8: m | M8: bbn | N8: 聲 | O8: b | Q8: =LEN(按鍵設計表2[[#This Row],[注音符號]]) -> 1 | S8: =ROW() - 4 -> 4 | T8: =ROW() - 4 -> 4 | U8: a | V8: ㄇ | W8: m | X8: m | Y8: bbn | Z8: m | AA8: 聲 | AB8: m鼻音韻尾編碼：【M】 | AD8: 4 | AE8: a | AF8: m | AG8: ㄇ | AH8: m | AJ8: 5 | AK8: 6 | AM8: ˊ | AN8: 5 | AO8: 5
B9: =ROW() - 4 -> 5 | C9: s | D9: ㄋ | E9: n | F9: n | G9: 柳 | H9: 泥 | I9: n鼻音韻尾編碼：【N】 | J9: n | K9: n | L9: n | M9: ln | N9: 聲 | O9: n | Q9: =LEN(按鍵設計表2[[#This Row],[注音符號]]) -> 1 | S9: =ROW() - 4 -> 5 | T9: =ROW() - 4 -> 5 | U9: z | V9: ㆷ | W9: v | X9: h | Y9: h | Z9: h | AA9: 韻尾 | AB9: h入聲韻尾 | AD9: 5 | AE9: 2 | AF9: d | AG9: ㄉ | AH9: d | AJ9: 7 | AK9: 5 | AM9: ˫ | AN9: 7 | AO9: 7
B10: =ROW() - 4 -> 6 | C10: 2 | D10: ㄉ | E10: t | F10: t | G10: 地 | H10: 端 | I10: t入聲韻尾編碼：【T】 | J10: d | K10: t | L10: t | M10: d | N10: 聲 | O10: t | Q10: =LEN(按鍵設計表2[[#This Row],[注音符號]]) -> 1 | S10: =ROW() - 4 -> 6 | T10: =ROW() - 4 -> 6 | U10: 2 | V10: ㄉ | W10: t | X10: d | Y10: d | Z10: t | AA10: 聲 | AB10: t入聲韻尾編碼：【T】 | AD10: 6 | AE10: w | AF10: t | AG10: ㄊ | AH10: t | AJ10: 0 | AK10: 7 | AM10: ˙ | AN10: 48 | AO10: [48]
B11: =ROW() - 4 -> 7 | C11: w | D11: ㄊ | E11: th | F11: T | G11: 他 | H11: 透 | J11: t | K11: th | L11: th | M11: t | N11: 聲 | O11: T | Q11: =LEN(按鍵設計表2[[#This Row],[注音符號]]) -> 1 | S11: =ROW() - 4 -> 7 | T11: =ROW() - 4 -> 7 | U11: w | V11: ㄊ | W11: T | X11: t | Y11: t | Z11: th | AA11: 聲 | AD11: 7 | AE11: s | AF11: n | AG11: ㄋ | AH11: n | AJ11: R | AK11: b | AL11: p̚ | AM11: ㆴ | AN11: b0 | AO11: -p0
B12: =ROW() - 4 -> 8 | C12: x | D12: ㄌ | E12: l | F12: l | G12: 柳 | H12: 來 | J12: l | K12: l | L12: l | M12: l | N12: 聲 | O12: n | Q12: =LEN(按鍵設計表2[[#This Row],[注音符號]]) -> 1 | S12: =ROW() - 4 -> 8 | T12: =ROW() - 4 -> 8 | U12: s | V12: ㄋ | W12: n | X12: n | Y12: ln | Z12: n | AA12: 聲 | AB12: n鼻音韻尾編碼：【N】 | AD12: 8 | AE12: x | AF12: l | AG12: ㄌ | AH12: l | AJ12: F | AK12: t | AL12: t̚ | AM12: ㆵ | AN12: d0 | AO12: -t0
B13: =ROW() - 4 -> 9 | C13: E | D13: ㆣ | E13: g | F13: q | G13: 語 | H13: 疑 | J13: gg | K13: g | L13: g | M13: gg | N13: 聲 | O13: g | Q13: =LEN(按鍵設計表2[[#This Row],[注音符號]]) -> 1 | S13: =ROW() - 4 -> 9 | T13: =ROW() - 4 -> 9 | U13: x | V13: ㄌ | W13: l | X13: l | Y13: l | Z13: l | AA13: 聲 | AD13: 9 | AE13: e | AF13: g | AG13: ㄍ | AH13: g | AJ13: V | AK13: g | AL13: k̚ | AM13: ㆻ | AN13: g0 | AO13: -k0
B14: =ROW() - 4 -> 10 | C14: e | D14: ㄍ | E14: k | F14: k | G14: 求 | H14: 見 | I14: k入聲編碼：【K】 | J14: g | K14: k | L14: k | M14: g | N14: 聲 | O14: k | Q14: =LEN(按鍵設計表2[[#This Row],[注音符號]]) -> 1 | S14: =ROW() - 4 -> 10 | T14: =ROW() - 4 -> 10 | U14: 3 | V14: ˪ | W14: 3 | X14: 3 | Y14: 5 | Z14: 3 | AA14: 調 | AD14: 10 | AE14: E | AF14: G | AG14: ㆣ | AH14: gg | AJ14: C | AK14: C | AL14: ʔ | AM14: ㆷ | AN14: h0 | AO14: -h0
B15: =ROW() - 4 -> 11 | C15: d | D15: ㄎ | E15: kh | F15: K | G15: 氣 | H15: 溪 | J15: k | K15: kh | L15: kh | M15: k | N15: 聲 | O15: K | Q15: =LEN(按鍵設計表2[[#This Row],[注音符號]]) -> 1 | S15: =ROW() - 4 -> 11 | T15: =ROW() - 4 -> 11 | U15: e | V15: ㄍ | W15: k | X15: g | Y15: g | Z15: k | AA15: 聲 | AB15: k入聲編碼：【K】 | AD15: 11 | AE15: d | AF15: k | AG15: ㄎ | AH15: k
B16: =ROW() - 4 -> 12 | C16: ? | D16: ㄫ | E16: ng | F16: g | G16: 語 | H16: 吳 | I16: ng鼻音韻尾編碼：【W】 | J16: ng | K16: ng | L16: ng | M16: ggn | N16: 聲 | O16: g | Q16: =LEN(按鍵設計表2[[#This Row],[注音符號]]) -> 1 | S16: =ROW() - 4 -> 12 | T16: =ROW() - 4 -> 12 | U16: E | V16: ㆣ | W16: g | X16: gg | Y16: gg | Z16: g | AA16: 聲 | AD16: 12 | AE16: z | AF16: w | AG16: ㄫ | AH16: ng-
B17: =ROW() - 4 -> 13 | C17: Y | D17: ㆡ | E17: j | F17: j | G17: 入 | H17: 熱 | J17: zz | K17: j | L17: j | M17: zz | N17: 聲 | O17: j | Q17: =LEN(按鍵設計表2[[#This Row],[注音符號]]) -> 1 | S17: =ROW() - 4 -> 13 | T17: =ROW() - 4 -> 13 | U17: d | V17: ㄎ | W17: K | X17: k | Y17: k | Z17: kh | AA17: 聲 | AD17: 13 | AE17: c | AF17: h | AG17: ㄏ | AH17: h
B18: =ROW() - 4 -> 14 | C18: y | D18: ㄗ | E18: z | F18: z | G18: 曾 | H18: 裝 | J18: z | K18: ts | L18: ch | M18: z | N18: 聲 | O18: z | Q18: =LEN(按鍵設計表2[[#This Row],[注音符號]]) -> 1 | S18: =ROW() - 4 -> 14 | T18: =ROW() - 4 -> 14 | U18: c | V18: ㄏ | W18: h | X18: h | Y18: h | Z18: h | AA18: 聲 | AB18: h入聲韻尾編碼：【H】 | AD18: 14 | AE18: r | AF18: zi | AG18: ㄐ | AH18: ji
B19: =ROW() - 4 -> 15 | C19: h | D19: ㄘ | E19: c | F19: c | G19: 出 | H19: 初 | J19: c | K19: tsh | L19: chh | M19: c | N19: 聲 | O19: c | Q19: =LEN(按鍵設計表2[[#This Row],[注音符號]]) -> 1 | S19: =ROW() - 4 -> 15 | T19: =ROW() - 4 -> 15 | U19: 4 | V19: ˋ | W19: 2 | X19: 2 | Y19: 3 | Z19: 2 | AA19: 調 | AD19: 15 | AE19: R | AF19: Zi | AG19: ㆢ | AH19: jji
B20: =ROW() - 4 -> 16 | C20: n | D20: ㄙ | E20: s | F20: s | G20: 時 | H20: 疏 | J20: s | K20: s | L20: s | M20: s | N20: 聲 | O20: s | Q20: =LEN(按鍵設計表2[[#This Row],[注音符號]]) -> 1 | S20: =ROW() - 4 -> 16 | T20: =ROW() - 4 -> 16 | U20: r | V20: ㄐ | W20: Z | X20: j | Z20: zi | AA20: 聲 | AD20: 16 | AE20: f | AF20: ci | AG20: ㄑ | AH20: chi
B21: =ROW() - 4 -> 17 | C21: c | D21: ㄏ | E21: h | F21: h | G21: 喜 | H21: 雨 | I21: h入聲韻尾編碼：【H】 | J21: h | K21: h | L21: h | M21: h | N21: 聲 | O21: h | Q21: =LEN(按鍵設計表2[[#This Row],[注音符號]]) -> 1 | S21: =ROW() - 4 -> 17 | T21: =ROW() - 4 -> 17 | U21: R | V21: ㆢ | W21: J | X21: jj | Z21: ji | AA21: 聲 | AD21: 17 | AE21: v | AF21: si | AG21: ㄒ | AH21: shi
B22: =ROW() - 4 -> 18 | C22: R | D22: ㆢ | E22: ji | F22: J | G22: 入 | H22: 日 | J22: jj | K22: ji | L22: ji | M22: 0 | N22: 聲 | O22: ji- | Q22: =LEN(按鍵設計表2[[#This Row],[注音符號]]) -> 1 | S22: =ROW() - 4 -> 18 | T22: =ROW() - 4 -> 18 | U22: f | V22: ㄑ | W22: C | X22: ch | Z22: ci | AA22: 聲 | AD22: 18 | AE22: y | AF22: z | AG22: ㄗ | AH22: z
B23: =ROW() - 4 -> 19 | C23: r | D23: ㄐ | E23: zi | F23: Z | G23: 曾 | H23: 精 | J23: j | K23: zi | L23: zi | M23: 0 | N23: 聲 | O23: zi- | Q23: =LEN(按鍵設計表2[[#This Row],[注音符號]]) -> 1 | S23: =ROW() - 4 -> 19 | T23: =ROW() - 4 -> 19 | U23: v | V23: ㄒ | W23: S | X23: sh | Z23: si | AA23: 聲 | AD23: 19 | AE23: Y | AF23: Z | AG23: ㆡ | AH23: zz
B24: =ROW() - 4 -> 20 | C24: f | D24: ㄑ | E24: ci | F24: C | G24: 出 | H24: 清 | J24: ch | K24: ci | L24: ci | M24: 0 | N24: 聲 | O24: ci- | Q24: =LEN(按鍵設計表2[[#This Row],[注音符號]]) -> 1 | S24: =ROW() - 4 -> 20 | T24: =ROW() - 4 -> 20 | U24: 5 | V24: ˫ | W24: 7 | X24: 7 | Y24: 6 | Z24: 7 | AA24: 調 | AD24: 20 | AE24: h | AF24: c | AG24: ㄘ | AH24: c
B25: =ROW() - 4 -> 21 | C25: v | D25: ㄒ | E25: si | F25: S | G25: 時 | H25: 心 | J25: sh | K25: si | L25: si | M25: 0 | N25: 聲 | O25: si- | Q25: =LEN(按鍵設計表2[[#This Row],[注音符號]]) -> 1 | S25: =ROW() - 4 -> 21 | T25: =ROW() - 4 -> 21 | U25: t | V25: ㆵ | W25: f | X25: t | Y25: t | Z25: t | AA25: 韻尾 | AB25: t入聲韻尾 | AD25: 21 | AE25: n | AF25: s | AG25: ㄙ | AH25: s
B26: =ROW() - 4 -> 22 | C26: 8 | D26: ㄚ | E26: a | F26: a | G26: 膠 | H26: 阿 | J26: a | K26: a | L26: a | M26: a | N26: 韻 | O26: a | Q26: =LEN(按鍵設計表2[[#This Row],[注音符號]]) -> 1 | S26: =ROW() - 4 -> 22 | T26: =ROW() - 4 -> 22 | U26: g | V26: ㆻ | W26: q | X26: k | Y26: k | Z26: k | AA26: 韻尾 | AB26: k入聲韻尾 | AD26: 22 | AE26: u | AF26: i | AG26: ㄧ | AH26: i
B27: =ROW() - 4 -> 23 | C27: u | D27: ㄧ | E27: i | F27: i | G27: 居 | H27: 伊 | J27: i | K27: i | L27: i | M27: i | N27: 韻 | O27: i | Q27: =LEN(按鍵設計表2[[#This Row],[注音符號]]) -> 1 | S27: =ROW() - 4 -> 23 | T27: =ROW() - 4 -> 23 | U27: b | V27: ㆴ | W27: r | X27: p | Y27: p | Z27: p | AA27: 韻尾 | AB27: p入聲韻尾 | AD27: 23 | AE27: U | AF27: I | AG27: ㆪ | AH27: inn
B28: =ROW() - 4 -> 24 | C28: K | D28: ㆨ | E28: ir | F28: w | G28: 0 | H28: 猪 | J28: ir | K28: ir | L28: ir | M28: eu | N28: 韻 | O28: w | Q28: =LEN(按鍵設計表2[[#This Row],[注音符號]]) -> 1 | S28: =ROW() - 4 -> 24 | T28: =ROW() - 4 -> 24 | U28: 6 | V28: ˊ | W28: 5 | X28: 5 | Y28: 2 | Z28: 5 | AA28: 調 | AD28: 24 | AE28: j | AF28: u | AG28: ㄨ | AH28: u
B29: =ROW() - 4 -> 25 | C29: j | D29: ㄨ | E29: u | F29: u | G29: 艍 | H29: 污 | J29: u | K29: u | L29: u | M29: u | N29: 韻 | O29: u | Q29: =LEN(按鍵設計表2[[#This Row],[注音符號]]) -> 1 | S29: =ROW() - 4 -> 25 | T29: =ROW() - 4 -> 25 | U29: y | V29: ㄗ | W29: z | X29: z | Y29: z | Z29: z | AA29: 聲 | AD29: 25 | AE29: J | AF29: U | AG29: ㆫ | AH29: unn
B30: =ROW() - 4 -> 26 | C30: , | D30: ㆤ | E30: e | F30: e | G30: 伽 | H30: 稽 | J30: e | K30: e | L30: e | M30: e | N30: 韻 | O30: e | Q30: =LEN(按鍵設計表2[[#This Row],[注音符號]]) -> 1 | S30: =ROW() - 4 -> 26 | T30: =ROW() - 4 -> 26 | U30: Y | V30: ㆡ | W30: j | X30: zz | Y30: zz | Z30: j | AA30: 聲 | AD30: 26 | AE30: 8 | AF30: a | AG30: ㄚ | AH30: a
B31: =ROW() - 4 -> 27 | C31: i | D31: ㆦ | E31: oo | F31: o | G31: 沽 | H31: 烏 | J31: oo | K31: oo | L31: oo | M31: oo | N31: 韻 | O31: o | Q31: =LEN(按鍵設計表2[[#This Row],[注音符號]]) -> 1 | S31: =ROW() - 4 -> 27 | T31: =ROW() - 4 -> 27 | U31: h | V31: ㄘ | W31: c | X31: c | Y31: c | Z31: c | AA31: 聲 | AD31: 27 | AE31: * | AF31: A | AG31: ㆩ | AH31: ann
B32: =ROW() - 4 -> 28 | C32: k | D32: ㄜ | E32: o | F32: ø | G32: 高 | H32: 蚵 | J32: or | K32: o | L32: o | M32: o | N32: 韻 | O32: ø | Q32: =LEN(按鍵設計表2[[#This Row],[注音符號]]) -> 1 | S32: =ROW() - 4 -> 28 | T32: =ROW() - 4 -> 28 | U32: n | V32: ㄙ | W32: s | X32: s | Y32: s | Z32: s | AA32: 聲 | AD32: 28 | AE32: i | AF32: O | AG32: ㆦ | AH32: oo
B33: =ROW() - 4 -> 29 | C33: m | D33: ㆬ | E33: -m | F33: M | G33: 姆 | H33: 姆 | J33: m | K33: m | L33: m | M33: m | N33: 韻 | O33: M | Q33: =LEN(按鍵設計表2[[#This Row],[注音符號]]) -> 1 | S33: =ROW() - 4 -> 29 | T33: =ROW() - 4 -> 29 | U33: N | V33: ㄫ | W33: w | X33: ng | Y33: ggn | Z33: ng | AA33: 聲 | AB33: ng鼻音韻尾編碼：【W】 | AD33: 29 | AE33: I | AF33: Q | AG33: ㆧ | AH33: oonn
B34: =ROW() - 4 -> 30 | C34: p | D34: ㄣ | E34: -n | F34: N | G34: 0 | H34: 恩 | I34: n鼻音韻尾編碼：【N】 | J34: n | K34: n | L34: n | M34: n | N34: 韻 | O34: N | Q34: =LEN(按鍵設計表2[[#This Row],[注音符號]]) -> 1 | S34: =ROW() - 4 -> 30 | T34: =ROW() - 4 -> 30 | U34: 7 | V34: ˙ | W34: 8 | X34: 8 | Y34: 8 | Z34: 8 | AA34: 調 | AB34: 入聲韻母輸入鍵 | AD34: 30 | AE34: k | AF34: o | AG34: ㄜ | AH34: or
B35: =ROW() - 4 -> 31 | C35: / | D35: ㆭ | E35: -ng | F35: G | G35: 鋼 | H35: 秧 | I35: ng鼻音韻尾編碼：【G】 | J35: ng | K35: ng | L35: ng | M35: ng | N35: 韻 | O35: G | Q35: =LEN(按鍵設計表2[[#This Row],[注音符號]]) -> 1 | S35: =ROW() - 4 -> 31 | T35: =ROW() - 4 -> 31 | U35: u | V35: ㄧ | W35: i | X35: i | Y35: i | Z35: i | AA35: 韻 | AD35: 31 | AE35: , | AF35: e | AG35: ㆤ | AH35: e
B36: =ROW() - 4 -> 32 | C36: b | D36: ㆴ | E36: -p | F36: R | G36: 0 | H36: 哈沓 | I36: p入聲韻尾 | J36: p | K36: p | L36: p | M36: p | N36: 韻尾 | O36: ph | P36: ㆴ | Q36: =LEN(按鍵設計表2[[#This Row],[注音符號]]) -> 1 | S36: =ROW() - 4 -> 32 | T36: =ROW() - 4 -> 32 | U36: U | V36: ㆪ | W36: I | X36: inn | Y36: ni | Z36: inn | AA36: 韻 | AD36: 32 | AE36: < | AF36: E | AG36: ㆥ | AH36: enn
B37: =ROW() - 4 -> 33 | C37: t | D37: ㆵ | E37: -t | F37: F | G37: 0 | H37: 叭別 | I37: t入聲韻尾 | J37: t | K37: t | L37: t | M37: t | N37: 韻尾 | O37: th | P37: ㆵ | Q37: =LEN(按鍵設計表2[[#This Row],[注音符號]]) -> 1 | S37: =ROW() - 4 -> 33 | T37: =ROW() - 4 -> 33 | U37: j | V37: ㄨ | W37: u | X37: u | Y37: u | Z37: u | AA37: 韻 | AD37: 33 | AE37: 9 | AF37: x | AG37: ㄞ | AH37: ai
B38: =ROW() - 4 -> 34 | C38: g | D38: ㆻ | E38: -k | F38: Q | G38: 0 | H38: 德俗 | I38: k入聲韻尾 | J38: k | K38: k | L38: k | M38: k | N38: 韻尾 | O38: kh | P38: ㆻ | Q38: =LEN(按鍵設計表2[[#This Row],[注音符號]]) -> 1 | S38: =ROW() - 4 -> 34 | T38: =ROW() - 4 -> 34 | U38: J | V38: ㆫ | W38: U | X38: unn | Y38: nu | Z38: unn | AA38: 韻 | AD38: 34 | AE38: ( | AF38: X | AG38: ㆮ | AH38: ainn
B39: =ROW() - 4 -> 35 | C39: z | D39: ㆻ | E39: -k | F39: V | G39: 0 | H39: 德俗 | I39: h入聲韻尾 | J39: k | K39: k | L39: k | M39: k | N39: 韻尾 | O39: h | P39: ㆷ | Q39: =LEN(按鍵設計表2[[#This Row],[注音符號]]) -> 1 | S39: =ROW() - 4 -> 35 | T39: =ROW() - 4 -> 35 | U39: m | V39: ㆬ | W39: M | X39: m | Y39: m | Z39: m | AA39: 韻 | AD39: 35 | AE39: l | AF39: y | AG39: ㄠ | AH39: au
B40: =ROW() - 4 -> 36 | C40: 9 | D40: ㄞ | E40: ai | F40: I | G40: 皆 | H40: 哀 | J40: ai | K40: ai | L40: ai | M40: ai | N40: 韻 | O40: I | P40: =_xlfn.UNICODE(P36) -> 12724 | Q40: =LEN(按鍵設計表2[[#This Row],[注音符號]]) -> 1 | S40: =ROW() - 4 -> 36 | T40: =ROW() - 4 -> 36 | U40: M | V40: ㆰ | W40: V | X40: am | Y40: am | Z40: am | AA40: 韻 | AB40: 【ㆱ】共用【m】按鍵；【編碼】=【v】 | AD40: 36 | AE40: L | AF40: Y | AG40: ㆯ | AH40: aunn
B41: =ROW() - 4 -> 37 | C41: l | D41: ㄠ | E41: au | F41: U | G41: 交 | H41: 甌 | J41: au | K41: au | L41: au | M41: ao | N41: 韻 | O41: U | P41: =_xlfn.UNICODE(D36) -> 12724 | Q41: =LEN(按鍵設計表2[[#This Row],[注音符號]]) -> 1 | S41: =ROW() - 4 -> 37 | T41: =ROW() - 4 -> 37 | U41: 8 | V41: ㄚ | W41: a | X41: a | Y41: a | Z41: a | AA41: 韻 | AD41: 37 | AE41: 0 | AF41: @ | AG41: ㄢ | AH41: an
B42: =ROW() - 4 -> 38 | C42: M | D42: ㆰ | E42: am | F42: Y | G42: 甘 | H42: 庵 | I42: 【ㆱ】共用【m】按鍵；【編碼】=【v】 | J42: am | K42: am | L42: am | M42: am | N42: 韻 | O42: aM | P42: =_xlfn.UNICODE(D6) -> 12549 | Q42: =LEN(按鍵設計表2[[#This Row],[注音符號]]) -> 1 | S42: =ROW() - 4 -> 38 | T42: =ROW() - 4 -> 38 | U42: * | V42: ㆩ | W42: A | X42: ann | Y42: na | Z42: ann | AA42: 韻 | AD42: 38 | AE42: p | AF42: N | AG42: ㄣ | AH42: en
B43: =ROW() - 4 -> 39 | C43: 0 | D43: ㄢ | E43: an | F43: @ | G43: 干 | H43: 安 | J43: an | K43: an | L43: an | M43: an | N43: 韻 | O43: aN | Q43: =LEN(按鍵設計表2[[#This Row],[注音符號]]) -> 1 | S43: =ROW() - 4 -> 39 | T43: =ROW() - 4 -> 39 | U43: i | V43: ㆦ | W43: O | X43: oo | Y43: oo | Z43: oo | AA43: 韻 | AD43: 39 | AE43: ; | AF43: G | AG43: ㄤ | AH43: ang
B44: =ROW() - 4 -> 40 | C44: ; | D44: ㄤ | E44: ang | F44: A | G44: 江 | H44: 尪 | J44: ang | K44: ang | L44: ang | M44: ang | N44: 韻 | O44: F | Q44: =LEN(按鍵設計表2[[#This Row],[注音符號]]) -> 1 | S44: =ROW() - 4 -> 40 | T44: =ROW() - 4 -> 40 | U44: I | V44: ㆧ | W44: Q | X44: oonn | Y44: noo | Z44: onn | AA44: 韻 | AD44: 40 | AE44: - | AF44: R | AG44: ㆨ | AH44: ir
B45: =ROW() - 4 -> 41 | C45: O | D45: ㆱ | E45: om | F45: W | G45: 箴 | H45: 丼 | I45: 【ㆱ】共用【m】按鍵；【編碼】=【v】 | J45: om | K45: om | L45: om | M45: - | N45: 韻 | O45: oM | Q45: =LEN(按鍵設計表2[[#This Row],[注音符號]]) -> 1 | S45: =ROW() - 4 -> 41 | T45: =ROW() - 4 -> 41 | U45: k | V45: ㄜ | W45: o | X45: or | Y45: o | Z45: o | AA45: 韻 | AD45: 41 | AE45: [ | AF45: [ | AG45: ㆰ | AH45: am
B46: =ROW() - 4 -> 42 | C46: o | D46: ㆲ | E46: ong | F46: H | G46: 公 | H46: 汪 | I46: 原用【H】；ang【f】；ong【F】 | J46: ong | K46: ong | L46: ong | M46: ong | N46: 韻 | O46: oG | Q46: =LEN(按鍵設計表2[[#This Row],[注音符號]]) -> 1 | S46: =ROW() - 4 -> 42 | T46: =ROW() - 4 -> 42 | U46: K | V46: ㆨ | W46: R | X46: ir | Y46: eu | Z46: ir | AA46: 韻尾 | AD46: 42 | AE46: ] | AF46: ] | AG46: ㆱ | AH46: om
B47: =ROW() - 4 -> 43 | C47: * | D47: ㆩ | E47: ann | F47: La | G47: 監 | H47: 餡 | J47: ann | K47: ann | L47: ann | M47: na | N47: 韻 | O47: La | Q47: =LEN(按鍵設計表2[[#This Row],[注音符號]]) -> 1 | S47: =ROW() - 4 -> 43 | T47: =ROW() - 4 -> 43 | U47: , | V47: ㆤ | W47: e | X47: e | Y47: e | Z47: e | AA47: 韻 | AD47: 43 | AE47: ' | AF47: H | AG47: ㆲ | AH47: ong
B48: =ROW() - 4 -> 44 | C48: U | D48: ㆪ | E48: inn | F48: Li | G48: 梔 | H48: 燕 | J48: inn | K48: inn | L48: inn | M48: ni | N48: 韻 | O48: Li | Q48: =LEN(按鍵設計表2[[#This Row],[注音符號]]) -> 1 | S48: =ROW() - 4 -> 44 | T48: =ROW() - 4 -> 44 | U48: < | V48: ㆥ | W48: E | X48: enn | Y48: ne | Z48: enn | AA48: 韻 | AD48: 44 | AE48: \ | AF48: W | AG48: ㆭ | AH48: -ng
B49: =ROW() - 4 -> 45 | C49: J | D49: ㆫ | E49: unn | F49: Lu | G49: 0 | H49: 楊 | J49: unn | K49: unn | L49: unn | M49: nu | N49: 韻 | O49: Lu | Q49: =LEN(按鍵設計表2[[#This Row],[注音符號]]) -> 1 | S49: =ROW() - 4 -> 45 | T49: =ROW() - 4 -> 45 | U49: 9 | V49: ㄞ | W49: x | X49: ai | Y49: ai | Z49: ai | AA49: 韻 | AD49: 45 | AE49: / | AF49: L | AG49: ㄥ | AH49: (i)ng
B50: =ROW() - 4 -> 46 | C50: < | D50: ㆥ | E50: enn | F50: Le | G50: 更 | H50: 嬰 | J50: enn | K50: enn | L50: enn | M50: ne | N50: 韻 | O50: Le | Q50: =LEN(按鍵設計表2[[#This Row],[注音符號]]) -> 1 | S50: =ROW() - 4 -> 46 | T50: =ROW() - 4 -> 46 | U50: ( | V50: ㆮ | W50: X | X50: ainn | Y50: nai | Z50: ainn | AA50: 韻 | AD50: 46 | AE50: m | AF50: M | AG50: ㆬ | AH50: m
B51: =ROW() - 4 -> 47 | C51: I | D51: ㆧ | E51: onn | F51: Lo | G51: 姑 | H51: 好 | J51: oonn | K51: onn | L51: onn | M51: noo | N51: 韻 | O51: Lo | Q51: =LEN(按鍵設計表2[[#This Row],[注音符號]]) -> 1 | S51: =ROW() - 4 -> 47 | T51: =ROW() - 4 -> 47 | U51: o | V51: ㆲ | W51: H | X51: ong | Y51: ong | Z51: ong | AA51: 韻 | AB51: 原用【H】；ang【f】；ong【F】 | AD51: 47 | AE51: b | AF51: R | AG51: ㆴ | AH51: b0
B52: =ROW() - 4 -> 48 | C52: ( | D52: ㆮ | E52: ainn | F52: LI | G52: 閒 | H52: 閂 | J52: ainn | K52: ainn | L52: ainn | M52: nai | N52: 韻 | O52: LI | Q52: =LEN(按鍵設計表2[[#This Row],[注音符號]]) -> 1 | S52: =ROW() - 4 -> 48 | T52: =ROW() - 4 -> 48 | U52: O | V52: ㆱ | W52: B | X52: om | Y52: - | Z52: om | AA52: 韻 | AB52: 【ㆱ】共用【m】按鍵；【編碼】=【v】 | AD52: 48 | AE52: t | AF52: F | AG52: ㆵ | AH52: d0
B53: =ROW() - 4 -> 49 | C53: L | D53: ㆯ | E53: aunn | F53: LU | G53: 爻 | H53: 爻 | J53: aunn | K53: aunn | L53: aunn | M53: nao | N53: 韻 | O53: LU | Q53: =LEN(按鍵設計表2[[#This Row],[注音符號]]) -> 1 | S53: =ROW() - 4 -> 49 | T53: =ROW() - 4 -> 49 | U53: l | V53: ㄠ | W53: y | X53: au | Y53: ao | Z53: au | AA53: 韻 | AD53: 49 | AE53: g | AF53: V | AG53: ㆻ | AH53: g0
B54: =ROW() - 4 -> 50 | C54: 7 | D54: ˙ | E54: 0 | F54: 0 | G54: 0 | I54: 國語注音符號輕聲按鍵 | J54: 0 | K54: 0 | L54: 0 | M54: 0 | N54: 調 | Q54: =LEN(按鍵設計表2[[#This Row],[注音符號]]) -> 1 | S54: =ROW() - 4 -> 50 | T54: =ROW() - 4 -> 50 | U54: L | V54: ㆯ | W54: Y | X54: aunn | Y54: nao | Z54: aunn | AA54: 韻 | AD54: 50 | AE54: C | AF54: C | AG54: ㆷ | AH54: h0
B55: =ROW() - 4 -> 51 | C55: 5 | D55: ˫ | E55: 7 | F55: 7 | G55: 0 | J55: 7 | K55: 7 | L55: 7 | M55: 6 | N55: 調 | Q55: =LEN(按鍵設計表2[[#This Row],[注音符號]]) -> 1 | S55: =ROW() - 4 -> 51 | T55: =ROW() - 4 -> 51 | U55: . | V55: 入 | W55: 0 | X55: 0 | Y55: 0 | Z55: 0 | AA55: 鍵 | AD55: 53 | AE55: =CHAR(32) | AF55: 1 | AG55: ˉ | AH55: 1
B56: =ROW() - 4 -> 52 | C56: 3 | D56: ˪ | E56: 3 | F56: 3 | G56: 0 | J56: 3 | K56: 3 | L56: 3 | M56: 5 | N56: 調 | Q56: =LEN(按鍵設計表2[[#This Row],[注音符號]]) -> 1 | S56: =ROW() - 4 -> 52 | T56: =ROW() - 4 -> 52 | U56: 0 | V56: ㄢ | W56: @ | X56: an | Y56: an | Z56: an | AA56: 韻 | AD56: 54 | AE56: 4 | AF56: 2 | AG56: ˋ | AH56: 2
B57: =ROW() - 4 -> 53 | C57: 4 | D57: ˋ | E57: 2 | F57: 2 | G57: 0 | J57: 2 | K57: 2 | L57: 2 | M57: 3 | N57: 調 | Q57: =LEN(按鍵設計表2[[#This Row],[注音符號]]) -> 1 | S57: =ROW() - 4 -> 53 | T57: =ROW() - 4 -> 53 | U57: p | V57: ㄣ | W57: N | X57: n | Y57: n | Z57: n | AA57: 韻 | AB57: n鼻音韻尾編碼：【N】 | AD57: 55 | AE57: 3 | AF57: 3 | AG57: ˪ | AH57: 3
B58: =ROW() - 4 -> 54 | C58: 6 | D58: ˊ | E58: 5 | F58: 5 | G58: 0 | J58: 5 | K58: 5 | L58: 5 | M58: 2 | N58: 調 | Q58: =LEN(按鍵設計表2[[#This Row],[注音符號]]) -> 1 | S58: =ROW() - 4 -> 54 | T58: =ROW() - 4 -> 54 | U58: ; | V58: ㄤ | W58: F | X58: ang | Y58: ang | Z58: ang | AA58: 韻 | AD58: 56 | AE58: 6 | AF58: 5 | AG58: ˊ | AH58: 5
B59: =ROW() - 4 -> 55 | C59: N | D59: ㄥ | F59: * | G59: -nn | I59: 【鼻化韻母】的【前綴識別符號】 | J59: -nn | K59: -nn | L59: -nn | M59: -n- | Q59: =LEN(按鍵設計表2[[#This Row],[注音符號]]) -> 1 | S59: =ROW() - 4 -> 55 | T59: =ROW() - 4 -> 55 | U59: / | V59: ㆭ | W59: W | X59: ng | Y59: ng | Z59: ng | AA59: 韻 | AB59: ng鼻音韻尾編碼：【G】 | AD59: 57 | AE59: 5 | AF59: 7 | AG59: ˫ | AH59: 7
B60: =ROW() - 4 -> 56 | C60: . | D60: 入 | F60: & | G60: 0 | I60: 顯示所有【入聲韻尾】 | J60: 0 | K60: 0 | L60: 0 | M60: 0 | Q60: =LEN(按鍵設計表2[[#This Row],[注音符號]]) -> 1 | S60: =ROW() - 4 -> 56 | T60: =ROW() - 4 -> 56 | U60: - | V60: ñ | W60: * | X60: *nn | Y60: *nn | Z60: *nn | AA60: 鍵 | AB60: Ƞ | AD60: 58 | AE60: 7 | AF60: 0 | AG60: ˙ | AH60: 48
B61: =ROW() - 4 -> 57 | C61: - | D61: ñ | G61: *nn | I61: 顯示所有【鼻音韻母】 | J61: *nn | K61: *nn | L61: *nn | M61: *nn | Q61: =LEN(按鍵設計表2[[#This Row],[注音符號]]) -> 1 | S61: =ROW() - 4 -> 57 | T61: =ROW() - 4 -> 57 | U61: = | V61: ㄥ | W61: L | X61: nn | Y61: nn | Z61: nn | AA61: 鍵 | AB61: 輸入【鼻化韻母】的【前綴符號】
B65: 55 | C65: . | D65: 4 | E65: &
B66: 56 | C66: . | D66: 8 | E66: & | O66: 入聲韻母輸入鍵（英文句點）
D69: 10進制Unicode | I69: 10進制Unicode
C70: ㄅ | D70: =_xlfn.UNICODE(C70) -> 12549 | E70: =_xlfn.UNICHAR(D70) -> ㄅ | H70: ㆴ | I70: =_xlfn.UNICODE(H70) -> 12724 | J70: =_xlfn.UNICHAR(I70) -> ㆴ
C71: ㄉ | D71: =_xlfn.UNICODE(C71) -> 12553 | E71: =_xlfn.UNICHAR(D71) -> ㄉ | H71: ㆵ | I71: =_xlfn.UNICODE(H71) -> 12725 | J71: =_xlfn.UNICHAR(I71) -> ㆵ
C72: ㄍ | D72: =_xlfn.UNICODE(C72) -> 12557 | E72: =_xlfn.UNICHAR(D72) -> ㄍ | H72: ㆻ | I72: =_xlfn.UNICODE(H72) -> 12731 | J72: =_xlfn.UNICHAR(I72) -> ㆻ
C73: ㄏ | D73: =_xlfn.UNICODE(C73) -> 12559 | E73: =_xlfn.UNICHAR(D73) -> ㄏ | H73: ㆷ | I73: =_xlfn.UNICODE(H73) -> 12727 | J73: =_xlfn.UNICHAR(I73) -> ㆷ

Sheet 輸入方案設計規格 (2)
BZ1: 聲韻調 | CJ1: 聲韻調 | CK1: 聲韻調 | CT1: 聲韻調
B2: 1 ! | E2: 2 @ | H2: 3 # | K2: 4 $ | N2: 0.05 | Q2: 6 ^ | T2: 7 & | W2: 8 * | Z2: 9 ( | AC2: 0 ) | AF2: - _ | AI2: = + | BZ2: 聲 | CJ2: 韻 | CK2: <>韻尾 | CT2: 調
B3: ㆠ | D3: b | W3: ㆩ | Y3: ann | Z3: ㆮ | AA3: 0 | AB3: ainn | BO3: 對映總表
B4: ㄅ | D4: p | E4: ㄉ | G4: t | H4: =_xlfn.UNICHAR(HEX2DEC(RIGHT("U+02EA",4))) -> ˪ | J4: 陰去 | K4: ˋ | M4: 上声 | N4: ˫ | P4: 陽去 | Q4: ˊ | S4: 陽平 | T4: · | V4: 入声 | W4: ㄚ | Y4: a | Z4: ㄞ | AB4: ai | AC4: ㄢ | AD4: 0 | AE4: an | AF4: ñ | AH4: *nn | AI4: ㄥㄚ | AK4: na | BP4: 注音符號 | BQ4: 聲韻調 | BR4: 鍵盤按鍵 | BS4: 字典編碼 | BT4: 台語音標 | BU4: 字母長度 | BZ4: 注音符號 | CA4: 聲韻調 | CB4: 鍵盤按鍵 | CC4: 注音編碼 | CD4: ='輸入方案設計規格 (2)'!$BT$4 -> 台語音標 | CE4: 字母長度 | CJ4: 注音符號 | CK4: 聲韻調 | CL4: 鍵盤按鍵 | CM4: 注音編碼 | CN4: ='輸入方案設計規格 (2)'!$BT$4 -> 台語音標 | CO4: 字母長度 | CT4: 注音符號 | CU4: 聲韻調 | CV4: 鍵盤按鍵 | CW4: 注音編碼 | CX4: ='輸入方案設計規格 (2)'!$BT$4 -> 台語音標 | CY4: 字母長度
C5: Q | F5: W | I5: E | L5: R | O5: T | R5: Y | U5: U | X5: I | AA5: O | AD5: P | AG5: [ { | AJ5: ] } | AM5: \ | | BM5: {=INDEX($D$18:$BH$18, 1, $BO5)} -> ㆠ | BN5: {=INDIRECT(ADDRESS(17, COLUMN($D$18) + $BO5 - 1))} -> ! | BO5: =ROW() - 4 -> 1 | BP5: {=TRANSPOSE($D$18:$BH$18)} -> ㆠ | BQ5: =_xlfn.XLOOKUP(BP5, 按鍵設計表[注音符號], 按鍵設計表[聲韻調], "") -> 聲 | BR5: {=TRANSPOSE($D$17:$BH$17)} -> ! | BS5: {=TRANSPOSE($D$19:$BH$19)} -> b | BT5: {=TRANSPOSE($D$20:$BH$20)} -> b | BU5: =LEN(BT5) -> 1 | BW5: =" """ & BR6 & """: { commit: """ & BP6 & """ }" & " # " & "/" & BT6 & "/ ==> " & BS6 -> "1": { commit: "ㄅ" } # /p/ ==> p | BY5: =ROW() - 4 -> 1 | BZ5: {=_xlfn._xlws.FILTER(BP5:BU61,(BQ5:BQ61=BZ2))} -> ㆠ | CA5: 聲 | CB5: ! | CC5: b | CD5: b | CE5: 1 | CG5: =IF( OR(CD5=0, CC5=CD5), "", " - xform/^" & CD5 & "/" & CC5 & "/ # " & BZ5 & " [ " & CD5 & "]") | CH5: {=_xlfn._xlws.FILTER(CG5:CG61, CG5:CG61<>"")} -> - xform/^ph/P/ # ㄆ [ ph] | CI5: =ROW() - 4 -> 1 | CJ5: {=_xlfn._xlws.FILTER(BP5:BU61,(BQ5:BQ61=CJ2)*(BQ5:BQ61<>CK2))} -> ㄚ | CK5: 韻 | CL5: 8 | CM5: a | CN5: a | CO5: 1 | CQ5: =IFERROR( IF(OR(CN5=0, CM5=CN5), "", IF(CL5=CM5, "", " - xform/" & CN5 & "/" & CM5 & "/ # " & CJ5 & " [" & CP5 & CN5 & "]")), "") | CR5: {=_xlfn._xlws.FILTER(CQ5:CQ61, CQ5:CQ61<>"")} -> - xform/ir/w/ # ㆨ [ir] | CT5: {=_xlfn._xlws.FILTER(BP5:BU61,(BQ5:BQ61=CT2))} -> ˙ | CU5: 調 | CV5: 7 | CW5: 0 | CX5: 0 | CY5: 1 | DA5: =IF(CX5=0, "", " - xform/" & CX5 & "/" & CT5 & "/ # 按鍵：" & CV5 & " [ 第 " & CX5 & " 調 ]")
I6: ㆣ | K6: g | L6: ㆢ | N6: J | R6: ㆡ | T6: j | U6: ㆪ | W6: inn | X6: ㆧ | Y6: oonn | AA6: ㆱ | AC6: om | BM6: {=INDEX($D$18:$BH$18, 1, $BO6)} -> ㄅ | BN6: {=INDIRECT(ADDRESS(17, COLUMN($D$18) + $BO6 - 1))} -> 1 | BO6: =ROW() - 4 -> 2 | BP6: ㄅ | BQ6: =_xlfn.XLOOKUP(BP6, 按鍵設計表[注音符號], 按鍵設計表[聲韻調], "") -> 聲 | BR6: 1 | BS6: p | BT6: p | BU6: =LEN(BT6) -> 1 | BW6: =" """ & BR5 & """: { commit: """ & BP5 & """ }" & " # " & "/" & BT5 & "/ ==> " & BS5 -> "!": { commit: "ㆠ" } # /b/ ==> b | BY6: =ROW() - 4 -> 2 | BZ6: ㄅ | CA6: 聲 | CB6: 1 | CC6: p | CD6: p | CE6: 1 | CG6: =IF( OR(CD6=0, CC6=CD6), "", " - xform/^" & CD6 & "/" & CC6 & "/ # " & BZ6 & " [ " & CD6 & "]") | CH6: - xform/^th/T/ # ㄊ [ th] | CI6: =ROW() - 4 -> 2 | CJ6: ㄧ | CK6: 韻 | CL6: u | CM6: i | CN6: i | CO6: 1 | CQ6: =IFERROR( IF(OR(CN6=0, CM6=CN6), "", IF(CL6=CM6, "", " - xform/" & CN6 & "/" & CM6 & "/ # " & CJ6 & " [" & CP6 & CN6 & "]")), "") | CR6: - xform/oo/o/ # ㆦ [oo] | CT6: ˫ | CU6: 調 | CV6: 5 | CW6: 7 | CX6: 7 | CY6: 1 | DA6: =IF(CX6=0, "", " - xform/" & CX6 & "/" & CT6 & "/ # 按鍵：" & CV6 & " [ 第 " & CX6 & " 調 ]") -> - xform/7/˫/ # 按鍵：5 [ 第 7 調 ]
C7: ㄆ | E7: ph | F7: ㄊ | H7: th | I7: ㄍ | J7: 0 | K7: k | L7: ㄐ | N7: Z | O7: ㆵ | Q7: t0 | R7: ㄗ | T7: z | U7: ㄧ | W7: i | X7: ㆦ | Z7: oo | AA7: ㆲ | AC7: ong | AD7: ㄣ | AF7: -n | AI7: 陰入 | AJ7: · | AL7: 陽入 | BM7: {=INDEX($D$18:$BH$18, 1, $BO7)} -> ㄆ | BN7: {=INDIRECT(ADDRESS(17, COLUMN($D$18) + $BO7 - 1))} -> q | BO7: =ROW() - 4 -> 3 | BP7: ㄆ | BQ7: =_xlfn.XLOOKUP(BP7, 按鍵設計表[注音符號], 按鍵設計表[聲韻調], "") -> 聲 | BR7: q | BS7: P | BT7: ph | BU7: =LEN(BT7) -> 2 | BW7: =" """ & BR7 & """: { commit: """ & BP7 & """ }" & " # " & "/" & BT7 & "/ ==> " & BS7 -> "q": { commit: "ㄆ" } # /ph/ ==> P | BY7: =ROW() - 4 -> 3 | BZ7: ㄆ | CA7: 聲 | CB7: q | CC7: P | CD7: ph | CE7: 2 | CG7: =IF( OR(CD7=0, CC7=CD7), "", " - xform/^" & CD7 & "/" & CC7 & "/ # " & BZ7 & " [ " & CD7 & "]") -> - xform/^ph/P/ # ㄆ [ ph] | CH7: - xform/^g/q/ # ㆣ [ g] | CI7: =ROW() - 4 -> 3 | CJ7: ㆨ | CK7: 韻 | CL7: K | CM7: w | CN7: ir | CO7: 2 | CQ7: =IFERROR( IF(OR(CN7=0, CM7=CN7), "", IF(CL7=CM7, "", " - xform/" & CN7 & "/" & CM7 & "/ # " & CJ7 & " [" & CP7 & CN7 & "]")), "") -> - xform/ir/w/ # ㆨ [ir] | CR7: - xform/o/ø/ # ㄜ [o] | CT7: ˪ | CU7: 調 | CV7: 3 | CW7: 3 | CX7: 3 | CY7: 1 | DA7: =IF(CX7=0, "", " - xform/" & CX7 & "/" & CT7 & "/ # 按鍵：" & CV7 & " [ 第 " & CX7 & " 調 ]") -> - xform/3/˪/ # 按鍵：3 [ 第 3 調 ]
D8: A | G8: S | J8: D | M8: F | P8: G | S8: H | V8: J | Y8: K | AB8: L | AE8: ; : | AH8: ' " | BM8: {=INDEX($D$18:$BH$18, 1, $BO8)} -> ㄇ | BN8: {=INDIRECT(ADDRESS(17, COLUMN($D$18) + $BO8 - 1))} -> a | BO8: =ROW() - 4 -> 4 | BP8: ㄇ | BQ8: =_xlfn.XLOOKUP(BP8, 按鍵設計表[注音符號], 按鍵設計表[聲韻調], "") -> 聲 | BR8: a | BS8: m | BT8: m | BU8: =LEN(BT8) -> 1 | BW8: =" """ & BR8 & """: { commit: """ & BP8 & """ }" & " # " & "/" & BT8 & "/ ==> " & BS8 -> "a": { commit: "ㄇ" } # /m/ ==> m | BY8: =ROW() - 4 -> 4 | BZ8: ㄇ | CA8: 聲 | CB8: a | CC8: m | CD8: m | CE8: 1 | CG8: =IF( OR(CD8=0, CC8=CD8), "", " - xform/^" & CD8 & "/" & CC8 & "/ # " & BZ8 & " [ " & CD8 & "]") | CH8: - xform/^kh/K/ # ㄎ [ kh] | CI8: =ROW() - 4 -> 4 | CJ8: ㄨ | CK8: 韻 | CL8: j | CM8: u | CN8: u | CO8: 1 | CQ8: =IFERROR( IF(OR(CN8=0, CM8=CN8), "", IF(CL8=CM8, "", " - xform/" & CN8 & "/" & CM8 & "/ # " & CJ8 & " [" & CP8 & CN8 & "]")), "") | CR8: - xform/-n/N/ # ㄣ [-n] | CT8: ˋ | CU8: 調 | CV8: 4 | CW8: 2 | CX8: 2 | CY8: 1 | DA8: =IF(CX8=0, "", " - xform/" & CX8 & "/" & CT8 & "/ # 按鍵：" & CV8 & " [ 第 " & CX8 & " 調 ]") -> - xform/2/ˋ/ # 按鍵：4 [ 第 2 調 ]
V9: ㆫ | W9: 0 | X9: unn | Y9: ㆨ | AA9: ir | AB9: ㆯ | AC9: aunn | BM9: {=INDEX($D$18:$BH$18, 1, $BO9)} -> ㄋ | BN9: {=INDIRECT(ADDRESS(17, COLUMN($D$18) + $BO9 - 1))} -> s | BO9: =ROW() - 4 -> 5 | BP9: ㄋ | BQ9: =_xlfn.XLOOKUP(BP9, 按鍵設計表[注音符號], 按鍵設計表[聲韻調], "") -> 聲 | BR9: s | BS9: n | BT9: n | BU9: =LEN(BT9) -> 1 | BW9: =" """ & BR9 & """: { commit: """ & BP9 & """ }" & " # " & "/" & BT9 & "/ ==> " & BS9 -> "s": { commit: "ㄋ" } # /n/ ==> n | BY9: =ROW() - 4 -> 5 | BZ9: ㄋ | CA9: 聲 | CB9: s | CC9: n | CD9: n | CE9: 1 | CG9: =IF( OR(CD9=0, CC9=CD9), "", " - xform/^" & CD9 & "/" & CC9 & "/ # " & BZ9 & " [ " & CD9 & "]") | CH9: - xform/^ng/g/ # ㄫ [ ng] | CI9: =ROW() - 4 -> 5 | CJ9: ㆤ | CK9: 韻 | CL9: , | CM9: e | CN9: e | CO9: 1 | CQ9: =IFERROR( IF(OR(CN9=0, CM9=CN9), "", IF(CL9=CM9, "", " - xform/" & CN9 & "/" & CM9 & "/ # " & CJ9 & " [" & CP9 & CN9 & "]")), "") | CR9: - xform/-ng/G/ # ㆭ [-ng] | CT9: ˊ | CU9: 調 | CV9: 6 | CW9: 5 | CX9: 5 | CY9: 1 | DA9: =IF(CX9=0, "", " - xform/" & CX9 & "/" & CT9 & "/ # 按鍵：" & CV9 & " [ 第 " & CX9 & " 調 ]") -> - xform/5/ˊ/ # 按鍵：6 [ 第 5 調 ]
D10: ㄇ | F10: m | G10: ㄋ | I10: n | J10: ㄎ | K10: 0 | L10: kh | M10: ㄑ | O10: C | P10: ㆻ | R10: k0 | S10: ㄘ | U10: c | V10: ㄨ | X10: u | Y10: ㄜ | AA10: or | AB10: ㄠ | AD10: au | AE10: ㄤ | AG10: ang | AH10: =_xlfn.UNICHAR(HEX2DEC(RIGHT("U+00AF",4))) -> ¯ | AJ10: 陰平 | AR10: ¯ | BM10: {=INDEX($D$18:$BH$18, 1, $BO10)} -> ㄉ | BN10: {=INDIRECT(ADDRESS(17, COLUMN($D$18) + $BO10 - 1))} -> 2 | BO10: =ROW() - 4 -> 6 | BP10: ㄉ | BQ10: =_xlfn.XLOOKUP(BP10, 按鍵設計表[注音符號], 按鍵設計表[聲韻調], "") -> 聲 | BR10: 2 | BS10: t | BT10: t | BU10: =LEN(BT10) -> 1 | BW10: =" """ & BR10 & """: { commit: """ & BP10 & """ }" & " # " & "/" & BT10 & "/ ==> " & BS10 -> "2": { commit: "ㄉ" } # /t/ ==> t | BY10: =ROW() - 4 -> 6 | BZ10: ㄉ | CA10: 聲 | CB10: 2 | CC10: t | CD10: t | CE10: 1 | CG10: =IF( OR(CD10=0, CC10=CD10), "", " - xform/^" & CD10 & "/" & CC10 & "/ # " & BZ10 & " [ " & CD10 & "]") | CH10: - xform/^ji/J/ # ㆢ [ ji] | CI10: =ROW() - 4 -> 6 | CJ10: ㆦ | CK10: 韻 | CL10: i | CM10: o | CN10: oo | CO10: 2 | CQ10: =IFERROR( IF(OR(CN10=0, CM10=CN10), "", IF(CL10=CM10, "", " - xform/" & CN10 & "/" & CM10 & "/ # " & CJ10 & " [" & CP10 & CN10 & "]")), "") -> - xform/oo/o/ # ㆦ [oo] | CR10: - xform/ai/I/ # ㄞ [ai] | DA10: =IF(CX10=0, "", " - xform/" & CX10 & "/" & CT10 & "/ # 按鍵：" & CV10 & " [ 第 " & CX10 & " 調 ]")
E11: Z | H11: X | K11: C | N11: V | Q11: B | T11: N | W11: M | Z11: , < | AC11: . > | AF11: / ? | BM11: {=INDEX($D$18:$BH$18, 1, $BO11)} -> ㄊ | BN11: {=INDIRECT(ADDRESS(17, COLUMN($D$18) + $BO11 - 1))} -> w | BO11: =ROW() - 4 -> 7 | BP11: ㄊ | BQ11: =_xlfn.XLOOKUP(BP11, 按鍵設計表[注音符號], 按鍵設計表[聲韻調], "") -> 聲 | BR11: w | BS11: T | BT11: th | BU11: =LEN(BT11) -> 2 | BW11: =" """ & BR11 & """: { commit: """ & BP11 & """ }" & " # " & "/" & BT11 & "/ ==> " & BS11 -> "w": { commit: "ㄊ" } # /th/ ==> T | BY11: =ROW() - 4 -> 7 | BZ11: ㄊ | CA11: 聲 | CB11: w | CC11: T | CD11: th | CE11: 2 | CG11: =IF( OR(CD11=0, CC11=CD11), "", " - xform/^" & CD11 & "/" & CC11 & "/ # " & BZ11 & " [ " & CD11 & "]") -> - xform/^th/T/ # ㄊ [ th] | CH11: - xform/^zi/Z/ # ㄐ [ zi] | CI11: =ROW() - 4 -> 7 | CJ11: ㄜ | CK11: 韻 | CL11: k | CM11: ø | CN11: o | CO11: 1 | CQ11: =IFERROR( IF(OR(CN11=0, CM11=CN11), "", IF(CL11=CM11, "", " - xform/" & CN11 & "/" & CM11 & "/ # " & CJ11 & " [" & CP11 & CN11 & "]")), "") -> - xform/o/ø/ # ㄜ [o] | CR11: - xform/au/U/ # ㄠ [au] | DA11: =IF(CX11=0, "", " - xform/" & CX11 & "/" & CT11 & "/ # 按鍵：" & CV11 & " [ 第 " & CX11 & " 調 ]")
T12: ㄫ | V12: ng | W12: ㆰ | Y12: am | Z12: ㆥ | AA12: 0 | AB12: enn | BM12: {=INDEX($D$18:$BH$18, 1, $BO12)} -> ㄌ | BN12: {=INDIRECT(ADDRESS(17, COLUMN($D$18) + $BO12 - 1))} -> x | BO12: =ROW() - 4 -> 8 | BP12: ㄌ | BQ12: =_xlfn.XLOOKUP(BP12, 按鍵設計表[注音符號], 按鍵設計表[聲韻調], "") -> 聲 | BR12: x | BS12: l | BT12: l | BU12: =LEN(BT12) -> 1 | BW12: =" """ & BR12 & """: { commit: """ & BP12 & """ }" & " # " & "/" & BT12 & "/ ==> " & BS12 -> "x": { commit: "ㄌ" } # /l/ ==> l | BY12: =ROW() - 4 -> 8 | BZ12: ㄌ | CA12: 聲 | CB12: x | CC12: l | CD12: l | CE12: 1 | CG12: =IF( OR(CD12=0, CC12=CD12), "", " - xform/^" & CD12 & "/" & CC12 & "/ # " & BZ12 & " [ " & CD12 & "]") | CH12: - xform/^ci/C/ # ㄑ [ ci] | CI12: =ROW() - 4 -> 8 | CJ12: ㆬ | CK12: 韻 | CL12: m | CM12: M | CN12: -m | CO12: 2 | CQ12: =IFERROR( IF(OR(CN12=0, CM12=CN12), "", IF(CL12=CM12, "", " - xform/" & CN12 & "/" & CM12 & "/ # " & CJ12 & " [" & CP12 & CN12 & "]")), "") | CR12: - xform/am/Y/ # ㆰ [am] | DA12: =IF(CX12=0, "", " - xform/" & CX12 & "/" & CT12 & "/ # 按鍵：" & CV12 & " [ 第 " & CX12 & " 調 ]")
E13: ㆷ | G13: h0 | H13: ㄌ | J13: l | K13: ㄏ | M13: h | N13: ㄒ | P13: S | Q13: ㆴ | S13: p0 | T13: ㄙ | V13: s | W13: ㆬ | Y13: -m | Z13: ㆤ | AA13: 0 | AB13: e | AC13: 入 | AE13: ptkh | AF13: ㆭ | AH13: -ng | BM13: {=INDEX($D$18:$BH$18, 1, $BO13)} -> ㆣ | BN13: {=INDIRECT(ADDRESS(17, COLUMN($D$18) + $BO13 - 1))} -> E | BO13: =ROW() - 4 -> 9 | BP13: ㆣ | BQ13: =_xlfn.XLOOKUP(BP13, 按鍵設計表[注音符號], 按鍵設計表[聲韻調], "") -> 聲 | BR13: E | BS13: q | BT13: g | BU13: =LEN(BT13) -> 1 | BW13: =" """ & BR14 & """: { commit: """ & BP14 & """ }" & " # " & "/" & BT14 & "/ ==> " & BS14 -> "e": { commit: "ㄍ" } # /k/ ==> k | BY13: =ROW() - 4 -> 9 | BZ13: ㆣ | CA13: 聲 | CB13: E | CC13: q | CD13: g | CE13: 1 | CG13: =IF( OR(CD13=0, CC13=CD13), "", " - xform/^" & CD13 & "/" & CC13 & "/ # " & BZ13 & " [ " & CD13 & "]") -> - xform/^g/q/ # ㆣ [ g] | CH13: - xform/^si/S/ # ㄒ [ si] | CI13: =ROW() - 4 -> 9 | CJ13: ㄣ | CK13: 韻 | CL13: p | CM13: N | CN13: -n | CO13: 2 | CQ13: =IFERROR( IF(OR(CN13=0, CM13=CN13), "", IF(CL13=CM13, "", " - xform/" & CN13 & "/" & CM13 & "/ # " & CJ13 & " [" & CP13 & CN13 & "]")), "") -> - xform/-n/N/ # ㄣ [-n] | CR13: - xform/an/@/ # ㄢ [an] | DA13: =IF(CX13=0, "", " - xform/" & CX13 & "/" & CT13 & "/ # 按鍵：" & CV13 & " [ 第 " & CX13 & " 調 ]")
BM14: {=INDEX($D$18:$BH$18, 1, $BO14)} -> ㄍ | BN14: {=INDIRECT(ADDRESS(17, COLUMN($D$18) + $BO14 - 1))} -> e | BO14: =ROW() - 4 -> 10 | BP14: ㄍ | BQ14: =_xlfn.XLOOKUP(BP14, 按鍵設計表[注音符號], 按鍵設計表[聲韻調], "") -> 聲 | BR14: e | BS14: k | BT14: k | BU14: =LEN(BT14) -> 1 | BW14: =" """ & BR13 & """: { commit: """ & BP13 & """ }" & " # " & "/" & BT13 & "/ ==> " & BS13 -> "E": { commit: "ㆣ" } # /g/ ==> q | BY14: =ROW() - 4 -> 10 | BZ14: ㄍ | CA14: 聲 | CB14: e | CC14: k | CD14: k | CE14: 1 | CG14: =IF( OR(CD14=0, CC14=CD14), "", " - xform/^" & CD14 & "/" & CC14 & "/ # " & BZ14 & " [ " & CD14 & "]") | CI14: =ROW() - 4 -> 10 | CJ14: ㆭ | CK14: 韻 | CL14: / | CM14: G | CN14: -ng | CO14: 3 | CQ14: =IFERROR( IF(OR(CN14=0, CM14=CN14), "", IF(CL14=CM14, "", " - xform/" & CN14 & "/" & CM14 & "/ # " & CJ14 & " [" & CP14 & CN14 & "]")), "") -> - xform/-ng/G/ # ㆭ [-ng] | CR14: - xform/ang/A/ # ㄤ [ang] | DA14: =IF(CX14=0, "", " - xform/" & CX14 & "/" & CT14 & "/ # 按鍵：" & CV14 & " [ 第 " & CX14 & " 調 ]")
BM15: {=INDEX($D$18:$BH$18, 1, $BO15)} -> ㄎ | BN15: {=INDIRECT(ADDRESS(17, COLUMN($D$18) + $BO15 - 1))} -> d | BO15: =ROW() - 4 -> 11 | BP15: ㄎ | BQ15: =_xlfn.XLOOKUP(BP15, 按鍵設計表[注音符號], 按鍵設計表[聲韻調], "") -> 聲 | BR15: d | BS15: K | BT15: kh | BU15: =LEN(BT15) -> 2 | BW15: =" """ & BR15 & """: { commit: """ & BP15 & """ }" & " # " & "/" & BT15 & "/ ==> " & BS15 -> "d": { commit: "ㄎ" } # /kh/ ==> K | BY15: =ROW() - 4 -> 11 | BZ15: ㄎ | CA15: 聲 | CB15: d | CC15: K | CD15: kh | CE15: 2 | CG15: =IF( OR(CD15=0, CC15=CD15), "", " - xform/^" & CD15 & "/" & CC15 & "/ # " & BZ15 & " [ " & CD15 & "]") -> - xform/^kh/K/ # ㄎ [ kh] | CI15: =ROW() - 4 -> 11 | CJ15: ㄞ | CK15: 韻 | CL15: 9 | CM15: I | CN15: ai | CO15: 2 | CQ15: =IFERROR( IF(OR(CN15=0, CM15=CN15), "", IF(CL15=CM15, "", " - xform/" & CN15 & "/" & CM15 & "/ # " & CJ15 & " [" & CP15 & CN15 & "]")), "") -> - xform/ai/I/ # ㄞ [ai] | CR15: - xform/om/W/ # ㆱ [om] | DA15: =IF(CX15=0, "", " - xform/" & CX15 & "/" & CT15 & "/ # 按鍵：" & CV15 & " [ 第 " & CX15 & " 調 ]")
B16: 序號 | D16: {=COLUMN() - COLUMN($C:$C)} -> 1 | E16: {=COLUMN() - COLUMN($C:$C)} -> 2 | F16: {=COLUMN() - COLUMN($C:$C)} -> 3 | G16: {=COLUMN() - COLUMN($C:$C)} -> 4 | H16: {=COLUMN() - COLUMN($C:$C)} -> 5 | I16: {=COLUMN() - COLUMN($C:$C)} -> 6 | J16: {=COLUMN() - COLUMN($C:$C)} -> 7 | K16: {=COLUMN() - COLUMN($C:$C)} -> 8 | ... BJ16: {=COLUMN() - COLUMN($C:$C)} -> 59 | BM16: {=INDEX($D$18:$BH$18, 1, $BO16)} -> ㄫ | BN16: {=INDIRECT(ADDRESS(17, COLUMN($D$18) + $BO16 - 1))} -> ? | BO16: =ROW() - 4 -> 12 | BP16: ㄫ | BQ16: =_xlfn.XLOOKUP(BP16, 按鍵設計表[注音符號], 按鍵設計表[聲韻調], "") -> 聲 | BR16: ? | BS16: g | BT16: ng | BU16: =LEN(BT16) -> 2 | BW16: =" """ & BR16 & """: { commit: """ & BP16 & """ }" & " # " & "/" & BT16 & "/ ==> " & BS16 -> "?": { commit: "ㄫ" } # /ng/ ==> g | BY16: =ROW() - 4 -> 12 | BZ16: ㄫ | CA16: 聲 | CB16: ? | CC16: g | CD16: ng | CE16: 2 | CG16: =IF( OR(CD16=0, CC16=CD16), "", " - xform/^" & CD16 & "/" & CC16 & "/ # " & BZ16 & " [ " & CD16 & "]") -> - xform/^ng/g/ # ㄫ [ ng] | CI16: =ROW() - 4 -> 12 | CJ16: ㄠ | CK16: 韻 | CL16: l | CM16: U | CN16: au | CO16: 2 | CQ16: =IFERROR( IF(OR(CN16=0, CM16=CN16), "", IF(CL16=CM16, "", " - xform/" & CN16 & "/" & CM16 & "/ # " & CJ16 & " [" & CP16 & CN16 & "]")), "") -> - xform/au/U/ # ㄠ [au] | CR16: - xform/ong/H/ # ㆲ [ong] | DA16: =IF(CX16=0, "", " - xform/" & CX16 & "/" & CT16 & "/ # 按鍵：" & CV16 & " [ 第 " & CX16 & " 調 ]")
B17: 鍵盤按鍵 | D17: {=TRANSPOSE(按鍵設計表[鍵盤按鍵])} -> ! | E17: 1 | F17: q | G17: a | H17: s | I17: 2 | J17: w | K17: x | L17: E | M17: e | N17: d | O17: ? | P17: Y | Q17: y | R17: h | S17: n | T17: c | U17: R | V17: r | W17: f | X17: v | Y17: 8 | Z17: u | AA17: K | AB17: j | AC17: , | AD17: i | AE17: k | AF17: m | AG17: p | AH17: / | AI17: b | AJ17: t | AK17: g | AL17: z | AM17: 9 | AN17: l | AO17: M | AP17: 0 | AQ17: ; | AR17: O | AS17: o | AT17: * | AU17: U | AV17: J | AW17: < | AX17: I | AY17: ( | AZ17: L | BA17: 7 | BB17: 5 | BC17: 3 | BD17: 4 | BE17: 6 | BF17: N | BG17: . | BH17: - | BM17: {=INDEX($D$18:$BH$18, 1, $BO17)} -> ㆡ | BN17: {=INDIRECT(ADDRESS(17, COLUMN($D$18) + $BO17 - 1))} -> Y | BO17: =ROW() - 4 -> 13 | BP17: ㆡ | BQ17: =_xlfn.XLOOKUP(BP17, 按鍵設計表[注音符號], 按鍵設計表[聲韻調], "") -> 聲 | BR17: Y | BS17: j | BT17: j | BU17: =LEN(BT17) -> 1 | BW17: =" """ & BR17 & """: { commit: """ & BP17 & """ }" & " # " & "/" & BT17 & "/ ==> " & BS17 -> "Y": { commit: "ㆡ" } # /j/ ==> j | BY17: =ROW() - 4 -> 13 | BZ17: ㆡ | CA17: 聲 | CB17: Y | CC17: j | CD17: j | CE17: 1 | CG17: =IF( OR(CD17=0, CC17=CD17), "", " - xform/^" & CD17 & "/" & CC17 & "/ # " & BZ17 & " [ " & CD17 & "]") | CI17: =ROW() - 4 -> 13 | CJ17: ㆰ | CK17: 韻 | CL17: M | CM17: Y | CN17: am | CO17: 2 | CQ17: =IFERROR( IF(OR(CN17=0, CM17=CN17), "", IF(CL17=CM17, "", " - xform/" & CN17 & "/" & CM17 & "/ # " & CJ17 & " [" & CP17 & CN17 & "]")), "") -> - xform/am/Y/ # ㆰ [am] | CR17: - xform/ann/La/ # ㆩ [ann] | DA17: =IF(CX17=0, "", " - xform/" & CX17 & "/" & CT17 & "/ # 按鍵：" & CV17 & " [ 第 " & CX17 & " 調 ]")
B18: 注音符號 | D18: {=TRANSPOSE(按鍵設計表[注音符號])} -> ㆠ | E18: ㄅ | F18: ㄆ | G18: ㄇ | H18: ㄋ | I18: ㄉ | J18: ㄊ | K18: ㄌ | L18: ㆣ | M18: ㄍ | N18: ㄎ | O18: ㄫ | P18: ㆡ | Q18: ㄗ | R18: ㄘ | S18: ㄙ | T18: ㄏ | U18: ㆢ | V18: ㄐ | W18: ㄑ | X18: ㄒ | Y18: ㄚ | Z18: ㄧ | AA18: ㆨ | AB18: ㄨ | AC18: ㆤ | AD18: ㆦ | AE18: ㄜ | AF18: ㆬ | AG18: ㄣ | AH18: ㆭ | AI18: ㆴ | AJ18: ㆵ | AK18: ㆻ | AL18: ㆻ | AM18: ㄞ | AN18: ㄠ | AO18: ㆰ | AP18: ㄢ | AQ18: ㄤ | AR18: ㆱ | AS18: ㆲ | AT18: ㆩ | AU18: ㆪ | AV18: ㆫ | AW18: ㆥ | AX18: ㆧ | AY18: ㆮ | AZ18: ㆯ | BA18: ˙ | BB18: ˫ | BC18: ˪ | BD18: ˋ | BE18: ˊ | BF18: ㄥ | BG18: 入 | BH18: ñ | BI18: =_xlfn.XLOOKUP(BI$17, 按鍵設計表[鍵盤按鍵], 按鍵設計表[注音符號], "", 0, 1) | BJ18: =_xlfn.XLOOKUP(BJ$17, 按鍵設計表[鍵盤按鍵], 按鍵設計表[注音符號], "", 0, 1) | BM18: {=INDEX($D$18:$BH$18, 1, $BO18)} -> ㄗ | BN18: {=INDIRECT(ADDRESS(17, COLUMN($D$18) + $BO18 - 1))} -> y | BO18: =ROW() - 4 -> 14 | BP18: ㄗ | BQ18: =_xlfn.XLOOKUP(BP18, 按鍵設計表[注音符號], 按鍵設計表[聲韻調], "") -> 聲 | BR18: y | BS18: z | BT18: z | BU18: =LEN(BT18) -> 1 | BW18: =" """ & BR19 & """: { commit: """ & BP19 & """ }" & " # " & "/" & BT19 & "/ ==> " & BS19 -> "h": { commit: "ㄘ" } # /c/ ==> c | BY18: =ROW() - 4 -> 14 | BZ18: ㄗ | CA18: 聲 | CB18: y | CC18: z | CD18: z | CE18: 1 | CG18: =IF( OR(CD18=0, CC18=CD18), "", " - xform/^" & CD18 & "/" & CC18 & "/ # " & BZ18 & " [ " & CD18 & "]") | CI18: =ROW() - 4 -> 14 | CJ18: ㄢ | CK18: 韻 | CL18: 0 | CM18: @ | CN18: an | CO18: 2 | CQ18: =IFERROR( IF(OR(CN18=0, CM18=CN18), "", IF(CL18=CM18, "", " - xform/" & CN18 & "/" & CM18 & "/ # " & CJ18 & " [" & CP18 & CN18 & "]")), "") -> - xform/an/@/ # ㄢ [an] | CR18: - xform/inn/Li/ # ㆪ [inn] | DA18: =IF(CX18=0, "", " - xform/" & CX18 & "/" & CT18 & "/ # 按鍵：" & CV18 & " [ 第 " & CX18 & " 調 ]")
B19: 字典編碼 | D19: {=TRANSPOSE(按鍵設計表[字典編碼])} -> b | E19: p | F19: P | G19: m | H19: n | I19: t | J19: T | K19: l | L19: q | M19: k | N19: K | O19: g | P19: j | Q19: z | R19: c | S19: s | T19: h | U19: J | V19: Z | W19: C | X19: S | Y19: a | Z19: i | AA19: w | AB19: u | AC19: e | AD19: o | AE19: ø | AF19: M | AG19: N | AH19: G | AI19: R | AJ19: F | AK19: Q | AL19: V | AM19: I | AN19: U | AO19: Y | AP19: @ | AQ19: A | AR19: W | AS19: H | AT19: La | AU19: Li | AV19: Lu | AW19: Le | AX19: Lo | AY19: LI | AZ19: LU | BA19: 0 | BB19: 7 | BC19: 3 | BD19: 2 | BE19: 5 | BF19: * | BG19: & | BH19: 0 | BM19: {=INDEX($D$18:$BH$18, 1, $BO19)} -> ㄘ | BN19: {=INDIRECT(ADDRESS(17, COLUMN($D$18) + $BO19 - 1))} -> h | BO19: =ROW() - 4 -> 15 | BP19: ㄘ | BQ19: =_xlfn.XLOOKUP(BP19, 按鍵設計表[注音符號], 按鍵設計表[聲韻調], "") -> 聲 | BR19: h | BS19: c | BT19: c | BU19: =LEN(BT19) -> 1 | BW19: =" """ & BR18 & """: { commit: """ & BP18 & """ }" & " # " & "/" & BT18 & "/ ==> " & BS18 -> "y": { commit: "ㄗ" } # /z/ ==> z | BY19: =ROW() - 4 -> 15 | BZ19: ㄘ | CA19: 聲 | CB19: h | CC19: c | CD19: c | CE19: 1 | CG19: =IF( OR(CD19=0, CC19=CD19), "", " - xform/^" & CD19 & "/" & CC19 & "/ # " & BZ19 & " [ " & CD19 & "]") | CI19: =ROW() - 4 -> 15 | CJ19: ㄤ | CK19: 韻 | CL19: ; | CM19: A | CN19: ang | CO19: 3 | CQ19: =IFERROR( IF(OR(CN19=0, CM19=CN19), "", IF(CL19=CM19, "", " - xform/" & CN19 & "/" & CM19 & "/ # " & CJ19 & " [" & CP19 & CN19 & "]")), "") -> - xform/ang/A/ # ㄤ [ang] | CR19: - xform/unn/Lu/ # ㆫ [unn] | DA19: =IF(CX19=0, "", " - xform/" & CX19 & "/" & CT19 & "/ # 按鍵：" & CV19 & " [ 第 " & CX19 & " 調 ]")
B20: 台語音標 | D20: {=TRANSPOSE(按鍵設計表[台語音標])} -> b | E20: p | F20: ph | G20: m | H20: n | I20: t | J20: th | K20: l | L20: g | M20: k | N20: kh | O20: ng | P20: j | Q20: z | R20: c | S20: s | T20: h | U20: ji | V20: zi | W20: ci | X20: si | Y20: a | Z20: i | AA20: ir | AB20: u | AC20: e | AD20: oo | AE20: o | AF20: -m | AG20: -n | AH20: -ng | AI20: -p | AJ20: -t | AK20: -k | AL20: -k | AM20: ai | AN20: au | AO20: am | AP20: an | AQ20: ang | AR20: om | AS20: ong | AT20: ann | AU20: inn | AV20: unn | AW20: enn | AX20: onn | AY20: ainn | AZ20: aunn | BA20: 0 | BB20: 7 | BC20: 3 | BD20: 2 | BE20: 5 | BF20: 0 | BG20: 0 | BH20: 0 | BM20: {=INDEX($D$18:$BH$18, 1, $BO20)} -> ㄙ | BN20: {=INDIRECT(ADDRESS(17, COLUMN($D$18) + $BO20 - 1))} -> n | BO20: =ROW() - 4 -> 16 | BP20: ㄙ | BQ20: =_xlfn.XLOOKUP(BP20, 按鍵設計表[注音符號], 按鍵設計表[聲韻調], "") -> 聲 | BR20: n | BS20: s | BT20: s | BU20: =LEN(BT20) -> 1 | BW20: =" """ & BR20 & """: { commit: """ & BP20 & """ }" & " # " & "/" & BT20 & "/ ==> " & BS20 -> "n": { commit: "ㄙ" } # /s/ ==> s | BY20: =ROW() - 4 -> 16 | BZ20: ㄙ | CA20: 聲 | CB20: n | CC20: s | CD20: s | CE20: 1 | CG20: =IF( OR(CD20=0, CC20=CD20), "", " - xform/^" & CD20 & "/" & CC20 & "/ # " & BZ20 & " [ " & CD20 & "]") | CI20: =ROW() - 4 -> 16 | CJ20: ㆱ | CK20: 韻 | CL20: O | CM20: W | CN20: om | CO20: 2 | CQ20: =IFERROR( IF(OR(CN20=0, CM20=CN20), "", IF(CL20=CM20, "", " - xform/" & CN20 & "/" & CM20 & "/ # " & CJ20 & " [" & CP20 & CN20 & "]")), "") -> - xform/om/W/ # ㆱ [om] | CR20: - xform/enn/Le/ # ㆥ [enn] | DA20: =IF(CX20=0, "", " - xform/" & CX20 & "/" & CT20 & "/ # 按鍵：" & CV20 & " [ 第 " & CX20 & " 調 ]")
BM21: {=INDEX($D$18:$BH$18, 1, $BO21)} -> ㄏ | BN21: {=INDIRECT(ADDRESS(17, COLUMN($D$18) + $BO21 - 1))} -> c | BO21: =ROW() - 4 -> 17 | BP21: ㄏ | BQ21: =_xlfn.XLOOKUP(BP21, 按鍵設計表[注音符號], 按鍵設計表[聲韻調], "") -> 聲 | BR21: c | BS21: h | BT21: h | BU21: =LEN(BT21) -> 1 | BW21: =" """ & BR21 & """: { commit: """ & BP21 & """ }" & " # " & "/" & BT21 & "/ ==> " & BS21 -> "c": { commit: "ㄏ" } # /h/ ==> h | BY21: =ROW() - 4 -> 17 | BZ21: ㄏ | CA21: 聲 | CB21: c | CC21: h | CD21: h | CE21: 1 | CG21: =IF( OR(CD21=0, CC21=CD21), "", " - xform/^" & CD21 & "/" & CC21 & "/ # " & BZ21 & " [ " & CD21 & "]") | CI21: =ROW() - 4 -> 17 | CJ21: ㆲ | CK21: 韻 | CL21: o | CM21: H | CN21: ong | CO21: 3 | CQ21: =IFERROR( IF(OR(CN21=0, CM21=CN21), "", IF(CL21=CM21, "", " - xform/" & CN21 & "/" & CM21 & "/ # " & CJ21 & " [" & CP21 & CN21 & "]")), "") -> - xform/ong/H/ # ㆲ [ong] | CR21: - xform/onn/Lo/ # ㆧ [onn] | DA21: =IF(CX21=0, "", " - xform/" & CX21 & "/" & CT21 & "/ # 按鍵：" & CV21 & " [ 第 " & CX21 & " 調 ]")
B22: 使用按鍵設定 | BM22: {=INDEX($D$18:$BH$18, 1, $BO22)} -> ㆢ | BN22: {=INDIRECT(ADDRESS(17, COLUMN($D$18) + $BO22 - 1))} -> R | BO22: =ROW() - 4 -> 18 | BP22: ㆢ | BQ22: =_xlfn.XLOOKUP(BP22, 按鍵設計表[注音符號], 按鍵設計表[聲韻調], "") -> 聲 | BR22: R | BS22: J | BT22: ji | BU22: =LEN(BT22) -> 2 | BW22: =" """ & BR23 & """: { commit: """ & BP23 & """ }" & " # " & "/" & BT23 & "/ ==> " & BS23 -> "r": { commit: "ㄐ" } # /zi/ ==> Z | BY22: =ROW() - 4 -> 18 | BZ22: ㆢ | CA22: 聲 | CB22: R | CC22: J | CD22: ji | CE22: 2 | CG22: =IF( OR(CD22=0, CC22=CD22), "", " - xform/^" & CD22 & "/" & CC22 & "/ # " & BZ22 & " [ " & CD22 & "]") -> - xform/^ji/J/ # ㆢ [ ji] | CI22: =ROW() - 4 -> 18 | CJ22: ㆩ | CK22: 韻 | CL22: * | CM22: La | CN22: ann | CO22: 3 | CQ22: =IFERROR( IF(OR(CN22=0, CM22=CN22), "", IF(CL22=CM22, "", " - xform/" & CN22 & "/" & CM22 & "/ # " & CJ22 & " [" & CP22 & CN22 & "]")), "") -> - xform/ann/La/ # ㆩ [ann] | CR22: - xform/ainn/LI/ # ㆮ [ainn] | DA22: =IF(CX22=0, "", " - xform/" & CX22 & "/" & CT22 & "/ # 按鍵：" & CV22 & " [ 第 " & CX22 & " 調 ]")
B23: =" alphabet: " & _xlfn.CONCAT("""", D17:AZ17, BF17:BH17, BA17:BE17, """") -> alphabet: "!1qas2wxEed?YyhncRrfv8uKj,ikmp/btgz9lM0;Oo*UJ<I(LN.-75346" | BM23: {=INDEX($D$18:$BH$18, 1, $BO23)} -> ㄐ | BN23: {=INDIRECT(ADDRESS(17, COLUMN($D$18) + $BO23 - 1))} -> r | BO23: =ROW() - 4 -> 19 | BP23: ㄐ | BQ23: =_xlfn.XLOOKUP(BP23, 按鍵設計表[注音符號], 按鍵設計表[聲韻調], "") -> 聲 | BR23: r | BS23: Z | BT23: zi | BU23: =LEN(BT23) -> 2 | BW23: =" """ & BR22 & """: { commit: """ & BP22 & """ }" & " # " & "/" & BT22 & "/ ==> " & BS22 -> "R": { commit: "ㆢ" } # /ji/ ==> J | BY23: =ROW() - 4 -> 19 | BZ23: ㄐ | CA23: 聲 | CB23: r | CC23: Z | CD23: zi | CE23: 2 | CG23: =IF( OR(CD23=0, CC23=CD23), "", " - xform/^" & CD23 & "/" & CC23 & "/ # " & BZ23 & " [ " & CD23 & "]") -> - xform/^zi/Z/ # ㄐ [ zi] | CI23: =ROW() - 4 -> 19 | CJ23: ㆪ | CK23: 韻 | CL23: U | CM23: Li | CN23: inn | CO23: 3 | CQ23: =IFERROR( IF(OR(CN23=0, CM23=CN23), "", IF(CL23=CM23, "", " - xform/" & CN23 & "/" & CM23 & "/ # " & CJ23 & " [" & CP23 & CN23 & "]")), "") -> - xform/inn/Li/ # ㆪ [inn] | DA23: =IF(CX23=0, "", " - xform/" & CX23 & "/" & CT23 & "/ # 按鍵：" & CV23 & " [ 第 " & CX23 & " 調 ]")
B24: =" initials: " & _xlfn.CONCAT("""", D17:AZ17, BF17:BH17, """") -> initials: "!1qas2wxEed?YyhncRrfv8uKj,ikmp/btgz9lM0;Oo*UJ<I(LN.-" | BM24: {=INDEX($D$18:$BH$18, 1, $BO24)} -> ㄑ | BN24: {=INDIRECT(ADDRESS(17, COLUMN($D$18) + $BO24 - 1))} -> f | BO24: =ROW() - 4 -> 20 | BP24: ㄑ | BQ24: =_xlfn.XLOOKUP(BP24, 按鍵設計表[注音符號], 按鍵設計表[聲韻調], "") -> 聲 | BR24: f | BS24: C | BT24: ci | BU24: =LEN(BT24) -> 2 | BW24: =" """ & BR24 & """: { commit: """ & BP24 & """ }" & " # " & "/" & BT24 & "/ ==> " & BS24 -> "f": { commit: "ㄑ" } # /ci/ ==> C | BY24: =ROW() - 4 -> 20 | BZ24: ㄑ | CA24: 聲 | CB24: f | CC24: C | CD24: ci | CE24: 2 | CG24: =IF( OR(CD24=0, CC24=CD24), "", " - xform/^" & CD24 & "/" & CC24 & "/ # " & BZ24 & " [ " & CD24 & "]") -> - xform/^ci/C/ # ㄑ [ ci] | CI24: =ROW() - 4 -> 20 | CJ24: ㆫ | CK24: 韻 | CL24: J | CM24: Lu | CN24: unn | CO24: 3 | CQ24: =IFERROR( IF(OR(CN24=0, CM24=CN24), "", IF(CL24=CM24, "", " - xform/" & CN24 & "/" & CM24 & "/ # " & CJ24 & " [" & CP24 & CN24 & "]")), "") -> - xform/unn/Lu/ # ㆫ [unn] | DA24: =IF(CX24=0, "", " - xform/" & CX24 & "/" & CT24 & "/ # 按鍵：" & CV24 & " [ 第 " & CX24 & " 調 ]")
B25: =" finals: " & _xlfn.CONCAT("""", BA17:BE17, """") -> finals: "75346" | BM25: {=INDEX($D$18:$BH$18, 1, $BO25)} -> ㄒ | BN25: {=INDIRECT(ADDRESS(17, COLUMN($D$18) + $BO25 - 1))} -> v | BO25: =ROW() - 4 -> 21 | BP25: ㄒ | BQ25: =_xlfn.XLOOKUP(BP25, 按鍵設計表[注音符號], 按鍵設計表[聲韻調], "") -> 聲 | BR25: v | BS25: S | BT25: si | BU25: =LEN(BT25) -> 2 | BW25: =" """ & BR25 & """: { commit: """ & BP25 & """ }" & " # " & "/" & BT25 & "/ ==> " & BS25 -> "v": { commit: "ㄒ" } # /si/ ==> S | BY25: =ROW() - 4 -> 21 | BZ25: ㄒ | CA25: 聲 | CB25: v | CC25: S | CD25: si | CE25: 2 | CG25: =IF( OR(CD25=0, CC25=CD25), "", " - xform/^" & CD25 & "/" & CC25 & "/ # " & BZ25 & " [ " & CD25 & "]") -> - xform/^si/S/ # ㄒ [ si] | CI25: =ROW() - 4 -> 21 | CJ25: ㆥ | CK25: 韻 | CL25: < | CM25: Le | CN25: enn | CO25: 3 | CQ25: =IFERROR( IF(OR(CN25=0, CM25=CN25), "", IF(CL25=CM25, "", " - xform/" & CN25 & "/" & CM25 & "/ # " & CJ25 & " [" & CP25 & CN25 & "]")), "") -> - xform/enn/Le/ # ㆥ [enn] | DA25: =IF(CX25=0, "", " - xform/" & CX25 & "/" & CT25 & "/ # 按鍵：" & CV25 & " [ 第 " & CX25 & " 調 ]")
BM26: {=INDEX($D$18:$BH$18, 1, $BO26)} -> ㄚ | BN26: {=INDIRECT(ADDRESS(17, COLUMN($D$18) + $BO26 - 1))} -> 8 | BO26: =ROW() - 4 -> 22 | BP26: ㄚ | BQ26: =_xlfn.XLOOKUP(BP26, 按鍵設計表[注音符號], 按鍵設計表[聲韻調], "") -> 韻 | BR26: 8 | BS26: a | BT26: a | BU26: =LEN(BT26) -> 1 | BW26: =" """ & BR26 & """: { commit: """ & BP26 & """ }" & " # " & "/" & BT26 & "/ ==> " & BS26 -> "8": { commit: "ㄚ" } # /a/ ==> a | BY26: =ROW() - 4 -> 22 | CG26: =IF( OR(CD26=0, CC26=CD26), "", " - xform/^" & CD26 & "/" & CC26 & "/ # " & BZ26 & " [ " & CD26 & "]") | CI26: =ROW() - 4 -> 22 | CJ26: ㆧ | CK26: 韻 | CL26: I | CM26: Lo | CN26: onn | CO26: 3 | CQ26: =IFERROR( IF(OR(CN26=0, CM26=CN26), "", IF(CL26=CM26, "", " - xform/" & CN26 & "/" & CM26 & "/ # " & CJ26 & " [" & CP26 & CN26 & "]")), "") -> - xform/onn/Lo/ # ㆧ [onn] | DA26: =IF(CX26=0, "", " - xform/" & CX26 & "/" & CT26 & "/ # 按鍵：" & CV26 & " [ 第 " & CX26 & " 調 ]")
B27: =" - abbrev/^([" & _xlfn.CONCAT(D19:X19) & "]).+$/$1/" -> - abbrev/^([bpPmntTlqkKgjzcshJZCS]).+$/$1/ | BM27: {=INDEX($D$18:$BH$18, 1, $BO27)} -> ㄧ | BN27: {=INDIRECT(ADDRESS(17, COLUMN($D$18) + $BO27 - 1))} -> u | BO27: =ROW() - 4 -> 23 | BP27: ㄧ | BQ27: =_xlfn.XLOOKUP(BP27, 按鍵設計表[注音符號], 按鍵設計表[聲韻調], "") -> 韻 | BR27: u | BS27: i | BT27: i | BU27: =LEN(BT27) -> 1 | BW27: =" """ & BR27 & """: { commit: """ & BP27 & """ }" & " # " & "/" & BT27 & "/ ==> " & BS27 -> "u": { commit: "ㄧ" } # /i/ ==> i | BY27: =ROW() - 4 -> 23 | CG27: =IF( OR(CD27=0, CC27=CD27), "", " - xform/^" & CD27 & "/" & CC27 & "/ # " & BZ27 & " [ " & CD27 & "]") | CI27: =ROW() - 4 -> 23 | CJ27: ㆮ | CK27: 韻 | CL27: ( | CM27: LI | CN27: ainn | CO27: 4 | CQ27: =IFERROR( IF(OR(CN27=0, CM27=CN27), "", IF(CL27=CM27, "", " - xform/" & CN27 & "/" & CM27 & "/ # " & CJ27 & " [" & CP27 & CN27 & "]")), "") -> - xform/ainn/LI/ # ㆮ [ainn] | DA27: =IF(CX27=0, "", " - xform/" & CX27 & "/" & CT27 & "/ # 按鍵：" & CV27 & " [ 第 " & CX27 & " 調 ]")
BM28: {=INDEX($D$18:$BH$18, 1, $BO28)} -> ㆨ | BN28: {=INDIRECT(ADDRESS(17, COLUMN($D$18) + $BO28 - 1))} -> K | BO28: =ROW() - 4 -> 24 | BP28: ㆨ | BQ28: =_xlfn.XLOOKUP(BP28, 按鍵設計表[注音符號], 按鍵設計表[聲韻調], "") -> 韻 | BR28: K | BS28: w | BT28: ir | BU28: =LEN(BT28) -> 2 | BW28: =" """ & BR28 & """: { commit: """ & BP28 & """ }" & " # " & "/" & BT28 & "/ ==> " & BS28 -> "K": { commit: "ㆨ" } # /ir/ ==> w | BY28: =ROW() - 4 -> 24 | CG28: =IF( OR(CD28=0, CC28=CD28), "", " - xform/^" & CD28 & "/" & CC28 & "/ # " & BZ28 & " [ " & CD28 & "]") | CI28: =ROW() - 4 -> 24 | CJ28: ㆯ | CK28: 韻 | CL28: L | CM28: LU | CN28: aunn | CO28: 4 | DA28: =IF(CX28=0, "", " - xform/" & CX28 & "/" & CT28 & "/ # 按鍵：" & CV28 & " [ 第 " & CX28 & " 調 ]")
B29: 拚音碼與鍵盤對映 (speller) | BM29: {=INDEX($D$18:$BH$18, 1, $BO29)} -> ㄨ | BN29: {=INDIRECT(ADDRESS(17, COLUMN($D$18) + $BO29 - 1))} -> j | BO29: =ROW() - 4 -> 25 | BP29: ㄨ | BQ29: =_xlfn.XLOOKUP(BP29, 按鍵設計表[注音符號], 按鍵設計表[聲韻調], "") -> 韻 | BR29: j | BS29: u | BT29: u | BU29: =LEN(BT29) -> 1 | BW29: =" """ & BR29 & """: { commit: """ & BP29 & """ }" & " # " & "/" & BT29 & "/ ==> " & BS29 -> "j": { commit: "ㄨ" } # /u/ ==> u | BY29: =ROW() - 4 -> 25 | CG29: =IF( OR(CD29=0, CC29=CD29), "", " - xform/^" & CD29 & "/" & CC29 & "/ # " & BZ29 & " [ " & CD29 & "]") | CI29: =ROW() - 4 -> 25 | DA29: =IF(CX29=0, "", " - xform/" & CX29 & "/" & CT29 & "/ # 按鍵：" & CV29 & " [ 第 " & CX29 & " 調 ]")
B30: # 設定「字典編碼」與「鍵盤位置」的對映關係：字典檔案中，漢字的 '拼音字母' ，轉成 '字典編碼' ，並與‘鍵盤位置’建立對映關聯 | BM30: {=INDEX($D$18:$BH$18, 1, $BO30)} -> ㆤ | BN30: {=INDIRECT(ADDRESS(17, COLUMN($D$18) + $BO30 - 1))} -> , | BO30: =ROW() - 4 -> 26 | BP30: ㆤ | BQ30: =_xlfn.XLOOKUP(BP30, 按鍵設計表[注音符號], 按鍵設計表[聲韻調], "") -> 韻 | BR30: , | BS30: e | BT30: e | BU30: =LEN(BT30) -> 1 | BW30: =" """ & BR30 & """: { commit: """ & BP30 & """ }" & " # " & "/" & BT30 & "/ ==> " & BS30 -> ",": { commit: "ㆤ" } # /e/ ==> e | BY30: =ROW() - 4 -> 26 | CG30: =IF( OR(CD30=0, CC30=CD30), "", " - xform/^" & CD30 & "/" & CC30 & "/ # " & BZ30 & " [ " & CD30 & "]") | CI30: =ROW() - 4 -> 26 | DA30: =IF(CX30=0, "", " - xform/" & CX30 & "/" & CT30 & "/ # 按鍵：" & CV30 & " [ 第 " & CX30 & " 調 ]")
B31: =$B$19 -> 字典編碼 | D31: =LEN(E31) -> 50 | E31: =_xlfn.CONCAT(D19:AS19, BA19:BH19) -> bpPmntTlqkKgjzcshJZCSaiwueoøMNGRFQVIUY@AWH07325*&0 | AB31: =LEN(AC31) -> 42 | AC31: =_xlfn.CONCAT(D19:AS19) -> bpPmntTlqkKgjzcshJZCSaiwueoøMNGRFQVIUY@AWH | AY31: =LEN(AZ31) -> 8 | AZ31: =_xlfn.CONCAT(BA19:BH19) -> 07325*&0 | BM31: {=INDEX($D$18:$BH$18, 1, $BO31)} -> ㆦ | BN31: {=INDIRECT(ADDRESS(17, COLUMN($D$18) + $BO31 - 1))} -> i | BO31: =ROW() - 4 -> 27 | BP31: ㆦ | BQ31: =_xlfn.XLOOKUP(BP31, 按鍵設計表[注音符號], 按鍵設計表[聲韻調], "") -> 韻 | BR31: i | BS31: o | BT31: oo | BU31: =LEN(BT31) -> 2 | BW31: =" """ & BR31 & """: { commit: """ & BP31 & """ }" & " # " & "/" & BT31 & "/ ==> " & BS31 -> "i": { commit: "ㆦ" } # /oo/ ==> o | BY31: =ROW() - 4 -> 27 | CG31: =IF( OR(CD31=0, CC31=CD31), "", " - xform/^" & CD31 & "/" & CC31 & "/ # " & BZ31 & " [ " & CD31 & "]") | CI31: =ROW() - 4 -> 27 | DA31: =IF(CX31=0, "", " - xform/" & CX31 & "/" & CT31 & "/ # 按鍵：" & CV31 & " [ 第 " & CX31 & " 調 ]")
B32: 鍵盤按鍵 | D32: =LEN(E32) -> 50 | E32: =_xlfn.CONCAT(D17:AS17, BA17:BH17) -> !1qas2wxEed?YyhncRrfv8uKj,ikmp/btgz9lM0;Oo75346N.- | AB32: =LEN(AC32) -> 42 | AC32: =_xlfn.CONCAT(D17:AS17) -> !1qas2wxEed?YyhncRrfv8uKj,ikmp/btgz9lM0;Oo | AY32: =LEN(AZ32) -> 8 | AZ32: =_xlfn.CONCAT(BA17:BH17) -> 75346N.- | BM32: {=INDEX($D$18:$BH$18, 1, $BO32)} -> ㄜ | BN32: {=INDIRECT(ADDRESS(17, COLUMN($D$18) + $BO32 - 1))} -> k | BO32: =ROW() - 4 -> 28 | BP32: ㄜ | BQ32: =_xlfn.XLOOKUP(BP32, 按鍵設計表[注音符號], 按鍵設計表[聲韻調], "") -> 韻 | BR32: k | BS32: ø | BT32: o | BU32: =LEN(BT32) -> 1 | BW32: =" """ & BR32 & """: { commit: """ & BP32 & """ }" & " # " & "/" & BT32 & "/ ==> " & BS32 -> "k": { commit: "ㄜ" } # /o/ ==> ø | BY32: =ROW() - 4 -> 28 | CG32: =IF( OR(CD32=0, CC32=CD32), "", " - xform/^" & CD32 & "/" & CC32 & "/ # " & BZ32 & " [ " & CD32 & "]") | CI32: =ROW() - 4 -> 28 | DA32: =IF(CX32=0, "", " - xform/" & CX32 & "/" & CT32 & "/ # 按鍵：" & CV32 & " [ 第 " & CX32 & " 調 ]")
B33: =" - xlit|" & E31 & "|" & E32 & "|" -> - xlit|bpPmntTlqkKgjzcshJZCSaiwueoøMNGRFQVIUY@AWH07325*&0|!1qas2wxEed?YyhncRrfv8uKj,ikmp/btgz9lM0;Oo75346N.-| | AC33: =" - xlit|" & AC31 & "|" & AC32 & "|" -> - xlit|bpPmntTlqkKgjzcshJZCSaiwueoøMNGRFQVIUY@AWH|!1qas2wxEed?YyhncRrfv8uKj,ikmp/btgz9lM0;Oo| | AZ33: =" - xlit|" & AZ31 & "|" & AZ32 & "|" -> - xlit|07325*&0|75346N.-| | BM33: {=INDEX($D$18:$BH$18, 1, $BO33)} -> ㆬ | BN33: {=INDIRECT(ADDRESS(17, COLUMN($D$18) + $BO33 - 1))} -> m | BO33: =ROW() - 4 -> 29 | BP33: ㆬ | BQ33: =_xlfn.XLOOKUP(BP33, 按鍵設計表[注音符號], 按鍵設計表[聲韻調], "") -> 韻 | BR33: m | BS33: M | BT33: -m | BU33: =LEN(BT33) -> 2 | BW33: =" """ & BR33 & """: { commit: """ & BP33 & """ }" & " # " & "/" & BT33 & "/ ==> " & BS33 -> "m": { commit: "ㆬ" } # /-m/ ==> M | BY33: =ROW() - 4 -> 29 | CG33: =IF( OR(CD33=0, CC33=CD33), "", " - xform/^" & CD33 & "/" & CC33 & "/ # " & BZ33 & " [ " & CD33 & "]") | CI33: =ROW() - 4 -> 29 | DA33: =IF(CX33=0, "", " - xform/" & CX33 & "/" & CT33 & "/ # 按鍵：" & CV33 & " [ 第 " & CX33 & " 調 ]")
BM34: {=INDEX($D$18:$BH$18, 1, $BO34)} -> ㄣ | BN34: {=INDIRECT(ADDRESS(17, COLUMN($D$18) + $BO34 - 1))} -> p | BO34: =ROW() - 4 -> 30 | BP34: ㄣ | BQ34: =_xlfn.XLOOKUP(BP34, 按鍵設計表[注音符號], 按鍵設計表[聲韻調], "") -> 韻 | BR34: p | BS34: N | BT34: -n | BU34: =LEN(BT34) -> 2 | BW34: =" """ & BR34 & """: { commit: """ & BP34 & """ }" & " # " & "/" & BT34 & "/ ==> " & BS34 -> "p": { commit: "ㄣ" } # /-n/ ==> N | BY34: =ROW() - 4 -> 30 | CG34: =IF( OR(CD34=0, CC34=CD34), "", " - xform/^" & CD34 & "/" & CC34 & "/ # " & BZ34 & " [ " & CD34 & "]") | CI34: =ROW() - 4 -> 30 | DA34: =IF(CX34=0, "", " - xform/" & CX34 & "/" & CT34 & "/ # 按鍵：" & CV34 & " [ 第 " & CX34 & " 調 ]")
B35: 1 | C35: 2 | D35: 3 | E35: 4 | F35: 5 | G35: 6 | H35: 7 | I35: 8 | J35: 9 | K35: 10 | L35: 11 | M35: 12 | N35: 13 | O35: 14 | P35: 15 | Q35: 16 | R35: 17 | S35: 18 | T35: 19 | U35: 20 | V35: 21 | W35: 22 | X35: 23 | Y35: 24 | Z35: 25 | AA35: 26 | AB35: 27 | AC35: 28 | AD35: 29 | AE35: 30 | AF35: 31 | AG35: 32 | AH35: 33 | AI35: 34 | AJ35: 35 | AK35: 36 | AL35: 37 | AM35: 38 | AN35: 39 | AO35: 40 | AP35: 41 | AQ35: 42 | AR35: 43 | AS35: 44 | AT35: 45 | AU35: 46 | AV35: 47 | AW35: 48 | AX35: 49 | AY35: 50 | AZ35: 51 | BA35: 52 | BB35: 53 | BC35: 54 | BD35: 55 | BE35: 56 | BF35: 57 | BM35: {=INDEX($D$18:$BH$18, 1, $BO35)} -> ㆭ | BN35: {=INDIRECT(ADDRESS(17, COLUMN($D$18) + $BO35 - 1))} -> / | BO35: =ROW() - 4 -> 31 | BP35: ㆭ | BQ35: =_xlfn.XLOOKUP(BP35, 按鍵設計表[注音符號], 按鍵設計表[聲韻調], "") -> 韻 | BR35: / | BS35: G | BT35: -ng | BU35: =LEN(BT35) -> 3 | BW35: =" """ & BR35 & """: { commit: """ & BP35 & """ }" & " # " & "/" & BT35 & "/ ==> " & BS35 -> "/": { commit: "ㆭ" } # /-ng/ ==> G | BY35: =ROW() - 4 -> 31 | CG35: =IF( OR(CD35=0, CC35=CD35), "", " - xform/^" & CD35 & "/" & CC35 & "/ # " & BZ35 & " [ " & CD35 & "]") | CI35: =ROW() - 4 -> 31 | DA35: =IF(CX35=0, "", " - xform/" & CX35 & "/" & CT35 & "/ # 按鍵：" & CV35 & " [ 第 " & CX35 & " 調 ]")
B36: =MID($E$31,B$35,1) -> b | C36: =MID($E$31,C$35,1) -> p | D36: =MID($E$31,D$35,1) -> P | E36: =MID($E$31,E$35,1) -> m | F36: =MID($E$31,F$35,1) -> n | G36: =MID($E$31,G$35,1) -> t | H36: =MID($E$31,H$35,1) -> T | I36: =MID($E$31,I$35,1) -> l | ... BF36: =MID($E$31,BF$35,1) | BM36: {=INDEX($D$18:$BH$18, 1, $BO36)} -> ㆴ | BN36: {=INDIRECT(ADDRESS(17, COLUMN($D$18) + $BO36 - 1))} -> b | BO36: =ROW() - 4 -> 32 | BP36: ㆴ | BQ36: =_xlfn.XLOOKUP(BP36, 按鍵設計表[注音符號], 按鍵設計表[聲韻調], "") -> 韻尾 | BR36: b | BS36: R | BT36: -p | BU36: =LEN(BT36) -> 2 | BW36: =" """ & BR36 & """: { commit: """ & BP36 & """ }" & " # " & "/" & BT36 & "/ ==> " & BS36 -> "b": { commit: "ㆴ" } # /-p/ ==> R | BY36: =ROW() - 4 -> 32 | CG36: =IF( OR(CD36=0, CC36=CD36), "", " - xform/^" & CD36 & "/" & CC36 & "/ # " & BZ36 & " [ " & CD36 & "]") | CI36: =ROW() - 4 -> 32 | DA36: =IF(CX36=0, "", " - xform/" & CX36 & "/" & CT36 & "/ # 按鍵：" & CV36 & " [ 第 " & CX36 & " 調 ]")
B37: =MID($E$32,B$35,1) -> ! | C37: =MID($E$32,C$35,1) -> 1 | D37: =MID($E$32,D$35,1) -> q | E37: =MID($E$32,E$35,1) -> a | F37: =MID($E$32,F$35,1) -> s | G37: =MID($E$32,G$35,1) -> 2 | H37: =MID($E$32,H$35,1) -> w | I37: =MID($E$32,I$35,1) -> x | ... BF37: =MID($E$32,BF$35,1) | BM37: {=INDEX($D$18:$BH$18, 1, $BO37)} -> ㆵ | BN37: {=INDIRECT(ADDRESS(17, COLUMN($D$18) + $BO37 - 1))} -> t | BO37: =ROW() - 4 -> 33 | BP37: ㆵ | BQ37: =_xlfn.XLOOKUP(BP37, 按鍵設計表[注音符號], 按鍵設計表[聲韻調], "") -> 韻尾 | BR37: t | BS37: F | BT37: -t | BU37: =LEN(BT37) -> 2 | BW37: =" """ & BR37 & """: { commit: """ & BP37 & """ }" & " # " & "/" & BT37 & "/ ==> " & BS37 -> "t": { commit: "ㆵ" } # /-t/ ==> F | BY37: =ROW() - 4 -> 33 | CG37: =IF( OR(CD37=0, CC37=CD37), "", " - xform/^" & CD37 & "/" & CC37 & "/ # " & BZ37 & " [ " & CD37 & "]") | CI37: =ROW() - 4 -> 33 | DA37: =IF(CX37=0, "", " - xform/" & CX37 & "/" & CT37 & "/ # 按鍵：" & CV37 & " [ 第 " & CX37 & " 調 ]")
BM38: {=INDEX($D$18:$BH$18, 1, $BO38)} -> ㆻ | BN38: {=INDIRECT(ADDRESS(17, COLUMN($D$18) + $BO38 - 1))} -> g | BO38: =ROW() - 4 -> 34 | BP38: ㆻ | BQ38: =_xlfn.XLOOKUP(BP38, 按鍵設計表[注音符號], 按鍵設計表[聲韻調], "") -> 韻尾 | BR38: g | BS38: Q | BT38: -k | BU38: =LEN(BT38) -> 2 | BW38: =" """ & BR38 & """: { commit: """ & BP38 & """ }" & " # " & "/" & BT38 & "/ ==> " & BS38 -> "g": { commit: "ㆻ" } # /-k/ ==> Q | BY38: =ROW() - 4 -> 34 | CG38: =IF( OR(CD38=0, CC38=CD38), "", " - xform/^" & CD38 & "/" & CC38 & "/ # " & BZ38 & " [ " & CD38 & "]") | CI38: =ROW() - 4 -> 34 | DA38: =IF(CX38=0, "", " - xform/" & CX38 & "/" & CT38 & "/ # 按鍵：" & CV38 & " [ 第 " & CX38 & " 調 ]")
B39: 鍵盤與注音符號對映 (preedit_format) | BM39: {=INDEX($D$18:$BH$18, 1, $BO39)} -> ㆻ | BN39: {=INDIRECT(ADDRESS(17, COLUMN($D$18) + $BO39 - 1))} -> z | BO39: =ROW() - 4 -> 35 | BP39: ㆻ | BQ39: =_xlfn.XLOOKUP(BP39, 按鍵設計表[注音符號], 按鍵設計表[聲韻調], "") -> 韻尾 | BR39: z | BS39: V | BT39: -k | BU39: =LEN(BT39) -> 2 | BW39: =" """ & BR39 & """: { commit: """ & BP39 & """ }" & " # " & "/" & BT39 & "/ ==> " & BS39 -> "z": { commit: "ㆻ" } # /-k/ ==> V | BY39: =ROW() - 4 -> 35 | CG39: =IF( OR(CD39=0, CC39=CD39), "", " - xform/^" & CD39 & "/" & CC39 & "/ # " & BZ39 & " [ " & CD39 & "]") | CI39: =ROW() - 4 -> 35 | DA39: =IF(CX39=0, "", " - xform/" & CX39 & "/" & CT39 & "/ # 按鍵：" & CV39 & " [ 第 " & CX39 & " 調 ]")
B40: # 設定「鍵盤位置」與「注音符號」的對映關係：RIME 輸入法平台於接收到「鍵盤按鍵」輸入，依此規範於螢幕顯示ㄅㄆㄇ注音符號 | BM40: {=INDEX($D$18:$BH$18, 1, $BO40)} -> ㄞ | BN40: {=INDIRECT(ADDRESS(17, COLUMN($D$18) + $BO40 - 1))} -> 9 | BO40: =ROW() - 4 -> 36 | BP40: ㄞ | BQ40: =_xlfn.XLOOKUP(BP40, 按鍵設計表[注音符號], 按鍵設計表[聲韻調], "") -> 韻 | BR40: 9 | BS40: I | BT40: ai | BU40: =LEN(BT40) -> 2 | BW40: =" """ & BR40 & """: { commit: """ & BP40 & """ }" & " # " & "/" & BT40 & "/ ==> " & BS40 -> "9": { commit: "ㄞ" } # /ai/ ==> I | BY40: =ROW() - 4 -> 36 | CG40: =IF( OR(CD40=0, CC40=CD40), "", " - xform/^" & CD40 & "/" & CC40 & "/ # " & BZ40 & " [ " & CD40 & "]") | CI40: =ROW() - 4 -> 36 | DA40: =IF(CX40=0, "", " - xform/" & CX40 & "/" & CT40 & "/ # 按鍵：" & CV40 & " [ 第 " & CX40 & " 調 ]")
B41: 鍵盤按鍵 | D41: =LEN(E41) -> 49 | E41: =_xlfn.CONCAT(D17:AZ17) -> !1qas2wxEed?YyhncRrfv8uKj,ikmp/btgz9lM0;Oo*UJ<I(L | AM41: =LEN(AN41) -> 5 | AN41: =_xlfn.CONCAT(BA18:BE18) -> ˙˫˪ˋˊ | BM41: {=INDEX($D$18:$BH$18, 1, $BO41)} -> ㄠ | BN41: {=INDIRECT(ADDRESS(17, COLUMN($D$18) + $BO41 - 1))} -> l | BO41: =ROW() - 4 -> 37 | BP41: ㄠ | BQ41: =_xlfn.XLOOKUP(BP41, 按鍵設計表[注音符號], 按鍵設計表[聲韻調], "") -> 韻 | BR41: l | BS41: U | BT41: au | BU41: =LEN(BT41) -> 2 | BW41: =" """ & BR41 & """: { commit: """ & BP41 & """ }" & " # " & "/" & BT41 & "/ ==> " & BS41 -> "l": { commit: "ㄠ" } # /au/ ==> U | BY41: =ROW() - 4 -> 37 | CG41: =IF( OR(CD41=0, CC41=CD41), "", " - xform/^" & CD41 & "/" & CC41 & "/ # " & BZ41 & " [ " & CD41 & "]") | CI41: =ROW() - 4 -> 37 | DA41: =IF(CX41=0, "", " - xform/" & CX41 & "/" & CT41 & "/ # 按鍵：" & CV41 & " [ 第 " & CX41 & " 調 ]")
B42: 注音符號 | D42: =LEN(E42) -> 49 | E42: =_xlfn.CONCAT(D18:AZ18) -> ㆠㄅㄆㄇㄋㄉㄊㄌㆣㄍㄎㄫㆡㄗㄘㄙㄏㆢㄐㄑㄒㄚㄧㆨㄨㆤㆦㄜㆬㄣㆭㆴㆵㆻㆻㄞㄠㆰㄢㄤㆱㆲㆩㆪㆫㆥㆧㆮㆯ | AM42: =LEN(AN42) -> 5 | AN42: =_xlfn.CONCAT(BA19:BE19) -> 07325 | BM42: {=INDEX($D$18:$BH$18, 1, $BO42)} -> ㆰ | BN42: {=INDIRECT(ADDRESS(17, COLUMN($D$18) + $BO42 - 1))} -> M | BO42: =ROW() - 4 -> 38 | BP42: ㆰ | BQ42: =_xlfn.XLOOKUP(BP42, 按鍵設計表[注音符號], 按鍵設計表[聲韻調], "") -> 韻 | BR42: M | BS42: Y | BT42: am | BU42: =LEN(BT42) -> 2 | BW42: =" """ & BR42 & """: { commit: """ & BP42 & """ }" & " # " & "/" & BT42 & "/ ==> " & BS42 -> "M": { commit: "ㆰ" } # /am/ ==> Y | BY42: =ROW() - 4 -> 38 | CG42: =IF( OR(CD42=0, CC42=CD42), "", " - xform/^" & CD42 & "/" & CC42 & "/ # " & BZ42 & " [ " & CD42 & "]") | CI42: =ROW() - 4 -> 38 | DA42: =IF(CX42=0, "", " - xform/" & CX42 & "/" & CT42 & "/ # 按鍵：" & CV42 & " [ 第 " & CX42 & " 調 ]")
B43: =" - xlit|" & E41 & "|" & E42 & "|" -> - xlit|!1qas2wxEed?YyhncRrfv8uKj,ikmp/btgz9lM0;Oo*UJ<I(L|ㆠㄅㄆㄇㄋㄉㄊㄌㆣㄍㄎㄫㆡㄗㄘㄙㄏㆢㄐㄑㄒㄚㄧㆨㄨㆤㆦㄜㆬㄣㆭㆴㆵㆻㆻㄞㄠㆰㄢㄤㆱㆲㆩㆪㆫㆥㆧㆮㆯ| | AN43: =" - xlit|" & AN41 & "|" & AN42 & "|" -> - xlit|˙˫˪ˋˊ|07325| | BM43: {=INDEX($D$18:$BH$18, 1, $BO43)} -> ㄢ | BN43: {=INDIRECT(ADDRESS(17, COLUMN($D$18) + $BO43 - 1))} -> 0 | BO43: =ROW() - 4 -> 39 | BP43: ㄢ | BQ43: =_xlfn.XLOOKUP(BP43, 按鍵設計表[注音符號], 按鍵設計表[聲韻調], "") -> 韻 | BR43: 0 | BS43: @ | BT43: an | BU43: =LEN(BT43) -> 2 | BW43: =" """ & BR43 & """: { commit: """ & BP43 & """ }" & " # " & "/" & BT43 & "/ ==> " & BS43 -> "0": { commit: "ㄢ" } # /an/ ==> @ | BY43: =ROW() - 4 -> 39 | CG43: =IF( OR(CD43=0, CC43=CD43), "", " - xform/^" & CD43 & "/" & CC43 & "/ # " & BZ43 & " [ " & CD43 & "]") | CI43: =ROW() - 4 -> 39 | DA43: =IF(CX43=0, "", " - xform/" & CX43 & "/" & CT43 & "/ # 按鍵：" & CV43 & " [ 第 " & CX43 & " 調 ]")
BM44: {=INDEX($D$18:$BH$18, 1, $BO44)} -> ㄤ | BN44: {=INDIRECT(ADDRESS(17, COLUMN($D$18) + $BO44 - 1))} -> ; | BO44: =ROW() - 4 -> 40 | BP44: ㄤ | BQ44: =_xlfn.XLOOKUP(BP44, 按鍵設計表[注音符號], 按鍵設計表[聲韻調], "") -> 韻 | BR44: ; | BS44: A | BT44: ang | BU44: =LEN(BT44) -> 3 | BW44: =" """ & BR44 & """: { commit: """ & BP44 & """ }" & " # " & "/" & BT44 & "/ ==> " & BS44 -> ";": { commit: "ㄤ" } # /ang/ ==> A | BY44: =ROW() - 4 -> 40 | CG44: =IF( OR(CD44=0, CC44=CD44), "", " - xform/^" & CD44 & "/" & CC44 & "/ # " & BZ44 & " [ " & CD44 & "]") | CI44: =ROW() - 4 -> 40 | DA44: =IF(CX44=0, "", " - xform/" & CX44 & "/" & CT44 & "/ # 按鍵：" & CV44 & " [ 第 " & CX44 & " 調 ]")
B45: 1 | C45: 2 | D45: 3 | E45: 4 | F45: 5 | G45: 6 | H45: 7 | I45: 8 | J45: 9 | K45: 10 | L45: 11 | M45: 12 | N45: 13 | O45: 14 | P45: 15 | Q45: 16 | R45: 17 | S45: 18 | T45: 19 | U45: 20 | V45: 21 | W45: 22 | X45: 23 | Y45: 24 | Z45: 25 | AA45: 26 | AB45: 27 | AC45: 28 | AD45: 29 | AE45: 30 | AF45: 31 | AG45: 32 | AH45: 33 | AI45: 34 | AJ45: 35 | AK45: 36 | AL45: 37 | AM45: 38 | AN45: 39 | AO45: 40 | AP45: 41 | AQ45: 42 | AR45: 43 | AS45: 44 | AT45: 45 | AU45: 46 | AV45: 47 | AW45: 48 | AX45: 49 | AY45: 50 | AZ45: 51 | BA45: 52 | BB45: 53 | BC45: 54 | BD45: 55 | BE45: 56 | BF45: 57 | BM45: {=INDEX($D$18:$BH$18, 1, $BO45)} -> ㆱ | BN45: {=INDIRECT(ADDRESS(17, COLUMN($D$18) + $BO45 - 1))} -> O | BO45: =ROW() - 4 -> 41 | BP45: ㆱ | BQ45: =_xlfn.XLOOKUP(BP45, 按鍵設計表[注音符號], 按鍵設計表[聲韻調], "") -> 韻 | BR45: O | BS45: W | BT45: om | BU45: =LEN(BT45) -> 2 | BW45: =" """ & BR45 & """: { commit: """ & BP45 & """ }" & " # " & "/" & BT45 & "/ ==> " & BS45 -> "O": { commit: "ㆱ" } # /om/ ==> W | BY45: =ROW() - 4 -> 41 | CG45: =IF( OR(CD45=0, CC45=CD45), "", " - xform/^" & CD45 & "/" & CC45 & "/ # " & BZ45 & " [ " & CD45 & "]") | CI45: =ROW() - 4 -> 41 | DA45: =IF(CX45=0, "", " - xform/" & CX45 & "/" & CT45 & "/ # 按鍵：" & CV45 & " [ 第 " & CX45 & " 調 ]")
B46: =MID($E$41,B$45,1) -> ! | C46: =MID($E$41,C$45,1) -> 1 | D46: =MID($E$41,D$45,1) -> q | E46: =MID($E$41,E$45,1) -> a | F46: =MID($E$41,F$45,1) -> s | G46: =MID($E$41,G$45,1) -> 2 | H46: =MID($E$41,H$45,1) -> w | I46: =MID($E$41,I$45,1) -> x | ... BF46: =MID($E$41,BF$45,1) | BM46: {=INDEX($D$18:$BH$18, 1, $BO46)} -> ㆲ | BN46: {=INDIRECT(ADDRESS(17, COLUMN($D$18) + $BO46 - 1))} -> o | BO46: =ROW() - 4 -> 42 | BP46: ㆲ | BQ46: =_xlfn.XLOOKUP(BP46, 按鍵設計表[注音符號], 按鍵設計表[聲韻調], "") -> 韻 | BR46: o | BS46: H | BT46: ong | BU46: =LEN(BT46) -> 3 | BW46: =" """ & BR46 & """: { commit: """ & BP46 & """ }" & " # " & "/" & BT46 & "/ ==> " & BS46 -> "o": { commit: "ㆲ" } # /ong/ ==> H | BY46: =ROW() - 4 -> 42 | CG46: =IF( OR(CD46=0, CC46=CD46), "", " - xform/^" & CD46 & "/" & CC46 & "/ # " & BZ46 & " [ " & CD46 & "]") | CI46: =ROW() - 4 -> 42 | DA46: =IF(CX46=0, "", " - xform/" & CX46 & "/" & CT46 & "/ # 按鍵：" & CV46 & " [ 第 " & CX46 & " 調 ]")
B47: =MID($E$42,B$45,1) -> ㆠ | C47: =MID($E$42,C$45,1) -> ㄅ | D47: =MID($E$42,D$45,1) -> ㄆ | E47: =MID($E$42,E$45,1) -> ㄇ | F47: =MID($E$42,F$45,1) -> ㄋ | G47: =MID($E$42,G$45,1) -> ㄉ | H47: =MID($E$42,H$45,1) -> ㄊ | I47: =MID($E$42,I$45,1) -> ㄌ | ... BF47: =MID($E$42,BF$45,1) | BM47: {=INDEX($D$18:$BH$18, 1, $BO47)} -> ㆩ | BN47: {=INDIRECT(ADDRESS(17, COLUMN($D$18) + $BO47 - 1))} -> * | BO47: =ROW() - 4 -> 43 | BP47: ㆩ | BQ47: =_xlfn.XLOOKUP(BP47, 按鍵設計表[注音符號], 按鍵設計表[聲韻調], "") -> 韻 | BR47: * | BS47: La | BT47: ann | BU47: =LEN(BT47) -> 3 | BW47: =" """ & BR47 & """: { commit: """ & BP47 & """ }" & " # " & "/" & BT47 & "/ ==> " & BS47 -> "*": { commit: "ㆩ" } # /ann/ ==> La | BY47: =ROW() - 4 -> 43 | CG47: =IF( OR(CD47=0, CC47=CD47), "", " - xform/^" & CD47 & "/" & CC47 & "/ # " & BZ47 & " [ " & CD47 & "]") | CI47: =ROW() - 4 -> 43 | DA47: =IF(CX47=0, "", " - xform/" & CX47 & "/" & CT47 & "/ # 按鍵：" & CV47 & " [ 第 " & CX47 & " 調 ]")
BM48: {=INDEX($D$18:$BH$18, 1, $BO48)} -> ㆪ | BN48: {=INDIRECT(ADDRESS(17, COLUMN($D$18) + $BO48 - 1))} -> U | BO48: =ROW() - 4 -> 44 | BP48: ㆪ | BQ48: =_xlfn.XLOOKUP(BP48, 按鍵設計表[注音符號], 按鍵設計表[聲韻調], "") -> 韻 | BR48: U | BS48: Li | BT48: inn | BU48: =LEN(BT48) -> 3 | BW48: =" """ & BR48 & """: { commit: """ & BP48 & """ }" & " # " & "/" & BT48 & "/ ==> " & BS48 -> "U": { commit: "ㆪ" } # /inn/ ==> Li | BY48: =ROW() - 4 -> 44 | CG48: =IF( OR(CD48=0, CC48=CD48), "", " - xform/^" & CD48 & "/" & CC48 & "/ # " & BZ48 & " [ " & CD48 & "]") | CI48: =ROW() - 4 -> 44 | DA48: =IF(CX48=0, "", " - xform/" & CX48 & "/" & CT48 & "/ # 按鍵：" & CV48 & " [ 第 " & CX48 & " 調 ]")
B49: 候選字清單漢字與注音符號的對映 (comment_format) | BM49: {=INDEX($D$18:$BH$18, 1, $BO49)} -> ㆫ | BN49: {=INDIRECT(ADDRESS(17, COLUMN($D$18) + $BO49 - 1))} -> J | BO49: =ROW() - 4 -> 45 | BP49: ㆫ | BQ49: =_xlfn.XLOOKUP(BP49, 按鍵設計表[注音符號], 按鍵設計表[聲韻調], "") -> 韻 | BR49: J | BS49: Lu | BT49: unn | BU49: =LEN(BT49) -> 3 | BW49: =" """ & BR49 & """: { commit: """ & BP49 & """ }" & " # " & "/" & BT49 & "/ ==> " & BS49 -> "J": { commit: "ㆫ" } # /unn/ ==> Lu | BY49: =ROW() - 4 -> 45 | CG49: =IF( OR(CD49=0, CC49=CD49), "", " - xform/^" & CD49 & "/" & CC49 & "/ # " & BZ49 & " [ " & CD49 & "]") | CI49: =ROW() - 4 -> 45 | DA49: =IF(CX49=0, "", " - xform/" & CX49 & "/" & CT49 & "/ # 按鍵：" & CV49 & " [ 第 " & CX49 & " 調 ]")
B50: # 設定「候選字清單」中，字典漢字與注音符號的對映 | BM50: {=INDEX($D$18:$BH$18, 1, $BO50)} -> ㆥ | BN50: {=INDIRECT(ADDRESS(17, COLUMN($D$18) + $BO50 - 1))} -> < | BO50: =ROW() - 4 -> 46 | BP50: ㆥ | BQ50: =_xlfn.XLOOKUP(BP50, 按鍵設計表[注音符號], 按鍵設計表[聲韻調], "") -> 韻 | BR50: < | BS50: Le | BT50: enn | BU50: =LEN(BT50) -> 3 | BW50: =" """ & BR50 & """: { commit: """ & BP50 & """ }" & " # " & "/" & BT50 & "/ ==> " & BS50 -> "<": { commit: "ㆥ" } # /enn/ ==> Le | BY50: =ROW() - 4 -> 46 | CG50: =IF( OR(CD50=0, CC50=CD50), "", " - xform/^" & CD50 & "/" & CC50 & "/ # " & BZ50 & " [ " & CD50 & "]") | CI50: =ROW() - 4 -> 46 | DA50: =IF(CX50=0, "", " - xform/" & CX50 & "/" & CT50 & "/ # 按鍵：" & CV50 & " [ 第 " & CX50 & " 調 ]")
B51: =$B$19 -> 字典編碼 | D51: =LEN(E51) -> 47 | E51: =_xlfn.CONCAT(D19:AS19,BA19:BE19) -> bpPmntTlqkKgjzcshJZCSaiwueoøMNGRFQVIUY@AWH07325 | BM51: {=INDEX($D$18:$BH$18, 1, $BO51)} -> ㆧ | BN51: {=INDIRECT(ADDRESS(17, COLUMN($D$18) + $BO51 - 1))} -> I | BO51: =ROW() - 4 -> 47 | BP51: ㆧ | BQ51: =_xlfn.XLOOKUP(BP51, 按鍵設計表[注音符號], 按鍵設計表[聲韻調], "") -> 韻 | BR51: I | BS51: Lo | BT51: onn | BU51: =LEN(BT51) -> 3 | BW51: =" """ & BR51 & """: { commit: """ & BP51 & """ }" & " # " & "/" & BT51 & "/ ==> " & BS51 -> "I": { commit: "ㆧ" } # /onn/ ==> Lo | BY51: =ROW() - 4 -> 47 | CG51: =IF( OR(CD51=0, CC51=CD51), "", " - xform/^" & CD51 & "/" & CC51 & "/ # " & BZ51 & " [ " & CD51 & "]") | CI51: =ROW() - 4 -> 47 | DA51: =IF(CX51=0, "", " - xform/" & CX51 & "/" & CT51 & "/ # 按鍵：" & CV51 & " [ 第 " & CX51 & " 調 ]")
B52: 注音符號 | D52: =LEN(E52) -> 47 | E52: =_xlfn.CONCAT(D18:AS18,BA18:BE18) -> ㆠㄅㄆㄇㄋㄉㄊㄌㆣㄍㄎㄫㆡㄗㄘㄙㄏㆢㄐㄑㄒㄚㄧㆨㄨㆤㆦㄜㆬㄣㆭㆴㆵㆻㆻㄞㄠㆰㄢㄤㆱㆲ˙˫˪ˋˊ | BM52: {=INDEX($D$18:$BH$18, 1, $BO52)} -> ㆮ | BN52: {=INDIRECT(ADDRESS(17, COLUMN($D$18) + $BO52 - 1))} -> ( | BO52: =ROW() - 4 -> 48 | BP52: ㆮ | BQ52: =_xlfn.XLOOKUP(BP52, 按鍵設計表[注音符號], 按鍵設計表[聲韻調], "") -> 韻 | BR52: ( | BS52: LI | BT52: ainn | BU52: =LEN(BT52) -> 4 | BW52: =" """ & BR52 & """: { commit: """ & BP52 & """ }" & " # " & "/" & BT52 & "/ ==> " & BS52 -> "(": { commit: "ㆮ" } # /ainn/ ==> LI | BY52: =ROW() - 4 -> 48 | CG52: =IF( OR(CD52=0, CC52=CD52), "", " - xform/^" & CD52 & "/" & CC52 & "/ # " & BZ52 & " [ " & CD52 & "]") | CI52: =ROW() - 4 -> 48 | DA52: =IF(CX52=0, "", " - xform/" & CX52 & "/" & CT52 & "/ # 按鍵：" & CV52 & " [ 第 " & CX52 & " 調 ]")
B53: ="- xlit|" & E51 & "|" & E52 & "|" -> - xlit|bpPmntTlqkKgjzcshJZCSaiwueoøMNGRFQVIUY@AWH07325|ㆠㄅㄆㄇㄋㄉㄊㄌㆣㄍㄎㄫㆡㄗㄘㄙㄏㆢㄐㄑㄒㄚㄧㆨㄨㆤㆦㄜㆬㄣㆭㆴㆵㆻㆻㄞㄠㆰㄢㄤㆱㆲ˙˫˪ˋˊ| | BM53: {=INDEX($D$18:$BH$18, 1, $BO53)} -> ㆯ | BN53: {=INDIRECT(ADDRESS(17, COLUMN($D$18) + $BO53 - 1))} -> L | BO53: =ROW() - 4 -> 49 | BP53: ㆯ | BQ53: =_xlfn.XLOOKUP(BP53, 按鍵設計表[注音符號], 按鍵設計表[聲韻調], "") -> 韻 | BR53: L | BS53: LU | BT53: aunn | BU53: =LEN(BT53) -> 4 | BW53: =" """ & BR53 & """: { commit: """ & BP53 & """ }" & " # " & "/" & BT53 & "/ ==> " & BS53 -> "L": { commit: "ㆯ" } # /aunn/ ==> LU | BY53: =ROW() - 4 -> 49 | CG53: =IF( OR(CD53=0, CC53=CD53), "", " - xform/^" & CD53 & "/" & CC53 & "/ # " & BZ53 & " [ " & CD53 & "]") | CI53: =ROW() - 4 -> 49 | DA53: =IF(CX53=0, "", " - xform/" & CX53 & "/" & CT53 & "/ # 按鍵：" & CV53 & " [ 第 " & CX53 & " 調 ]")
BM54: {=INDEX($D$18:$BH$18, 1, $BO54)} -> ˙ | BN54: {=INDIRECT(ADDRESS(17, COLUMN($D$18) + $BO54 - 1))} -> 7 | BO54: =ROW() - 4 -> 50 | BP54: ˙ | BQ54: =_xlfn.XLOOKUP(BP54, 按鍵設計表[注音符號], 按鍵設計表[聲韻調], "") -> 調 | BR54: 7 | BS54: 0 | BT54: 0 | BU54: =LEN(BT54) -> 1 | BW54: =" """ & BR54 & """: { commit: """ & BP54 & """ }" & " # " & "/" & BT54 & "/ ==> " & BS54 -> "7": { commit: "˙" } # /0/ ==> 0 | BY54: =ROW() - 4 -> 50 | CG54: =IF( OR(CD54=0, CC54=CD54), "", " - xform/^" & CD54 & "/" & CC54 & "/ # " & BZ54 & " [ " & CD54 & "]") | CI54: =ROW() - 4 -> 50 | DA54: =IF(CX54=0, "", " - xform/" & CX54 & "/" & CT54 & "/ # 按鍵：" & CV54 & " [ 第 " & CX54 & " 調 ]")
B55: 1 | C55: 2 | D55: 3 | E55: 4 | F55: 5 | G55: 6 | H55: 7 | I55: 8 | J55: 9 | K55: 10 | L55: 11 | M55: 12 | N55: 13 | O55: 14 | P55: 15 | Q55: 16 | R55: 17 | S55: 18 | T55: 19 | U55: 20 | V55: 21 | W55: 22 | X55: 23 | Y55: 24 | Z55: 25 | AA55: 26 | AB55: 27 | AC55: 28 | AD55: 29 | AE55: 30 | AF55: 31 | AG55: 32 | AH55: 33 | AI55: 34 | AJ55: 35 | AK55: 36 | AL55: 37 | AM55: 38 | AN55: 39 | AO55: 40 | AP55: 41 | AQ55: 42 | AR55: 43 | AS55: 44 | AT55: 45 | AU55: 46 | AV55: 47 | AW55: 48 | AX55: 49 | AY55: 50 | AZ55: 51 | BA55: 52 | BB55: 53 | BC55: 54 | BD55: 55 | BE55: 56 | BF55: 57 | BM55: {=INDEX($D$18:$BH$18, 1, $BO55)} -> ˫ | BN55: {=INDIRECT(ADDRESS(17, COLUMN($D$18) + $BO55 - 1))} -> 5 | BO55: =ROW() - 4 -> 51 | BP55: ˫ | BQ55: =_xlfn.XLOOKUP(BP55, 按鍵設計表[注音符號], 按鍵設計表[聲韻調], "") -> 調 | BR55: 5 | BS55: 7 | BT55: 7 | BU55: =LEN(BT55) -> 1 | BW55: =" """ & BR55 & """: { commit: """ & BP55 & """ }" & " # " & "/" & BT55 & "/ ==> " & BS55 -> "5": { commit: "˫" } # /7/ ==> 7 | BY55: =ROW() - 4 -> 51 | CG55: =IF( OR(CD55=0, CC55=CD55), "", " - xform/^" & CD55 & "/" & CC55 & "/ # " & BZ55 & " [ " & CD55 & "]") | CI55: =ROW() - 4 -> 51 | DA55: =IF(CX55=0, "", " - xform/" & CX55 & "/" & CT55 & "/ # 按鍵：" & CV55 & " [ 第 " & CX55 & " 調 ]")
B56: =MID($E$51,B$55,1) -> b | C56: =MID($E$51,C$55,1) -> p | D56: =MID($E$51,D$55,1) -> P | E56: =MID($E$51,E$55,1) -> m | F56: =MID($E$51,F$55,1) -> n | G56: =MID($E$51,G$55,1) -> t | H56: =MID($E$51,H$55,1) -> T | I56: =MID($E$51,I$55,1) -> l | ... BB56: =MID($E$51,BB$55,1) | BC56: =MID($E$41,BC$45,1) | BD56: =MID($E$41,BD$45,1) | BE56: =MID($E$41,BE$45,1) | BF56: =MID($E$41,BF$45,1) | BM56: {=INDEX($D$18:$BH$18, 1, $BO56)} -> ˪ | BN56: {=INDIRECT(ADDRESS(17, COLUMN($D$18) + $BO56 - 1))} -> 3 | BO56: =ROW() - 4 -> 52 | BP56: ˪ | BQ56: =_xlfn.XLOOKUP(BP56, 按鍵設計表[注音符號], 按鍵設計表[聲韻調], "") -> 調 | BR56: 3 | BS56: 3 | BT56: 3 | BU56: =LEN(BT56) -> 1 | BW56: =" """ & BR56 & """: { commit: """ & BP56 & """ }" & " # " & "/" & BT56 & "/ ==> " & BS56 -> "3": { commit: "˪" } # /3/ ==> 3 | BY56: =ROW() - 4 -> 52 | CI56: =ROW() - 4 -> 52
B57: =MID($E$52,B$55,1) -> ㆠ | C57: =MID($E$52,C$55,1) -> ㄅ | D57: =MID($E$52,D$55,1) -> ㄆ | E57: =MID($E$52,E$55,1) -> ㄇ | F57: =MID($E$52,F$55,1) -> ㄋ | G57: =MID($E$52,G$55,1) -> ㄉ | H57: =MID($E$52,H$55,1) -> ㄊ | I57: =MID($E$52,I$55,1) -> ㄌ | ... BB57: =MID($E$52,BB$55,1) | BC57: =MID($E$42,BC$45,1) | BD57: =MID($E$42,BD$45,1) | BE57: =MID($E$42,BE$45,1) | BF57: =MID($E$42,BF$45,1) | BM57: {=INDEX($D$18:$BH$18, 1, $BO57)} -> ˋ | BN57: {=INDIRECT(ADDRESS(17, COLUMN($D$18) + $BO57 - 1))} -> 4 | BO57: =ROW() - 4 -> 53 | BP57: ˋ | BQ57: =_xlfn.XLOOKUP(BP57, 按鍵設計表[注音符號], 按鍵設計表[聲韻調], "") -> 調 | BR57: 4 | BS57: 2 | BT57: 2 | BU57: =LEN(BT57) -> 1 | BW57: =" """ & BR57 & """: { commit: """ & BP57 & """ }" & " # " & "/" & BT57 & "/ ==> " & BS57 -> "4": { commit: "ˋ" } # /2/ ==> 2 | BY57: =ROW() - 4 -> 53 | CI57: =ROW() - 4 -> 53
AZ58: =MID($E$52,AZ$55,1) | BM58: {=INDEX($D$18:$BH$18, 1, $BO58)} -> ˊ | BN58: {=INDIRECT(ADDRESS(17, COLUMN($D$18) + $BO58 - 1))} -> 6 | BO58: =ROW() - 4 -> 54 | BP58: ˊ | BQ58: =_xlfn.XLOOKUP(BP58, 按鍵設計表[注音符號], 按鍵設計表[聲韻調], "") -> 調 | BR58: 6 | BS58: 5 | BT58: 5 | BU58: =LEN(BT58) -> 1 | BW58: =" """ & BR58 & """: { commit: """ & BP58 & """ }" & " # " & "/" & BT58 & "/ ==> " & BS58 -> "6": { commit: "ˊ" } # /5/ ==> 5 | BY58: =ROW() - 4 -> 54 | CI58: =ROW() - 4 -> 54
BM59: {=INDEX($D$18:$BH$18, 1, $BO59)} -> ㄥ | BN59: {=INDIRECT(ADDRESS(17, COLUMN($D$18) + $BO59 - 1))} -> N | BO59: =ROW() - 4 -> 55 | BP59: ㄥ | BQ59: =_xlfn.XLOOKUP(BP59, 按鍵設計表[注音符號], 按鍵設計表[聲韻調], "") | BR59: N | BS59: * | BT59: 0 | BU59: =LEN(BT59) -> 1 | BW59: =" """ & BR59 & """: { commit: """ & BP59 & """ }" & " # " & "/" & BT59 & "/ ==> " & BS59 -> "N": { commit: "ㄥ" } # /0/ ==> * | BY59: =ROW() - 4 -> 55 | CI59: =ROW() - 4 -> 55
BM60: {=INDEX($D$18:$BH$18, 1, $BO60)} -> 入 | BN60: {=INDIRECT(ADDRESS(17, COLUMN($D$18) + $BO60 - 1))} -> . | BO60: =ROW() - 4 -> 56 | BP60: 入 | BQ60: =_xlfn.XLOOKUP(BP60, 按鍵設計表[注音符號], 按鍵設計表[聲韻調], "") | BR60: . | BS60: & | BT60: 0 | BU60: =LEN(BT60) -> 1 | BW60: =" """ & BR60 & """: { commit: """ & BP60 & """ }" & " # " & "/" & BT60 & "/ ==> " & BS60 -> ".": { commit: "入" } # /0/ ==> & | BY60: =ROW() - 4 -> 56 | CI60: =ROW() - 4 -> 56
BM61: {=INDEX($D$18:$BH$18, 1, $BO61)} -> ñ | BN61: {=INDIRECT(ADDRESS(17, COLUMN($D$18) + $BO61 - 1))} -> - | BO61: =ROW() - 4 -> 57 | BP61: ñ | BQ61: =_xlfn.XLOOKUP(BP61, 按鍵設計表[注音符號], 按鍵設計表[聲韻調], "") | BR61: - | BS61: 0 | BT61: 0 | BU61: =LEN(BT61) -> 1 | BW61: =" """ & BR61 & """: { commit: """ & BP61 & """ }" & " # " & "/" & BT61 & "/ ==> " & BS61 -> "-": { commit: "ñ" } # /0/ ==> 0 | BY61: =ROW() - 4 -> 57 | CI61: =ROW() - 4 -> 57

Sheet 工作表1
A1: =CHAR(A8) -> a | B1: =CHAR(B8) -> b | C1: =CHAR(C8) -> c | D1: =CHAR(D8) -> d | E1: =CHAR(E8) -> e | F1: =CHAR(F8) -> f | G1: =CHAR(G8) -> g | H1: =CHAR(H8) -> h | ... Z1: =CHAR(Z8) -> z | AC1: a | AD1: a | AG1: w | AH1: ng-
A2: =CHAR(A9) -> A | B2: =CHAR(B9) -> B | C2: =CHAR(C9) -> C | D2: =CHAR(D9) -> D | E2: =CHAR(E9) -> E | F2: =CHAR(F9) -> F | G2: =CHAR(G9) -> G | H2: =CHAR(H9) -> H | ... Z2: =CHAR(Z9) -> Z | AC2: A | AD2: Na | AG2: W | AH2: -ng
AC3: i | AD3: i | AG3: N | AH3: -n
AC4: I | AD4: Ni | AG4: M | AH4: -m
AC5: u | AD5: u
AC6: U | AD6: Nu
AC7: e | AD7: e
A8: 97 | B8: =A8+1 -> 98 | C8: =B8+1 -> 99 | D8: =C8+1 -> 100 | E8: =D8+1 -> 101 | F8: =E8+1 -> 102 | G8: =F8+1 -> 103 | H8: =G8+1 -> 104 | I8: =H8+1 -> 105 | ... Z8: =Y8+1 -> 122 | AC8: E | AD8: Ne
A9: 65 | B9: =A9+1 -> 66 | C9: =B9+1 -> 67 | D9: =C9+1 -> 68 | E9: =D9+1 -> 69 | F9: =E9+1 -> 70 | G9: =F9+1 -> 71 | H9: =G9+1 -> 72 | I9: =H9+1 -> 73 | ... Z9: =Y9+1 -> 90 | AC9: O | AD9: oo
AC10: Q | AD10: Noo
AC11: o | AD11: o
AC12: L | AD12: N
AC13: x | AD13: ai
AC14: X | AD14: Nai
AC15: y | AD15: au
AC16: Y | AD16: Nau
AC18: F | AD18: ang
AC19: @ | AD19: an
AC20: H | AD20: ong
AC21: R | AD21: om
AC22: V | AD22: am
... AC27: v | AD27: h0

Sheet 台羅轉換注音二式規則
B2: 序號 | C2: 鍵盤按鍵 | D2: 注音編碼 | E2: 國際音標 | F2: 注音符號 | G2: 音標種類 | H2: 台羅拼音 | I2: 注音二式 | J2: 附註
B3: =ROW() - 2 -> 1 | C3: 1 | D3: p | E3: p | F3: ㄅ | G3: 聲母 | H3: p | I3: b
B4: =ROW() - 2 -> 2 | C4: ! | D4: b | E4: b | F4: ㆠ | G4: 聲母 | H4: b | I4: bb
B5: =ROW() - 2 -> 3 | C5: q | D5: P | E5: pʰ | F5: ㄆ | G5: 聲母 | H5: ph | I5: p
B6: =ROW() - 2 -> 4 | C6: a | D6: m | E6: m | F6: ㄇ | G6: 聲母 | H6: m | I6: m | J6: 此時的 m 出現於拼音首字
B7: =ROW() - 2 -> 5 | C7: 2 | D7: t | E7: t | F7: ㄉ | G7: 聲母 | H7: t | I7: d
B8: =ROW() - 2 -> 6 | C8: w | D8: T | E8: tʰ | F8: ㄊ | G8: 聲母 | H8: th | I8: t
B9: =ROW() - 2 -> 7 | C9: s | D9: n | E9: n | F9: ㄋ | G9: 聲母 | H9: n | I9: n | J9: 此時的 n 出現於拼音首字
B10: =ROW() - 2 -> 8 | C10: x | D10: l | E10: l | F10: ㄌ | G10: 聲母 | H10: l | I10: l
B11: =ROW() - 2 -> 9 | C11: e | D11: k | E11: k | F11: ㄍ | G11: 聲母 | H11: k | I11: g
B12: =ROW() - 2 -> 10 | C12: E | D12: g | E12: g | F12: ㆣ | G12: 聲母 | H12: g | I12: gg
B13: =ROW() - 2 -> 11 | C13: d | D13: K | E13: kʰ | F13: ㄎ | G13: 聲母 | H13: kh | I13: k
B14: =ROW() - 2 -> 12 | C14: g | D14: w | E14: ŋ | F14: ㄫ | G14: 聲母 | H14: ng | I14: ng | J14: 此時的 ng 出現於拼音首字
B15: =ROW() - 2 -> 13 | C15: c | D15: h | E15: h | F15: ㄏ | G15: 聲母 | H15: h | I15: h
B16: =ROW() - 2 -> 14 | C16: Y | D16: Z | E16: ʨ | F16: ㄐ | G16: 聲母 | H16: tsi | I16: ji
B17: =ROW() - 2 -> 15 | C17: B | D17: J | E17: ʥ | F17: ㆢ | G17: 聲母 | H17: ji | I17: jji
B18: =ROW() - 2 -> 16 | C18: H | D18: C | E18: ʨʰ | F18: ㄑ | G18: 聲母 | H18: tshi | I18: chi
B19: =ROW() - 2 -> 17 | C19: N | D19: S | E19: ɕ | F19: ㄒ | G19: 聲母 | H19: si | I19: shi
B20: =ROW() - 2 -> 18 | C20: y | D20: z | E20: ts | F20: ㄗ | G20: 聲母 | H20: ts | I20: z
B21: =ROW() - 2 -> 19 | C21: b | D21: j | E21: ʣ | F21: ㆡ | G21: 聲母 | H21: j | I21: zz
B22: =ROW() - 2 -> 20 | C22: h | D22: c | E22: ʦʰ | F22: ㄘ | G22: 聲母 | H22: tsh | I22: c
B23: =ROW() - 2 -> 21 | C23: n | D23: s | E23: s | F23: ㄙ | G23: 聲母 | H23: s | I23: s
B24: =ROW() - 2 -> 22 | C24: 8 | D24: a | E24: a | F24: ㄚ | G24: 韻母 | H24: a | I24: a
B25: =ROW() - 2 -> 23 | C25: * | D25: A | E25: ã | F25: ㆩ | G25: 韻母 | H25: ann | I25: ann
